2024-08-03 02:14:57,966 - INFO - Step: Action=Buy, Reward=0.0, Portfolio Value=1000000.0, Budget=1000000, Position=0
2024-08-03 02:14:57,968 - INFO - Step: Action=Hold, Reward=0.0, Portfolio Value=1000000.0, Budget=1000000, Position=0
2024-08-03 02:14:57,969 - INFO - Step: Action=Buy, Reward=0.0, Portfolio Value=1000000.0, Budget=1000000, Position=0
2024-08-03 02:14:57,970 - INFO - Step: Action=Buy, Reward=0.0, Portfolio Value=1000000.0, Budget=1000000, Position=0
2024-08-03 02:14:57,971 - INFO - Step: Action=Hold, Reward=0.0, Portfolio Value=1000000.0, Budget=1000000, Position=0
2024-08-03 02:14:57,973 - INFO - Step: Action=Hold, Reward=0.0, Portfolio Value=1000000.0, Budget=1000000, Position=0
2024-08-03 02:14:57,973 - INFO - Step: Action=Buy, Reward=0.0, Portfolio Value=1000000.0, Budget=1000000, Position=0
2024-08-03 02:14:57,975 - INFO - Step: Action=Buy, Reward=0.0, Portfolio Value=1000000.0, Budget=1000000, Position=0
2024-08-03 02:14:57,976 - INFO - Step: Action=Hold, Reward=0.0, Portfolio Value=1000000.0, Budget=1000000, Position=0
2024-08-03 02:14:57,978 - INFO - Step: Action=Buy, Reward=0.0, Portfolio Value=1000000.0, Budget=1000000, Position=0
2024-08-03 02:14:57,979 - INFO - Step: Action=Hold, Reward=0.0, Portfolio Value=1000000.0, Budget=1000000, Position=0
2024-08-03 02:14:57,980 - INFO - Step: Action=Hold, Reward=0.0, Portfolio Value=1000000.0, Budget=1000000, Position=0
2024-08-03 02:14:57,981 - INFO - Step: Action=Buy, Reward=0.0, Portfolio Value=1000000.0, Budget=1000000, Position=0
2024-08-03 02:14:57,982 - INFO - Step: Action=Hold, Reward=0.0, Portfolio Value=1000000.0, Budget=1000000, Position=0
2024-08-03 02:14:57,982 - INFO - Step: Action=Hold, Reward=0.0, Portfolio Value=1000000.0, Budget=1000000, Position=0
2024-08-03 02:14:57,983 - INFO - Step: Action=Hold, Reward=0.0, Portfolio Value=1000000.0, Budget=1000000, Position=0
2024-08-03 02:14:57,984 - INFO - Step: Action=Hold, Reward=0.0, Portfolio Value=1000000.0, Budget=1000000, Position=0
2024-08-03 02:14:57,985 - INFO - Step: Action=Buy, Reward=0.0, Portfolio Value=1000000.0, Budget=1000000, Position=0
2024-08-03 02:14:57,986 - INFO - Step: Action=Hold, Reward=0.0, Portfolio Value=1000000.0, Budget=1000000, Position=0
2024-08-03 02:14:57,986 - INFO - Step: Action=Hold, Reward=0.0, Portfolio Value=1000000.0, Budget=1000000, Position=0
2024-08-03 02:14:57,987 - INFO - Step: Action=Buy, Reward=0.0, Portfolio Value=1000000.0, Budget=1000000, Position=0
2024-08-03 02:14:57,988 - INFO - Step: Action=Hold, Reward=0.0, Portfolio Value=1000000.0, Budget=1000000, Position=0
2024-08-03 02:14:57,989 - INFO - Step: Action=Buy, Reward=0.0, Portfolio Value=1000000.0, Budget=1000000, Position=0
2024-08-03 02:14:57,990 - INFO - Step: Action=Hold, Reward=0.0, Portfolio Value=1000000.0, Budget=1000000, Position=0
2024-08-03 02:14:57,990 - INFO - Step: Action=Hold, Reward=0.0, Portfolio Value=1000000.0, Budget=1000000, Position=0
2024-08-03 02:14:57,991 - INFO - Step: Action=Buy, Reward=0.0, Portfolio Value=1000000.0, Budget=1000000, Position=0
2024-08-03 02:14:57,992 - INFO - Step: Action=Hold, Reward=0.0, Portfolio Value=1000000.0, Budget=1000000, Position=0
2024-08-03 02:14:57,993 - INFO - Step: Action=Buy, Reward=0.0, Portfolio Value=1000000.0, Budget=1000000, Position=0
2024-08-03 02:14:57,994 - INFO - Step: Action=Hold, Reward=0.0, Portfolio Value=1000000.0, Budget=1000000, Position=0
2024-08-03 02:14:57,995 - INFO - Step: Action=Hold, Reward=0.0, Portfolio Value=1000000.0, Budget=1000000, Position=0
2024-08-03 02:14:57,996 - INFO - Step: Action=Hold, Reward=0.0, Portfolio Value=1000000.0, Budget=1000000, Position=0
2024-08-03 02:14:57,997 - INFO - Step: Action=Buy, Reward=0.0, Portfolio Value=1000000.0, Budget=1000000, Position=0
2024-08-03 02:14:57,998 - INFO - Step: Action=Buy, Reward=0.0, Portfolio Value=1000000.0, Budget=1000000, Position=0
2024-08-03 02:14:57,998 - INFO - Step: Action=Hold, Reward=0.0, Portfolio Value=1000000.0, Budget=1000000, Position=0
2024-08-03 02:14:57,999 - INFO - Step: Action=Buy, Reward=0.0, Portfolio Value=1000000.0, Budget=1000000, Position=0
2024-08-03 02:14:58,000 - INFO - Step: Action=Hold, Reward=0.0, Portfolio Value=1000000.0, Budget=1000000, Position=0
2024-08-03 02:14:58,001 - INFO - Step: Action=Buy, Reward=0.0, Portfolio Value=1000000.0, Budget=1000000, Position=0
2024-08-03 02:14:58,001 - INFO - Step: Action=Hold, Reward=0.0, Portfolio Value=1000000.0, Budget=1000000, Position=0
2024-08-03 02:14:58,002 - INFO - Step: Action=Hold, Reward=0.0, Portfolio Value=1000000.0, Budget=1000000, Position=0
2024-08-03 02:14:58,003 - INFO - Step: Action=Buy, Reward=0.0, Portfolio Value=1000000.0, Budget=1000000, Position=0
2024-08-03 02:14:58,004 - INFO - Step: Action=Buy, Reward=0.0, Portfolio Value=1000000.0, Budget=1000000, Position=0
2024-08-03 02:14:58,005 - INFO - Step: Action=Buy, Reward=0.0, Portfolio Value=1000000.0, Budget=1000000, Position=0
2024-08-03 02:14:58,006 - INFO - Step: Action=Hold, Reward=0.0, Portfolio Value=1000000.0, Budget=1000000, Position=0
2024-08-03 02:14:58,007 - INFO - Step: Action=Hold, Reward=0.0, Portfolio Value=1000000.0, Budget=1000000, Position=0
2024-08-03 02:14:58,008 - INFO - Step: Action=Hold, Reward=0.0, Portfolio Value=1000000.0, Budget=1000000, Position=0
2024-08-03 02:14:58,009 - INFO - Step: Action=Hold, Reward=0.0, Portfolio Value=1000000.0, Budget=1000000, Position=0
2024-08-03 02:14:58,010 - INFO - Step: Action=Hold, Reward=0.0, Portfolio Value=1000000.0, Budget=1000000, Position=0
2024-08-03 02:14:58,012 - INFO - Step: Action=Buy, Reward=0.0, Portfolio Value=1000000.0, Budget=1000000, Position=0
2024-08-03 02:14:58,013 - INFO - Step: Action=Buy, Reward=0.0, Portfolio Value=1000000.0, Budget=1000000, Position=0
2024-08-03 02:14:58,014 - INFO - Step: Action=Sell, Reward=0.0, Portfolio Value=1000000.0, Budget=1000000, Position=0
2024-08-03 02:14:58,016 - INFO - Step: Action=Hold, Reward=0.0, Portfolio Value=1000000.0, Budget=1000000, Position=0
2024-08-03 02:14:58,018 - INFO - Step: Action=Hold, Reward=0.0, Portfolio Value=1000000.0, Budget=1000000, Position=0
2024-08-03 02:14:58,020 - INFO - Step: Action=Hold, Reward=0.0, Portfolio Value=1000000.0, Budget=1000000, Position=0
2024-08-03 02:14:58,022 - INFO - Step: Action=Buy, Reward=0.0, Portfolio Value=1000000.0, Budget=1000000, Position=0
2024-08-03 02:14:58,024 - INFO - Step: Action=Buy, Reward=0.0, Portfolio Value=1000000.0, Budget=1000000, Position=0
2024-08-03 02:14:58,025 - INFO - Step: Action=Buy, Reward=0.0, Portfolio Value=1000000.0, Budget=1000000, Position=0
2024-08-03 02:14:58,028 - INFO - Step: Action=Hold, Reward=0.0, Portfolio Value=1000000.0, Budget=1000000, Position=0
2024-08-03 02:14:58,029 - INFO - Step: Action=Hold, Reward=0.0, Portfolio Value=1000000.0, Budget=1000000, Position=0
2024-08-03 02:14:58,031 - INFO - Step: Action=Hold, Reward=0.0, Portfolio Value=1000000.0, Budget=1000000, Position=0
2024-08-03 02:14:58,032 - INFO - Step: Action=Buy, Reward=0.0, Portfolio Value=1000000.0, Budget=1000000, Position=0
2024-08-03 02:14:58,032 - INFO - Step: Action=Hold, Reward=0.0, Portfolio Value=1000000.0, Budget=1000000, Position=0
2024-08-03 02:14:58,034 - INFO - Step: Action=Hold, Reward=0.0, Portfolio Value=1000000.0, Budget=1000000, Position=0
2024-08-03 02:14:58,036 - INFO - Step: Action=Hold, Reward=0.0, Portfolio Value=1000000.0, Budget=1000000, Position=0
2024-08-03 02:14:58,038 - INFO - Step: Action=Hold, Reward=0.0, Portfolio Value=1000000.0, Budget=1000000, Position=0
2024-08-03 02:14:58,039 - INFO - Step: Action=Buy, Reward=0.0, Portfolio Value=1000000.0, Budget=1000000, Position=0
2024-08-03 02:14:58,041 - INFO - Step: Action=Buy, Reward=0.0, Portfolio Value=1000000.0, Budget=1000000, Position=0
2024-08-03 02:14:58,042 - INFO - Step: Action=Hold, Reward=0.0, Portfolio Value=1000000.0, Budget=1000000, Position=0
2024-08-03 02:14:58,044 - INFO - Step: Action=Buy, Reward=0.0, Portfolio Value=1000000.0, Budget=1000000, Position=0
2024-08-03 02:14:58,045 - INFO - Step: Action=Hold, Reward=0.0, Portfolio Value=1000000.0, Budget=1000000, Position=0
2024-08-03 02:14:58,047 - INFO - Step: Action=Hold, Reward=0.0, Portfolio Value=1000000.0, Budget=1000000, Position=0
2024-08-03 02:14:58,048 - INFO - Step: Action=Hold, Reward=0.0, Portfolio Value=1000000.0, Budget=1000000, Position=0
2024-08-03 02:14:58,049 - INFO - Step: Action=Buy, Reward=0.0, Portfolio Value=1000000.0, Budget=1000000, Position=0
2024-08-03 02:14:58,051 - INFO - Step: Action=Hold, Reward=0.0, Portfolio Value=1000000.0, Budget=1000000, Position=0
2024-08-03 02:14:58,052 - INFO - Step: Action=Buy, Reward=0.0, Portfolio Value=1000000.0, Budget=1000000, Position=0
2024-08-03 02:14:58,053 - INFO - Step: Action=Sell, Reward=0.0, Portfolio Value=1000000.0, Budget=1000000, Position=0
2024-08-03 02:14:58,054 - INFO - Step: Action=Hold, Reward=0.0, Portfolio Value=1000000.0, Budget=1000000, Position=0
2024-08-03 02:14:58,055 - INFO - Step: Action=Hold, Reward=0.0, Portfolio Value=1000000.0, Budget=1000000, Position=0
2024-08-03 02:14:58,056 - INFO - Step: Action=Hold, Reward=0.0, Portfolio Value=1000000.0, Budget=1000000, Position=0
2024-08-03 02:14:58,057 - INFO - Step: Action=Hold, Reward=0.0, Portfolio Value=1000000.0, Budget=1000000, Position=0
2024-08-03 02:14:58,058 - INFO - Step: Action=Sell, Reward=0.0, Portfolio Value=1000000.0, Budget=1000000, Position=0
2024-08-03 02:14:58,061 - INFO - Step: Action=Hold, Reward=0.0, Portfolio Value=1000000.0, Budget=1000000, Position=0
2024-08-03 02:14:58,062 - INFO - Step: Action=Hold, Reward=0.0, Portfolio Value=1000000.0, Budget=1000000, Position=0
2024-08-03 02:14:58,063 - INFO - Step: Action=Buy, Reward=-87.37730572094921, Portfolio Value=1000000.0, Budget=999912.6226942791, Position=100
2024-08-03 02:14:58,063 - INFO - Step: Action=Hold, Reward=-0.001108045543555636, Portfolio Value=999988.9195445644, Budget=999912.6226942791, Position=100
2024-08-03 02:14:58,065 - INFO - Step: Action=Hold, Reward=0.0028809184132609516, Portfolio Value=1000017.728728697, Budget=999912.6226942791, Position=100
2024-08-03 02:14:58,066 - INFO - Step: Action=Hold, Reward=-0.0011080455435672776, Portfolio Value=1000006.6482732614, Budget=999912.6226942791, Position=100
2024-08-03 02:14:58,067 - INFO - Step: Action=Hold, Reward=-0.0015512637609848754, Portfolio Value=999991.1356356515, Budget=999912.6226942791, Position=100
2024-08-03 02:14:58,068 - INFO - Step: Action=Hold, Reward=-0.00022160910870879888, Portfolio Value=999988.9195445644, Budget=999912.6226942791, Position=100
2024-08-03 02:14:58,069 - INFO - Step: Action=Hold, Reward=0.0024377001958317125, Portfolio Value=1000013.2965465228, Budget=999912.6226942791, Position=100
2024-08-03 02:14:58,069 - INFO - Step: Action=Hold, Reward=-0.0022160910871229134, Portfolio Value=999991.1356356515, Budget=999912.6226942791, Position=100
2024-08-03 02:14:58,070 - INFO - Step: Action=Hold, Reward=0.0022160910871229134, Portfolio Value=1000013.2965465228, Budget=999912.6226942791, Position=100
2024-08-03 02:14:58,071 - INFO - Step: Action=Hold, Reward=-0.00022160910870879888, Portfolio Value=1000011.0804554357, Budget=999912.6226942791, Position=100
2024-08-03 02:14:58,072 - INFO - Step: Action=Hold, Reward=-0.0008864364348584786, Portfolio Value=1000002.2160910871, Budget=999912.6226942791, Position=100
2024-08-03 02:14:58,073 - INFO - Step: Action=Hold, Reward=0.0006648273261380382, Portfolio Value=1000008.8643643485, Budget=999912.6226942791, Position=100
2024-08-03 02:14:58,073 - INFO - Step: Action=Hold, Reward=-0.0013296546522760765, Portfolio Value=999995.5678178257, Budget=999912.6226942791, Position=100
2024-08-03 02:14:58,074 - INFO - Step: Action=Sell, Reward=87.37774893916664, Portfolio Value=1000000.0, Budget=1000000.0, Position=0
2024-08-03 02:14:58,075 - INFO - Step: Action=Hold, Reward=0.0, Portfolio Value=1000000.0, Budget=1000000.0, Position=0
2024-08-03 02:14:58,076 - INFO - Step: Action=Hold, Reward=0.0, Portfolio Value=1000000.0, Budget=1000000.0, Position=0
2024-08-03 02:14:58,076 - INFO - Step: Action=Hold, Reward=0.0, Portfolio Value=1000000.0, Budget=1000000.0, Position=0
2024-08-03 02:14:58,077 - INFO - Step: Action=Hold, Reward=0.0, Portfolio Value=1000000.0, Budget=1000000.0, Position=0
2024-08-03 02:14:58,078 - INFO - Step: Action=Sell, Reward=0.0, Portfolio Value=1000000.0, Budget=1000000.0, Position=0
2024-08-03 02:14:58,079 - INFO - Step: Action=Hold, Reward=0.0, Portfolio Value=1000000.0, Budget=1000000.0, Position=0
2024-08-03 02:14:58,080 - INFO - Step: Action=Hold, Reward=0.0, Portfolio Value=1000000.0, Budget=1000000.0, Position=0
2024-08-03 02:14:58,081 - INFO - Step: Action=Hold, Reward=0.0, Portfolio Value=1000000.0, Budget=1000000.0, Position=0
2024-08-03 02:14:58,082 - INFO - Step: Action=Hold, Reward=0.0, Portfolio Value=1000000.0, Budget=1000000.0, Position=0
2024-08-03 02:14:58,083 - INFO - Step: Action=Hold, Reward=0.0, Portfolio Value=1000000.0, Budget=1000000.0, Position=0
2024-08-03 02:14:58,084 - INFO - Step: Action=Buy, Reward=-100.67385224370236, Portfolio Value=1000000.0, Budget=999899.3261477563, Position=100
2024-08-03 02:14:58,084 - INFO - Step: Action=Hold, Reward=-0.000886436434846837, Portfolio Value=999991.1356356515, Budget=999899.3261477563, Position=100
2024-08-03 02:14:58,085 - INFO - Step: Action=Hold, Reward=-0.0037673548481194303, Portfolio Value=999953.4620871703, Budget=999899.3261477563, Position=100
2024-08-03 02:14:58,086 - INFO - Step: Action=Hold, Reward=-0.000886436434846837, Portfolio Value=999944.5977228219, Budget=999899.3261477563, Position=100
2024-08-03 02:14:58,087 - INFO - Step: Action=Sell, Reward=89.59782899024898, Portfolio Value=999988.9195445643, Budget=999988.9195445643, Position=0
2024-08-03 02:14:58,087 - INFO - Step: Action=Hold, Reward=0.0, Portfolio Value=999988.9195445643, Budget=999988.9195445643, Position=0
2024-08-03 02:14:58,088 - INFO - Step: Action=Hold, Reward=0.0, Portfolio Value=999988.9195445643, Budget=999988.9195445643, Position=0
2024-08-03 02:14:58,089 - INFO - Step: Action=Buy, Reward=-131.69912746345966, Portfolio Value=999988.9195445643, Budget=999857.2204171008, Position=100
2024-08-03 02:14:58,090 - INFO - Step: Action=Hold, Reward=-0.00022160910872044042, Portfolio Value=999986.7034534771, Budget=999857.2204171008, Position=100
2024-08-03 02:14:58,091 - INFO - Step: Action=Hold, Reward=-0.0028809184132609516, Portfolio Value=999957.8942693445, Budget=999857.2204171008, Position=100
2024-08-03 02:14:58,092 - INFO - Step: Action=Hold, Reward=-0.0006648273261380382, Portfolio Value=999951.2459960831, Budget=999857.2204171008, Position=100
2024-08-03 02:14:58,093 - INFO - Step: Action=Hold, Reward=-0.0015512637609848754, Portfolio Value=999935.7333584733, Budget=999857.2204171008, Position=100
2024-08-03 02:14:58,094 - INFO - Step: Action=Buy, Reward=-63.00185502632947, Portfolio Value=999920.2207208633, Budget=999794.2201133382, Position=200
2024-08-03 02:14:58,095 - INFO - Step: Action=Hold, Reward=0.0004432182174292393, Portfolio Value=999924.6529030376, Budget=999794.2201133382, Position=200
2024-08-03 02:14:58,096 - INFO - Step: Action=Hold, Reward=-0.0017728728697053158, Portfolio Value=999906.9241743406, Budget=999794.2201133382, Position=200
2024-08-03 02:14:58,097 - INFO - Step: Action=Hold, Reward=-0.000886436434846837, Portfolio Value=999898.0598099921, Budget=999794.2201133382, Position=200
2024-08-03 02:14:58,097 - INFO - Step: Action=Buy, Reward=-94.01715783619471, Portfolio Value=999982.2712713028, Budget=999700.1945343559, Position=300
2024-08-03 02:14:58,098 - INFO - Step: Action=Sell, Reward=69.64126392335753, Portfolio Value=999909.1402654278, Budget=999769.8431113799, Position=200
2024-08-03 02:14:58,099 - INFO - Step: Action=Hold, Reward=-0.00354574573939899, Portfolio Value=999873.6828080338, Budget=999769.8431113799, Position=200
2024-08-03 02:14:58,100 - INFO - Step: Action=Buy, Reward=-80.72327062274611, Portfolio Value=999931.3011762991, Budget=999689.1140789203, Position=300
2024-08-03 02:14:58,101 - INFO - Step: Action=Hold, Reward=-0.007977927913656459, Portfolio Value=999851.5218971625, Budget=999689.1140789203, Position=300
2024-08-03 02:14:58,101 - INFO - Step: Action=Hold, Reward=-0.00731310058751842, Portfolio Value=999778.3908912874, Budget=999689.1140789203, Position=300
2024-08-03 02:14:58,254 - INFO - Train Step: 1, Actor Loss: 0.21643787622451782, Critic1 Loss: 585.4541015625, Critic2 Loss: 585.2415771484375
2024-08-03 02:14:58,256 - INFO - Step: Action=Buy, Reward=-18.681806156688697, Portfolio Value=999745.1495249806, Budget=999670.4355969003, Position=400
2024-08-03 02:14:58,298 - INFO - Train Step: 2, Actor Loss: 0.3038448691368103, Critic1 Loss: 587.7096557617188, Critic2 Loss: 587.485595703125
2024-08-03 02:14:58,299 - INFO - Step: Action=Hold, Reward=0.001772872869693674, Portfolio Value=999762.8782536775, Budget=999670.4355969003, Position=400
2024-08-03 02:14:58,389 - INFO - Train Step: 3, Actor Loss: 0.3936159312725067, Critic1 Loss: 587.2666015625, Critic2 Loss: 587.04736328125
2024-08-03 02:14:58,390 - INFO - Step: Action=Hold, Reward=-0.007977927913644817, Portfolio Value=999683.0989745411, Budget=999670.4355969003, Position=400
2024-08-03 02:14:58,437 - INFO - Train Step: 4, Actor Loss: 0.4776678681373596, Critic1 Loss: 508.1370544433594, Critic2 Loss: 508.0042724609375
2024-08-03 02:14:58,442 - INFO - Step: Action=Sell, Reward=31.9865522164642, Portfolio Value=999798.3357110715, Budget=999702.4106254431, Position=300
2024-08-03 02:14:58,495 - INFO - Train Step: 5, Actor Loss: 0.5526586771011353, Critic1 Loss: 594.6463623046875, Critic2 Loss: 594.4806518554688
2024-08-03 02:14:58,496 - INFO - Step: Action=Hold, Reward=-0.005983445935230702, Portfolio Value=999738.5012517192, Budget=999702.4106254431, Position=300
2024-08-03 02:14:58,590 - INFO - Train Step: 6, Actor Loss: 0.6430858373641968, Critic1 Loss: 594.3020629882812, Critic2 Loss: 594.1588134765625
2024-08-03 02:14:58,593 - INFO - Step: Action=Hold, Reward=-0.003324136630690191, Portfolio Value=999705.2598854123, Budget=999702.4106254431, Position=300
2024-08-03 02:14:58,662 - INFO - Train Step: 7, Actor Loss: 0.7341523170471191, Critic1 Loss: 555.4606323242188, Critic2 Loss: 555.2988891601562
2024-08-03 02:14:58,663 - INFO - Step: Action=Hold, Reward=-0.0013296546522760765, Portfolio Value=999691.9633388895, Budget=999702.4106254431, Position=300
2024-08-03 02:14:58,703 - INFO - Train Step: 8, Actor Loss: 0.8103417754173279, Critic1 Loss: 530.07080078125, Critic2 Loss: 529.9288330078125
2024-08-03 02:14:58,704 - INFO - Step: Action=Hold, Reward=-0.0019944819784141147, Portfolio Value=999672.0185191054, Budget=999702.4106254431, Position=300
2024-08-03 02:14:58,746 - INFO - Train Step: 9, Actor Loss: 0.8855708241462708, Critic1 Loss: 459.494873046875, Critic2 Loss: 459.4527587890625
2024-08-03 02:14:58,747 - INFO - Step: Action=Sell, Reward=-16.780969855928753, Portfolio Value=999652.0736993212, Budget=999685.6316500691, Position=200
2024-08-03 02:14:58,787 - INFO - Train Step: 10, Actor Loss: 0.94424968957901, Critic1 Loss: 531.3560791015625, Critic2 Loss: 531.2496337890625
2024-08-03 02:14:58,789 - INFO - Step: Action=Hold, Reward=-0.0017728728697053158, Portfolio Value=999634.3449706242, Budget=999685.6316500691, Position=200
2024-08-03 02:14:58,829 - INFO - Train Step: 11, Actor Loss: 1.0472813844680786, Critic1 Loss: 594.92529296875, Critic2 Loss: 594.8694458007812
2024-08-03 02:14:58,830 - INFO - Step: Action=Sell, Reward=-18.993736806423573, Portfolio Value=999647.6415171471, Budget=999666.6365836081, Position=100
2024-08-03 02:14:58,872 - INFO - Train Step: 12, Actor Loss: 1.1231935024261475, Critic1 Loss: 533.0868530273438, Critic2 Loss: 533.05859375
2024-08-03 02:14:58,874 - INFO - Step: Action=Hold, Reward=0.0, Portfolio Value=999647.6415171471, Budget=999666.6365836081, Position=100
2024-08-03 02:14:58,915 - INFO - Train Step: 13, Actor Loss: 1.1948800086975098, Critic1 Loss: 596.981201171875, Critic2 Loss: 596.964599609375
2024-08-03 02:14:58,916 - INFO - Step: Action=Sell, Reward=-7.913502979904693, Portfolio Value=999658.7219725826, Budget=999658.7219725826, Position=0
2024-08-03 02:14:58,958 - INFO - Train Step: 14, Actor Loss: 1.2769575119018555, Critic1 Loss: 596.7589111328125, Critic2 Loss: 596.7503662109375
2024-08-03 02:14:58,959 - INFO - Step: Action=Hold, Reward=0.0, Portfolio Value=999658.7219725826, Budget=999658.7219725826, Position=0
2024-08-03 02:14:59,001 - INFO - Train Step: 15, Actor Loss: 1.3323256969451904, Critic1 Loss: 596.9381713867188, Critic2 Loss: 596.9419555664062
2024-08-03 02:14:59,002 - INFO - Step: Action=Hold, Reward=0.0, Portfolio Value=999658.7219725826, Budget=999658.7219725826, Position=0
2024-08-03 02:14:59,056 - INFO - Train Step: 16, Actor Loss: 1.3991587162017822, Critic1 Loss: 475.141845703125, Critic2 Loss: 475.15960693359375
2024-08-03 02:14:59,058 - INFO - Step: Action=Hold, Reward=0.0, Portfolio Value=999658.7219725826, Budget=999658.7219725826, Position=0
2024-08-03 02:14:59,127 - INFO - Train Step: 17, Actor Loss: 1.4765933752059937, Critic1 Loss: 517.832763671875, Critic2 Loss: 517.8006591796875
2024-08-03 02:14:59,128 - INFO - Step: Action=Hold, Reward=0.0, Portfolio Value=999658.7219725826, Budget=999658.7219725826, Position=0
2024-08-03 02:14:59,177 - INFO - Train Step: 18, Actor Loss: 1.5700922012329102, Critic1 Loss: 532.9284057617188, Critic2 Loss: 532.9965209960938
2024-08-03 02:14:59,178 - INFO - Step: Action=Hold, Reward=0.0, Portfolio Value=999658.7219725826, Budget=999658.7219725826, Position=0
2024-08-03 02:14:59,222 - INFO - Train Step: 19, Actor Loss: 1.6178100109100342, Critic1 Loss: 594.5040893554688, Critic2 Loss: 594.5195922851562
2024-08-03 02:14:59,223 - INFO - Step: Action=Hold, Reward=0.0, Portfolio Value=999658.7219725826, Budget=999658.7219725826, Position=0
2024-08-03 02:14:59,264 - INFO - Train Step: 20, Actor Loss: 1.689326286315918, Critic1 Loss: 595.9403686523438, Critic2 Loss: 595.952392578125
2024-08-03 02:14:59,265 - INFO - Step: Action=Hold, Reward=0.0, Portfolio Value=999658.7219725826, Budget=999658.7219725826, Position=0
2024-08-03 02:14:59,306 - INFO - Train Step: 21, Actor Loss: 1.7287333011627197, Critic1 Loss: 554.751708984375, Critic2 Loss: 554.8059692382812
2024-08-03 02:14:59,307 - INFO - Step: Action=Hold, Reward=0.0, Portfolio Value=999658.7219725826, Budget=999658.7219725826, Position=0
2024-08-03 02:14:59,350 - INFO - Train Step: 22, Actor Loss: 1.8050603866577148, Critic1 Loss: 538.8662719726562, Critic2 Loss: 538.80908203125
2024-08-03 02:14:59,352 - INFO - Step: Action=Sell, Reward=0.0, Portfolio Value=999658.7219725826, Budget=999658.7219725826, Position=0
2024-08-03 02:14:59,394 - INFO - Train Step: 23, Actor Loss: 1.8703644275665283, Critic1 Loss: 536.229736328125, Critic2 Loss: 536.1845092773438
2024-08-03 02:14:59,396 - INFO - Step: Action=Sell, Reward=0.0, Portfolio Value=999658.7219725826, Budget=999658.7219725826, Position=0
2024-08-03 02:14:59,438 - INFO - Train Step: 24, Actor Loss: 1.9029847383499146, Critic1 Loss: 545.2789916992188, Critic2 Loss: 545.1953125
2024-08-03 02:14:59,439 - INFO - Step: Action=Hold, Reward=0.0, Portfolio Value=999658.7219725826, Budget=999658.7219725826, Position=0
2024-08-03 02:14:59,477 - INFO - Train Step: 25, Actor Loss: 1.9413641691207886, Critic1 Loss: 413.6123962402344, Critic2 Loss: 413.50604248046875
2024-08-03 02:14:59,478 - INFO - Step: Action=Hold, Reward=0.0, Portfolio Value=999658.7219725826, Budget=999658.7219725826, Position=0
2024-08-03 02:14:59,517 - INFO - Train Step: 26, Actor Loss: 2.0002481937408447, Critic1 Loss: 393.18505859375, Critic2 Loss: 393.0660400390625
2024-08-03 02:14:59,518 - INFO - Step: Action=Sell, Reward=0.0, Portfolio Value=999658.7219725826, Budget=999658.7219725826, Position=0
2024-08-03 02:14:59,557 - INFO - Train Step: 27, Actor Loss: 2.0269153118133545, Critic1 Loss: 522.1063232421875, Critic2 Loss: 522.130615234375
2024-08-03 02:14:59,559 - INFO - Step: Action=Hold, Reward=0.0, Portfolio Value=999658.7219725826, Budget=999658.7219725826, Position=0
2024-08-03 02:14:59,597 - INFO - Train Step: 28, Actor Loss: 2.0400729179382324, Critic1 Loss: 553.8026733398438, Critic2 Loss: 553.8055419921875
2024-08-03 02:14:59,598 - INFO - Step: Action=Sell, Reward=0.0, Portfolio Value=999658.7219725826, Budget=999658.7219725826, Position=0
2024-08-03 02:14:59,636 - INFO - Train Step: 29, Actor Loss: 2.0300021171569824, Critic1 Loss: 545.8015747070312, Critic2 Loss: 545.74609375
2024-08-03 02:14:59,638 - INFO - Step: Action=Hold, Reward=0.0, Portfolio Value=999658.7219725826, Budget=999658.7219725826, Position=0
2024-08-03 02:14:59,678 - INFO - Train Step: 30, Actor Loss: 2.1553449630737305, Critic1 Loss: 413.5986328125, Critic2 Loss: 413.57867431640625
2024-08-03 02:14:59,679 - INFO - Step: Action=Sell, Reward=0.0, Portfolio Value=999658.7219725826, Budget=999658.7219725826, Position=0
2024-08-03 02:14:59,717 - INFO - Train Step: 31, Actor Loss: 2.116819143295288, Critic1 Loss: 460.67230224609375, Critic2 Loss: 460.62603759765625
2024-08-03 02:14:59,718 - INFO - Step: Action=Sell, Reward=0.0, Portfolio Value=999658.7219725826, Budget=999658.7219725826, Position=0
2024-08-03 02:14:59,757 - INFO - Train Step: 32, Actor Loss: 2.1533854007720947, Critic1 Loss: 442.50506591796875, Critic2 Loss: 442.488525390625
2024-08-03 02:14:59,758 - INFO - Step: Action=Hold, Reward=0.0, Portfolio Value=999658.7219725826, Budget=999658.7219725826, Position=0
2024-08-03 02:14:59,796 - INFO - Train Step: 33, Actor Loss: 2.1645607948303223, Critic1 Loss: 489.474609375, Critic2 Loss: 489.47943115234375
2024-08-03 02:14:59,797 - INFO - Step: Action=Hold, Reward=0.0, Portfolio Value=999658.7219725826, Budget=999658.7219725826, Position=0
2024-08-03 02:14:59,835 - INFO - Train Step: 34, Actor Loss: 2.169567823410034, Critic1 Loss: 452.140380859375, Critic2 Loss: 452.097412109375
2024-08-03 02:14:59,836 - INFO - Step: Action=Sell, Reward=0.0, Portfolio Value=999658.7219725826, Budget=999658.7219725826, Position=0
2024-08-03 02:14:59,874 - INFO - Train Step: 35, Actor Loss: 2.2277441024780273, Critic1 Loss: 591.3013916015625, Critic2 Loss: 591.2813720703125
2024-08-03 02:14:59,875 - INFO - Step: Action=Hold, Reward=0.0, Portfolio Value=999658.7219725826, Budget=999658.7219725826, Position=0
2024-08-03 02:14:59,915 - INFO - Train Step: 36, Actor Loss: 2.153463125228882, Critic1 Loss: 408.2139892578125, Critic2 Loss: 408.2209777832031
2024-08-03 02:14:59,916 - INFO - Step: Action=Sell, Reward=0.0, Portfolio Value=999658.7219725826, Budget=999658.7219725826, Position=0
2024-08-03 02:14:59,954 - INFO - Train Step: 37, Actor Loss: 2.1626358032226562, Critic1 Loss: 368.1358337402344, Critic2 Loss: 368.0991516113281
2024-08-03 02:14:59,955 - INFO - Step: Action=Hold, Reward=0.0, Portfolio Value=999658.7219725826, Budget=999658.7219725826, Position=0
2024-08-03 02:14:59,993 - INFO - Train Step: 38, Actor Loss: 2.165602207183838, Critic1 Loss: 565.1378173828125, Critic2 Loss: 565.1544189453125
2024-08-03 02:14:59,994 - INFO - Step: Action=Hold, Reward=0.0, Portfolio Value=999658.7219725826, Budget=999658.7219725826, Position=0
2024-08-03 02:15:00,032 - INFO - Train Step: 39, Actor Loss: 2.206528663635254, Critic1 Loss: 458.5776062011719, Critic2 Loss: 458.58349609375
2024-08-03 02:15:00,033 - INFO - Step: Action=Hold, Reward=0.0, Portfolio Value=999658.7219725826, Budget=999658.7219725826, Position=0
2024-08-03 02:15:00,072 - INFO - Train Step: 40, Actor Loss: 2.1909477710723877, Critic1 Loss: 393.513671875, Critic2 Loss: 393.54058837890625
2024-08-03 02:15:00,073 - INFO - Step: Action=Buy, Reward=0.0, Portfolio Value=999658.7219725826, Budget=999658.7219725826, Position=0
2024-08-03 02:15:00,113 - INFO - Train Step: 41, Actor Loss: 2.1477112770080566, Critic1 Loss: 528.2177734375, Critic2 Loss: 528.2250366210938
2024-08-03 02:15:00,114 - INFO - Step: Action=Hold, Reward=0.0, Portfolio Value=999658.7219725826, Budget=999658.7219725826, Position=0
2024-08-03 02:15:00,153 - INFO - Train Step: 42, Actor Loss: 2.088022232055664, Critic1 Loss: 562.767578125, Critic2 Loss: 562.7854614257812
2024-08-03 02:15:00,154 - INFO - Step: Action=Sell, Reward=0.0, Portfolio Value=999658.7219725826, Budget=999658.7219725826, Position=0
2024-08-03 02:15:00,192 - INFO - Train Step: 43, Actor Loss: 2.0596413612365723, Critic1 Loss: 401.3152770996094, Critic2 Loss: 401.3272705078125
2024-08-03 02:15:00,193 - INFO - Step: Action=Sell, Reward=0.0, Portfolio Value=999658.7219725826, Budget=999658.7219725826, Position=0
2024-08-03 02:15:00,232 - INFO - Train Step: 44, Actor Loss: 2.033069372177124, Critic1 Loss: 387.69134521484375, Critic2 Loss: 387.6910095214844
2024-08-03 02:15:00,233 - INFO - Step: Action=Buy, Reward=-31.975028542811156, Portfolio Value=999658.7219725826, Budget=999626.7469440398, Position=100
2024-08-03 02:15:00,271 - INFO - Train Step: 45, Actor Loss: 1.9933927059173584, Critic1 Loss: 328.6022033691406, Critic2 Loss: 328.62774658203125
2024-08-03 02:15:00,272 - INFO - Step: Action=Hold, Reward=-0.0019944819784141147, Portfolio Value=999638.7771527985, Budget=999626.7469440398, Position=100
2024-08-03 02:15:00,309 - INFO - Train Step: 46, Actor Loss: 1.991743564605713, Critic1 Loss: 488.49249267578125, Critic2 Loss: 488.5375061035156
2024-08-03 02:15:00,310 - INFO - Step: Action=Hold, Reward=-0.0015512637609848754, Portfolio Value=999623.2645151886, Budget=999626.7469440398, Position=100
2024-08-03 02:15:00,348 - INFO - Train Step: 47, Actor Loss: 1.9407950639724731, Critic1 Loss: 379.504150390625, Critic2 Loss: 379.5779113769531
2024-08-03 02:15:00,349 - INFO - Step: Action=Hold, Reward=0.004653791282966268, Portfolio Value=999669.8024280183, Budget=999626.7469440398, Position=100
2024-08-03 02:15:00,389 - INFO - Train Step: 48, Actor Loss: 1.9059422016143799, Critic1 Loss: 474.5452880859375, Critic2 Loss: 474.5253601074219
2024-08-03 02:15:00,390 - INFO - Step: Action=Hold, Reward=0.0024377001958317125, Portfolio Value=999694.1794299766, Budget=999626.7469440398, Position=100
2024-08-03 02:15:00,428 - INFO - Train Step: 49, Actor Loss: 1.8411775827407837, Critic1 Loss: 452.9863586425781, Critic2 Loss: 452.9866943359375
2024-08-03 02:15:00,429 - INFO - Step: Action=Sell, Reward=45.26935897447717, Portfolio Value=999672.0185191054, Budget=999672.0185191054, Position=0
2024-08-03 02:15:00,472 - INFO - Train Step: 50, Actor Loss: 1.838960886001587, Critic1 Loss: 422.3887634277344, Critic2 Loss: 422.4312438964844
2024-08-03 02:15:00,473 - INFO - Step: Action=Hold, Reward=0.0, Portfolio Value=999672.0185191054, Budget=999672.0185191054, Position=0
2024-08-03 02:15:00,513 - INFO - Train Step: 51, Actor Loss: 1.842926263809204, Critic1 Loss: 403.9440612792969, Critic2 Loss: 403.95770263671875
2024-08-03 02:15:00,514 - INFO - Step: Action=Hold, Reward=0.0, Portfolio Value=999672.0185191054, Budget=999672.0185191054, Position=0
2024-08-03 02:15:00,552 - INFO - Train Step: 52, Actor Loss: 1.7989122867584229, Critic1 Loss: 515.752197265625, Critic2 Loss: 515.7648315429688
2024-08-03 02:15:00,554 - INFO - Step: Action=Sell, Reward=0.0, Portfolio Value=999672.0185191054, Budget=999672.0185191054, Position=0
2024-08-03 02:15:00,592 - INFO - Train Step: 53, Actor Loss: 1.802006721496582, Critic1 Loss: 376.6162109375, Critic2 Loss: 376.63299560546875
2024-08-03 02:15:00,593 - INFO - Step: Action=Hold, Reward=0.0, Portfolio Value=999672.0185191054, Budget=999672.0185191054, Position=0
2024-08-03 02:15:00,632 - INFO - Train Step: 54, Actor Loss: 1.815453290939331, Critic1 Loss: 456.1304931640625, Critic2 Loss: 456.16192626953125
2024-08-03 02:15:00,633 - INFO - Step: Action=Hold, Reward=0.0, Portfolio Value=999672.0185191054, Budget=999672.0185191054, Position=0
2024-08-03 02:15:00,669 - INFO - Train Step: 55, Actor Loss: 1.773089051246643, Critic1 Loss: 577.402099609375, Critic2 Loss: 577.4137573242188
2024-08-03 02:15:00,671 - INFO - Step: Action=Hold, Reward=0.0, Portfolio Value=999672.0185191054, Budget=999672.0185191054, Position=0
2024-08-03 02:15:00,708 - INFO - Train Step: 56, Actor Loss: 1.635025978088379, Critic1 Loss: 431.2169189453125, Critic2 Loss: 431.248291015625
2024-08-03 02:15:00,709 - INFO - Step: Action=Hold, Reward=0.0, Portfolio Value=999672.0185191054, Budget=999672.0185191054, Position=0
2024-08-03 02:15:00,748 - INFO - Train Step: 57, Actor Loss: 1.6634069681167603, Critic1 Loss: 251.6338348388672, Critic2 Loss: 251.65567016601562
2024-08-03 02:15:00,749 - INFO - Step: Action=Hold, Reward=0.0, Portfolio Value=999672.0185191054, Budget=999672.0185191054, Position=0
2024-08-03 02:15:00,788 - INFO - Train Step: 58, Actor Loss: 1.6610283851623535, Critic1 Loss: 455.4133605957031, Critic2 Loss: 455.43988037109375
2024-08-03 02:15:00,789 - INFO - Step: Action=Hold, Reward=0.0, Portfolio Value=999672.0185191054, Budget=999672.0185191054, Position=0
2024-08-03 02:15:00,828 - INFO - Train Step: 59, Actor Loss: 1.684715986251831, Critic1 Loss: 421.5099792480469, Critic2 Loss: 421.5216979980469
2024-08-03 02:15:00,830 - INFO - Step: Action=Hold, Reward=0.0, Portfolio Value=999672.0185191054, Budget=999672.0185191054, Position=0
2024-08-03 02:15:00,867 - INFO - Train Step: 60, Actor Loss: 1.6388368606567383, Critic1 Loss: 415.12847900390625, Critic2 Loss: 415.11187744140625
2024-08-03 02:15:00,868 - INFO - Step: Action=Hold, Reward=0.0, Portfolio Value=999672.0185191054, Budget=999672.0185191054, Position=0
2024-08-03 02:15:00,906 - INFO - Train Step: 61, Actor Loss: 1.5876591205596924, Critic1 Loss: 502.43927001953125, Critic2 Loss: 502.44708251953125
2024-08-03 02:15:00,907 - INFO - Step: Action=Hold, Reward=0.0, Portfolio Value=999672.0185191054, Budget=999672.0185191054, Position=0
2024-08-03 02:15:00,947 - INFO - Train Step: 62, Actor Loss: 1.6313858032226562, Critic1 Loss: 435.5650939941406, Critic2 Loss: 435.5892333984375
2024-08-03 02:15:00,949 - INFO - Step: Action=Buy, Reward=-76.29685028532161, Portfolio Value=999672.0185191054, Budget=999595.72166882, Position=100
2024-08-03 02:15:00,986 - INFO - Train Step: 63, Actor Loss: 1.5313835144042969, Critic1 Loss: 489.7357177734375, Critic2 Loss: 489.73052978515625
2024-08-03 02:15:00,987 - INFO - Step: Action=Hold, Reward=-0.002216091087134555, Portfolio Value=999649.857608234, Budget=999595.72166882, Position=100
2024-08-03 02:15:01,025 - INFO - Train Step: 64, Actor Loss: 1.5932395458221436, Critic1 Loss: 374.53033447265625, Critic2 Loss: 374.54296875
2024-08-03 02:15:01,026 - INFO - Step: Action=Buy, Reward=-62.99941732613363, Portfolio Value=999658.7219725825, Budget=999532.7213650574, Position=200
2024-08-03 02:15:01,065 - INFO - Train Step: 65, Actor Loss: 1.6077312231063843, Critic1 Loss: 301.05364990234375, Critic2 Loss: 301.0589599609375
2024-08-03 02:15:01,066 - INFO - Step: Action=Hold, Reward=0.000886436434846837, Portfolio Value=999667.586336931, Budget=999532.7213650574, Position=200
2024-08-03 02:15:01,105 - INFO - Train Step: 66, Actor Loss: 1.5723299980163574, Critic1 Loss: 403.72625732421875, Critic2 Loss: 403.7382507324219
2024-08-03 02:15:01,106 - INFO - Step: Action=Hold, Reward=-0.00044321821741759776, Portfolio Value=999663.1541547568, Budget=999532.7213650574, Position=200
2024-08-03 02:15:01,143 - INFO - Train Step: 67, Actor Loss: 1.6461690664291382, Critic1 Loss: 623.798828125, Critic2 Loss: 623.8419189453125
2024-08-03 02:15:01,144 - INFO - Step: Action=Hold, Reward=0.001772872869693674, Portfolio Value=999680.8828834537, Budget=999532.7213650574, Position=200
2024-08-03 02:15:01,182 - INFO - Train Step: 68, Actor Loss: 1.622648000717163, Critic1 Loss: 458.2947082519531, Critic2 Loss: 458.2989807128906
2024-08-03 02:15:01,183 - INFO - Step: Action=Buy, Reward=-105.09982936290946, Portfolio Value=999742.9334338933, Budget=999427.6153306394, Position=300
2024-08-03 02:15:01,220 - INFO - Train Step: 69, Actor Loss: 1.6598601341247559, Critic1 Loss: 569.1182861328125, Critic2 Loss: 569.132080078125
2024-08-03 02:15:01,222 - INFO - Step: Action=Hold, Reward=0.003988963956828229, Portfolio Value=999782.8230734615, Budget=999427.6153306394, Position=300
2024-08-03 02:15:01,259 - INFO - Train Step: 70, Actor Loss: 1.6795344352722168, Critic1 Loss: 401.7052001953125, Critic2 Loss: 401.7157897949219
2024-08-03 02:15:01,259 - INFO - Step: Action=Buy, Reward=-111.75630216130838, Portfolio Value=999762.8782536774, Budget=999315.86102296, Position=400
2024-08-03 02:15:01,297 - INFO - Train Step: 71, Actor Loss: 1.6970983743667603, Critic1 Loss: 686.617919921875, Critic2 Loss: 686.631591796875
2024-08-03 02:15:01,298 - INFO - Step: Action=Hold, Reward=0.001772872869693674, Portfolio Value=999780.6069823743, Budget=999315.86102296, Position=400
2024-08-03 02:15:01,336 - INFO - Train Step: 72, Actor Loss: 1.6810137033462524, Critic1 Loss: 392.6225280761719, Critic2 Loss: 392.6087646484375
2024-08-03 02:15:01,337 - INFO - Step: Action=Hold, Reward=0.0008864364348584786, Portfolio Value=999789.4713467229, Budget=999315.86102296, Position=400
2024-08-03 02:15:01,375 - INFO - Train Step: 73, Actor Loss: 1.8094607591629028, Critic1 Loss: 767.0096435546875, Critic2 Loss: 767.12158203125
2024-08-03 02:15:01,376 - INFO - Step: Action=Buy, Reward=-118.40258094070654, Portfolio Value=999789.4713467228, Budget=999197.4584420193, Position=500
2024-08-03 02:15:01,414 - INFO - Train Step: 74, Actor Loss: 1.8528640270233154, Critic1 Loss: 561.1066284179688, Critic2 Loss: 561.1985473632812
2024-08-03 02:15:01,415 - INFO - Step: Action=Hold, Reward=-0.004432182174245827, Portfolio Value=999745.1495249803, Budget=999197.4584420193, Position=500
2024-08-03 02:15:01,453 - INFO - Train Step: 75, Actor Loss: 1.836629867553711, Critic1 Loss: 406.3646240234375, Critic2 Loss: 406.3620910644531
2024-08-03 02:15:01,454 - INFO - Step: Action=Buy, Reward=-94.03333530113072, Portfolio Value=999667.586336931, Budget=999103.432863037, Position=600
2024-08-03 02:15:01,494 - INFO - Train Step: 76, Actor Loss: 1.8584043979644775, Critic1 Loss: 614.6834716796875, Critic2 Loss: 614.7659301757812
2024-08-03 02:15:01,495 - INFO - Step: Action=Hold, Reward=-0.005318618609104306, Portfolio Value=999614.4001508399, Budget=999103.432863037, Position=600
2024-08-03 02:15:01,535 - INFO - Train Step: 77, Actor Loss: 1.9857754707336426, Critic1 Loss: 671.0257568359375, Critic2 Loss: 671.2183227539062
2024-08-03 02:15:01,536 - INFO - Step: Action=Hold, Reward=0.018615165131853427, Portfolio Value=999800.5518021585, Budget=999103.432863037, Position=600
2024-08-03 02:15:01,575 - INFO - Train Step: 78, Actor Loss: 2.109438419342041, Critic1 Loss: 560.8485717773438, Critic2 Loss: 560.9384765625
2024-08-03 02:15:01,576 - INFO - Step: Action=Buy, Reward=-116.18648985358102, Portfolio Value=999800.5518021585, Budget=998987.2463731834, Position=700
2024-08-03 02:15:01,617 - INFO - Train Step: 79, Actor Loss: 2.139566659927368, Critic1 Loss: 901.1759643554688, Critic2 Loss: 901.5839233398438
2024-08-03 02:15:01,618 - INFO - Step: Action=Buy, Reward=-118.40102967694554, Portfolio Value=999816.0644397683, Budget=998868.8437922427, Position=800
2024-08-03 02:15:01,659 - INFO - Train Step: 80, Actor Loss: 2.34849214553833, Critic1 Loss: 785.6033325195312, Critic2 Loss: 785.997314453125
2024-08-03 02:15:01,660 - INFO - Step: Action=Hold, Reward=-0.01418298295759596, Portfolio Value=999674.2346101924, Budget=998868.8437922427, Position=800
2024-08-03 02:15:01,700 - INFO - Train Step: 81, Actor Loss: 2.3593852519989014, Critic1 Loss: 965.3976440429688, Critic2 Loss: 965.8036499023438
2024-08-03 02:15:01,701 - INFO - Step: Action=Hold, Reward=0.01063723721819697, Portfolio Value=999780.6069823743, Budget=998868.8437922427, Position=800
2024-08-03 02:15:01,742 - INFO - Train Step: 82, Actor Loss: 2.5707247257232666, Critic1 Loss: 795.52880859375, Critic2 Loss: 795.8878173828125
2024-08-03 02:15:01,743 - INFO - Step: Action=Hold, Reward=-0.02482022017580457, Portfolio Value=999532.4047806163, Budget=998868.8437922427, Position=800
2024-08-03 02:15:01,782 - INFO - Train Step: 83, Actor Loss: 2.679593801498413, Critic1 Loss: 651.07958984375, Critic2 Loss: 651.2559814453125
2024-08-03 02:15:01,783 - INFO - Step: Action=Buy, Reward=-94.01671461797729, Portfolio Value=999621.0484241013, Budget=998774.8182132604, Position=900
2024-08-03 02:15:01,823 - INFO - Train Step: 84, Actor Loss: 2.8468029499053955, Critic1 Loss: 1096.16845703125, Critic2 Loss: 1097.3316650390625
2024-08-03 02:15:01,824 - INFO - Step: Action=Hold, Reward=-0.003988963956828229, Portfolio Value=999581.158784533, Budget=998774.8182132604, Position=900
2024-08-03 02:15:01,865 - INFO - Train Step: 85, Actor Loss: 2.9643707275390625, Critic1 Loss: 836.6783447265625, Critic2 Loss: 837.2654418945312
2024-08-03 02:15:01,866 - INFO - Step: Action=Hold, Reward=0.02193930176254362, Portfolio Value=999800.5518021585, Budget=998774.8182132604, Position=900
2024-08-03 02:15:01,907 - INFO - Train Step: 86, Actor Loss: 3.2067949771881104, Critic1 Loss: 740.6639404296875, Critic2 Loss: 741.095458984375
2024-08-03 02:15:01,909 - INFO - Step: Action=Hold, Reward=0.007977927913656459, Portfolio Value=999880.331081295, Budget=998774.8182132604, Position=900
2024-08-03 02:15:01,950 - INFO - Train Step: 87, Actor Loss: 3.371814489364624, Critic1 Loss: 745.3681030273438, Critic2 Loss: 746.3270874023438
2024-08-03 02:15:01,951 - INFO - Step: Action=Hold, Reward=0.009972409892058932, Portfolio Value=999980.0551802156, Budget=998774.8182132604, Position=900
2024-08-03 02:15:01,991 - INFO - Train Step: 88, Actor Loss: 3.625913143157959, Critic1 Loss: 595.37890625, Critic2 Loss: 595.67041015625
2024-08-03 02:15:01,992 - INFO - Step: Action=Hold, Reward=-0.013961373848887161, Portfolio Value=999840.4414417268, Budget=998774.8182132604, Position=900
2024-08-03 02:15:02,090 - INFO - Train Step: 89, Actor Loss: 3.8827242851257324, Critic1 Loss: 906.2438354492188, Critic2 Loss: 907.727783203125
2024-08-03 02:15:02,091 - INFO - Step: Action=Hold, Reward=0.005983445935242344, Portfolio Value=999900.2759010792, Budget=998774.8182132604, Position=900
2024-08-03 02:15:02,164 - INFO - Train Step: 90, Actor Loss: 3.9085543155670166, Critic1 Loss: 921.4060668945312, Critic2 Loss: 922.0758056640625
2024-08-03 02:15:02,165 - INFO - Step: Action=Buy, Reward=-129.4790474123773, Portfolio Value=999940.1655406475, Budget=998645.3351768841, Position=1000
2024-08-03 02:15:02,207 - INFO - Train Step: 91, Actor Loss: 4.144172668457031, Critic1 Loss: 706.115966796875, Critic2 Loss: 706.5858154296875
2024-08-03 02:15:02,208 - INFO - Step: Action=Hold, Reward=-0.008864364348503295, Portfolio Value=999851.5218971624, Budget=998645.3351768841, Position=1000
2024-08-03 02:15:02,251 - INFO - Train Step: 92, Actor Loss: 4.382244110107422, Critic1 Loss: 705.5930786132812, Critic2 Loss: 706.8157958984375
2024-08-03 02:15:02,253 - INFO - Step: Action=Hold, Reward=0.011080455435626208, Portfolio Value=999962.3264515187, Budget=998645.3351768841, Position=1000
2024-08-03 02:15:02,292 - INFO - Train Step: 93, Actor Loss: 4.470074653625488, Critic1 Loss: 669.7916259765625, Critic2 Loss: 669.6622924804688
2024-08-03 02:15:02,293 - INFO - Step: Action=Hold, Reward=0.03102527521975571, Portfolio Value=1000272.5792037162, Budget=998645.3351768841, Position=1000
2024-08-03 02:15:02,346 - INFO - Train Step: 94, Actor Loss: 4.492526054382324, Critic1 Loss: 975.5189819335938, Critic2 Loss: 976.2320556640625
2024-08-03 02:15:02,347 - INFO - Step: Action=Hold, Reward=0.004432182174245827, Portfolio Value=1000316.9010254587, Budget=998645.3351768841, Position=1000
2024-08-03 02:15:02,388 - INFO - Train Step: 95, Actor Loss: 5.007626056671143, Critic1 Loss: 904.2276611328125, Critic2 Loss: 905.2949829101562
2024-08-03 02:15:02,390 - INFO - Step: Action=Hold, Reward=0.019944819784129503, Portfolio Value=1000516.3492233, Budget=998645.3351768841, Position=1000
2024-08-03 02:15:02,493 - INFO - Train Step: 96, Actor Loss: 5.055456161499023, Critic1 Loss: 645.4041137695312, Critic2 Loss: 644.8658447265625
2024-08-03 02:15:02,495 - INFO - Step: Action=Hold, Reward=0.015512637609883678, Portfolio Value=1000671.4755993988, Budget=998645.3351768841, Position=1000
2024-08-03 02:15:02,536 - INFO - Train Step: 97, Actor Loss: 5.0971999168396, Critic1 Loss: 821.6793823242188, Critic2 Loss: 821.3958740234375
2024-08-03 02:15:02,537 - INFO - Step: Action=Sell, Reward=233.67034274645346, Portfolio Value=1000981.7283515964, Budget=998878.9744943553, Position=900
2024-08-03 02:15:02,575 - INFO - Train Step: 98, Actor Loss: 5.305280685424805, Critic1 Loss: 1170.6827392578125, Critic2 Loss: 1169.572265625
2024-08-03 02:15:02,576 - INFO - Step: Action=Hold, Reward=0.009972409892058932, Portfolio Value=1001081.452450517, Budget=998878.9744943553, Position=900
2024-08-03 02:15:02,615 - INFO - Train Step: 99, Actor Loss: 5.484917163848877, Critic1 Loss: 1065.951416015625, Critic2 Loss: 1065.406005859375
2024-08-03 02:15:02,615 - INFO - Episode: 1, Total Reward: -1120.9173603994452
2024-08-03 02:15:02,615 - INFO - --------------------------------------------------
2024-08-03 02:15:02,617 - INFO - Step: Action=Sell, Reward=0.0, Portfolio Value=998878.9744943553, Budget=998878.9744943553, Position=0
2024-08-03 02:15:02,619 - INFO - Step: Action=Sell, Reward=0.0, Portfolio Value=998878.9744943553, Budget=998878.9744943553, Position=0
2024-08-03 02:15:02,620 - INFO - Step: Action=Sell, Reward=0.0, Portfolio Value=998878.9744943553, Budget=998878.9744943553, Position=0
2024-08-03 02:15:02,620 - INFO - Step: Action=Sell, Reward=0.0, Portfolio Value=998878.9744943553, Budget=998878.9744943553, Position=0
2024-08-03 02:15:02,621 - INFO - Step: Action=Sell, Reward=0.0, Portfolio Value=998878.9744943553, Budget=998878.9744943553, Position=0
2024-08-03 02:15:02,622 - INFO - Step: Action=Sell, Reward=0.0, Portfolio Value=998878.9744943553, Budget=998878.9744943553, Position=0
2024-08-03 02:15:02,623 - INFO - Step: Action=Sell, Reward=0.0, Portfolio Value=998878.9744943553, Budget=998878.9744943553, Position=0
2024-08-03 02:15:02,624 - INFO - Step: Action=Sell, Reward=0.0, Portfolio Value=998878.9744943553, Budget=998878.9744943553, Position=0
2024-08-03 02:15:02,624 - INFO - Step: Action=Sell, Reward=0.0, Portfolio Value=998878.9744943553, Budget=998878.9744943553, Position=0
2024-08-03 02:15:02,625 - INFO - Step: Action=Sell, Reward=0.0, Portfolio Value=998878.9744943553, Budget=998878.9744943553, Position=0
2024-08-03 02:15:02,626 - INFO - Step: Action=Sell, Reward=0.0, Portfolio Value=998878.9744943553, Budget=998878.9744943553, Position=0
2024-08-03 02:15:02,627 - INFO - Step: Action=Sell, Reward=0.0, Portfolio Value=998878.9744943553, Budget=998878.9744943553, Position=0
2024-08-03 02:15:02,628 - INFO - Step: Action=Sell, Reward=0.0, Portfolio Value=998878.9744943553, Budget=998878.9744943553, Position=0
2024-08-03 02:15:02,628 - INFO - Step: Action=Sell, Reward=0.0, Portfolio Value=998878.9744943553, Budget=998878.9744943553, Position=0
2024-08-03 02:15:02,629 - INFO - Step: Action=Hold, Reward=0.0, Portfolio Value=998878.9744943553, Budget=998878.9744943553, Position=0
2024-08-03 02:15:02,630 - INFO - Step: Action=Hold, Reward=0.0, Portfolio Value=998878.9744943553, Budget=998878.9744943553, Position=0
2024-08-03 02:15:02,631 - INFO - Step: Action=Sell, Reward=0.0, Portfolio Value=998878.9744943553, Budget=998878.9744943553, Position=0
2024-08-03 02:15:02,631 - INFO - Step: Action=Sell, Reward=0.0, Portfolio Value=998878.9744943553, Budget=998878.9744943553, Position=0
2024-08-03 02:15:02,632 - INFO - Step: Action=Sell, Reward=0.0, Portfolio Value=998878.9744943553, Budget=998878.9744943553, Position=0
2024-08-03 02:15:02,633 - INFO - Step: Action=Sell, Reward=0.0, Portfolio Value=998878.9744943553, Budget=998878.9744943553, Position=0
2024-08-03 02:15:02,634 - INFO - Step: Action=Sell, Reward=0.0, Portfolio Value=998878.9744943553, Budget=998878.9744943553, Position=0
2024-08-03 02:15:02,635 - INFO - Step: Action=Sell, Reward=0.0, Portfolio Value=998878.9744943553, Budget=998878.9744943553, Position=0
2024-08-03 02:15:02,635 - INFO - Step: Action=Sell, Reward=0.0, Portfolio Value=998878.9744943553, Budget=998878.9744943553, Position=0
2024-08-03 02:15:02,636 - INFO - Step: Action=Sell, Reward=0.0, Portfolio Value=998878.9744943553, Budget=998878.9744943553, Position=0
2024-08-03 02:15:02,637 - INFO - Step: Action=Sell, Reward=0.0, Portfolio Value=998878.9744943553, Budget=998878.9744943553, Position=0
2024-08-03 02:15:02,638 - INFO - Step: Action=Sell, Reward=0.0, Portfolio Value=998878.9744943553, Budget=998878.9744943553, Position=0
2024-08-03 02:15:02,639 - INFO - Step: Action=Sell, Reward=0.0, Portfolio Value=998878.9744943553, Budget=998878.9744943553, Position=0
2024-08-03 02:15:02,640 - INFO - Step: Action=Sell, Reward=0.0, Portfolio Value=998878.9744943553, Budget=998878.9744943553, Position=0
2024-08-03 02:15:02,640 - INFO - Step: Action=Sell, Reward=0.0, Portfolio Value=998878.9744943553, Budget=998878.9744943553, Position=0
2024-08-03 02:15:02,641 - INFO - Step: Action=Sell, Reward=0.0, Portfolio Value=998878.9744943553, Budget=998878.9744943553, Position=0
2024-08-03 02:15:02,642 - INFO - Step: Action=Sell, Reward=0.0, Portfolio Value=998878.9744943553, Budget=998878.9744943553, Position=0
2024-08-03 02:15:02,643 - INFO - Step: Action=Sell, Reward=0.0, Portfolio Value=998878.9744943553, Budget=998878.9744943553, Position=0
2024-08-03 02:15:02,643 - INFO - Step: Action=Sell, Reward=0.0, Portfolio Value=998878.9744943553, Budget=998878.9744943553, Position=0
2024-08-03 02:15:02,644 - INFO - Step: Action=Sell, Reward=0.0, Portfolio Value=998878.9744943553, Budget=998878.9744943553, Position=0
2024-08-03 02:15:02,645 - INFO - Step: Action=Sell, Reward=0.0, Portfolio Value=998878.9744943553, Budget=998878.9744943553, Position=0
2024-08-03 02:15:02,646 - INFO - Step: Action=Sell, Reward=0.0, Portfolio Value=998878.9744943553, Budget=998878.9744943553, Position=0
2024-08-03 02:15:02,647 - INFO - Step: Action=Sell, Reward=0.0, Portfolio Value=998878.9744943553, Budget=998878.9744943553, Position=0
2024-08-03 02:15:02,647 - INFO - Step: Action=Sell, Reward=0.0, Portfolio Value=998878.9744943553, Budget=998878.9744943553, Position=0
2024-08-03 02:15:02,648 - INFO - Step: Action=Sell, Reward=0.0, Portfolio Value=998878.9744943553, Budget=998878.9744943553, Position=0
2024-08-03 02:15:02,649 - INFO - Step: Action=Sell, Reward=0.0, Portfolio Value=998878.9744943553, Budget=998878.9744943553, Position=0
2024-08-03 02:15:02,649 - INFO - Step: Action=Sell, Reward=0.0, Portfolio Value=998878.9744943553, Budget=998878.9744943553, Position=0
2024-08-03 02:15:02,650 - INFO - Step: Action=Sell, Reward=0.0, Portfolio Value=998878.9744943553, Budget=998878.9744943553, Position=0
2024-08-03 02:15:02,651 - INFO - Step: Action=Sell, Reward=0.0, Portfolio Value=998878.9744943553, Budget=998878.9744943553, Position=0
2024-08-03 02:15:02,651 - INFO - Step: Action=Sell, Reward=0.0, Portfolio Value=998878.9744943553, Budget=998878.9744943553, Position=0
2024-08-03 02:15:02,652 - INFO - Step: Action=Sell, Reward=0.0, Portfolio Value=998878.9744943553, Budget=998878.9744943553, Position=0
2024-08-03 02:15:02,653 - INFO - Step: Action=Hold, Reward=0.0, Portfolio Value=998878.9744943553, Budget=998878.9744943553, Position=0
2024-08-03 02:15:02,654 - INFO - Step: Action=Sell, Reward=0.0, Portfolio Value=998878.9744943553, Budget=998878.9744943553, Position=0
2024-08-03 02:15:02,654 - INFO - Step: Action=Sell, Reward=0.0, Portfolio Value=998878.9744943553, Budget=998878.9744943553, Position=0
2024-08-03 02:15:02,655 - INFO - Step: Action=Hold, Reward=0.0, Portfolio Value=998878.9744943553, Budget=998878.9744943553, Position=0
2024-08-03 02:15:02,656 - INFO - Step: Action=Sell, Reward=0.0, Portfolio Value=998878.9744943553, Budget=998878.9744943553, Position=0
2024-08-03 02:15:02,657 - INFO - Step: Action=Hold, Reward=0.0, Portfolio Value=998878.9744943553, Budget=998878.9744943553, Position=0
2024-08-03 02:15:02,657 - INFO - Step: Action=Sell, Reward=0.0, Portfolio Value=998878.9744943553, Budget=998878.9744943553, Position=0
2024-08-03 02:15:02,658 - INFO - Step: Action=Hold, Reward=0.0, Portfolio Value=998878.9744943553, Budget=998878.9744943553, Position=0
2024-08-03 02:15:02,659 - INFO - Step: Action=Sell, Reward=0.0, Portfolio Value=998878.9744943553, Budget=998878.9744943553, Position=0
2024-08-03 02:15:02,660 - INFO - Step: Action=Hold, Reward=0.0, Portfolio Value=998878.9744943553, Budget=998878.9744943553, Position=0
2024-08-03 02:15:02,661 - INFO - Step: Action=Sell, Reward=0.0, Portfolio Value=998878.9744943553, Budget=998878.9744943553, Position=0
2024-08-03 02:15:02,661 - INFO - Step: Action=Hold, Reward=0.0, Portfolio Value=998878.9744943553, Budget=998878.9744943553, Position=0
2024-08-03 02:15:02,662 - INFO - Step: Action=Sell, Reward=0.0, Portfolio Value=998878.9744943553, Budget=998878.9744943553, Position=0
2024-08-03 02:15:02,663 - INFO - Step: Action=Sell, Reward=0.0, Portfolio Value=998878.9744943553, Budget=998878.9744943553, Position=0
2024-08-03 02:15:02,663 - INFO - Step: Action=Hold, Reward=0.0, Portfolio Value=998878.9744943553, Budget=998878.9744943553, Position=0
2024-08-03 02:15:02,664 - INFO - Step: Action=Hold, Reward=0.0, Portfolio Value=998878.9744943553, Budget=998878.9744943553, Position=0
2024-08-03 02:15:02,665 - INFO - Step: Action=Sell, Reward=0.0, Portfolio Value=998878.9744943553, Budget=998878.9744943553, Position=0
2024-08-03 02:15:02,666 - INFO - Step: Action=Hold, Reward=0.0, Portfolio Value=998878.9744943553, Budget=998878.9744943553, Position=0
2024-08-03 02:15:02,667 - INFO - Step: Action=Hold, Reward=0.0, Portfolio Value=998878.9744943553, Budget=998878.9744943553, Position=0
2024-08-03 02:15:02,667 - INFO - Step: Action=Sell, Reward=0.0, Portfolio Value=998878.9744943553, Budget=998878.9744943553, Position=0
2024-08-03 02:15:02,668 - INFO - Step: Action=Hold, Reward=0.0, Portfolio Value=998878.9744943553, Budget=998878.9744943553, Position=0
2024-08-03 02:15:02,669 - INFO - Step: Action=Sell, Reward=0.0, Portfolio Value=998878.9744943553, Budget=998878.9744943553, Position=0
2024-08-03 02:15:02,670 - INFO - Step: Action=Sell, Reward=0.0, Portfolio Value=998878.9744943553, Budget=998878.9744943553, Position=0
2024-08-03 02:15:02,671 - INFO - Step: Action=Hold, Reward=0.0, Portfolio Value=998878.9744943553, Budget=998878.9744943553, Position=0
2024-08-03 02:15:02,671 - INFO - Step: Action=Sell, Reward=0.0, Portfolio Value=998878.9744943553, Budget=998878.9744943553, Position=0
2024-08-03 02:15:02,672 - INFO - Step: Action=Sell, Reward=0.0, Portfolio Value=998878.9744943553, Budget=998878.9744943553, Position=0
2024-08-03 02:15:02,673 - INFO - Step: Action=Sell, Reward=0.0, Portfolio Value=998878.9744943553, Budget=998878.9744943553, Position=0
2024-08-03 02:15:02,674 - INFO - Step: Action=Sell, Reward=0.0, Portfolio Value=998878.9744943553, Budget=998878.9744943553, Position=0
2024-08-03 02:15:02,675 - INFO - Step: Action=Hold, Reward=0.0, Portfolio Value=998878.9744943553, Budget=998878.9744943553, Position=0
2024-08-03 02:15:02,675 - INFO - Step: Action=Sell, Reward=0.0, Portfolio Value=998878.9744943553, Budget=998878.9744943553, Position=0
2024-08-03 02:15:02,676 - INFO - Step: Action=Hold, Reward=0.0, Portfolio Value=998878.9744943553, Budget=998878.9744943553, Position=0
2024-08-03 02:15:02,677 - INFO - Step: Action=Hold, Reward=0.0, Portfolio Value=998878.9744943553, Budget=998878.9744943553, Position=0
2024-08-03 02:15:02,678 - INFO - Step: Action=Hold, Reward=0.0, Portfolio Value=998878.9744943553, Budget=998878.9744943553, Position=0
2024-08-03 02:15:02,678 - INFO - Step: Action=Hold, Reward=0.0, Portfolio Value=998878.9744943553, Budget=998878.9744943553, Position=0
2024-08-03 02:15:02,679 - INFO - Step: Action=Sell, Reward=0.0, Portfolio Value=998878.9744943553, Budget=998878.9744943553, Position=0
2024-08-03 02:15:02,680 - INFO - Step: Action=Hold, Reward=0.0, Portfolio Value=998878.9744943553, Budget=998878.9744943553, Position=0
2024-08-03 02:15:02,681 - INFO - Step: Action=Hold, Reward=0.0, Portfolio Value=998878.9744943553, Budget=998878.9744943553, Position=0
2024-08-03 02:15:02,682 - INFO - Step: Action=Sell, Reward=0.0, Portfolio Value=998878.9744943553, Budget=998878.9744943553, Position=0
2024-08-03 02:15:02,682 - INFO - Step: Action=Hold, Reward=0.0, Portfolio Value=998878.9744943553, Budget=998878.9744943553, Position=0
2024-08-03 02:15:02,683 - INFO - Step: Action=Hold, Reward=0.0, Portfolio Value=998878.9744943553, Budget=998878.9744943553, Position=0
2024-08-03 02:15:02,684 - INFO - Step: Action=Hold, Reward=0.0, Portfolio Value=998878.9744943553, Budget=998878.9744943553, Position=0
2024-08-03 02:15:02,685 - INFO - Step: Action=Hold, Reward=0.0, Portfolio Value=998878.9744943553, Budget=998878.9744943553, Position=0
2024-08-03 02:15:02,686 - INFO - Step: Action=Sell, Reward=0.0, Portfolio Value=998878.9744943553, Budget=998878.9744943553, Position=0
2024-08-03 02:15:02,686 - INFO - Step: Action=Hold, Reward=0.0, Portfolio Value=998878.9744943553, Budget=998878.9744943553, Position=0
2024-08-03 02:15:02,687 - INFO - Step: Action=Sell, Reward=0.0, Portfolio Value=998878.9744943553, Budget=998878.9744943553, Position=0
2024-08-03 02:15:02,688 - INFO - Step: Action=Hold, Reward=0.0, Portfolio Value=998878.9744943553, Budget=998878.9744943553, Position=0
2024-08-03 02:15:02,688 - INFO - Step: Action=Hold, Reward=0.0, Portfolio Value=998878.9744943553, Budget=998878.9744943553, Position=0
2024-08-03 02:15:02,689 - INFO - Step: Action=Hold, Reward=0.0, Portfolio Value=998878.9744943553, Budget=998878.9744943553, Position=0
2024-08-03 02:15:02,690 - INFO - Step: Action=Hold, Reward=0.0, Portfolio Value=998878.9744943553, Budget=998878.9744943553, Position=0
2024-08-03 02:15:02,691 - INFO - Step: Action=Buy, Reward=-82.94512354669817, Portfolio Value=998878.9744943553, Budget=998796.0293708086, Position=100
2024-08-03 02:15:02,691 - INFO - Step: Action=Sell, Reward=87.37774893916664, Portfolio Value=998883.4066765296, Budget=998883.4066765296, Position=0
2024-08-03 02:15:02,692 - INFO - Step: Action=Buy, Reward=-67.43248593681952, Portfolio Value=998883.4066765296, Budget=998815.9741905928, Position=100
2024-08-03 02:15:02,693 - INFO - Step: Action=Hold, Reward=0.0017728728697053158, Portfolio Value=998901.1354052266, Budget=998815.9741905928, Position=100
2024-08-03 02:15:02,694 - INFO - Step: Action=Hold, Reward=0.0006648273261380382, Portfolio Value=998907.783678488, Budget=998815.9741905928, Position=100
2024-08-03 02:15:02,694 - INFO - Step: Action=Hold, Reward=0.001772872869693674, Portfolio Value=998925.5124071849, Budget=998815.9741905928, Position=100
2024-08-03 02:15:02,695 - INFO - Step: Action=Buy, Reward=-113.96995554823806, Portfolio Value=998929.9445893592, Budget=998702.0037918263, Position=200
2024-08-03 02:15:02,696 - INFO - Step: Action=Sell, Reward=116.18693307179844, Portfolio Value=998934.3767715334, Budget=998818.1902816799, Position=100
2024-08-03 02:15:02,697 - INFO - Step: Action=Hold, Reward=-0.0006648273261380382, Portfolio Value=998927.728498272, Budget=998818.1902816799, Position=100
2024-08-03 02:15:02,697 - INFO - Step: Action=Hold, Reward=-0.00044321821741759776, Portfolio Value=998923.2963160978, Budget=998818.1902816799, Position=100
2024-08-03 02:15:02,698 - INFO - Step: Action=Sell, Reward=122.83653598782728, Portfolio Value=998941.0250447948, Budget=998941.0250447948, Position=0
2024-08-03 02:15:02,699 - INFO - Step: Action=Hold, Reward=0.0, Portfolio Value=998941.0250447948, Budget=998941.0250447948, Position=0
2024-08-03 02:15:02,699 - INFO - Step: Action=Hold, Reward=0.0, Portfolio Value=998941.0250447948, Budget=998941.0250447948, Position=0
2024-08-03 02:15:02,700 - INFO - Step: Action=Hold, Reward=0.0, Portfolio Value=998941.0250447948, Budget=998941.0250447948, Position=0
2024-08-03 02:15:02,701 - INFO - Step: Action=Hold, Reward=0.0, Portfolio Value=998941.0250447948, Budget=998941.0250447948, Position=0
2024-08-03 02:15:02,702 - INFO - Step: Action=Hold, Reward=0.0, Portfolio Value=998941.0250447948, Budget=998941.0250447948, Position=0
2024-08-03 02:15:02,703 - INFO - Step: Action=Hold, Reward=0.0, Portfolio Value=998941.0250447948, Budget=998941.0250447948, Position=0
2024-08-03 02:15:02,703 - INFO - Step: Action=Hold, Reward=0.0, Portfolio Value=998941.0250447948, Budget=998941.0250447948, Position=0
2024-08-03 02:15:02,704 - INFO - Step: Action=Hold, Reward=0.0, Portfolio Value=998941.0250447948, Budget=998941.0250447948, Position=0
2024-08-03 02:15:02,705 - INFO - Step: Action=Sell, Reward=0.0, Portfolio Value=998941.0250447948, Budget=998941.0250447948, Position=0
2024-08-03 02:15:02,705 - INFO - Step: Action=Sell, Reward=0.0, Portfolio Value=998941.0250447948, Budget=998941.0250447948, Position=0
2024-08-03 02:15:02,706 - INFO - Step: Action=Buy, Reward=-100.67385224370236, Portfolio Value=998941.0250447948, Budget=998840.3511925511, Position=100
2024-08-03 02:15:02,707 - INFO - Step: Action=Hold, Reward=-0.0006648273261380382, Portfolio Value=998934.3767715334, Budget=998840.3511925511, Position=100
2024-08-03 02:15:02,708 - INFO - Step: Action=Sell, Reward=78.51139010868614, Portfolio Value=998918.8641339235, Budget=998918.8641339235, Position=0
2024-08-03 02:15:02,708 - INFO - Step: Action=Sell, Reward=0.0, Portfolio Value=998918.8641339235, Budget=998918.8641339235, Position=0
2024-08-03 02:15:02,709 - INFO - Step: Action=Hold, Reward=0.0, Portfolio Value=998918.8641339235, Budget=998918.8641339235, Position=0
2024-08-03 02:15:02,710 - INFO - Step: Action=Hold, Reward=0.0, Portfolio Value=998918.8641339235, Budget=998918.8641339235, Position=0
2024-08-03 02:15:02,711 - INFO - Step: Action=Hold, Reward=0.0, Portfolio Value=998918.8641339235, Budget=998918.8641339235, Position=0
2024-08-03 02:15:02,712 - INFO - Step: Action=Hold, Reward=0.0, Portfolio Value=998918.8641339235, Budget=998918.8641339235, Position=0
2024-08-03 02:15:02,712 - INFO - Step: Action=Hold, Reward=0.0, Portfolio Value=998918.8641339235, Budget=998918.8641339235, Position=0
2024-08-03 02:15:02,713 - INFO - Step: Action=Hold, Reward=0.0, Portfolio Value=998918.8641339235, Budget=998918.8641339235, Position=0
2024-08-03 02:15:02,714 - INFO - Step: Action=Buy, Reward=-80.72903245957265, Portfolio Value=998918.8641339235, Budget=998838.135101464, Position=100
2024-08-03 02:15:02,714 - INFO - Step: Action=Hold, Reward=-0.002659309304552153, Portfolio Value=998892.271040878, Budget=998838.135101464, Position=100
2024-08-03 02:15:02,715 - INFO - Step: Action=Hold, Reward=-0.0024377001958317125, Portfolio Value=998867.8940389197, Budget=998838.135101464, Position=100
2024-08-03 02:15:02,716 - INFO - Step: Action=Hold, Reward=-0.0011080455435672776, Portfolio Value=998856.813583484, Budget=998838.135101464, Position=100
2024-08-03 02:15:02,716 - INFO - Step: Action=Hold, Reward=0.0004432182174292393, Portfolio Value=998861.2457656583, Budget=998838.135101464, Position=100
2024-08-03 02:15:02,717 - INFO - Step: Action=Hold, Reward=-0.0019944819784141147, Portfolio Value=998841.3009458742, Budget=998838.135101464, Position=100
2024-08-03 02:15:02,718 - INFO - Step: Action=Hold, Reward=0.0028809184132609516, Portfolio Value=998870.1101300068, Budget=998838.135101464, Position=100
2024-08-03 02:15:02,719 - INFO - Step: Action=Hold, Reward=-0.0019944819784141147, Portfolio Value=998850.1653102227, Budget=998838.135101464, Position=100
2024-08-03 02:15:02,720 - INFO - Step: Action=Hold, Reward=-0.001108045543555636, Portfolio Value=998839.0848547871, Budget=998838.135101464, Position=100
2024-08-03 02:15:02,720 - INFO - Step: Action=Hold, Reward=-0.0004432182174292393, Portfolio Value=998834.6526726128, Budget=998838.135101464, Position=100
2024-08-03 02:15:02,721 - INFO - Step: Action=Hold, Reward=-0.0006648273261380382, Portfolio Value=998828.0043993514, Budget=998838.135101464, Position=100
2024-08-03 02:15:02,722 - INFO - Step: Action=Buy, Reward=-0.0006648273261380382, Portfolio Value=998821.35612609, Budget=998838.135101464, Position=100
2024-08-03 02:15:02,723 - INFO - Step: Action=Hold, Reward=-0.000886436434846837, Portfolio Value=998812.4917617416, Budget=998838.135101464, Position=100
2024-08-03 02:15:02,723 - INFO - Step: Action=Buy, Reward=0.0006648273261380382, Portfolio Value=998819.140035003, Budget=998838.135101464, Position=100
2024-08-03 02:15:02,724 - INFO - Step: Action=Hold, Reward=0.0, Portfolio Value=998819.140035003, Budget=998838.135101464, Position=100
2024-08-03 02:15:02,725 - INFO - Step: Action=Hold, Reward=0.001108045543555636, Portfolio Value=998830.2204904385, Budget=998838.135101464, Position=100
2024-08-03 02:15:02,726 - INFO - Step: Action=Buy, Reward=-16.459953232736655, Portfolio Value=998854.597492397, Budget=998821.672710531, Position=200
2024-08-03 02:15:02,726 - INFO - Step: Action=Hold, Reward=-0.004875400391675066, Portfolio Value=998805.8434884802, Budget=998821.672710531, Position=200
2024-08-03 02:15:02,727 - INFO - Step: Action=Hold, Reward=-0.0013296546522760765, Portfolio Value=998792.5469419574, Budget=998821.672710531, Position=200
2024-08-03 02:15:02,728 - INFO - Step: Action=Buy, Reward=0.0, Portfolio Value=998792.5469419574, Budget=998821.672710531, Position=200
2024-08-03 02:15:02,729 - INFO - Step: Action=Sell, Reward=-7.913281370795985, Portfolio Value=998805.8434884801, Budget=998813.7580995056, Position=100
2024-08-03 02:15:02,729 - INFO - Step: Action=Sell, Reward=-12.347236417916712, Portfolio Value=998801.4113063059, Budget=998801.4113063059, Position=0
2024-08-03 02:15:02,730 - INFO - Step: Action=Hold, Reward=0.0, Portfolio Value=998801.4113063059, Budget=998801.4113063059, Position=0
2024-08-03 02:15:02,731 - INFO - Step: Action=Hold, Reward=0.0, Portfolio Value=998801.4113063059, Budget=998801.4113063059, Position=0
2024-08-03 02:15:02,732 - INFO - Step: Action=Hold, Reward=0.0, Portfolio Value=998801.4113063059, Budget=998801.4113063059, Position=0
2024-08-03 02:15:02,732 - INFO - Step: Action=Hold, Reward=0.0, Portfolio Value=998801.4113063059, Budget=998801.4113063059, Position=0
2024-08-03 02:15:02,733 - INFO - Step: Action=Hold, Reward=0.0, Portfolio Value=998801.4113063059, Budget=998801.4113063059, Position=0
2024-08-03 02:15:02,734 - INFO - Step: Action=Hold, Reward=0.0, Portfolio Value=998801.4113063059, Budget=998801.4113063059, Position=0
2024-08-03 02:15:02,735 - INFO - Step: Action=Buy, Reward=-74.08075919819609, Portfolio Value=998801.4113063059, Budget=998727.3305471077, Position=100
2024-08-03 02:15:02,736 - INFO - Step: Action=Hold, Reward=-0.0006648273261380382, Portfolio Value=998794.7630330445, Budget=998727.3305471077, Position=100
2024-08-03 02:15:02,737 - INFO - Step: Action=Buy, Reward=-76.29596384888677, Portfolio Value=998803.627397393, Budget=998651.0336968224, Position=200
2024-08-03 02:15:02,737 - INFO - Step: Action=Sell, Reward=94.02912472806518, Portfolio Value=998839.084854787, Budget=998745.0592758047, Position=100
2024-08-03 02:15:02,738 - INFO - Step: Action=Hold, Reward=0.0006648273261380382, Portfolio Value=998845.7331280484, Budget=998745.0592758047, Position=100
2024-08-03 02:15:02,739 - INFO - Step: Action=Hold, Reward=-0.003988963956828229, Portfolio Value=998805.8434884801, Budget=998745.0592758047, Position=100
2024-08-03 02:15:02,739 - INFO - Step: Action=Sell, Reward=51.918961890506004, Portfolio Value=998796.9791241316, Budget=998796.9791241316, Position=0
2024-08-03 02:15:02,740 - INFO - Step: Action=Hold, Reward=0.0, Portfolio Value=998796.9791241316, Budget=998796.9791241316, Position=0
2024-08-03 02:15:02,741 - INFO - Step: Action=Hold, Reward=0.0, Portfolio Value=998796.9791241316, Budget=998796.9791241316, Position=0
2024-08-03 02:15:02,742 - INFO - Step: Action=Hold, Reward=0.0, Portfolio Value=998796.9791241316, Budget=998796.9791241316, Position=0
2024-08-03 02:15:02,742 - INFO - Step: Action=Buy, Reward=-43.05548397843877, Portfolio Value=998796.9791241316, Budget=998753.9236401531, Position=100
2024-08-03 02:15:02,743 - INFO - Step: Action=Hold, Reward=-0.0017728728697053158, Portfolio Value=998779.2503954346, Budget=998753.9236401531, Position=100
2024-08-03 02:15:02,744 - INFO - Step: Action=Hold, Reward=-0.0004432182174292393, Portfolio Value=998774.8182132603, Budget=998753.9236401531, Position=100
2024-08-03 02:15:02,745 - INFO - Step: Action=Hold, Reward=-0.001994481978402473, Portfolio Value=998754.8733934762, Budget=998753.9236401531, Position=100
2024-08-03 02:15:02,745 - INFO - Step: Action=Buy, Reward=-0.0017728728697053158, Portfolio Value=998737.1446647792, Budget=998753.9236401531, Position=100
2024-08-03 02:15:02,746 - INFO - Step: Action=Buy, Reward=-0.0015512637609848754, Portfolio Value=998721.6320271693, Budget=998753.9236401531, Position=100
2024-08-03 02:15:02,747 - INFO - Step: Action=Hold, Reward=0.000886436434846837, Portfolio Value=998730.4963915178, Budget=998753.9236401531, Position=100
2024-08-03 02:15:02,748 - INFO - Step: Action=Sell, Reward=16.46637989688933, Portfolio Value=998770.3860310861, Budget=998770.3860310861, Position=0
2024-08-03 02:15:02,748 - INFO - Step: Action=Hold, Reward=0.0, Portfolio Value=998770.3860310861, Budget=998770.3860310861, Position=0
2024-08-03 02:15:02,749 - INFO - Step: Action=Hold, Reward=0.0, Portfolio Value=998770.3860310861, Budget=998770.3860310861, Position=0
2024-08-03 02:15:02,750 - INFO - Step: Action=Hold, Reward=0.0, Portfolio Value=998770.3860310861, Budget=998770.3860310861, Position=0
2024-08-03 02:15:02,751 - INFO - Step: Action=Hold, Reward=0.0, Portfolio Value=998770.3860310861, Budget=998770.3860310861, Position=0
2024-08-03 02:15:02,751 - INFO - Step: Action=Hold, Reward=0.0, Portfolio Value=998770.3860310861, Budget=998770.3860310861, Position=0
2024-08-03 02:15:02,752 - INFO - Step: Action=Hold, Reward=0.0, Portfolio Value=998770.3860310861, Budget=998770.3860310861, Position=0
2024-08-03 02:15:02,753 - INFO - Step: Action=Hold, Reward=0.0, Portfolio Value=998770.3860310861, Budget=998770.3860310861, Position=0
2024-08-03 02:15:02,754 - INFO - Step: Action=Hold, Reward=0.0, Portfolio Value=998770.3860310861, Budget=998770.3860310861, Position=0
2024-08-03 02:15:02,755 - INFO - Step: Action=Buy, Reward=-23.110664194309066, Portfolio Value=998770.3860310861, Budget=998747.2753668918, Position=100
2024-08-03 02:15:02,755 - INFO - Step: Action=Hold, Reward=-0.0011080455435672776, Portfolio Value=998759.3055756504, Budget=998747.2753668918, Position=100
2024-08-03 02:15:02,756 - INFO - Step: Action=Hold, Reward=-0.0028809184132609516, Portfolio Value=998730.4963915178, Budget=998747.2753668918, Position=100
2024-08-03 02:15:02,757 - INFO - Step: Action=Hold, Reward=0.0013296546522760765, Portfolio Value=998743.7929380406, Budget=998747.2753668918, Position=100
2024-08-03 02:15:02,758 - INFO - Step: Action=Hold, Reward=0.0, Portfolio Value=998743.7929380406, Budget=998747.2753668918, Position=100
2024-08-03 02:15:02,759 - INFO - Step: Action=Hold, Reward=-0.000886436434846837, Portfolio Value=998734.9285736921, Budget=998747.2753668918, Position=100
2024-08-03 02:15:02,759 - INFO - Step: Action=Hold, Reward=0.0037673548481077885, Portfolio Value=998772.6021221732, Budget=998747.2753668918, Position=100
2024-08-03 02:15:02,760 - INFO - Step: Action=Hold, Reward=0.002437700195843354, Portfolio Value=998796.9791241316, Budget=998747.2753668918, Position=100
2024-08-03 02:15:02,761 - INFO - Step: Action=Hold, Reward=-0.00022160910872044042, Portfolio Value=998794.7630330444, Budget=998747.2753668918, Position=100
2024-08-03 02:15:02,762 - INFO - Step: Action=Hold, Reward=0.0028809184132725933, Portfolio Value=998823.5722171771, Budget=998747.2753668918, Position=100
2024-08-03 02:15:02,762 - INFO - Step: Action=Hold, Reward=0.0, Portfolio Value=998823.5722171771, Budget=998747.2753668918, Position=100
2024-08-03 02:15:02,763 - INFO - Step: Action=Hold, Reward=-0.002216091087134555, Portfolio Value=998801.4113063058, Budget=998747.2753668918, Position=100
2024-08-03 02:15:02,764 - INFO - Step: Action=Buy, Reward=-62.99941732613363, Portfolio Value=998810.2756706543, Budget=998684.2750631291, Position=200
2024-08-03 02:15:02,765 - INFO - Step: Action=Hold, Reward=0.000886436434846837, Portfolio Value=998819.1400350027, Budget=998684.2750631291, Position=200
2024-08-03 02:15:02,765 - INFO - Step: Action=Hold, Reward=-0.00044321821741759776, Portfolio Value=998814.7078528285, Budget=998684.2750631291, Position=200
2024-08-03 02:15:02,766 - INFO - Step: Action=Hold, Reward=0.001772872869693674, Portfolio Value=998832.4365815255, Budget=998684.2750631291, Position=200
2024-08-03 02:15:02,767 - INFO - Step: Action=Sell, Reward=105.11223947299737, Portfolio Value=998894.4871319651, Budget=998789.3810975471, Position=100
2024-08-03 02:15:02,768 - INFO - Step: Action=Hold, Reward=0.0013296546522760765, Portfolio Value=998907.7836784879, Budget=998789.3810975471, Position=100
2024-08-03 02:15:02,768 - INFO - Step: Action=Hold, Reward=-0.0006648273261380382, Portfolio Value=998901.1354052265, Budget=998789.3810975471, Position=100
2024-08-03 02:15:02,769 - INFO - Step: Action=Buy, Reward=-116.1860466353636, Portfolio Value=998905.5675874008, Budget=998673.1946076936, Position=200
2024-08-03 02:15:02,770 - INFO - Step: Action=Hold, Reward=0.00044321821741759776, Portfolio Value=998909.999769575, Budget=998673.1946076936, Position=200
2024-08-03 02:15:02,771 - INFO - Step: Action=Hold, Reward=0.0, Portfolio Value=998909.999769575, Budget=998673.1946076936, Position=200
2024-08-03 02:15:02,772 - INFO - Step: Action=Hold, Reward=-0.001772872869693674, Portfolio Value=998892.271040878, Budget=998673.1946076936, Position=200
2024-08-03 02:15:02,772 - INFO - Step: Action=Hold, Reward=-0.003102527521981392, Portfolio Value=998861.2457656582, Budget=998673.1946076936, Position=200
2024-08-03 02:15:02,773 - INFO - Step: Action=Sell, Reward=85.15944176095401, Portfolio Value=998843.5170369613, Budget=998758.3558223274, Position=100
2024-08-03 02:15:02,774 - INFO - Step: Action=Hold, Reward=0.0031025275219697507, Portfolio Value=998874.542312181, Budget=998758.3558223274, Position=100
2024-08-03 02:15:02,775 - INFO - Step: Action=Sell, Reward=116.18648985358102, Portfolio Value=998874.542312181, Budget=998874.542312181, Position=0
2024-08-03 02:15:02,776 - INFO - Step: Action=Hold, Reward=0.0, Portfolio Value=998874.542312181, Budget=998874.542312181, Position=0
2024-08-03 02:15:02,776 - INFO - Step: Action=Sell, Reward=0.0, Portfolio Value=998874.542312181, Budget=998874.542312181, Position=0
2024-08-03 02:15:02,777 - INFO - Step: Action=Sell, Reward=0.0, Portfolio Value=998874.542312181, Budget=998874.542312181, Position=0
2024-08-03 02:15:02,778 - INFO - Step: Action=Hold, Reward=0.0, Portfolio Value=998874.542312181, Budget=998874.542312181, Position=0
2024-08-03 02:15:02,778 - INFO - Step: Action=Hold, Reward=0.0, Portfolio Value=998874.542312181, Budget=998874.542312181, Position=0
2024-08-03 02:15:02,779 - INFO - Step: Action=Hold, Reward=0.0, Portfolio Value=998874.542312181, Budget=998874.542312181, Position=0
2024-08-03 02:15:02,780 - INFO - Step: Action=Hold, Reward=0.0, Portfolio Value=998874.542312181, Budget=998874.542312181, Position=0
2024-08-03 02:15:02,780 - INFO - Step: Action=Hold, Reward=0.0, Portfolio Value=998874.542312181, Budget=998874.542312181, Position=0
2024-08-03 02:15:02,781 - INFO - Step: Action=Hold, Reward=0.0, Portfolio Value=998874.542312181, Budget=998874.542312181, Position=0
2024-08-03 02:15:02,782 - INFO - Step: Action=Hold, Reward=0.0, Portfolio Value=998874.542312181, Budget=998874.542312181, Position=0
2024-08-03 02:15:02,783 - INFO - Step: Action=Buy, Reward=-125.0508542020831, Portfolio Value=998874.542312181, Budget=998749.4914579788, Position=100
2024-08-03 02:15:02,783 - INFO - Step: Action=Hold, Reward=0.00044321821741759776, Portfolio Value=998878.9744943551, Budget=998749.4914579788, Position=100
2024-08-03 02:15:02,784 - INFO - Step: Action=Buy, Reward=-120.61955846426689, Portfolio Value=998870.1101300067, Budget=998628.872785951, Position=200
2024-08-03 02:15:02,785 - INFO - Step: Action=Hold, Reward=0.0022160910871229134, Portfolio Value=998892.2710408779, Budget=998628.872785951, Position=200
2024-08-03 02:15:02,785 - INFO - Step: Action=Sell, Reward=162.73060773826091, Portfolio Value=998954.3215913174, Budget=998791.5971886342, Position=100
2024-08-03 02:15:02,786 - INFO - Step: Action=Hold, Reward=0.0004432182174292393, Portfolio Value=998958.7537734917, Budget=998791.5971886342, Position=100
2024-08-03 02:15:02,787 - INFO - Step: Action=Hold, Reward=0.0019944819784141147, Portfolio Value=998978.6985932759, Budget=998791.5971886342, Position=100
2024-08-03 02:15:02,787 - INFO - Step: Action=Sell, Reward=202.61559351523735, Portfolio Value=998994.2112308857, Budget=998994.2112308857, Position=0
2024-08-03 02:15:02,788 - INFO - Step: Action=Sell, Reward=0.0, Portfolio Value=998994.2112308857, Budget=998994.2112308857, Position=0
2024-08-03 02:15:02,789 - INFO - Step: Action=Hold, Reward=0.0, Portfolio Value=998994.2112308857, Budget=998994.2112308857, Position=0
2024-08-03 02:15:02,790 - INFO - Step: Action=Sell, Reward=0.0, Portfolio Value=998994.2112308857, Budget=998994.2112308857, Position=0
2024-08-03 02:15:02,790 - INFO - Step: Action=Sell, Reward=0.0, Portfolio Value=998994.2112308857, Budget=998994.2112308857, Position=0
2024-08-03 02:15:02,791 - INFO - Step: Action=Sell, Reward=0.0, Portfolio Value=998994.2112308857, Budget=998994.2112308857, Position=0
2024-08-03 02:15:02,792 - INFO - Step: Action=Sell, Reward=0.0, Portfolio Value=998994.2112308857, Budget=998994.2112308857, Position=0
2024-08-03 02:15:02,793 - INFO - Step: Action=Sell, Reward=0.0, Portfolio Value=998994.2112308857, Budget=998994.2112308857, Position=0
2024-08-03 02:15:02,793 - INFO - Step: Action=Sell, Reward=0.0, Portfolio Value=998994.2112308857, Budget=998994.2112308857, Position=0
2024-08-03 02:15:02,794 - INFO - Step: Action=Sell, Reward=0.0, Portfolio Value=998994.2112308857, Budget=998994.2112308857, Position=0
2024-08-03 02:15:02,795 - INFO - Step: Action=Sell, Reward=0.0, Portfolio Value=998994.2112308857, Budget=998994.2112308857, Position=0
2024-08-03 02:15:02,795 - INFO - Step: Action=Sell, Reward=0.0, Portfolio Value=998994.2112308857, Budget=998994.2112308857, Position=0
2024-08-03 02:15:02,796 - INFO - Step: Action=Sell, Reward=0.0, Portfolio Value=998994.2112308857, Budget=998994.2112308857, Position=0
2024-08-03 02:15:02,797 - INFO - Step: Action=Sell, Reward=0.0, Portfolio Value=998994.2112308857, Budget=998994.2112308857, Position=0
2024-08-03 02:15:02,798 - INFO - Step: Action=Sell, Reward=0.0, Portfolio Value=998994.2112308857, Budget=998994.2112308857, Position=0
2024-08-03 02:15:02,799 - INFO - Step: Action=Sell, Reward=0.0, Portfolio Value=998994.2112308857, Budget=998994.2112308857, Position=0
2024-08-03 02:15:02,799 - INFO - Step: Action=Sell, Reward=0.0, Portfolio Value=998994.2112308857, Budget=998994.2112308857, Position=0
2024-08-03 02:15:02,800 - INFO - Step: Action=Sell, Reward=0.0, Portfolio Value=998994.2112308857, Budget=998994.2112308857, Position=0
2024-08-03 02:15:02,801 - INFO - Step: Action=Sell, Reward=0.0, Portfolio Value=998994.2112308857, Budget=998994.2112308857, Position=0
2024-08-03 02:15:02,801 - INFO - Step: Action=Sell, Reward=0.0, Portfolio Value=998994.2112308857, Budget=998994.2112308857, Position=0
2024-08-03 02:15:02,802 - INFO - Step: Action=Sell, Reward=0.0, Portfolio Value=998994.2112308857, Budget=998994.2112308857, Position=0
2024-08-03 02:15:02,803 - INFO - Step: Action=Sell, Reward=0.0, Portfolio Value=998994.2112308857, Budget=998994.2112308857, Position=0
2024-08-03 02:15:02,804 - INFO - Step: Action=Sell, Reward=0.0, Portfolio Value=998994.2112308857, Budget=998994.2112308857, Position=0
2024-08-03 02:15:02,804 - INFO - Step: Action=Sell, Reward=0.0, Portfolio Value=998994.2112308857, Budget=998994.2112308857, Position=0
2024-08-03 02:15:02,805 - INFO - Step: Action=Sell, Reward=0.0, Portfolio Value=998994.2112308857, Budget=998994.2112308857, Position=0
2024-08-03 02:15:02,806 - INFO - Step: Action=Sell, Reward=0.0, Portfolio Value=998994.2112308857, Budget=998994.2112308857, Position=0
2024-08-03 02:15:02,807 - INFO - Step: Action=Sell, Reward=0.0, Portfolio Value=998994.2112308857, Budget=998994.2112308857, Position=0
2024-08-03 02:15:02,807 - INFO - Step: Action=Sell, Reward=0.0, Portfolio Value=998994.2112308857, Budget=998994.2112308857, Position=0
2024-08-03 02:15:02,808 - INFO - Step: Action=Sell, Reward=0.0, Portfolio Value=998994.2112308857, Budget=998994.2112308857, Position=0
2024-08-03 02:15:02,809 - INFO - Step: Action=Sell, Reward=0.0, Portfolio Value=998994.2112308857, Budget=998994.2112308857, Position=0
2024-08-03 02:15:02,809 - INFO - Step: Action=Sell, Reward=0.0, Portfolio Value=998994.2112308857, Budget=998994.2112308857, Position=0
2024-08-03 02:15:02,810 - INFO - Step: Action=Sell, Reward=0.0, Portfolio Value=998994.2112308857, Budget=998994.2112308857, Position=0
2024-08-03 02:15:02,811 - INFO - Step: Action=Sell, Reward=0.0, Portfolio Value=998994.2112308857, Budget=998994.2112308857, Position=0
2024-08-03 02:15:02,811 - INFO - Step: Action=Sell, Reward=0.0, Portfolio Value=998994.2112308857, Budget=998994.2112308857, Position=0
2024-08-03 02:15:02,812 - INFO - Step: Action=Sell, Reward=0.0, Portfolio Value=998994.2112308857, Budget=998994.2112308857, Position=0
2024-08-03 02:15:02,813 - INFO - Step: Action=Sell, Reward=0.0, Portfolio Value=998994.2112308857, Budget=998994.2112308857, Position=0
2024-08-03 02:15:02,814 - INFO - Step: Action=Hold, Reward=0.0, Portfolio Value=998994.2112308857, Budget=998994.2112308857, Position=0
2024-08-03 02:15:02,814 - INFO - Step: Action=Sell, Reward=0.0, Portfolio Value=998994.2112308857, Budget=998994.2112308857, Position=0
2024-08-03 02:15:02,815 - INFO - Step: Action=Sell, Reward=0.0, Portfolio Value=998994.2112308857, Budget=998994.2112308857, Position=0
2024-08-03 02:15:02,816 - INFO - Step: Action=Sell, Reward=0.0, Portfolio Value=998994.2112308857, Budget=998994.2112308857, Position=0
2024-08-03 02:15:02,817 - INFO - Step: Action=Sell, Reward=0.0, Portfolio Value=998994.2112308857, Budget=998994.2112308857, Position=0
2024-08-03 02:15:02,818 - INFO - Step: Action=Sell, Reward=0.0, Portfolio Value=998994.2112308857, Budget=998994.2112308857, Position=0
2024-08-03 02:15:02,819 - INFO - Step: Action=Sell, Reward=0.0, Portfolio Value=998994.2112308857, Budget=998994.2112308857, Position=0
2024-08-03 02:15:02,820 - INFO - Step: Action=Sell, Reward=0.0, Portfolio Value=998994.2112308857, Budget=998994.2112308857, Position=0
2024-08-03 02:15:02,820 - INFO - Step: Action=Sell, Reward=0.0, Portfolio Value=998994.2112308857, Budget=998994.2112308857, Position=0
2024-08-03 02:15:02,821 - INFO - Step: Action=Sell, Reward=0.0, Portfolio Value=998994.2112308857, Budget=998994.2112308857, Position=0
2024-08-03 02:15:02,822 - INFO - Step: Action=Sell, Reward=0.0, Portfolio Value=998994.2112308857, Budget=998994.2112308857, Position=0
2024-08-03 02:15:02,823 - INFO - Step: Action=Sell, Reward=0.0, Portfolio Value=998994.2112308857, Budget=998994.2112308857, Position=0
2024-08-03 02:15:02,823 - INFO - Step: Action=Hold, Reward=0.0, Portfolio Value=998994.2112308857, Budget=998994.2112308857, Position=0
2024-08-03 02:15:02,824 - INFO - Step: Action=Sell, Reward=0.0, Portfolio Value=998994.2112308857, Budget=998994.2112308857, Position=0
2024-08-03 02:15:02,825 - INFO - Step: Action=Hold, Reward=0.0, Portfolio Value=998994.2112308857, Budget=998994.2112308857, Position=0
2024-08-03 02:15:02,826 - INFO - Step: Action=Sell, Reward=0.0, Portfolio Value=998994.2112308857, Budget=998994.2112308857, Position=0
2024-08-03 02:15:02,827 - INFO - Step: Action=Hold, Reward=0.0, Portfolio Value=998994.2112308857, Budget=998994.2112308857, Position=0
2024-08-03 02:15:02,827 - INFO - Step: Action=Hold, Reward=0.0, Portfolio Value=998994.2112308857, Budget=998994.2112308857, Position=0
2024-08-03 02:15:02,828 - INFO - Step: Action=Hold, Reward=0.0, Portfolio Value=998994.2112308857, Budget=998994.2112308857, Position=0
2024-08-03 02:15:02,829 - INFO - Step: Action=Sell, Reward=0.0, Portfolio Value=998994.2112308857, Budget=998994.2112308857, Position=0
2024-08-03 02:15:02,830 - INFO - Step: Action=Hold, Reward=0.0, Portfolio Value=998994.2112308857, Budget=998994.2112308857, Position=0
2024-08-03 02:15:02,831 - INFO - Step: Action=Sell, Reward=0.0, Portfolio Value=998994.2112308857, Budget=998994.2112308857, Position=0
2024-08-03 02:15:02,831 - INFO - Step: Action=Sell, Reward=0.0, Portfolio Value=998994.2112308857, Budget=998994.2112308857, Position=0
2024-08-03 02:15:02,832 - INFO - Step: Action=Sell, Reward=0.0, Portfolio Value=998994.2112308857, Budget=998994.2112308857, Position=0
2024-08-03 02:15:02,833 - INFO - Step: Action=Sell, Reward=0.0, Portfolio Value=998994.2112308857, Budget=998994.2112308857, Position=0
2024-08-03 02:15:02,834 - INFO - Step: Action=Sell, Reward=0.0, Portfolio Value=998994.2112308857, Budget=998994.2112308857, Position=0
2024-08-03 02:15:02,835 - INFO - Step: Action=Sell, Reward=0.0, Portfolio Value=998994.2112308857, Budget=998994.2112308857, Position=0
2024-08-03 02:15:02,835 - INFO - Step: Action=Sell, Reward=0.0, Portfolio Value=998994.2112308857, Budget=998994.2112308857, Position=0
2024-08-03 02:15:02,836 - INFO - Step: Action=Hold, Reward=0.0, Portfolio Value=998994.2112308857, Budget=998994.2112308857, Position=0
2024-08-03 02:15:02,837 - INFO - Step: Action=Sell, Reward=0.0, Portfolio Value=998994.2112308857, Budget=998994.2112308857, Position=0
2024-08-03 02:15:02,837 - INFO - Step: Action=Hold, Reward=0.0, Portfolio Value=998994.2112308857, Budget=998994.2112308857, Position=0
2024-08-03 02:15:02,838 - INFO - Step: Action=Hold, Reward=0.0, Portfolio Value=998994.2112308857, Budget=998994.2112308857, Position=0
2024-08-03 02:15:02,839 - INFO - Step: Action=Sell, Reward=0.0, Portfolio Value=998994.2112308857, Budget=998994.2112308857, Position=0
2024-08-03 02:15:02,840 - INFO - Step: Action=Sell, Reward=0.0, Portfolio Value=998994.2112308857, Budget=998994.2112308857, Position=0
2024-08-03 02:15:02,841 - INFO - Step: Action=Sell, Reward=0.0, Portfolio Value=998994.2112308857, Budget=998994.2112308857, Position=0
2024-08-03 02:15:02,841 - INFO - Step: Action=Sell, Reward=0.0, Portfolio Value=998994.2112308857, Budget=998994.2112308857, Position=0
2024-08-03 02:15:02,842 - INFO - Step: Action=Sell, Reward=0.0, Portfolio Value=998994.2112308857, Budget=998994.2112308857, Position=0
2024-08-03 02:15:02,843 - INFO - Step: Action=Sell, Reward=0.0, Portfolio Value=998994.2112308857, Budget=998994.2112308857, Position=0
2024-08-03 02:15:02,843 - INFO - Step: Action=Sell, Reward=0.0, Portfolio Value=998994.2112308857, Budget=998994.2112308857, Position=0
2024-08-03 02:15:02,844 - INFO - Step: Action=Hold, Reward=0.0, Portfolio Value=998994.2112308857, Budget=998994.2112308857, Position=0
2024-08-03 02:15:02,845 - INFO - Step: Action=Hold, Reward=0.0, Portfolio Value=998994.2112308857, Budget=998994.2112308857, Position=0
2024-08-03 02:15:02,846 - INFO - Step: Action=Hold, Reward=0.0, Portfolio Value=998994.2112308857, Budget=998994.2112308857, Position=0
2024-08-03 02:15:02,847 - INFO - Step: Action=Hold, Reward=0.0, Portfolio Value=998994.2112308857, Budget=998994.2112308857, Position=0
2024-08-03 02:15:02,847 - INFO - Step: Action=Hold, Reward=0.0, Portfolio Value=998994.2112308857, Budget=998994.2112308857, Position=0
2024-08-03 02:15:02,848 - INFO - Step: Action=Buy, Reward=-20.894573107183547, Portfolio Value=998994.2112308857, Budget=998973.3166577786, Position=100
2024-08-03 02:15:02,849 - INFO - Step: Action=Hold, Reward=0.00022160910872044042, Portfolio Value=998996.4273219729, Budget=998973.3166577786, Position=100
2024-08-03 02:15:02,850 - INFO - Step: Action=Hold, Reward=0.0006648273261380382, Portfolio Value=999003.0755952343, Budget=998973.3166577786, Position=100
2024-08-03 02:15:02,850 - INFO - Step: Action=Hold, Reward=0.003324136630690191, Portfolio Value=999036.3169615412, Budget=998973.3166577786, Position=100
2024-08-03 02:15:02,851 - INFO - Step: Action=Sell, Reward=107.32655768725316, Portfolio Value=999080.6387832836, Budget=999080.6387832836, Position=0
2024-08-03 02:15:02,852 - INFO - Step: Action=Buy, Reward=-87.37730572094921, Portfolio Value=999080.6387832836, Budget=998993.2614775627, Position=100
2024-08-03 02:15:02,853 - INFO - Step: Action=Hold, Reward=-0.001108045543555636, Portfolio Value=999069.5583278481, Budget=998993.2614775627, Position=100
2024-08-03 02:15:02,854 - INFO - Step: Action=Hold, Reward=0.0028809184132609516, Portfolio Value=999098.3675119807, Budget=998993.2614775627, Position=100
2024-08-03 02:15:02,854 - INFO - Step: Action=Hold, Reward=-0.0011080455435672776, Portfolio Value=999087.287056545, Budget=998993.2614775627, Position=100
2024-08-03 02:15:02,855 - INFO - Step: Action=Hold, Reward=-0.0015512637609848754, Portfolio Value=999071.7744189352, Budget=998993.2614775627, Position=100
2024-08-03 02:15:02,856 - INFO - Step: Action=Hold, Reward=-0.00022160910870879888, Portfolio Value=999069.5583278481, Budget=998993.2614775627, Position=100
2024-08-03 02:15:02,857 - INFO - Step: Action=Hold, Reward=0.0024377001958317125, Portfolio Value=999093.9353298064, Budget=998993.2614775627, Position=100
2024-08-03 02:15:02,857 - INFO - Step: Action=Sell, Reward=78.51072528136001, Portfolio Value=999071.7744189352, Budget=999071.7744189352, Position=0
2024-08-03 02:15:02,858 - INFO - Step: Action=Hold, Reward=0.0, Portfolio Value=999071.7744189352, Budget=999071.7744189352, Position=0
2024-08-03 02:15:02,859 - INFO - Step: Action=Hold, Reward=0.0, Portfolio Value=999071.7744189352, Budget=999071.7744189352, Position=0
2024-08-03 02:15:02,860 - INFO - Step: Action=Hold, Reward=0.0, Portfolio Value=999071.7744189352, Budget=999071.7744189352, Position=0
2024-08-03 02:15:02,860 - INFO - Step: Action=Hold, Reward=0.0, Portfolio Value=999071.7744189352, Budget=999071.7744189352, Position=0
2024-08-03 02:15:02,861 - INFO - Step: Action=Hold, Reward=0.0, Portfolio Value=999071.7744189352, Budget=999071.7744189352, Position=0
2024-08-03 02:15:02,862 - INFO - Step: Action=Sell, Reward=0.0, Portfolio Value=999071.7744189352, Budget=999071.7744189352, Position=0
2024-08-03 02:15:02,863 - INFO - Step: Action=Hold, Reward=0.0, Portfolio Value=999071.7744189352, Budget=999071.7744189352, Position=0
2024-08-03 02:15:02,863 - INFO - Step: Action=Buy, Reward=-85.1612146338237, Portfolio Value=999071.7744189352, Budget=998986.6132043013, Position=100
2024-08-03 02:15:02,864 - INFO - Step: Action=Hold, Reward=0.0006648273261380382, Portfolio Value=999078.4226921966, Budget=998986.6132043013, Position=100
2024-08-03 02:15:02,865 - INFO - Step: Action=Hold, Reward=0.001772872869693674, Portfolio Value=999096.1514208935, Budget=998986.6132043013, Position=100
2024-08-03 02:15:02,865 - INFO - Step: Action=Hold, Reward=0.0004432182174292393, Portfolio Value=999100.5836030678, Budget=998986.6132043013, Position=100
2024-08-03 02:15:02,866 - INFO - Step: Action=Buy, Reward=-116.1862682444723, Portfolio Value=999102.799694155, Budget=998870.4267144478, Position=200
2024-08-03 02:15:02,867 - INFO - Step: Action=Hold, Reward=-0.0013296546522760765, Portfolio Value=999089.5031476322, Budget=998870.4267144478, Position=200
2024-08-03 02:15:02,868 - INFO - Step: Action=Sell, Reward=105.10514798151857, Portfolio Value=999080.6387832838, Budget=998975.5327488658, Position=100
2024-08-03 02:15:02,868 - INFO - Step: Action=Hold, Reward=0.001772872869693674, Portfolio Value=999098.3675119807, Budget=998975.5327488658, Position=100
2024-08-03 02:15:02,869 - INFO - Step: Action=Hold, Reward=0.0, Portfolio Value=999098.3675119807, Budget=998975.5327488658, Position=100
2024-08-03 02:15:02,870 - INFO - Step: Action=Sell, Reward=100.67163615261524, Portfolio Value=999076.2066011095, Budget=999076.2066011095, Position=0
2024-08-03 02:15:02,871 - INFO - Step: Action=Hold, Reward=0.0, Portfolio Value=999076.2066011095, Budget=999076.2066011095, Position=0
2024-08-03 02:15:02,871 - INFO - Step: Action=Hold, Reward=0.0, Portfolio Value=999076.2066011095, Budget=999076.2066011095, Position=0
2024-08-03 02:15:02,872 - INFO - Step: Action=Buy, Reward=-45.27157506556429, Portfolio Value=999076.2066011095, Budget=999030.9350260439, Position=100
2024-08-03 02:15:02,873 - INFO - Step: Action=Hold, Reward=0.004432182174245827, Portfolio Value=999120.5284228519, Budget=999030.9350260439, Position=100
2024-08-03 02:15:02,874 - INFO - Step: Action=Hold, Reward=0.0008864364348584786, Portfolio Value=999129.3927872005, Budget=999030.9350260439, Position=100
2024-08-03 02:15:02,874 - INFO - Step: Action=Sell, Reward=98.45776115657682, Portfolio Value=999129.3927872005, Budget=999129.3927872005, Position=0
2024-08-03 02:15:02,875 - INFO - Step: Action=Hold, Reward=0.0, Portfolio Value=999129.3927872005, Budget=999129.3927872005, Position=0
2024-08-03 02:15:02,876 - INFO - Step: Action=Hold, Reward=0.0, Portfolio Value=999129.3927872005, Budget=999129.3927872005, Position=0
2024-08-03 02:15:02,876 - INFO - Step: Action=Hold, Reward=0.0, Portfolio Value=999129.3927872005, Budget=999129.3927872005, Position=0
2024-08-03 02:15:02,877 - INFO - Step: Action=Sell, Reward=0.0, Portfolio Value=999129.3927872005, Budget=999129.3927872005, Position=0
2024-08-03 02:15:02,878 - INFO - Step: Action=Hold, Reward=0.0, Portfolio Value=999129.3927872005, Budget=999129.3927872005, Position=0
2024-08-03 02:15:02,878 - INFO - Step: Action=Sell, Reward=0.0, Portfolio Value=999129.3927872005, Budget=999129.3927872005, Position=0
2024-08-03 02:15:02,879 - INFO - Step: Action=Sell, Reward=0.0, Portfolio Value=999129.3927872005, Budget=999129.3927872005, Position=0
2024-08-03 02:15:02,880 - INFO - Step: Action=Hold, Reward=0.0, Portfolio Value=999129.3927872005, Budget=999129.3927872005, Position=0
2024-08-03 02:15:02,881 - INFO - Step: Action=Hold, Reward=0.0, Portfolio Value=999129.3927872005, Budget=999129.3927872005, Position=0
2024-08-03 02:15:02,881 - INFO - Step: Action=Buy, Reward=-94.02557898232578, Portfolio Value=999129.3927872005, Budget=999035.3672082182, Position=100
2024-08-03 02:15:02,882 - INFO - Step: Action=Hold, Reward=-0.0024377001958317125, Portfolio Value=999105.0157852422, Budget=999035.3672082182, Position=100
2024-08-03 02:15:02,883 - INFO - Step: Action=Buy, Reward=-51.92162119981056, Portfolio Value=999087.2870565451, Budget=998983.4473598913, Position=200
2024-08-03 02:15:02,883 - INFO - Step: Action=Sell, Reward=80.73479429639917, Portfolio Value=999144.9054248104, Budget=999064.1763923508, Position=100
2024-08-03 02:15:02,884 - INFO - Step: Action=Hold, Reward=-0.002659309304552153, Portfolio Value=999118.3123317648, Budget=999064.1763923508, Position=100
2024-08-03 02:15:02,885 - INFO - Step: Action=Hold, Reward=-0.0024377001958317125, Portfolio Value=999093.9353298065, Budget=999064.1763923508, Position=100
2024-08-03 02:15:02,886 - INFO - Step: Action=Hold, Reward=-0.0011080455435672776, Portfolio Value=999082.8548743709, Budget=999064.1763923508, Position=100
2024-08-03 02:15:02,886 - INFO - Step: Action=Hold, Reward=0.0004432182174292393, Portfolio Value=999087.2870565451, Budget=999064.1763923508, Position=100
2024-08-03 02:15:02,887 - INFO - Step: Action=Hold, Reward=-0.0019944819784141147, Portfolio Value=999067.342236761, Budget=999064.1763923508, Position=100
2024-08-03 02:15:02,888 - INFO - Step: Action=Hold, Reward=0.0028809184132609516, Portfolio Value=999096.1514208936, Budget=999064.1763923508, Position=100
2024-08-03 02:15:02,889 - INFO - Step: Action=Buy, Reward=-12.032203240659868, Portfolio Value=999076.2066011095, Budget=999052.1461835922, Position=200
2024-08-03 02:15:02,889 - INFO - Step: Action=Hold, Reward=-0.0022160910871229134, Portfolio Value=999054.0456902382, Budget=999052.1461835922, Position=200
2024-08-03 02:15:02,890 - INFO - Step: Action=Hold, Reward=-0.000886436434846837, Portfolio Value=999045.1813258898, Budget=999052.1461835922, Position=200
2024-08-03 02:15:02,891 - INFO - Step: Action=Hold, Reward=-0.0013296546522760765, Portfolio Value=999031.884779367, Budget=999052.1461835922, Position=200
2024-08-03 02:15:02,891 - INFO - Step: Action=Hold, Reward=-0.0013296546522760765, Portfolio Value=999018.5882328443, Budget=999052.1461835922, Position=200
2024-08-03 02:15:02,892 - INFO - Step: Action=Hold, Reward=-0.0017728728697053158, Portfolio Value=999000.8595041472, Budget=999052.1461835922, Position=200
2024-08-03 02:15:02,893 - INFO - Step: Action=Hold, Reward=0.0013296546522760765, Portfolio Value=999014.15605067, Budget=999052.1461835922, Position=200
2024-08-03 02:15:02,894 - INFO - Step: Action=Hold, Reward=0.0, Portfolio Value=999014.15605067, Budget=999052.1461835922, Position=200
2024-08-03 02:15:02,894 - INFO - Step: Action=Hold, Reward=0.002216091087134555, Portfolio Value=999036.3169615413, Budget=999052.1461835922, Position=200
2024-08-03 02:15:02,895 - INFO - Step: Action=Hold, Reward=0.004875400391675066, Portfolio Value=999085.070965458, Budget=999052.1461835922, Position=200
2024-08-03 02:15:02,896 - INFO - Step: Action=Hold, Reward=-0.004875400391675066, Portfolio Value=999036.3169615413, Budget=999052.1461835922, Position=200
2024-08-03 02:15:02,896 - INFO - Step: Action=Hold, Reward=-0.0013296546522760765, Portfolio Value=999023.0204150185, Budget=999052.1461835922, Position=200
2024-08-03 02:15:02,897 - INFO - Step: Action=Hold, Reward=0.0, Portfolio Value=999023.0204150185, Budget=999052.1461835922, Position=200
2024-08-03 02:15:02,898 - INFO - Step: Action=Hold, Reward=0.0013296546522760765, Portfolio Value=999036.3169615413, Budget=999052.1461835922, Position=200
2024-08-03 02:15:02,899 - INFO - Step: Action=Hold, Reward=-0.0008864364348584786, Portfolio Value=999027.4525971927, Budget=999052.1461835922, Position=200
2024-08-03 02:15:02,899 - INFO - Step: Action=Hold, Reward=0.01817194691443583, Portfolio Value=999209.1720663371, Budget=999052.1461835922, Position=200
2024-08-03 02:15:02,900 - INFO - Step: Action=Buy, Reward=-82.94423711026333, Portfolio Value=999218.0364306855, Budget=998969.2010600455, Position=300
2024-08-03 02:15:02,901 - INFO - Step: Action=Hold, Reward=-0.0033241366306785494, Portfolio Value=999184.7950643788, Budget=998969.2010600455, Position=300
2024-08-03 02:15:02,901 - INFO - Step: Action=Hold, Reward=-0.004653791282966268, Portfolio Value=999138.2571515491, Budget=998969.2010600455, Position=300
2024-08-03 02:15:02,902 - INFO - Step: Action=Sell, Reward=65.21905415899855, Portfolio Value=999164.8502445946, Budget=999034.4174548952, Position=200
2024-08-03 02:15:02,903 - INFO - Step: Action=Hold, Reward=-0.0004432182174292393, Portfolio Value=999160.4180624203, Budget=999034.4174548952, Position=200
2024-08-03 02:15:02,904 - INFO - Step: Action=Hold, Reward=0.0022160910871229134, Portfolio Value=999182.5789732916, Budget=999034.4174548952, Position=200
2024-08-03 02:15:02,904 - INFO - Step: Action=Hold, Reward=-0.0013296546522760765, Portfolio Value=999169.2824267688, Budget=999034.4174548952, Position=200
2024-08-03 02:15:02,905 - INFO - Step: Action=Hold, Reward=0.0017728728697053158, Portfolio Value=999187.0111554659, Budget=999034.4174548952, Position=200
2024-08-03 02:15:02,906 - INFO - Step: Action=Hold, Reward=0.00354574573939899, Portfolio Value=999222.4686128598, Budget=999034.4174548952, Position=200
2024-08-03 02:15:02,907 - INFO - Step: Action=Hold, Reward=0.0013296546522760765, Portfolio Value=999235.7651593826, Budget=999034.4174548952, Position=200
2024-08-03 02:15:02,907 - INFO - Step: Action=Hold, Reward=-0.007977927913644817, Portfolio Value=999155.9858802462, Budget=999034.4174548952, Position=200
2024-08-03 02:15:02,908 - INFO - Step: Action=Hold, Reward=-0.0017728728697053158, Portfolio Value=999138.2571515491, Budget=999034.4174548952, Position=200
2024-08-03 02:15:02,909 - INFO - Step: Action=Hold, Reward=-0.000886436434846837, Portfolio Value=999129.3927872006, Budget=999034.4174548952, Position=200
2024-08-03 02:15:02,909 - INFO - Step: Action=Hold, Reward=-0.003102527521981392, Portfolio Value=999098.3675119808, Budget=999034.4174548952, Position=200
2024-08-03 02:15:02,910 - INFO - Step: Action=Hold, Reward=-0.00044321821741759776, Portfolio Value=999093.9353298066, Budget=999034.4174548952, Position=200
2024-08-03 02:15:02,911 - INFO - Step: Action=Hold, Reward=0.002659309304540511, Portfolio Value=999120.528422852, Budget=999034.4174548952, Position=200
2024-08-03 02:15:02,911 - INFO - Step: Action=Hold, Reward=-0.00354574573939899, Portfolio Value=999085.070965458, Budget=999034.4174548952, Position=200
2024-08-03 02:15:02,912 - INFO - Step: Action=Hold, Reward=-0.000886436434846837, Portfolio Value=999076.2066011096, Budget=999034.4174548952, Position=200
2024-08-03 02:15:02,913 - INFO - Step: Action=Buy, Reward=-0.9537422870106697, Portfolio Value=999036.3169615413, Budget=999033.4677015721, Position=300
2024-08-03 02:15:02,914 - INFO - Step: Action=Hold, Reward=-0.005318618609104306, Portfolio Value=998983.1307754503, Budget=999033.4677015721, Position=300
2024-08-03 02:15:02,914 - INFO - Step: Action=Hold, Reward=-0.004653791282966268, Portfolio Value=998936.5928626206, Budget=999033.4677015721, Position=300
2024-08-03 02:15:02,915 - INFO - Step: Action=Hold, Reward=0.002659309304552153, Portfolio Value=998963.1859556661, Budget=999033.4677015721, Position=300
2024-08-03 02:15:02,915 - INFO - Step: Action=Buy, Reward=-16.45042404106203, Portfolio Value=999082.8548743709, Budget=999017.0053106392, Position=400
2024-08-03 02:15:02,916 - INFO - Step: Action=Hold, Reward=0.006205055043951142, Portfolio Value=999144.9054248104, Budget=999017.0053106392, Position=400
2024-08-03 02:15:02,917 - INFO - Step: Action=Hold, Reward=-0.007977927913644817, Portfolio Value=999065.1261456739, Budget=999017.0053106392, Position=400
2024-08-03 02:15:02,918 - INFO - Step: Action=Hold, Reward=-0.006205055043951142, Portfolio Value=999003.0755952344, Budget=999017.0053106392, Position=400
2024-08-03 02:15:02,918 - INFO - Step: Action=Sell, Reward=43.07409914357063, Portfolio Value=999189.2272465529, Budget=999060.0607946176, Position=300
2024-08-03 02:15:02,919 - INFO - Step: Action=Sell, Reward=67.43979903740703, Portfolio Value=999262.358252428, Budget=999127.4932805544, Position=200
2024-08-03 02:15:02,920 - INFO - Step: Action=Hold, Reward=-0.004432182174245827, Portfolio Value=999218.0364306855, Budget=999127.4932805544, Position=200
2024-08-03 02:15:02,921 - INFO - Step: Action=Hold, Reward=-0.0031025275219697507, Portfolio Value=999187.0111554659, Budget=999127.4932805544, Position=200
2024-08-03 02:15:02,921 - INFO - Step: Action=Hold, Reward=-0.0017728728697053158, Portfolio Value=999169.2824267688, Budget=999127.4932805544, Position=200
2024-08-03 02:15:02,924 - INFO - Step: Action=Hold, Reward=0.0004432182174292393, Portfolio Value=999173.7146089431, Budget=999127.4932805544, Position=200
2024-08-03 02:15:02,930 - INFO - Step: Action=Sell, Reward=12.027992667594319, Portfolio Value=999151.5536980717, Budget=999139.5234893131, Position=100
2024-08-03 02:15:02,931 - INFO - Step: Action=Hold, Reward=-0.0028809184132609516, Portfolio Value=999122.7445139391, Budget=999139.5234893131, Position=100
2024-08-03 02:15:02,932 - INFO - Step: Action=Hold, Reward=0.0013296546522760765, Portfolio Value=999136.0410604619, Budget=999139.5234893131, Position=100
2024-08-03 02:15:02,933 - INFO - Step: Action=Sell, Reward=-3.4824288511972035, Portfolio Value=999136.0410604619, Budget=999136.0410604619, Position=0
2024-08-03 02:15:02,934 - INFO - Step: Action=Buy, Reward=0.0, Portfolio Value=999136.0410604619, Budget=999136.0410604619, Position=0
2024-08-03 02:15:02,934 - INFO - Step: Action=Sell, Reward=0.0, Portfolio Value=999136.0410604619, Budget=999136.0410604619, Position=0
2024-08-03 02:15:02,935 - INFO - Step: Action=Hold, Reward=0.0, Portfolio Value=999136.0410604619, Budget=999136.0410604619, Position=0
2024-08-03 02:15:02,936 - INFO - Step: Action=Hold, Reward=0.0, Portfolio Value=999136.0410604619, Budget=999136.0410604619, Position=0
2024-08-03 02:15:02,937 - INFO - Step: Action=Hold, Reward=0.0, Portfolio Value=999136.0410604619, Budget=999136.0410604619, Position=0
2024-08-03 02:15:02,938 - INFO - Step: Action=Sell, Reward=0.0, Portfolio Value=999136.0410604619, Budget=999136.0410604619, Position=0
2024-08-03 02:15:02,938 - INFO - Step: Action=Hold, Reward=0.0, Portfolio Value=999136.0410604619, Budget=999136.0410604619, Position=0
2024-08-03 02:15:02,939 - INFO - Step: Action=Hold, Reward=0.0, Portfolio Value=999136.0410604619, Budget=999136.0410604619, Position=0
2024-08-03 02:15:02,940 - INFO - Step: Action=Buy, Reward=-67.43248593681952, Portfolio Value=999136.0410604619, Budget=999068.6085745251, Position=100
2024-08-03 02:15:02,941 - INFO - Step: Action=Hold, Reward=-0.00022160910870879888, Portfolio Value=999133.8249693748, Budget=999068.6085745251, Position=100
2024-08-03 02:15:02,942 - INFO - Step: Action=Hold, Reward=0.000886436434846837, Portfolio Value=999142.6893337233, Budget=999068.6085745251, Position=100
2024-08-03 02:15:02,943 - INFO - Step: Action=Hold, Reward=0.003102527521981392, Portfolio Value=999173.7146089431, Budget=999068.6085745251, Position=100
2024-08-03 02:15:02,943 - INFO - Step: Action=Hold, Reward=0.0013296546522760765, Portfolio Value=999187.0111554659, Budget=999068.6085745251, Position=100
2024-08-03 02:15:02,944 - INFO - Step: Action=Hold, Reward=-0.0006648273261380382, Portfolio Value=999180.3628822045, Budget=999068.6085745251, Position=100
2024-08-03 02:15:02,945 - INFO - Step: Action=Hold, Reward=0.00044321821741759776, Portfolio Value=999184.7950643786, Budget=999068.6085745251, Position=100
2024-08-03 02:15:02,946 - INFO - Step: Action=Hold, Reward=0.00022160910872044042, Portfolio Value=999187.0111554659, Budget=999068.6085745251, Position=100
2024-08-03 02:15:02,947 - INFO - Step: Action=Hold, Reward=0.0, Portfolio Value=999187.0111554659, Budget=999068.6085745251, Position=100
2024-08-03 02:15:02,948 - INFO - Step: Action=Buy, Reward=-109.53910302863927, Portfolio Value=999178.1467911174, Budget=998959.070357933, Position=200
2024-08-03 02:15:02,948 - INFO - Step: Action=Sell, Reward=94.02247645480381, Portfolio Value=999147.1215158976, Budget=999053.0959369153, Position=100
2024-08-03 02:15:02,949 - INFO - Step: Action=Buy, Reward=-85.16210107025854, Portfolio Value=999138.2571515491, Budget=998967.9347222814, Position=200
2024-08-03 02:15:02,950 - INFO - Step: Action=Hold, Reward=0.006205055043951142, Portfolio Value=999200.3077019886, Budget=998967.9347222814, Position=200
2024-08-03 02:15:02,951 - INFO - Step: Action=Hold, Reward=0.0, Portfolio Value=999200.3077019886, Budget=998967.9347222814, Position=200
2024-08-03 02:15:02,951 - INFO - Step: Action=Hold, Reward=0.00044321821741759776, Portfolio Value=999204.7398841628, Budget=998967.9347222814, Position=200
2024-08-03 02:15:02,952 - INFO - Step: Action=Hold, Reward=-0.00354574573939899, Portfolio Value=999169.2824267688, Budget=998967.9347222814, Position=200
2024-08-03 02:15:02,953 - INFO - Step: Action=Hold, Reward=0.002659309304552153, Portfolio Value=999195.8755198143, Budget=998967.9347222814, Position=200
2024-08-03 02:15:02,954 - INFO - Step: Action=Buy, Reward=-82.95132860174212, Portfolio Value=999133.8249693748, Budget=998884.9895987348, Position=300
2024-08-03 02:15:02,955 - INFO - Step: Action=Hold, Reward=0.003324136630690191, Portfolio Value=999167.0663356817, Budget=998884.9895987348, Position=300
2024-08-03 02:15:02,955 - INFO - Step: Action=Buy, Reward=-89.59472646272701, Portfolio Value=999153.7697891591, Budget=998795.3962019267, Position=400
2024-08-03 02:15:02,956 - INFO - Step: Action=Hold, Reward=0.009750800783350132, Portfolio Value=999251.2777969926, Budget=998795.3962019267, Position=400
2024-08-03 02:15:02,957 - INFO - Step: Action=Hold, Reward=0.00354574573939899, Portfolio Value=999286.7352543866, Budget=998795.3962019267, Position=400
2024-08-03 02:15:02,958 - INFO - Step: Action=Hold, Reward=0.0044321821742574685, Portfolio Value=999331.0570761291, Budget=998795.3962019267, Position=400
2024-08-03 02:15:02,958 - INFO - Step: Action=Hold, Reward=-0.006205055043951142, Portfolio Value=999269.0065256896, Budget=998795.3962019267, Position=400
2024-08-03 02:15:02,959 - INFO - Step: Action=Sell, Reward=125.05351351138765, Portfolio Value=999295.5996187351, Budget=998920.4470561289, Position=300
2024-08-03 02:15:02,960 - INFO - Step: Action=Hold, Reward=0.0013296546522760765, Portfolio Value=999308.8961652579, Budget=998920.4470561289, Position=300
2024-08-03 02:15:02,960 - INFO - Step: Action=Hold, Reward=-0.002659309304552153, Portfolio Value=999282.3030722124, Budget=998920.4470561289, Position=300
2024-08-03 02:15:02,961 - INFO - Step: Action=Hold, Reward=0.003324136630690191, Portfolio Value=999315.5444385193, Budget=998920.4470561289, Position=300
2024-08-03 02:15:02,962 - INFO - Step: Action=Hold, Reward=0.009307582565920893, Portfolio Value=999408.6202641785, Budget=998920.4470561289, Position=300
2024-08-03 02:15:02,963 - INFO - Step: Action=Hold, Reward=0.0013296546522760765, Portfolio Value=999421.9168107013, Budget=998920.4470561289, Position=300
2024-08-03 02:15:02,964 - INFO - Step: Action=Hold, Reward=0.005983445935242344, Portfolio Value=999481.7512700537, Budget=998920.4470561289, Position=300
2024-08-03 02:15:02,964 - INFO - Step: Action=Hold, Reward=0.004653791282966268, Portfolio Value=999528.2891828833, Budget=998920.4470561289, Position=300
2024-08-03 02:15:02,965 - INFO - Step: Action=Sell, Reward=233.64862505379963, Portfolio Value=999621.3650085425, Budget=999154.0863736001, Position=200
2024-08-03 02:15:02,966 - INFO - Step: Action=Hold, Reward=0.0022160910871229134, Portfolio Value=999643.5259194138, Budget=999154.0863736001, Position=200
2024-08-03 02:15:02,967 - INFO - Step: Action=Sell, Reward=0.0, Portfolio Value=999154.0863736001, Budget=999154.0863736001, Position=0
2024-08-03 02:15:02,967 - INFO - Step: Action=Sell, Reward=0.0, Portfolio Value=999154.0863736001, Budget=999154.0863736001, Position=0
2024-08-03 02:15:02,968 - INFO - Step: Action=Sell, Reward=0.0, Portfolio Value=999154.0863736001, Budget=999154.0863736001, Position=0
2024-08-03 02:15:02,969 - INFO - Step: Action=Sell, Reward=0.0, Portfolio Value=999154.0863736001, Budget=999154.0863736001, Position=0
2024-08-03 02:15:02,969 - INFO - Step: Action=Sell, Reward=0.0, Portfolio Value=999154.0863736001, Budget=999154.0863736001, Position=0
2024-08-03 02:15:02,970 - INFO - Step: Action=Sell, Reward=0.0, Portfolio Value=999154.0863736001, Budget=999154.0863736001, Position=0
2024-08-03 02:15:02,971 - INFO - Step: Action=Sell, Reward=0.0, Portfolio Value=999154.0863736001, Budget=999154.0863736001, Position=0
2024-08-03 02:15:02,971 - INFO - Step: Action=Sell, Reward=0.0, Portfolio Value=999154.0863736001, Budget=999154.0863736001, Position=0
2024-08-03 02:15:02,972 - INFO - Step: Action=Sell, Reward=0.0, Portfolio Value=999154.0863736001, Budget=999154.0863736001, Position=0
2024-08-03 02:15:02,973 - INFO - Step: Action=Sell, Reward=0.0, Portfolio Value=999154.0863736001, Budget=999154.0863736001, Position=0
2024-08-03 02:15:02,974 - INFO - Step: Action=Sell, Reward=0.0, Portfolio Value=999154.0863736001, Budget=999154.0863736001, Position=0
2024-08-03 02:15:02,974 - INFO - Step: Action=Sell, Reward=0.0, Portfolio Value=999154.0863736001, Budget=999154.0863736001, Position=0
2024-08-03 02:15:02,975 - INFO - Step: Action=Sell, Reward=0.0, Portfolio Value=999154.0863736001, Budget=999154.0863736001, Position=0
2024-08-03 02:15:02,976 - INFO - Step: Action=Sell, Reward=0.0, Portfolio Value=999154.0863736001, Budget=999154.0863736001, Position=0
2024-08-03 02:15:02,976 - INFO - Step: Action=Sell, Reward=0.0, Portfolio Value=999154.0863736001, Budget=999154.0863736001, Position=0
2024-08-03 02:15:02,977 - INFO - Step: Action=Sell, Reward=0.0, Portfolio Value=999154.0863736001, Budget=999154.0863736001, Position=0
2024-08-03 02:15:02,978 - INFO - Step: Action=Sell, Reward=0.0, Portfolio Value=999154.0863736001, Budget=999154.0863736001, Position=0
2024-08-03 02:15:02,978 - INFO - Step: Action=Sell, Reward=0.0, Portfolio Value=999154.0863736001, Budget=999154.0863736001, Position=0
2024-08-03 02:15:02,979 - INFO - Step: Action=Sell, Reward=0.0, Portfolio Value=999154.0863736001, Budget=999154.0863736001, Position=0
2024-08-03 02:15:02,980 - INFO - Step: Action=Sell, Reward=0.0, Portfolio Value=999154.0863736001, Budget=999154.0863736001, Position=0
2024-08-03 02:15:02,981 - INFO - Step: Action=Sell, Reward=0.0, Portfolio Value=999154.0863736001, Budget=999154.0863736001, Position=0
2024-08-03 02:15:02,981 - INFO - Step: Action=Sell, Reward=0.0, Portfolio Value=999154.0863736001, Budget=999154.0863736001, Position=0
2024-08-03 02:15:02,982 - INFO - Step: Action=Sell, Reward=0.0, Portfolio Value=999154.0863736001, Budget=999154.0863736001, Position=0
2024-08-03 02:15:02,983 - INFO - Step: Action=Sell, Reward=0.0, Portfolio Value=999154.0863736001, Budget=999154.0863736001, Position=0
2024-08-03 02:15:02,984 - INFO - Step: Action=Sell, Reward=0.0, Portfolio Value=999154.0863736001, Budget=999154.0863736001, Position=0
2024-08-03 02:15:02,984 - INFO - Step: Action=Sell, Reward=0.0, Portfolio Value=999154.0863736001, Budget=999154.0863736001, Position=0
2024-08-03 02:15:02,985 - INFO - Step: Action=Sell, Reward=0.0, Portfolio Value=999154.0863736001, Budget=999154.0863736001, Position=0
2024-08-03 02:15:02,985 - INFO - Step: Action=Sell, Reward=0.0, Portfolio Value=999154.0863736001, Budget=999154.0863736001, Position=0
2024-08-03 02:15:02,986 - INFO - Step: Action=Sell, Reward=0.0, Portfolio Value=999154.0863736001, Budget=999154.0863736001, Position=0
2024-08-03 02:15:02,987 - INFO - Step: Action=Sell, Reward=0.0, Portfolio Value=999154.0863736001, Budget=999154.0863736001, Position=0
2024-08-03 02:15:02,988 - INFO - Step: Action=Sell, Reward=0.0, Portfolio Value=999154.0863736001, Budget=999154.0863736001, Position=0
2024-08-03 02:15:02,989 - INFO - Step: Action=Sell, Reward=0.0, Portfolio Value=999154.0863736001, Budget=999154.0863736001, Position=0
2024-08-03 02:15:02,989 - INFO - Step: Action=Sell, Reward=0.0, Portfolio Value=999154.0863736001, Budget=999154.0863736001, Position=0
2024-08-03 02:15:02,990 - INFO - Step: Action=Sell, Reward=0.0, Portfolio Value=999154.0863736001, Budget=999154.0863736001, Position=0
2024-08-03 02:15:02,991 - INFO - Step: Action=Sell, Reward=0.0, Portfolio Value=999154.0863736001, Budget=999154.0863736001, Position=0
2024-08-03 02:15:02,991 - INFO - Step: Action=Sell, Reward=0.0, Portfolio Value=999154.0863736001, Budget=999154.0863736001, Position=0
2024-08-03 02:15:02,992 - INFO - Step: Action=Sell, Reward=0.0, Portfolio Value=999154.0863736001, Budget=999154.0863736001, Position=0
2024-08-03 02:15:02,993 - INFO - Step: Action=Hold, Reward=0.0, Portfolio Value=999154.0863736001, Budget=999154.0863736001, Position=0
2024-08-03 02:15:02,994 - INFO - Step: Action=Sell, Reward=0.0, Portfolio Value=999154.0863736001, Budget=999154.0863736001, Position=0
2024-08-03 02:15:02,994 - INFO - Step: Action=Sell, Reward=0.0, Portfolio Value=999154.0863736001, Budget=999154.0863736001, Position=0
2024-08-03 02:15:02,995 - INFO - Step: Action=Sell, Reward=0.0, Portfolio Value=999154.0863736001, Budget=999154.0863736001, Position=0
2024-08-03 02:15:02,996 - INFO - Step: Action=Sell, Reward=0.0, Portfolio Value=999154.0863736001, Budget=999154.0863736001, Position=0
2024-08-03 02:15:02,997 - INFO - Step: Action=Sell, Reward=0.0, Portfolio Value=999154.0863736001, Budget=999154.0863736001, Position=0
2024-08-03 02:15:02,997 - INFO - Step: Action=Sell, Reward=0.0, Portfolio Value=999154.0863736001, Budget=999154.0863736001, Position=0
2024-08-03 02:15:02,998 - INFO - Step: Action=Sell, Reward=0.0, Portfolio Value=999154.0863736001, Budget=999154.0863736001, Position=0
2024-08-03 02:15:02,999 - INFO - Step: Action=Sell, Reward=0.0, Portfolio Value=999154.0863736001, Budget=999154.0863736001, Position=0
2024-08-03 02:15:03,000 - INFO - Step: Action=Sell, Reward=0.0, Portfolio Value=999154.0863736001, Budget=999154.0863736001, Position=0
2024-08-03 02:15:03,000 - INFO - Step: Action=Sell, Reward=0.0, Portfolio Value=999154.0863736001, Budget=999154.0863736001, Position=0
2024-08-03 02:15:03,001 - INFO - Step: Action=Sell, Reward=0.0, Portfolio Value=999154.0863736001, Budget=999154.0863736001, Position=0
2024-08-03 02:15:03,002 - INFO - Step: Action=Hold, Reward=0.0, Portfolio Value=999154.0863736001, Budget=999154.0863736001, Position=0
2024-08-03 02:15:03,002 - INFO - Step: Action=Sell, Reward=0.0, Portfolio Value=999154.0863736001, Budget=999154.0863736001, Position=0
2024-08-03 02:15:03,003 - INFO - Step: Action=Sell, Reward=0.0, Portfolio Value=999154.0863736001, Budget=999154.0863736001, Position=0
2024-08-03 02:15:03,004 - INFO - Step: Action=Sell, Reward=0.0, Portfolio Value=999154.0863736001, Budget=999154.0863736001, Position=0
2024-08-03 02:15:03,005 - INFO - Step: Action=Sell, Reward=0.0, Portfolio Value=999154.0863736001, Budget=999154.0863736001, Position=0
2024-08-03 02:15:03,006 - INFO - Step: Action=Sell, Reward=0.0, Portfolio Value=999154.0863736001, Budget=999154.0863736001, Position=0
2024-08-03 02:15:03,006 - INFO - Step: Action=Sell, Reward=0.0, Portfolio Value=999154.0863736001, Budget=999154.0863736001, Position=0
2024-08-03 02:15:03,007 - INFO - Step: Action=Sell, Reward=0.0, Portfolio Value=999154.0863736001, Budget=999154.0863736001, Position=0
2024-08-03 02:15:03,007 - INFO - Step: Action=Sell, Reward=0.0, Portfolio Value=999154.0863736001, Budget=999154.0863736001, Position=0
2024-08-03 02:15:03,008 - INFO - Step: Action=Hold, Reward=0.0, Portfolio Value=999154.0863736001, Budget=999154.0863736001, Position=0
2024-08-03 02:15:03,009 - INFO - Step: Action=Sell, Reward=0.0, Portfolio Value=999154.0863736001, Budget=999154.0863736001, Position=0
2024-08-03 02:15:03,010 - INFO - Step: Action=Sell, Reward=0.0, Portfolio Value=999154.0863736001, Budget=999154.0863736001, Position=0
2024-08-03 02:15:03,010 - INFO - Step: Action=Sell, Reward=0.0, Portfolio Value=999154.0863736001, Budget=999154.0863736001, Position=0
2024-08-03 02:15:03,011 - INFO - Step: Action=Hold, Reward=0.0, Portfolio Value=999154.0863736001, Budget=999154.0863736001, Position=0
2024-08-03 02:15:03,012 - INFO - Step: Action=Hold, Reward=0.0, Portfolio Value=999154.0863736001, Budget=999154.0863736001, Position=0
2024-08-03 02:15:03,012 - INFO - Step: Action=Sell, Reward=0.0, Portfolio Value=999154.0863736001, Budget=999154.0863736001, Position=0
2024-08-03 02:15:03,013 - INFO - Step: Action=Hold, Reward=0.0, Portfolio Value=999154.0863736001, Budget=999154.0863736001, Position=0
2024-08-03 02:15:03,014 - INFO - Step: Action=Sell, Reward=0.0, Portfolio Value=999154.0863736001, Budget=999154.0863736001, Position=0
2024-08-03 02:15:03,015 - INFO - Step: Action=Sell, Reward=0.0, Portfolio Value=999154.0863736001, Budget=999154.0863736001, Position=0
2024-08-03 02:15:03,015 - INFO - Step: Action=Sell, Reward=0.0, Portfolio Value=999154.0863736001, Budget=999154.0863736001, Position=0
2024-08-03 02:15:03,016 - INFO - Step: Action=Sell, Reward=0.0, Portfolio Value=999154.0863736001, Budget=999154.0863736001, Position=0
2024-08-03 02:15:03,017 - INFO - Step: Action=Sell, Reward=0.0, Portfolio Value=999154.0863736001, Budget=999154.0863736001, Position=0
2024-08-03 02:15:03,018 - INFO - Step: Action=Sell, Reward=0.0, Portfolio Value=999154.0863736001, Budget=999154.0863736001, Position=0
2024-08-03 02:15:03,018 - INFO - Step: Action=Sell, Reward=0.0, Portfolio Value=999154.0863736001, Budget=999154.0863736001, Position=0
2024-08-03 02:15:03,019 - INFO - Step: Action=Sell, Reward=0.0, Portfolio Value=999154.0863736001, Budget=999154.0863736001, Position=0
2024-08-03 02:15:03,020 - INFO - Step: Action=Hold, Reward=0.0, Portfolio Value=999154.0863736001, Budget=999154.0863736001, Position=0
2024-08-03 02:15:03,021 - INFO - Step: Action=Hold, Reward=0.0, Portfolio Value=999154.0863736001, Budget=999154.0863736001, Position=0
2024-08-03 02:15:03,021 - INFO - Step: Action=Sell, Reward=0.0, Portfolio Value=999154.0863736001, Budget=999154.0863736001, Position=0
2024-08-03 02:15:03,022 - INFO - Step: Action=Sell, Reward=0.0, Portfolio Value=999154.0863736001, Budget=999154.0863736001, Position=0
2024-08-03 02:15:03,023 - INFO - Step: Action=Hold, Reward=0.0, Portfolio Value=999154.0863736001, Budget=999154.0863736001, Position=0
2024-08-03 02:15:03,023 - INFO - Step: Action=Hold, Reward=0.0, Portfolio Value=999154.0863736001, Budget=999154.0863736001, Position=0
2024-08-03 02:15:03,024 - INFO - Step: Action=Hold, Reward=0.0, Portfolio Value=999154.0863736001, Budget=999154.0863736001, Position=0
2024-08-03 02:15:03,025 - INFO - Step: Action=Hold, Reward=0.0, Portfolio Value=999154.0863736001, Budget=999154.0863736001, Position=0
2024-08-03 02:15:03,026 - INFO - Step: Action=Hold, Reward=0.0, Portfolio Value=999154.0863736001, Budget=999154.0863736001, Position=0
2024-08-03 02:15:03,026 - INFO - Step: Action=Hold, Reward=0.0, Portfolio Value=999154.0863736001, Budget=999154.0863736001, Position=0
2024-08-03 02:15:03,027 - INFO - Step: Action=Sell, Reward=0.0, Portfolio Value=999154.0863736001, Budget=999154.0863736001, Position=0
2024-08-03 02:15:03,028 - INFO - Step: Action=Hold, Reward=0.0, Portfolio Value=999154.0863736001, Budget=999154.0863736001, Position=0
2024-08-03 02:15:03,028 - INFO - Step: Action=Sell, Reward=0.0, Portfolio Value=999154.0863736001, Budget=999154.0863736001, Position=0
2024-08-03 02:15:03,029 - INFO - Step: Action=Hold, Reward=0.0, Portfolio Value=999154.0863736001, Budget=999154.0863736001, Position=0
2024-08-03 02:15:03,030 - INFO - Step: Action=Hold, Reward=0.0, Portfolio Value=999154.0863736001, Budget=999154.0863736001, Position=0
2024-08-03 02:15:03,031 - INFO - Step: Action=Hold, Reward=0.0, Portfolio Value=999154.0863736001, Budget=999154.0863736001, Position=0
2024-08-03 02:15:03,031 - INFO - Step: Action=Hold, Reward=0.0, Portfolio Value=999154.0863736001, Budget=999154.0863736001, Position=0
2024-08-03 02:15:03,032 - INFO - Step: Action=Hold, Reward=0.0, Portfolio Value=999154.0863736001, Budget=999154.0863736001, Position=0
2024-08-03 02:15:03,033 - INFO - Step: Action=Hold, Reward=0.0, Portfolio Value=999154.0863736001, Budget=999154.0863736001, Position=0
2024-08-03 02:15:03,034 - INFO - Step: Action=Hold, Reward=0.0, Portfolio Value=999154.0863736001, Budget=999154.0863736001, Position=0
2024-08-03 02:15:03,034 - INFO - Step: Action=Buy, Reward=-82.94512354669817, Portfolio Value=999154.0863736001, Budget=999071.1412500534, Position=100
2024-08-03 02:15:03,035 - INFO - Step: Action=Buy, Reward=-87.37686250273178, Portfolio Value=999158.5185557744, Budget=998983.7639443325, Position=200
2024-08-03 02:15:03,036 - INFO - Step: Action=Hold, Reward=-0.003988963956828229, Portfolio Value=999118.6289162061, Budget=998983.7639443325, Position=200
2024-08-03 02:15:03,036 - INFO - Step: Action=Hold, Reward=0.0035457457394106316, Portfolio Value=999154.0863736002, Budget=998983.7639443325, Position=200
2024-08-03 02:15:03,037 - INFO - Step: Action=Hold, Reward=0.0013296546522760765, Portfolio Value=999167.3829201229, Budget=998983.7639443325, Position=200
2024-08-03 02:15:03,038 - INFO - Step: Action=Hold, Reward=0.00354574573939899, Portfolio Value=999202.8403775169, Budget=998983.7639443325, Position=200
2024-08-03 02:15:03,039 - INFO - Step: Action=Hold, Reward=0.000886436434846837, Portfolio Value=999211.7047418654, Budget=998983.7639443325, Position=200
2024-08-03 02:15:03,040 - INFO - Step: Action=Hold, Reward=0.0004432182174292393, Portfolio Value=999216.1369240397, Budget=998983.7639443325, Position=200
2024-08-03 02:15:03,040 - INFO - Step: Action=Sell, Reward=109.53688693755215, Portfolio Value=999202.8403775168, Budget=999093.3021609246, Position=100
2024-08-03 02:15:03,041 - INFO - Step: Action=Hold, Reward=-0.00044321821741759776, Portfolio Value=999198.4081953426, Budget=999093.3021609246, Position=100
2024-08-03 02:15:03,042 - INFO - Step: Action=Hold, Reward=0.001772872869693674, Portfolio Value=999216.1369240396, Budget=999093.3021609246, Position=100
2024-08-03 02:15:03,043 - INFO - Step: Action=Hold, Reward=0.0, Portfolio Value=999216.1369240396, Budget=999093.3021609246, Position=100
2024-08-03 02:15:03,043 - INFO - Step: Action=Hold, Reward=-0.0022160910871229134, Portfolio Value=999193.9760131683, Budget=999093.3021609246, Position=100
2024-08-03 02:15:03,044 - INFO - Step: Action=Hold, Reward=-0.000886436434846837, Portfolio Value=999185.1116488199, Budget=999093.3021609246, Position=100
2024-08-03 02:15:03,045 - INFO - Step: Action=Hold, Reward=-0.0037673548481194303, Portfolio Value=999147.4381003387, Budget=999093.3021609246, Position=100
2024-08-03 02:15:03,045 - INFO - Step: Action=Hold, Reward=-0.000886436434846837, Portfolio Value=999138.5737359902, Budget=999093.3021609246, Position=100
2024-08-03 02:15:03,046 - INFO - Step: Action=Hold, Reward=0.004432182174245827, Portfolio Value=999182.8955577327, Budget=999093.3021609246, Position=100
2024-08-03 02:15:03,047 - INFO - Step: Action=Hold, Reward=0.0008864364348584786, Portfolio Value=999191.7599220813, Budget=999093.3021609246, Position=100
2024-08-03 02:15:03,048 - INFO - Step: Action=Hold, Reward=0.0, Portfolio Value=999191.7599220813, Budget=999093.3021609246, Position=100
2024-08-03 02:15:03,048 - INFO - Step: Action=Sell, Reward=131.70245160009034, Portfolio Value=999225.0012883882, Budget=999225.0012883882, Position=0
2024-08-03 02:15:03,049 - INFO - Step: Action=Hold, Reward=0.0, Portfolio Value=999225.0012883882, Budget=999225.0012883882, Position=0
2024-08-03 02:15:03,050 - INFO - Step: Action=Buy, Reward=-100.67385224370236, Portfolio Value=999225.0012883882, Budget=999124.3274361445, Position=100
2024-08-03 02:15:03,050 - INFO - Step: Action=Hold, Reward=-0.0006648273261380382, Portfolio Value=999218.3530151268, Budget=999124.3274361445, Position=100
2024-08-03 02:15:03,051 - INFO - Step: Action=Hold, Reward=-0.0015512637609848754, Portfolio Value=999202.8403775169, Budget=999124.3274361445, Position=100
2024-08-03 02:15:03,052 - INFO - Step: Action=Hold, Reward=-0.0015512637609848754, Portfolio Value=999187.3277399071, Budget=999124.3274361445, Position=100
2024-08-03 02:15:03,053 - INFO - Step: Action=Hold, Reward=0.00022160910870879888, Portfolio Value=999189.5438309942, Budget=999124.3274361445, Position=100
2024-08-03 02:15:03,053 - INFO - Step: Action=Hold, Reward=-0.000886436434846837, Portfolio Value=999180.6794666457, Budget=999124.3274361445, Position=100
2024-08-03 02:15:03,054 - INFO - Step: Action=Sell, Reward=51.919405108723424, Portfolio Value=999176.2472844714, Budget=999176.2472844714, Position=0
2024-08-03 02:15:03,055 - INFO - Step: Action=Sell, Reward=0.0, Portfolio Value=999176.2472844714, Budget=999176.2472844714, Position=0
2024-08-03 02:15:03,056 - INFO - Step: Action=Hold, Reward=0.0, Portfolio Value=999176.2472844714, Budget=999176.2472844714, Position=0
2024-08-03 02:15:03,056 - INFO - Step: Action=Sell, Reward=0.0, Portfolio Value=999176.2472844714, Budget=999176.2472844714, Position=0
2024-08-03 02:15:03,057 - INFO - Step: Action=Hold, Reward=0.0, Portfolio Value=999176.2472844714, Budget=999176.2472844714, Position=0
2024-08-03 02:15:03,058 - INFO - Step: Action=Hold, Reward=0.0, Portfolio Value=999176.2472844714, Budget=999176.2472844714, Position=0
2024-08-03 02:15:03,058 - INFO - Step: Action=Hold, Reward=0.0, Portfolio Value=999176.2472844714, Budget=999176.2472844714, Position=0
2024-08-03 02:15:03,059 - INFO - Step: Action=Hold, Reward=0.0, Portfolio Value=999176.2472844714, Budget=999176.2472844714, Position=0
2024-08-03 02:15:03,060 - INFO - Step: Action=Hold, Reward=0.0, Portfolio Value=999176.2472844714, Budget=999176.2472844714, Position=0
2024-08-03 02:15:03,060 - INFO - Step: Action=Buy, Reward=-3.1658444101793637, Portfolio Value=999176.2472844714, Budget=999173.0814400612, Position=100
2024-08-03 02:15:03,061 - INFO - Step: Action=Hold, Reward=0.0028809184132609516, Portfolio Value=999205.056468604, Budget=999173.0814400612, Position=100
2024-08-03 02:15:03,062 - INFO - Step: Action=Buy, Reward=-12.032203240659868, Portfolio Value=999185.1116488199, Budget=999161.0512313026, Position=200
2024-08-03 02:15:03,063 - INFO - Step: Action=Hold, Reward=-0.0022160910871229134, Portfolio Value=999162.9507379486, Budget=999161.0512313026, Position=200
2024-08-03 02:15:03,063 - INFO - Step: Action=Hold, Reward=-0.000886436434846837, Portfolio Value=999154.0863736002, Budget=999161.0512313026, Position=200
2024-08-03 02:15:03,064 - INFO - Step: Action=Hold, Reward=-0.0013296546522760765, Portfolio Value=999140.7898270774, Budget=999161.0512313026, Position=200
2024-08-03 02:15:03,065 - INFO - Step: Action=Hold, Reward=-0.0013296546522760765, Portfolio Value=999127.4932805547, Budget=999161.0512313026, Position=200
2024-08-03 02:15:03,066 - INFO - Step: Action=Hold, Reward=-0.0017728728697053158, Portfolio Value=999109.7645518576, Budget=999161.0512313026, Position=200
2024-08-03 02:15:03,066 - INFO - Step: Action=Hold, Reward=0.0013296546522760765, Portfolio Value=999123.0610983804, Budget=999161.0512313026, Position=200
2024-08-03 02:15:03,067 - INFO - Step: Action=Hold, Reward=0.0, Portfolio Value=999123.0610983804, Budget=999161.0512313026, Position=200
2024-08-03 02:15:03,068 - INFO - Step: Action=Sell, Reward=-7.912394934361126, Portfolio Value=999145.2220092516, Budget=999153.1366202771, Position=100
2024-08-03 02:15:03,068 - INFO - Step: Action=Hold, Reward=0.002437700195843354, Portfolio Value=999169.59901121, Budget=999153.1366202771, Position=100
2024-08-03 02:15:03,069 - INFO - Step: Action=Hold, Reward=-0.002437700195843354, Portfolio Value=999145.2220092516, Budget=999153.1366202771, Position=100
2024-08-03 02:15:03,070 - INFO - Step: Action=Hold, Reward=-0.0006648273261380382, Portfolio Value=999138.5737359902, Budget=999153.1366202771, Position=100
2024-08-03 02:15:03,071 - INFO - Step: Action=Hold, Reward=0.0, Portfolio Value=999138.5737359902, Budget=999153.1366202771, Position=100
2024-08-03 02:15:03,071 - INFO - Step: Action=Hold, Reward=0.0006648273261380382, Portfolio Value=999145.2220092516, Budget=999153.1366202771, Position=100
2024-08-03 02:15:03,072 - INFO - Step: Action=Sell, Reward=-12.347236417916712, Portfolio Value=999140.7898270774, Budget=999140.7898270774, Position=0
2024-08-03 02:15:03,073 - INFO - Step: Action=Hold, Reward=0.0, Portfolio Value=999140.7898270774, Budget=999140.7898270774, Position=0
2024-08-03 02:15:03,073 - INFO - Step: Action=Hold, Reward=0.0, Portfolio Value=999140.7898270774, Budget=999140.7898270774, Position=0
2024-08-03 02:15:03,074 - INFO - Step: Action=Hold, Reward=0.0, Portfolio Value=999140.7898270774, Budget=999140.7898270774, Position=0
2024-08-03 02:15:03,075 - INFO - Step: Action=Hold, Reward=0.0, Portfolio Value=999140.7898270774, Budget=999140.7898270774, Position=0
2024-08-03 02:15:03,076 - INFO - Step: Action=Hold, Reward=0.0, Portfolio Value=999140.7898270774, Budget=999140.7898270774, Position=0
2024-08-03 02:15:03,077 - INFO - Step: Action=Hold, Reward=0.0, Portfolio Value=999140.7898270774, Budget=999140.7898270774, Position=0
2024-08-03 02:15:03,077 - INFO - Step: Action=Hold, Reward=0.0, Portfolio Value=999140.7898270774, Budget=999140.7898270774, Position=0
2024-08-03 02:15:03,078 - INFO - Step: Action=Hold, Reward=0.0, Portfolio Value=999140.7898270774, Budget=999140.7898270774, Position=0
2024-08-03 02:15:03,079 - INFO - Step: Action=Hold, Reward=0.0, Portfolio Value=999140.7898270774, Budget=999140.7898270774, Position=0
2024-08-03 02:15:03,080 - INFO - Step: Action=Hold, Reward=0.0, Portfolio Value=999140.7898270774, Budget=999140.7898270774, Position=0
2024-08-03 02:15:03,080 - INFO - Step: Action=Hold, Reward=0.0, Portfolio Value=999140.7898270774, Budget=999140.7898270774, Position=0
2024-08-03 02:15:03,081 - INFO - Step: Action=Sell, Reward=0.0, Portfolio Value=999140.7898270774, Budget=999140.7898270774, Position=0
2024-08-03 02:15:03,082 - INFO - Step: Action=Buy, Reward=-51.91984832694085, Portfolio Value=999140.7898270774, Budget=999088.8699787505, Position=100
2024-08-03 02:15:03,083 - INFO - Step: Action=Hold, Reward=-0.0004432182174292393, Portfolio Value=999136.3576449031, Budget=999088.8699787505, Position=100
2024-08-03 02:15:03,084 - INFO - Step: Action=Hold, Reward=-0.0015512637609848754, Portfolio Value=999120.8450072933, Budget=999088.8699787505, Position=100
2024-08-03 02:15:03,084 - INFO - Step: Action=Sell, Reward=29.758715846576926, Portfolio Value=999118.6289162062, Budget=999118.6289162062, Position=0
2024-08-03 02:15:03,085 - INFO - Step: Action=Hold, Reward=0.0, Portfolio Value=999118.6289162062, Budget=999118.6289162062, Position=0
2024-08-03 02:15:03,086 - INFO - Step: Action=Hold, Reward=0.0, Portfolio Value=999118.6289162062, Budget=999118.6289162062, Position=0
2024-08-03 02:15:03,087 - INFO - Step: Action=Sell, Reward=0.0, Portfolio Value=999118.6289162062, Budget=999118.6289162062, Position=0
2024-08-03 02:15:03,087 - INFO - Step: Action=Hold, Reward=0.0, Portfolio Value=999118.6289162062, Budget=999118.6289162062, Position=0
2024-08-03 02:15:03,088 - INFO - Step: Action=Hold, Reward=0.0, Portfolio Value=999118.6289162062, Budget=999118.6289162062, Position=0
2024-08-03 02:15:03,089 - INFO - Step: Action=Buy, Reward=0.0, Portfolio Value=999118.6289162062, Budget=999118.6289162062, Position=0
2024-08-03 02:15:03,089 - INFO - Step: Action=Hold, Reward=0.0, Portfolio Value=999118.6289162062, Budget=999118.6289162062, Position=0
2024-08-03 02:15:03,090 - INFO - Step: Action=Hold, Reward=0.0, Portfolio Value=999118.6289162062, Budget=999118.6289162062, Position=0
2024-08-03 02:15:03,091 - INFO - Step: Action=Hold, Reward=0.0, Portfolio Value=999118.6289162062, Budget=999118.6289162062, Position=0
2024-08-03 02:15:03,092 - INFO - Step: Action=Hold, Reward=0.0, Portfolio Value=999118.6289162062, Budget=999118.6289162062, Position=0
2024-08-03 02:15:03,093 - INFO - Step: Action=Hold, Reward=0.0, Portfolio Value=999118.6289162062, Budget=999118.6289162062, Position=0
2024-08-03 02:15:03,093 - INFO - Step: Action=Hold, Reward=0.0, Portfolio Value=999118.6289162062, Budget=999118.6289162062, Position=0
2024-08-03 02:15:03,094 - INFO - Step: Action=Hold, Reward=0.0, Portfolio Value=999118.6289162062, Budget=999118.6289162062, Position=0
2024-08-03 02:15:03,095 - INFO - Step: Action=Sell, Reward=0.0, Portfolio Value=999118.6289162062, Budget=999118.6289162062, Position=0
2024-08-03 02:15:03,096 - INFO - Step: Action=Hold, Reward=0.0, Portfolio Value=999118.6289162062, Budget=999118.6289162062, Position=0
2024-08-03 02:15:03,096 - INFO - Step: Action=Buy, Reward=-20.894573107183547, Portfolio Value=999118.6289162062, Budget=999097.7343430991, Position=100
2024-08-03 02:15:03,097 - INFO - Step: Action=Hold, Reward=0.00022160910872044042, Portfolio Value=999120.8450072934, Budget=999097.7343430991, Position=100
2024-08-03 02:15:03,098 - INFO - Step: Action=Hold, Reward=-0.0011080455435672776, Portfolio Value=999109.7645518577, Budget=999097.7343430991, Position=100
2024-08-03 02:15:03,098 - INFO - Step: Action=Hold, Reward=-0.0028809184132609516, Portfolio Value=999080.9553677251, Budget=999097.7343430991, Position=100
2024-08-03 02:15:03,099 - INFO - Step: Action=Buy, Reward=0.0013296546522760765, Portfolio Value=999094.2519142479, Budget=999097.7343430991, Position=100
2024-08-03 02:15:03,100 - INFO - Step: Action=Hold, Reward=0.0, Portfolio Value=999094.2519142479, Budget=999097.7343430991, Position=100
2024-08-03 02:15:03,100 - INFO - Step: Action=Hold, Reward=-0.000886436434846837, Portfolio Value=999085.3875498994, Budget=999097.7343430991, Position=100
2024-08-03 02:15:03,101 - INFO - Step: Action=Hold, Reward=0.0037673548481077885, Portfolio Value=999123.0610983805, Budget=999097.7343430991, Position=100
2024-08-03 02:15:03,102 - INFO - Step: Action=Hold, Reward=0.002437700195843354, Portfolio Value=999147.4381003389, Budget=999097.7343430991, Position=100
2024-08-03 02:15:03,103 - INFO - Step: Action=Hold, Reward=-0.00022160910872044042, Portfolio Value=999145.2220092517, Budget=999097.7343430991, Position=100
2024-08-03 02:15:03,103 - INFO - Step: Action=Sell, Reward=76.29973120373488, Portfolio Value=999174.0311933844, Budget=999174.0311933844, Position=0
2024-08-03 02:15:03,104 - INFO - Step: Action=Hold, Reward=0.0, Portfolio Value=999174.0311933844, Budget=999174.0311933844, Position=0
2024-08-03 02:15:03,105 - INFO - Step: Action=Sell, Reward=0.0, Portfolio Value=999174.0311933844, Budget=999174.0311933844, Position=0
2024-08-03 02:15:03,105 - INFO - Step: Action=Hold, Reward=0.0, Portfolio Value=999174.0311933844, Budget=999174.0311933844, Position=0
2024-08-03 02:15:03,106 - INFO - Step: Action=Hold, Reward=0.0, Portfolio Value=999174.0311933844, Budget=999174.0311933844, Position=0
2024-08-03 02:15:03,107 - INFO - Step: Action=Hold, Reward=0.0, Portfolio Value=999174.0311933844, Budget=999174.0311933844, Position=0
2024-08-03 02:15:03,108 - INFO - Step: Action=Hold, Reward=0.0, Portfolio Value=999174.0311933844, Budget=999174.0311933844, Position=0
2024-08-03 02:15:03,108 - INFO - Step: Action=Hold, Reward=0.0, Portfolio Value=999174.0311933844, Budget=999174.0311933844, Position=0
2024-08-03 02:15:03,109 - INFO - Step: Action=Sell, Reward=0.0, Portfolio Value=999174.0311933844, Budget=999174.0311933844, Position=0
2024-08-03 02:15:03,110 - INFO - Step: Action=Hold, Reward=0.0, Portfolio Value=999174.0311933844, Budget=999174.0311933844, Position=0
2024-08-03 02:15:03,111 - INFO - Step: Action=Buy, Reward=-116.18648985358102, Portfolio Value=999174.0311933844, Budget=999057.8447035309, Position=100
2024-08-03 02:15:03,111 - INFO - Step: Action=Hold, Reward=0.00022160910872044042, Portfolio Value=999176.2472844716, Budget=999057.8447035309, Position=100
2024-08-03 02:15:03,112 - INFO - Step: Action=Hold, Reward=0.0, Portfolio Value=999176.2472844716, Budget=999057.8447035309, Position=100
2024-08-03 02:15:03,113 - INFO - Step: Action=Hold, Reward=-0.0008864364348584786, Portfolio Value=999167.382920123, Budget=999057.8447035309, Position=100
2024-08-03 02:15:03,113 - INFO - Step: Action=Hold, Reward=-0.0015512637609848754, Portfolio Value=999151.8702825132, Budget=999057.8447035309, Position=100
2024-08-03 02:15:03,114 - INFO - Step: Action=Hold, Reward=-0.000886436434846837, Portfolio Value=999143.0059181647, Budget=999057.8447035309, Position=100
2024-08-03 02:15:03,115 - INFO - Step: Action=Sell, Reward=116.189592381103, Portfolio Value=999174.0311933844, Budget=999174.0311933844, Position=0
2024-08-03 02:15:03,116 - INFO - Step: Action=Hold, Reward=0.0, Portfolio Value=999174.0311933844, Budget=999174.0311933844, Position=0
2024-08-03 02:15:03,116 - INFO - Step: Action=Sell, Reward=0.0, Portfolio Value=999174.0311933844, Budget=999174.0311933844, Position=0
2024-08-03 02:15:03,117 - INFO - Step: Action=Hold, Reward=0.0, Portfolio Value=999174.0311933844, Budget=999174.0311933844, Position=0
2024-08-03 02:15:03,118 - INFO - Step: Action=Hold, Reward=0.0, Portfolio Value=999174.0311933844, Budget=999174.0311933844, Position=0
2024-08-03 02:15:03,119 - INFO - Step: Action=Hold, Reward=0.0, Portfolio Value=999174.0311933844, Budget=999174.0311933844, Position=0
2024-08-03 02:15:03,119 - INFO - Step: Action=Hold, Reward=0.0, Portfolio Value=999174.0311933844, Budget=999174.0311933844, Position=0
2024-08-03 02:15:03,120 - INFO - Step: Action=Hold, Reward=0.0, Portfolio Value=999174.0311933844, Budget=999174.0311933844, Position=0
2024-08-03 02:15:03,121 - INFO - Step: Action=Sell, Reward=0.0, Portfolio Value=999174.0311933844, Budget=999174.0311933844, Position=0
2024-08-03 02:15:03,122 - INFO - Step: Action=Hold, Reward=0.0, Portfolio Value=999174.0311933844, Budget=999174.0311933844, Position=0
2024-08-03 02:15:03,123 - INFO - Step: Action=Hold, Reward=0.0, Portfolio Value=999174.0311933844, Budget=999174.0311933844, Position=0
2024-08-03 02:15:03,124 - INFO - Step: Action=Hold, Reward=0.0, Portfolio Value=999174.0311933844, Budget=999174.0311933844, Position=0
2024-08-03 02:15:03,124 - INFO - Step: Action=Hold, Reward=0.0, Portfolio Value=999174.0311933844, Budget=999174.0311933844, Position=0
2024-08-03 02:15:03,125 - INFO - Step: Action=Hold, Reward=0.0, Portfolio Value=999174.0311933844, Budget=999174.0311933844, Position=0
2024-08-03 02:15:03,126 - INFO - Step: Action=Hold, Reward=0.0, Portfolio Value=999174.0311933844, Budget=999174.0311933844, Position=0
2024-08-03 02:15:03,127 - INFO - Step: Action=Sell, Reward=0.0, Portfolio Value=999174.0311933844, Budget=999174.0311933844, Position=0
2024-08-03 02:15:03,127 - INFO - Step: Action=Hold, Reward=0.0, Portfolio Value=999174.0311933844, Budget=999174.0311933844, Position=0
2024-08-03 02:15:03,128 - INFO - Step: Action=Sell, Reward=0.0, Portfolio Value=999174.0311933844, Budget=999174.0311933844, Position=0
2024-08-03 02:15:03,129 - INFO - Step: Action=Hold, Reward=0.0, Portfolio Value=999174.0311933844, Budget=999174.0311933844, Position=0
2024-08-03 02:15:03,130 - INFO - Step: Action=Sell, Reward=0.0, Portfolio Value=999174.0311933844, Budget=999174.0311933844, Position=0
2024-08-03 02:15:03,131 - INFO - Step: Action=Hold, Reward=0.0, Portfolio Value=999174.0311933844, Budget=999174.0311933844, Position=0
2024-08-03 02:15:03,131 - INFO - Step: Action=Hold, Reward=0.0, Portfolio Value=999174.0311933844, Budget=999174.0311933844, Position=0
2024-08-03 02:15:03,132 - INFO - Step: Action=Hold, Reward=0.0, Portfolio Value=999174.0311933844, Budget=999174.0311933844, Position=0
2024-08-03 02:15:03,133 - INFO - Step: Action=Sell, Reward=0.0, Portfolio Value=999174.0311933844, Budget=999174.0311933844, Position=0
2024-08-03 02:15:03,133 - INFO - Step: Action=Sell, Reward=0.0, Portfolio Value=999174.0311933844, Budget=999174.0311933844, Position=0
2024-08-03 02:15:03,134 - INFO - Step: Action=Sell, Reward=0.0, Portfolio Value=999174.0311933844, Budget=999174.0311933844, Position=0
2024-08-03 02:15:03,135 - INFO - Step: Action=Sell, Reward=0.0, Portfolio Value=999174.0311933844, Budget=999174.0311933844, Position=0
2024-08-03 02:15:03,135 - INFO - Step: Action=Sell, Reward=0.0, Portfolio Value=999174.0311933844, Budget=999174.0311933844, Position=0
2024-08-03 02:15:03,136 - INFO - Step: Action=Sell, Reward=0.0, Portfolio Value=999174.0311933844, Budget=999174.0311933844, Position=0
2024-08-03 02:15:03,137 - INFO - Step: Action=Sell, Reward=0.0, Portfolio Value=999174.0311933844, Budget=999174.0311933844, Position=0
2024-08-03 02:15:03,138 - INFO - Step: Action=Sell, Reward=0.0, Portfolio Value=999174.0311933844, Budget=999174.0311933844, Position=0
2024-08-03 02:15:03,139 - INFO - Step: Action=Sell, Reward=0.0, Portfolio Value=999174.0311933844, Budget=999174.0311933844, Position=0
2024-08-03 02:15:03,140 - INFO - Step: Action=Sell, Reward=0.0, Portfolio Value=999174.0311933844, Budget=999174.0311933844, Position=0
2024-08-03 02:15:03,140 - INFO - Step: Action=Sell, Reward=0.0, Portfolio Value=999174.0311933844, Budget=999174.0311933844, Position=0
2024-08-03 02:15:03,141 - INFO - Step: Action=Sell, Reward=0.0, Portfolio Value=999174.0311933844, Budget=999174.0311933844, Position=0
2024-08-03 02:15:03,142 - INFO - Step: Action=Sell, Reward=0.0, Portfolio Value=999174.0311933844, Budget=999174.0311933844, Position=0
2024-08-03 02:15:03,142 - INFO - Step: Action=Sell, Reward=0.0, Portfolio Value=999174.0311933844, Budget=999174.0311933844, Position=0
2024-08-03 02:15:03,143 - INFO - Step: Action=Hold, Reward=0.0, Portfolio Value=999174.0311933844, Budget=999174.0311933844, Position=0
2024-08-03 02:15:03,144 - INFO - Step: Action=Sell, Reward=0.0, Portfolio Value=999174.0311933844, Budget=999174.0311933844, Position=0
2024-08-03 02:15:03,145 - INFO - Step: Action=Sell, Reward=0.0, Portfolio Value=999174.0311933844, Budget=999174.0311933844, Position=0
2024-08-03 02:15:03,146 - INFO - Step: Action=Sell, Reward=0.0, Portfolio Value=999174.0311933844, Budget=999174.0311933844, Position=0
2024-08-03 02:15:03,146 - INFO - Step: Action=Sell, Reward=0.0, Portfolio Value=999174.0311933844, Budget=999174.0311933844, Position=0
2024-08-03 02:15:03,147 - INFO - Step: Action=Sell, Reward=0.0, Portfolio Value=999174.0311933844, Budget=999174.0311933844, Position=0
2024-08-03 02:15:03,148 - INFO - Step: Action=Sell, Reward=0.0, Portfolio Value=999174.0311933844, Budget=999174.0311933844, Position=0
2024-08-03 02:15:03,149 - INFO - Step: Action=Sell, Reward=0.0, Portfolio Value=999174.0311933844, Budget=999174.0311933844, Position=0
2024-08-03 02:15:03,149 - INFO - Step: Action=Sell, Reward=0.0, Portfolio Value=999174.0311933844, Budget=999174.0311933844, Position=0
2024-08-03 02:15:03,150 - INFO - Step: Action=Sell, Reward=0.0, Portfolio Value=999174.0311933844, Budget=999174.0311933844, Position=0
2024-08-03 02:15:03,151 - INFO - Step: Action=Sell, Reward=0.0, Portfolio Value=999174.0311933844, Budget=999174.0311933844, Position=0
2024-08-03 02:15:03,151 - INFO - Step: Action=Hold, Reward=0.0, Portfolio Value=999174.0311933844, Budget=999174.0311933844, Position=0
2024-08-03 02:15:03,152 - INFO - Step: Action=Sell, Reward=0.0, Portfolio Value=999174.0311933844, Budget=999174.0311933844, Position=0
2024-08-03 02:15:03,153 - INFO - Step: Action=Sell, Reward=0.0, Portfolio Value=999174.0311933844, Budget=999174.0311933844, Position=0
2024-08-03 02:15:03,153 - INFO - Step: Action=Sell, Reward=0.0, Portfolio Value=999174.0311933844, Budget=999174.0311933844, Position=0
2024-08-03 02:15:03,154 - INFO - Step: Action=Sell, Reward=0.0, Portfolio Value=999174.0311933844, Budget=999174.0311933844, Position=0
2024-08-03 02:15:03,155 - INFO - Step: Action=Sell, Reward=0.0, Portfolio Value=999174.0311933844, Budget=999174.0311933844, Position=0
2024-08-03 02:15:03,156 - INFO - Step: Action=Sell, Reward=0.0, Portfolio Value=999174.0311933844, Budget=999174.0311933844, Position=0
2024-08-03 02:15:03,156 - INFO - Step: Action=Sell, Reward=0.0, Portfolio Value=999174.0311933844, Budget=999174.0311933844, Position=0
2024-08-03 02:15:03,157 - INFO - Step: Action=Sell, Reward=0.0, Portfolio Value=999174.0311933844, Budget=999174.0311933844, Position=0
2024-08-03 02:15:03,158 - INFO - Step: Action=Sell, Reward=0.0, Portfolio Value=999174.0311933844, Budget=999174.0311933844, Position=0
2024-08-03 02:15:03,159 - INFO - Step: Action=Sell, Reward=0.0, Portfolio Value=999174.0311933844, Budget=999174.0311933844, Position=0
2024-08-03 02:15:03,160 - INFO - Step: Action=Sell, Reward=0.0, Portfolio Value=999174.0311933844, Budget=999174.0311933844, Position=0
2024-08-03 02:15:03,160 - INFO - Step: Action=Hold, Reward=0.0, Portfolio Value=999174.0311933844, Budget=999174.0311933844, Position=0
2024-08-03 02:15:03,161 - INFO - Step: Action=Sell, Reward=0.0, Portfolio Value=999174.0311933844, Budget=999174.0311933844, Position=0
2024-08-03 02:15:03,162 - INFO - Step: Action=Sell, Reward=0.0, Portfolio Value=999174.0311933844, Budget=999174.0311933844, Position=0
2024-08-03 02:15:03,163 - INFO - Step: Action=Sell, Reward=0.0, Portfolio Value=999174.0311933844, Budget=999174.0311933844, Position=0
2024-08-03 02:15:03,163 - INFO - Step: Action=Sell, Reward=0.0, Portfolio Value=999174.0311933844, Budget=999174.0311933844, Position=0
2024-08-03 02:15:03,164 - INFO - Step: Action=Sell, Reward=0.0, Portfolio Value=999174.0311933844, Budget=999174.0311933844, Position=0
2024-08-03 02:15:03,165 - INFO - Step: Action=Hold, Reward=0.0, Portfolio Value=999174.0311933844, Budget=999174.0311933844, Position=0
2024-08-03 02:15:03,165 - INFO - Step: Action=Sell, Reward=0.0, Portfolio Value=999174.0311933844, Budget=999174.0311933844, Position=0
2024-08-03 02:15:03,166 - INFO - Step: Action=Sell, Reward=0.0, Portfolio Value=999174.0311933844, Budget=999174.0311933844, Position=0
2024-08-03 02:15:03,167 - INFO - Step: Action=Sell, Reward=0.0, Portfolio Value=999174.0311933844, Budget=999174.0311933844, Position=0
2024-08-03 02:15:03,168 - INFO - Step: Action=Sell, Reward=0.0, Portfolio Value=999174.0311933844, Budget=999174.0311933844, Position=0
2024-08-03 02:15:03,168 - INFO - Step: Action=Hold, Reward=0.0, Portfolio Value=999174.0311933844, Budget=999174.0311933844, Position=0
2024-08-03 02:15:03,169 - INFO - Step: Action=Sell, Reward=0.0, Portfolio Value=999174.0311933844, Budget=999174.0311933844, Position=0
2024-08-03 02:15:03,170 - INFO - Step: Action=Hold, Reward=0.0, Portfolio Value=999174.0311933844, Budget=999174.0311933844, Position=0
2024-08-03 02:15:03,171 - INFO - Step: Action=Hold, Reward=0.0, Portfolio Value=999174.0311933844, Budget=999174.0311933844, Position=0
2024-08-03 02:15:03,171 - INFO - Step: Action=Sell, Reward=0.0, Portfolio Value=999174.0311933844, Budget=999174.0311933844, Position=0
2024-08-03 02:15:03,172 - INFO - Step: Action=Sell, Reward=0.0, Portfolio Value=999174.0311933844, Budget=999174.0311933844, Position=0
2024-08-03 02:15:03,173 - INFO - Step: Action=Sell, Reward=0.0, Portfolio Value=999174.0311933844, Budget=999174.0311933844, Position=0
2024-08-03 02:15:03,174 - INFO - Step: Action=Hold, Reward=0.0, Portfolio Value=999174.0311933844, Budget=999174.0311933844, Position=0
2024-08-03 02:15:03,175 - INFO - Step: Action=Sell, Reward=0.0, Portfolio Value=999174.0311933844, Budget=999174.0311933844, Position=0
2024-08-03 02:15:03,175 - INFO - Step: Action=Sell, Reward=0.0, Portfolio Value=999174.0311933844, Budget=999174.0311933844, Position=0
2024-08-03 02:15:03,176 - INFO - Step: Action=Sell, Reward=0.0, Portfolio Value=999174.0311933844, Budget=999174.0311933844, Position=0
2024-08-03 02:15:03,177 - INFO - Step: Action=Sell, Reward=0.0, Portfolio Value=999174.0311933844, Budget=999174.0311933844, Position=0
2024-08-03 02:15:03,178 - INFO - Step: Action=Sell, Reward=0.0, Portfolio Value=999174.0311933844, Budget=999174.0311933844, Position=0
2024-08-03 02:15:03,178 - INFO - Step: Action=Hold, Reward=0.0, Portfolio Value=999174.0311933844, Budget=999174.0311933844, Position=0
2024-08-03 02:15:03,179 - INFO - Step: Action=Sell, Reward=0.0, Portfolio Value=999174.0311933844, Budget=999174.0311933844, Position=0
2024-08-03 02:15:03,180 - INFO - Step: Action=Sell, Reward=0.0, Portfolio Value=999174.0311933844, Budget=999174.0311933844, Position=0
2024-08-03 02:15:03,181 - INFO - Step: Action=Sell, Reward=0.0, Portfolio Value=999174.0311933844, Budget=999174.0311933844, Position=0
2024-08-03 02:15:03,181 - INFO - Step: Action=Sell, Reward=0.0, Portfolio Value=999174.0311933844, Budget=999174.0311933844, Position=0
2024-08-03 02:15:03,182 - INFO - Step: Action=Sell, Reward=0.0, Portfolio Value=999174.0311933844, Budget=999174.0311933844, Position=0
2024-08-03 02:15:03,183 - INFO - Step: Action=Hold, Reward=0.0, Portfolio Value=999174.0311933844, Budget=999174.0311933844, Position=0
2024-08-03 02:15:03,184 - INFO - Step: Action=Sell, Reward=0.0, Portfolio Value=999174.0311933844, Budget=999174.0311933844, Position=0
2024-08-03 02:15:03,184 - INFO - Step: Action=Sell, Reward=0.0, Portfolio Value=999174.0311933844, Budget=999174.0311933844, Position=0
2024-08-03 02:15:03,185 - INFO - Step: Action=Sell, Reward=0.0, Portfolio Value=999174.0311933844, Budget=999174.0311933844, Position=0
2024-08-03 02:15:03,186 - INFO - Step: Action=Sell, Reward=0.0, Portfolio Value=999174.0311933844, Budget=999174.0311933844, Position=0
2024-08-03 02:15:03,187 - INFO - Step: Action=Hold, Reward=0.0, Portfolio Value=999174.0311933844, Budget=999174.0311933844, Position=0
2024-08-03 02:15:03,187 - INFO - Step: Action=Hold, Reward=0.0, Portfolio Value=999174.0311933844, Budget=999174.0311933844, Position=0
2024-08-03 02:15:03,188 - INFO - Step: Action=Buy, Reward=-20.894573107183547, Portfolio Value=999174.0311933844, Budget=999153.1366202773, Position=100
2024-08-03 02:15:03,189 - INFO - Step: Action=Hold, Reward=0.00022160910872044042, Portfolio Value=999176.2472844716, Budget=999153.1366202773, Position=100
2024-08-03 02:15:03,190 - INFO - Step: Action=Hold, Reward=-0.00022160910872044042, Portfolio Value=999174.0311933844, Budget=999153.1366202773, Position=100
2024-08-03 02:15:03,191 - INFO - Step: Action=Hold, Reward=0.00022160910872044042, Portfolio Value=999176.2472844716, Budget=999153.1366202773, Position=100
2024-08-03 02:15:03,191 - INFO - Step: Action=Hold, Reward=0.0006648273261380382, Portfolio Value=999182.895557733, Budget=999153.1366202773, Position=100
2024-08-03 02:15:03,192 - INFO - Step: Action=Buy, Reward=-62.9969796259378, Portfolio Value=999216.1369240398, Budget=999090.1363165147, Position=200
2024-08-03 02:15:03,193 - INFO - Step: Action=Hold, Reward=0.008864364348503295, Portfolio Value=999304.7805675248, Budget=999090.1363165147, Position=200
2024-08-03 02:15:03,194 - INFO - Step: Action=Hold, Reward=-0.003988963956828229, Portfolio Value=999264.8909279566, Budget=999090.1363165147, Position=200
2024-08-03 02:15:03,195 - INFO - Step: Action=Hold, Reward=-0.0022160910871229134, Portfolio Value=999242.7300170853, Budget=999090.1363165147, Position=200
2024-08-03 02:15:03,195 - INFO - Step: Action=Buy, Reward=-105.10027258112689, Portfolio Value=999300.3483853505, Budget=998985.0302820967, Position=300
2024-08-03 02:15:03,196 - INFO - Step: Action=Hold, Reward=-0.003324136630690191, Portfolio Value=999267.1070190436, Budget=998985.0302820967, Position=300
2024-08-03 02:15:03,197 - INFO - Step: Action=Buy, Reward=-78.51759516373009, Portfolio Value=999220.569106214, Budget=998906.5173407242, Position=400
2024-08-03 02:15:03,198 - INFO - Step: Action=Sell, Reward=76.29596384888677, Portfolio Value=999211.7047418656, Budget=998982.8141910096, Position=300
2024-08-03 02:15:03,198 - INFO - Step: Action=Hold, Reward=0.007313100587506779, Portfolio Value=999284.8357477407, Budget=998982.8141910096, Position=300
2024-08-03 02:15:03,199 - INFO - Step: Action=Hold, Reward=-0.006648273261368741, Portfolio Value=999218.353015127, Budget=998982.8141910096, Position=300
2024-08-03 02:15:03,200 - INFO - Step: Action=Buy, Reward=-100.667203970441, Portfolio Value=999284.8357477407, Budget=998882.1403387659, Position=400
2024-08-03 02:15:03,201 - INFO - Step: Action=Buy, Reward=-98.45864759301166, Portfolio Value=999275.9713833922, Budget=998783.6825776093, Position=500
2024-08-03 02:15:03,201 - INFO - Step: Action=Hold, Reward=-0.0044321821742574685, Portfolio Value=999231.6495616497, Budget=998783.6825776093, Position=500
2024-08-03 02:15:03,202 - INFO - Step: Action=Buy, Reward=-96.23834593282062, Portfolio Value=999264.8909279567, Budget=998687.4409075399, Position=600
2024-08-03 02:15:03,203 - INFO - Step: Action=Buy, Reward=-82.95310147461183, Portfolio Value=999185.1116488201, Budget=998604.4957839933, Position=700
2024-08-03 02:15:03,204 - INFO - Step: Action=Hold, Reward=0.003102527521981392, Portfolio Value=999216.1369240399, Budget=998604.4957839933, Position=700
2024-08-03 02:15:03,204 - INFO - Step: Action=Buy, Reward=-67.4464473106684, Portfolio Value=999076.523185551, Budget=998537.0632980565, Position=800
2024-08-03 02:15:03,205 - INFO - Step: Action=Hold, Reward=0.014182982957607601, Portfolio Value=999218.3530151271, Budget=998537.0632980565, Position=800
2024-08-03 02:15:03,206 - INFO - Step: Action=Hold, Reward=0.005318618609092664, Portfolio Value=999271.539201218, Budget=998537.0632980565, Position=800
2024-08-03 02:15:03,207 - INFO - Step: Action=Hold, Reward=0.014182982957607601, Portfolio Value=999413.3690307941, Budget=998537.0632980565, Position=800
2024-08-03 02:15:03,207 - INFO - Step: Action=Hold, Reward=0.00354574573939899, Portfolio Value=999448.8264881881, Budget=998537.0632980565, Position=800
2024-08-03 02:15:03,208 - INFO - Step: Action=Hold, Reward=0.0017728728697053158, Portfolio Value=999466.5552168852, Budget=998537.0632980565, Position=800
2024-08-03 02:15:03,209 - INFO - Step: Action=Buy, Reward=-109.54353521081354, Portfolio Value=999413.3690307941, Budget=998427.5250814643, Position=900
2024-08-03 02:15:03,210 - INFO - Step: Action=Hold, Reward=-0.003988963956828229, Portfolio Value=999373.4793912258, Budget=998427.5250814643, Position=900
2024-08-03 02:15:03,211 - INFO - Step: Action=Sell, Reward=122.85071897078488, Portfolio Value=999533.0379494989, Budget=998550.3598445792, Position=800
2024-08-03 02:15:03,211 - INFO - Step: Action=Hold, Reward=0.0, Portfolio Value=999533.0379494989, Budget=998550.3598445792, Position=800
2024-08-03 02:15:03,212 - INFO - Step: Action=Hold, Reward=-0.01772872869699495, Portfolio Value=999355.7506625289, Budget=998550.3598445792, Position=800
2024-08-03 02:15:03,213 - INFO - Step: Action=Hold, Reward=-0.007091491478809621, Portfolio Value=999284.8357477408, Budget=998550.3598445792, Position=800
2024-08-03 02:15:03,213 - INFO - Step: Action=Hold, Reward=-0.030138838784908875, Portfolio Value=998983.4473598917, Budget=998550.3598445792, Position=800
2024-08-03 02:15:03,214 - INFO - Step: Action=Buy, Reward=-45.27866655704309, Portfolio Value=998912.5324451037, Budget=998505.0882695137, Position=900
2024-08-03 02:15:03,215 - INFO - Step: Action=Hold, Reward=0.03988963956825901, Portfolio Value=999311.4288407863, Budget=998505.0882695137, Position=900
2024-08-03 02:15:03,216 - INFO - Step: Action=Hold, Reward=0.007977927913656459, Portfolio Value=999391.2081199229, Budget=998505.0882695137, Position=900
2024-08-03 02:15:03,216 - INFO - Step: Action=Hold, Reward=0.0, Portfolio Value=999391.2081199229, Budget=998505.0882695137, Position=900
2024-08-03 02:15:03,217 - INFO - Step: Action=Hold, Reward=0.029917229676188435, Portfolio Value=999690.3804166848, Budget=998505.0882695137, Position=900
2024-08-03 02:15:03,218 - INFO - Step: Action=Buy, Reward=-129.48503085831254, Portfolio Value=999670.4355969008, Budget=998375.6052331374, Position=1000
2024-08-03 02:15:03,218 - INFO - Step: Action=Hold, Reward=-0.0288091841326328, Portfolio Value=999382.3437555744, Budget=998375.6052331374, Position=1000
2024-08-03 02:15:03,219 - INFO - Step: Action=Buy, Reward=-94.03222725558716, Portfolio Value=999315.8610229606, Budget=998281.5796541551, Position=1100
2024-08-03 02:15:03,220 - INFO - Step: Action=Hold, Reward=-0.017063901370868554, Portfolio Value=999145.222009252, Budget=998281.5796541551, Position=1100
2024-08-03 02:15:03,221 - INFO - Step: Action=Hold, Reward=-0.01706390137085691, Portfolio Value=998974.5829955434, Budget=998281.5796541551, Position=1100
2024-08-03 02:15:03,221 - INFO - Step: Action=Hold, Reward=0.0024377001958317125, Portfolio Value=998998.9599975017, Budget=998281.5796541551, Position=1100
2024-08-03 02:15:03,222 - INFO - Step: Action=Hold, Reward=-0.009750800783350132, Portfolio Value=998901.4519896682, Budget=998281.5796541551, Position=1100
2024-08-03 02:15:03,223 - INFO - Step: Action=Hold, Reward=-0.004875400391675066, Portfolio Value=998852.6979857514, Budget=998281.5796541551, Position=1100
2024-08-03 02:15:03,224 - INFO - Step: Action=Sell, Reward=94.0718952860467, Portfolio Value=999315.8610229606, Budget=998375.6052331374, Position=1000
2024-08-03 02:15:03,225 - INFO - Step: Action=Hold, Reward=-0.02437700195837533, Portfolio Value=999072.0910033769, Budget=998375.6052331374, Position=1000
2024-08-03 02:15:03,225 - INFO - Step: Action=Hold, Reward=-0.01772872869700659, Portfolio Value=998894.8037164068, Budget=998375.6052331374, Position=1000
2024-08-03 02:15:03,226 - INFO - Step: Action=Sell, Reward=80.75784164370528, Portfolio Value=999182.8955577331, Budget=998456.3342655969, Position=900
2024-08-03 02:15:03,227 - INFO - Step: Action=Hold, Reward=-0.023933783740957733, Portfolio Value=998943.5577203236, Budget=998456.3342655969, Position=900
2024-08-03 02:15:03,227 - INFO - Step: Action=Hold, Reward=-0.02193930176254362, Portfolio Value=998724.1647026981, Budget=998456.3342655969, Position=900
2024-08-03 02:15:03,228 - INFO - Step: Action=Hold, Reward=-0.009972409892070573, Portfolio Value=998624.4406037774, Budget=998456.3342655969, Position=900
2024-08-03 02:15:03,229 - INFO - Step: Action=Hold, Reward=0.003988963956828229, Portfolio Value=998664.3302433457, Budget=998456.3342655969, Position=900
2024-08-03 02:15:03,229 - INFO - Step: Action=Sell, Reward=3.1478940723736484, Portfolio Value=998484.8268652885, Budget=998459.5001100071, Position=800
2024-08-03 02:15:03,230 - INFO - Step: Action=Hold, Reward=0.023047347306110896, Portfolio Value=998715.3003383497, Budget=998459.5001100071, Position=800
2024-08-03 02:15:03,231 - INFO - Step: Action=Sell, Reward=12.01425290285414, Portfolio Value=998555.7417800765, Budget=998471.5303187658, Position=700
2024-08-03 02:15:03,232 - INFO - Step: Action=Hold, Reward=-0.007756318804936018, Portfolio Value=998478.1785920272, Budget=998471.5303187658, Position=700
2024-08-03 02:15:03,233 - INFO - Step: Action=Hold, Reward=-0.003102527521981392, Portfolio Value=998447.1533168074, Budget=998471.5303187658, Position=700
2024-08-03 02:15:03,233 - INFO - Step: Action=Sell, Reward=-10.135355903856725, Portfolio Value=998400.6154039778, Budget=998461.3996166532, Position=600
2024-08-03 02:15:03,234 - INFO - Step: Action=Hold, Reward=-0.003988963956828229, Portfolio Value=998360.7257644095, Budget=998461.3996166532, Position=600
2024-08-03 02:15:03,235 - INFO - Step: Action=Hold, Reward=-0.005318618609104306, Portfolio Value=998307.5395783185, Budget=998461.3996166532, Position=600
2024-08-03 02:15:03,235 - INFO - Step: Action=Hold, Reward=0.003988963956828229, Portfolio Value=998347.4292178868, Budget=998461.3996166532, Position=600
2024-08-03 02:15:03,236 - INFO - Step: Action=Sell, Reward=-18.99506646107586, Portfolio Value=998347.4292178868, Budget=998442.4045501922, Position=500
2024-08-03 02:15:03,237 - INFO - Step: Action=Hold, Reward=0.005540227717813104, Portfolio Value=998402.8314950649, Budget=998442.4045501922, Position=500
2024-08-03 02:15:03,237 - INFO - Step: Action=Hold, Reward=0.012188500979193486, Portfolio Value=998524.7165048568, Budget=998442.4045501922, Position=500
2024-08-03 02:15:03,238 - INFO - Step: Action=Hold, Reward=-0.012188500979193486, Portfolio Value=998402.8314950649, Budget=998442.4045501922, Position=500
2024-08-03 02:15:03,239 - INFO - Step: Action=Sell, Reward=-14.566208423455505, Portfolio Value=998369.590128758, Budget=998427.8416659053, Position=400
2024-08-03 02:15:03,240 - INFO - Step: Action=Hold, Reward=0.0, Portfolio Value=998369.590128758, Budget=998427.8416659053, Position=400
2024-08-03 02:15:03,240 - INFO - Step: Action=Hold, Reward=0.002659309304552153, Portfolio Value=998396.1832218035, Budget=998427.8416659053, Position=400
2024-08-03 02:15:03,241 - INFO - Step: Action=Hold, Reward=-0.001772872869693674, Portfolio Value=998378.4544931066, Budget=998427.8416659053, Position=400
2024-08-03 02:15:03,242 - INFO - Step: Action=Buy, Reward=-78.47659747861829, Portfolio Value=998741.8934313951, Budget=998349.3287245329, Position=500
2024-08-03 02:15:03,242 - INFO - Step: Action=Hold, Reward=0.0022160910871229134, Portfolio Value=998764.0543422663, Budget=998349.3287245329, Position=500
2024-08-03 02:15:03,243 - INFO - Step: Action=Hold, Reward=-0.005540227717813104, Portfolio Value=998708.6520650882, Budget=998349.3287245329, Position=500
2024-08-03 02:15:03,244 - INFO - Step: Action=Hold, Reward=-0.007756318804936018, Portfolio Value=998631.0888770388, Budget=998349.3287245329, Position=500
2024-08-03 02:15:03,245 - INFO - Step: Action=Hold, Reward=0.0044321821742574685, Portfolio Value=998675.4106987814, Budget=998349.3287245329, Position=500
2024-08-03 02:15:03,245 - INFO - Step: Action=Hold, Reward=-0.0011080455435672776, Portfolio Value=998664.3302433457, Budget=998349.3287245329, Position=500
2024-08-03 02:15:03,246 - INFO - Step: Action=Hold, Reward=0.005540227717813104, Portfolio Value=998719.7325205238, Budget=998349.3287245329, Position=500
2024-08-03 02:15:03,247 - INFO - Step: Action=Hold, Reward=-0.003324136630690191, Portfolio Value=998686.4911542169, Budget=998349.3287245329, Position=500
2024-08-03 02:15:03,248 - INFO - Step: Action=Hold, Reward=0.0044321821742574685, Portfolio Value=998730.8129759595, Budget=998349.3287245329, Position=500
2024-08-03 02:15:03,248 - INFO - Step: Action=Buy, Reward=-94.01671461797729, Portfolio Value=998819.4566194445, Budget=998255.3031455505, Position=600
2024-08-03 02:15:03,249 - INFO - Step: Action=Sell, Reward=100.67784120765917, Portfolio Value=998859.3462590127, Budget=998355.9769977942, Position=500
2024-08-03 02:15:03,250 - INFO - Step: Action=Hold, Reward=-0.019944819784129503, Portfolio Value=998659.8980611714, Budget=998355.9769977942, Position=500
2024-08-03 02:15:03,250 - INFO - Step: Action=Hold, Reward=-0.004432182174245827, Portfolio Value=998615.576239429, Budget=998355.9769977942, Position=500
2024-08-03 02:15:03,251 - INFO - Step: Action=Hold, Reward=-0.0022160910871229134, Portfolio Value=998593.4153285577, Budget=998355.9769977942, Position=500
2024-08-03 02:15:03,252 - INFO - Step: Action=Hold, Reward=-0.00775631880494766, Portfolio Value=998515.8521405082, Budget=998355.9769977942, Position=500
2024-08-03 02:15:03,252 - INFO - Step: Action=Hold, Reward=-0.001108045543555636, Portfolio Value=998504.7716850727, Budget=998355.9769977942, Position=500
2024-08-03 02:15:03,253 - INFO - Step: Action=Sell, Reward=43.062132251700156, Portfolio Value=998571.2544176865, Budget=998399.0324817727, Position=400
2024-08-03 02:15:03,254 - INFO - Step: Action=Hold, Reward=-0.007091491478809621, Portfolio Value=998500.3395028984, Budget=998399.0324817727, Position=400
2024-08-03 02:15:03,255 - INFO - Step: Action=Hold, Reward=-0.001772872869693674, Portfolio Value=998482.6107742015, Budget=998399.0324817727, Position=400
2024-08-03 02:15:03,256 - INFO - Step: Action=Hold, Reward=-0.007977927913656459, Portfolio Value=998402.8314950649, Budget=998399.0324817727, Position=400
2024-08-03 02:15:03,256 - INFO - Step: Action=Sell, Reward=-16.786066865429135, Portfolio Value=998331.9165802769, Budget=998382.2535063988, Position=300
2024-08-03 02:15:03,257 - INFO - Step: Action=Hold, Reward=-0.004653791282966268, Portfolio Value=998285.3786674473, Budget=998382.2535063988, Position=300
2024-08-03 02:15:03,257 - INFO - Step: Action=Sell, Reward=-23.424589326022353, Portfolio Value=998311.9717604928, Budget=998358.8262577634, Position=200
2024-08-03 02:15:03,258 - INFO - Step: Action=Sell, Reward=16.470368860846158, Portfolio Value=998391.7510396293, Budget=998375.2886486964, Position=100
2024-08-03 02:15:03,259 - INFO - Step: Action=Hold, Reward=0.0015512637609848754, Portfolio Value=998407.2636772392, Budget=998375.2886486964, Position=100
2024-08-03 02:15:03,260 - INFO - Step: Action=Buy, Reward=-12.032203240659868, Portfolio Value=998387.318857455, Budget=998363.2584399377, Position=200
2024-08-03 02:15:03,261 - INFO - Step: Action=Hold, Reward=-0.0031025275219697507, Portfolio Value=998356.2935822353, Budget=998363.2584399377, Position=200
2024-08-03 02:15:03,261 - INFO - Step: Action=Hold, Reward=0.009307582565920893, Portfolio Value=998449.3694078946, Budget=998363.2584399377, Position=200
2024-08-03 02:15:03,262 - INFO - Step: Action=Hold, Reward=0.004875400391675066, Portfolio Value=998498.1234118113, Budget=998363.2584399377, Position=200
2024-08-03 02:15:03,263 - INFO - Step: Action=Hold, Reward=-0.004432182174245827, Portfolio Value=998453.8015900688, Budget=998363.2584399377, Position=200
2024-08-03 02:15:03,264 - INFO - Step: Action=Hold, Reward=-0.0031025275219697507, Portfolio Value=998422.7763148492, Budget=998363.2584399377, Position=200
2024-08-03 02:15:03,264 - INFO - Step: Action=Hold, Reward=-0.0017728728697053158, Portfolio Value=998405.0475861521, Budget=998363.2584399377, Position=200
2024-08-03 02:15:03,265 - INFO - Step: Action=Hold, Reward=0.0004432182174292393, Portfolio Value=998409.4797683264, Budget=998363.2584399377, Position=200
2024-08-03 02:15:03,266 - INFO - Step: Action=Buy, Reward=-12.032424849768576, Portfolio Value=998387.3188574552, Budget=998351.2282311791, Position=300
2024-08-03 02:15:03,267 - INFO - Step: Action=Sell, Reward=-16.787618129190133, Portfolio Value=998300.8913050572, Budget=998334.4492558051, Position=200
2024-08-03 02:15:03,267 - INFO - Step: Action=Hold, Reward=0.002659309304552153, Portfolio Value=998327.4843981027, Budget=998334.4492558051, Position=200
2024-08-03 02:15:03,268 - INFO - Step: Action=Hold, Reward=0.0, Portfolio Value=998327.4843981027, Budget=998334.4492558051, Position=200
2024-08-03 02:15:03,269 - INFO - Step: Action=Buy, Reward=-0.0017728728697053158, Portfolio Value=998309.7556694057, Budget=998334.4492558051, Position=200
2024-08-03 02:15:03,270 - INFO - Step: Action=Hold, Reward=0.007534709696227219, Portfolio Value=998385.102766368, Budget=998334.4492558051, Position=200
2024-08-03 02:15:03,270 - INFO - Step: Action=Hold, Reward=0.004875400391675066, Portfolio Value=998433.8567702847, Budget=998334.4492558051, Position=200
2024-08-03 02:15:03,271 - INFO - Step: Action=Hold, Reward=-0.00044321821741759776, Portfolio Value=998429.4245881105, Budget=998334.4492558051, Position=200
2024-08-03 02:15:03,272 - INFO - Step: Action=Hold, Reward=0.005761836826521903, Portfolio Value=998487.0429563757, Budget=998334.4492558051, Position=200
2024-08-03 02:15:03,272 - INFO - Step: Action=Sell, Reward=76.29685028532163, Portfolio Value=998487.0429563759, Budget=998410.7461060905, Position=100
2024-08-03 02:15:03,273 - INFO - Step: Action=Hold, Reward=-0.002216091087134555, Portfolio Value=998464.8820455045, Budget=998410.7461060905, Position=100
2024-08-03 02:15:03,274 - INFO - Step: Action=Sell, Reward=63.00119019900334, Portfolio Value=998473.7464098531, Budget=998473.7464098531, Position=0
2024-08-03 02:15:03,274 - INFO - Step: Action=Hold, Reward=0.0, Portfolio Value=998473.7464098531, Budget=998473.7464098531, Position=0
2024-08-03 02:15:03,275 - INFO - Step: Action=Hold, Reward=0.0, Portfolio Value=998473.7464098531, Budget=998473.7464098531, Position=0
2024-08-03 02:15:03,276 - INFO - Step: Action=Hold, Reward=0.0, Portfolio Value=998473.7464098531, Budget=998473.7464098531, Position=0
2024-08-03 02:15:03,277 - INFO - Step: Action=Sell, Reward=0.0, Portfolio Value=998473.7464098531, Budget=998473.7464098531, Position=0
2024-08-03 02:15:03,277 - INFO - Step: Action=Hold, Reward=0.0, Portfolio Value=998473.7464098531, Budget=998473.7464098531, Position=0
2024-08-03 02:15:03,278 - INFO - Step: Action=Hold, Reward=0.0, Portfolio Value=998473.7464098531, Budget=998473.7464098531, Position=0
2024-08-03 02:15:03,279 - INFO - Step: Action=Hold, Reward=0.0, Portfolio Value=998473.7464098531, Budget=998473.7464098531, Position=0
2024-08-03 02:15:03,280 - INFO - Step: Action=Hold, Reward=0.0, Portfolio Value=998473.7464098531, Budget=998473.7464098531, Position=0
2024-08-03 02:15:03,280 - INFO - Step: Action=Hold, Reward=0.0, Portfolio Value=998473.7464098531, Budget=998473.7464098531, Position=0
2024-08-03 02:15:03,281 - INFO - Step: Action=Hold, Reward=0.0, Portfolio Value=998473.7464098531, Budget=998473.7464098531, Position=0
2024-08-03 02:15:03,282 - INFO - Step: Action=Hold, Reward=0.0, Portfolio Value=998473.7464098531, Budget=998473.7464098531, Position=0
2024-08-03 02:15:03,282 - INFO - Step: Action=Hold, Reward=0.0, Portfolio Value=998473.7464098531, Budget=998473.7464098531, Position=0
2024-08-03 02:15:03,283 - INFO - Step: Action=Buy, Reward=-116.18648985358102, Portfolio Value=998473.7464098531, Budget=998357.5599199996, Position=100
2024-08-03 02:15:03,284 - INFO - Step: Action=Hold, Reward=0.0, Portfolio Value=998473.7464098531, Budget=998357.5599199996, Position=100
2024-08-03 02:15:03,285 - INFO - Step: Action=Hold, Reward=0.00022160910872044042, Portfolio Value=998475.9625009403, Budget=998357.5599199996, Position=100
2024-08-03 02:15:03,285 - INFO - Step: Action=Hold, Reward=-0.0017728728697053158, Portfolio Value=998458.2337722433, Budget=998357.5599199996, Position=100
2024-08-03 02:15:03,286 - INFO - Step: Action=Hold, Reward=0.0013296546522760765, Portfolio Value=998471.530318766, Budget=998357.5599199996, Position=100
2024-08-03 02:15:03,287 - INFO - Step: Action=Hold, Reward=-0.003102527521981392, Portfolio Value=998440.5050435462, Budget=998357.5599199996, Position=100
2024-08-03 02:15:03,287 - INFO - Step: Action=Sell, Reward=94.02668702786934, Portfolio Value=998451.5854989819, Budget=998451.5854989819, Position=0
2024-08-03 02:15:03,288 - INFO - Step: Action=Hold, Reward=0.0, Portfolio Value=998451.5854989819, Budget=998451.5854989819, Position=0
2024-08-03 02:15:03,289 - INFO - Step: Action=Hold, Reward=0.0, Portfolio Value=998451.5854989819, Budget=998451.5854989819, Position=0
2024-08-03 02:15:03,290 - INFO - Step: Action=Hold, Reward=0.0, Portfolio Value=998451.5854989819, Budget=998451.5854989819, Position=0
2024-08-03 02:15:03,290 - INFO - Step: Action=Hold, Reward=0.0, Portfolio Value=998451.5854989819, Budget=998451.5854989819, Position=0
2024-08-03 02:15:03,291 - INFO - Step: Action=Hold, Reward=0.0, Portfolio Value=998451.5854989819, Budget=998451.5854989819, Position=0
2024-08-03 02:15:03,292 - INFO - Step: Action=Hold, Reward=0.0, Portfolio Value=998451.5854989819, Budget=998451.5854989819, Position=0
2024-08-03 02:15:03,293 - INFO - Step: Action=Hold, Reward=0.0, Portfolio Value=998451.5854989819, Budget=998451.5854989819, Position=0
2024-08-03 02:15:03,293 - INFO - Step: Action=Hold, Reward=0.0, Portfolio Value=998451.5854989819, Budget=998451.5854989819, Position=0
2024-08-03 02:15:03,294 - INFO - Step: Action=Hold, Reward=0.0, Portfolio Value=998451.5854989819, Budget=998451.5854989819, Position=0
2024-08-03 02:15:03,295 - INFO - Step: Action=Hold, Reward=0.0, Portfolio Value=998451.5854989819, Budget=998451.5854989819, Position=0
2024-08-03 02:15:03,295 - INFO - Step: Action=Hold, Reward=0.0, Portfolio Value=998451.5854989819, Budget=998451.5854989819, Position=0
2024-08-03 02:15:03,296 - INFO - Step: Action=Hold, Reward=0.0, Portfolio Value=998451.5854989819, Budget=998451.5854989819, Position=0
2024-08-03 02:15:03,297 - INFO - Step: Action=Sell, Reward=0.0, Portfolio Value=998451.5854989819, Budget=998451.5854989819, Position=0
2024-08-03 02:15:03,298 - INFO - Step: Action=Hold, Reward=0.0, Portfolio Value=998451.5854989819, Budget=998451.5854989819, Position=0
2024-08-03 02:15:03,298 - INFO - Step: Action=Sell, Reward=0.0, Portfolio Value=998451.5854989819, Budget=998451.5854989819, Position=0
2024-08-03 02:15:03,299 - INFO - Step: Action=Hold, Reward=0.0, Portfolio Value=998451.5854989819, Budget=998451.5854989819, Position=0
2024-08-03 02:15:03,300 - INFO - Step: Action=Sell, Reward=0.0, Portfolio Value=998451.5854989819, Budget=998451.5854989819, Position=0
2024-08-03 02:15:03,300 - INFO - Step: Action=Sell, Reward=0.0, Portfolio Value=998451.5854989819, Budget=998451.5854989819, Position=0
2024-08-03 02:15:03,301 - INFO - Step: Action=Sell, Reward=0.0, Portfolio Value=998451.5854989819, Budget=998451.5854989819, Position=0
2024-08-03 02:15:03,302 - INFO - Step: Action=Sell, Reward=0.0, Portfolio Value=998451.5854989819, Budget=998451.5854989819, Position=0
2024-08-03 02:15:03,302 - INFO - Step: Action=Sell, Reward=0.0, Portfolio Value=998451.5854989819, Budget=998451.5854989819, Position=0
2024-08-03 02:15:03,303 - INFO - Step: Action=Hold, Reward=0.0, Portfolio Value=998451.5854989819, Budget=998451.5854989819, Position=0
2024-08-03 02:15:03,304 - INFO - Step: Action=Sell, Reward=0.0, Portfolio Value=998451.5854989819, Budget=998451.5854989819, Position=0
2024-08-03 02:15:03,305 - INFO - Step: Action=Hold, Reward=0.0, Portfolio Value=998451.5854989819, Budget=998451.5854989819, Position=0
2024-08-03 02:15:03,305 - INFO - Step: Action=Sell, Reward=0.0, Portfolio Value=998451.5854989819, Budget=998451.5854989819, Position=0
2024-08-03 02:15:03,306 - INFO - Step: Action=Sell, Reward=0.0, Portfolio Value=998451.5854989819, Budget=998451.5854989819, Position=0
2024-08-03 02:15:03,307 - INFO - Step: Action=Sell, Reward=0.0, Portfolio Value=998451.5854989819, Budget=998451.5854989819, Position=0
2024-08-03 02:15:03,308 - INFO - Step: Action=Sell, Reward=0.0, Portfolio Value=998451.5854989819, Budget=998451.5854989819, Position=0
2024-08-03 02:15:03,308 - INFO - Step: Action=Sell, Reward=0.0, Portfolio Value=998451.5854989819, Budget=998451.5854989819, Position=0
2024-08-03 02:15:03,309 - INFO - Step: Action=Sell, Reward=0.0, Portfolio Value=998451.5854989819, Budget=998451.5854989819, Position=0
2024-08-03 02:15:03,310 - INFO - Step: Action=Sell, Reward=0.0, Portfolio Value=998451.5854989819, Budget=998451.5854989819, Position=0
2024-08-03 02:15:03,311 - INFO - Step: Action=Sell, Reward=0.0, Portfolio Value=998451.5854989819, Budget=998451.5854989819, Position=0
2024-08-03 02:15:03,311 - INFO - Step: Action=Sell, Reward=0.0, Portfolio Value=998451.5854989819, Budget=998451.5854989819, Position=0
2024-08-03 02:15:03,312 - INFO - Step: Action=Sell, Reward=0.0, Portfolio Value=998451.5854989819, Budget=998451.5854989819, Position=0
2024-08-03 02:15:03,313 - INFO - Step: Action=Sell, Reward=0.0, Portfolio Value=998451.5854989819, Budget=998451.5854989819, Position=0
2024-08-03 02:15:03,314 - INFO - Step: Action=Sell, Reward=0.0, Portfolio Value=998451.5854989819, Budget=998451.5854989819, Position=0
2024-08-03 02:15:03,314 - INFO - Step: Action=Sell, Reward=0.0, Portfolio Value=998451.5854989819, Budget=998451.5854989819, Position=0
2024-08-03 02:15:03,315 - INFO - Step: Action=Hold, Reward=0.0, Portfolio Value=998451.5854989819, Budget=998451.5854989819, Position=0
2024-08-03 02:15:03,316 - INFO - Step: Action=Sell, Reward=0.0, Portfolio Value=998451.5854989819, Budget=998451.5854989819, Position=0
2024-08-03 02:15:03,317 - INFO - Step: Action=Sell, Reward=0.0, Portfolio Value=998451.5854989819, Budget=998451.5854989819, Position=0
2024-08-03 02:15:03,317 - INFO - Step: Action=Sell, Reward=0.0, Portfolio Value=998451.5854989819, Budget=998451.5854989819, Position=0
2024-08-03 02:15:03,318 - INFO - Step: Action=Sell, Reward=0.0, Portfolio Value=998451.5854989819, Budget=998451.5854989819, Position=0
2024-08-03 02:15:03,319 - INFO - Step: Action=Sell, Reward=0.0, Portfolio Value=998451.5854989819, Budget=998451.5854989819, Position=0
2024-08-03 02:15:03,319 - INFO - Step: Action=Sell, Reward=0.0, Portfolio Value=998451.5854989819, Budget=998451.5854989819, Position=0
2024-08-03 02:15:03,320 - INFO - Step: Action=Sell, Reward=0.0, Portfolio Value=998451.5854989819, Budget=998451.5854989819, Position=0
2024-08-03 02:15:03,321 - INFO - Step: Action=Sell, Reward=0.0, Portfolio Value=998451.5854989819, Budget=998451.5854989819, Position=0
2024-08-03 02:15:03,321 - INFO - Step: Action=Sell, Reward=0.0, Portfolio Value=998451.5854989819, Budget=998451.5854989819, Position=0
2024-08-03 02:15:03,322 - INFO - Step: Action=Sell, Reward=0.0, Portfolio Value=998451.5854989819, Budget=998451.5854989819, Position=0
2024-08-03 02:15:03,323 - INFO - Step: Action=Sell, Reward=0.0, Portfolio Value=998451.5854989819, Budget=998451.5854989819, Position=0
2024-08-03 02:15:03,323 - INFO - Step: Action=Sell, Reward=0.0, Portfolio Value=998451.5854989819, Budget=998451.5854989819, Position=0
2024-08-03 02:15:03,324 - INFO - Step: Action=Sell, Reward=0.0, Portfolio Value=998451.5854989819, Budget=998451.5854989819, Position=0
2024-08-03 02:15:03,325 - INFO - Step: Action=Sell, Reward=0.0, Portfolio Value=998451.5854989819, Budget=998451.5854989819, Position=0
2024-08-03 02:15:03,325 - INFO - Step: Action=Sell, Reward=0.0, Portfolio Value=998451.5854989819, Budget=998451.5854989819, Position=0
2024-08-03 02:15:03,326 - INFO - Step: Action=Sell, Reward=0.0, Portfolio Value=998451.5854989819, Budget=998451.5854989819, Position=0
2024-08-03 02:15:03,327 - INFO - Step: Action=Sell, Reward=0.0, Portfolio Value=998451.5854989819, Budget=998451.5854989819, Position=0
2024-08-03 02:15:03,328 - INFO - Step: Action=Sell, Reward=0.0, Portfolio Value=998451.5854989819, Budget=998451.5854989819, Position=0
2024-08-03 02:15:03,329 - INFO - Step: Action=Sell, Reward=0.0, Portfolio Value=998451.5854989819, Budget=998451.5854989819, Position=0
2024-08-03 02:15:03,329 - INFO - Step: Action=Hold, Reward=0.0, Portfolio Value=998451.5854989819, Budget=998451.5854989819, Position=0
2024-08-03 02:15:03,330 - INFO - Step: Action=Sell, Reward=0.0, Portfolio Value=998451.5854989819, Budget=998451.5854989819, Position=0
2024-08-03 02:15:03,331 - INFO - Step: Action=Sell, Reward=0.0, Portfolio Value=998451.5854989819, Budget=998451.5854989819, Position=0
2024-08-03 02:15:03,331 - INFO - Step: Action=Hold, Reward=0.0, Portfolio Value=998451.5854989819, Budget=998451.5854989819, Position=0
2024-08-03 02:15:03,332 - INFO - Step: Action=Sell, Reward=0.0, Portfolio Value=998451.5854989819, Budget=998451.5854989819, Position=0
2024-08-03 02:15:03,333 - INFO - Step: Action=Hold, Reward=0.0, Portfolio Value=998451.5854989819, Budget=998451.5854989819, Position=0
2024-08-03 02:15:03,334 - INFO - Step: Action=Sell, Reward=0.0, Portfolio Value=998451.5854989819, Budget=998451.5854989819, Position=0
2024-08-03 02:15:03,334 - INFO - Step: Action=Sell, Reward=0.0, Portfolio Value=998451.5854989819, Budget=998451.5854989819, Position=0
2024-08-03 02:15:03,335 - INFO - Step: Action=Hold, Reward=0.0, Portfolio Value=998451.5854989819, Budget=998451.5854989819, Position=0
2024-08-03 02:15:03,336 - INFO - Step: Action=Sell, Reward=0.0, Portfolio Value=998451.5854989819, Budget=998451.5854989819, Position=0
2024-08-03 02:15:03,337 - INFO - Step: Action=Sell, Reward=0.0, Portfolio Value=998451.5854989819, Budget=998451.5854989819, Position=0
2024-08-03 02:15:03,337 - INFO - Step: Action=Sell, Reward=0.0, Portfolio Value=998451.5854989819, Budget=998451.5854989819, Position=0
2024-08-03 02:15:03,338 - INFO - Step: Action=Sell, Reward=0.0, Portfolio Value=998451.5854989819, Budget=998451.5854989819, Position=0
2024-08-03 02:15:03,339 - INFO - Step: Action=Sell, Reward=0.0, Portfolio Value=998451.5854989819, Budget=998451.5854989819, Position=0
2024-08-03 02:15:03,340 - INFO - Step: Action=Sell, Reward=0.0, Portfolio Value=998451.5854989819, Budget=998451.5854989819, Position=0
2024-08-03 02:15:03,340 - INFO - Step: Action=Sell, Reward=0.0, Portfolio Value=998451.5854989819, Budget=998451.5854989819, Position=0
2024-08-03 02:15:03,341 - INFO - Step: Action=Hold, Reward=0.0, Portfolio Value=998451.5854989819, Budget=998451.5854989819, Position=0
2024-08-03 02:15:03,342 - INFO - Step: Action=Hold, Reward=0.0, Portfolio Value=998451.5854989819, Budget=998451.5854989819, Position=0
2024-08-03 02:15:03,342 - INFO - Step: Action=Sell, Reward=0.0, Portfolio Value=998451.5854989819, Budget=998451.5854989819, Position=0
2024-08-03 02:15:03,343 - INFO - Step: Action=Sell, Reward=0.0, Portfolio Value=998451.5854989819, Budget=998451.5854989819, Position=0
2024-08-03 02:15:03,344 - INFO - Step: Action=Hold, Reward=0.0, Portfolio Value=998451.5854989819, Budget=998451.5854989819, Position=0
2024-08-03 02:15:03,345 - INFO - Step: Action=Hold, Reward=0.0, Portfolio Value=998451.5854989819, Budget=998451.5854989819, Position=0
2024-08-03 02:15:03,345 - INFO - Step: Action=Hold, Reward=0.0, Portfolio Value=998451.5854989819, Budget=998451.5854989819, Position=0
2024-08-03 02:15:03,346 - INFO - Step: Action=Hold, Reward=0.0, Portfolio Value=998451.5854989819, Budget=998451.5854989819, Position=0
2024-08-03 02:15:03,347 - INFO - Step: Action=Hold, Reward=0.0, Portfolio Value=998451.5854989819, Budget=998451.5854989819, Position=0
2024-08-03 02:15:03,348 - INFO - Step: Action=Hold, Reward=0.0, Portfolio Value=998451.5854989819, Budget=998451.5854989819, Position=0
2024-08-03 02:15:03,348 - INFO - Step: Action=Sell, Reward=0.0, Portfolio Value=998451.5854989819, Budget=998451.5854989819, Position=0
2024-08-03 02:15:03,349 - INFO - Step: Action=Sell, Reward=0.0, Portfolio Value=998451.5854989819, Budget=998451.5854989819, Position=0
2024-08-03 02:15:03,350 - INFO - Step: Action=Hold, Reward=0.0, Portfolio Value=998451.5854989819, Budget=998451.5854989819, Position=0
2024-08-03 02:15:03,351 - INFO - Step: Action=Sell, Reward=0.0, Portfolio Value=998451.5854989819, Budget=998451.5854989819, Position=0
2024-08-03 02:15:03,351 - INFO - Step: Action=Sell, Reward=0.0, Portfolio Value=998451.5854989819, Budget=998451.5854989819, Position=0
2024-08-03 02:15:03,352 - INFO - Step: Action=Sell, Reward=0.0, Portfolio Value=998451.5854989819, Budget=998451.5854989819, Position=0
2024-08-03 02:15:03,353 - INFO - Step: Action=Sell, Reward=0.0, Portfolio Value=998451.5854989819, Budget=998451.5854989819, Position=0
2024-08-03 02:15:03,353 - INFO - Step: Action=Hold, Reward=0.0, Portfolio Value=998451.5854989819, Budget=998451.5854989819, Position=0
2024-08-03 02:15:03,354 - INFO - Step: Action=Hold, Reward=0.0, Portfolio Value=998451.5854989819, Budget=998451.5854989819, Position=0
2024-08-03 02:15:03,355 - INFO - Step: Action=Hold, Reward=0.0, Portfolio Value=998451.5854989819, Budget=998451.5854989819, Position=0
2024-08-03 02:15:03,356 - INFO - Step: Action=Sell, Reward=0.0, Portfolio Value=998451.5854989819, Budget=998451.5854989819, Position=0
2024-08-03 02:15:03,357 - INFO - Step: Action=Hold, Reward=0.0, Portfolio Value=998451.5854989819, Budget=998451.5854989819, Position=0
2024-08-03 02:15:03,357 - INFO - Step: Action=Hold, Reward=0.0, Portfolio Value=998451.5854989819, Budget=998451.5854989819, Position=0
2024-08-03 02:15:03,358 - INFO - Step: Action=Buy, Reward=-107.32212550507892, Portfolio Value=998451.5854989819, Budget=998344.2633734768, Position=100
2024-08-03 02:15:03,359 - INFO - Step: Action=Buy, Reward=-87.37930020292762, Portfolio Value=998431.6406791977, Budget=998256.8860677559, Position=200
2024-08-03 02:15:03,359 - INFO - Step: Action=Sell, Reward=76.2946341942345, Portfolio Value=998409.4797683266, Budget=998333.1829180412, Position=100
2024-08-03 02:15:03,360 - INFO - Step: Action=Hold, Reward=0.0028809184132609516, Portfolio Value=998438.2889524592, Budget=998333.1829180412, Position=100
2024-08-03 02:15:03,361 - INFO - Step: Action=Hold, Reward=-0.0011080455435672776, Portfolio Value=998427.2084970236, Budget=998333.1829180412, Position=100
2024-08-03 02:15:03,362 - INFO - Step: Action=Hold, Reward=-0.0015512637609848754, Portfolio Value=998411.6958594137, Budget=998333.1829180412, Position=100
2024-08-03 02:15:03,362 - INFO - Step: Action=Hold, Reward=-0.00022160910870879888, Portfolio Value=998409.4797683266, Budget=998333.1829180412, Position=100
2024-08-03 02:15:03,363 - INFO - Step: Action=Hold, Reward=0.0024377001958317125, Portfolio Value=998433.8567702849, Budget=998333.1829180412, Position=100
2024-08-03 02:15:03,364 - INFO - Step: Action=Hold, Reward=-0.0022160910871229134, Portfolio Value=998411.6958594137, Budget=998333.1829180412, Position=100
2024-08-03 02:15:03,365 - INFO - Step: Action=Hold, Reward=0.0022160910871229134, Portfolio Value=998433.8567702849, Budget=998333.1829180412, Position=100
2024-08-03 02:15:03,365 - INFO - Step: Action=Hold, Reward=-0.00022160910870879888, Portfolio Value=998431.6406791979, Budget=998333.1829180412, Position=100
2024-08-03 02:15:03,366 - INFO - Step: Action=Hold, Reward=-0.0008864364348584786, Portfolio Value=998422.7763148493, Budget=998333.1829180412, Position=100
2024-08-03 02:15:03,367 - INFO - Step: Action=Hold, Reward=0.0006648273261380382, Portfolio Value=998429.4245881106, Budget=998333.1829180412, Position=100
2024-08-03 02:15:03,368 - INFO - Step: Action=Hold, Reward=-0.0013296546522760765, Portfolio Value=998416.1280415879, Budget=998333.1829180412, Position=100
2024-08-03 02:15:03,368 - INFO - Step: Action=Sell, Reward=87.37774893916664, Portfolio Value=998420.5602237622, Budget=998420.5602237622, Position=0
2024-08-03 02:15:03,369 - INFO - Step: Action=Hold, Reward=0.0, Portfolio Value=998420.5602237622, Budget=998420.5602237622, Position=0
2024-08-03 02:15:03,370 - INFO - Step: Action=Sell, Reward=0.0, Portfolio Value=998420.5602237622, Budget=998420.5602237622, Position=0
2024-08-03 02:15:03,370 - INFO - Step: Action=Hold, Reward=0.0, Portfolio Value=998420.5602237622, Budget=998420.5602237622, Position=0
2024-08-03 02:15:03,371 - INFO - Step: Action=Hold, Reward=0.0, Portfolio Value=998420.5602237622, Budget=998420.5602237622, Position=0
2024-08-03 02:15:03,372 - INFO - Step: Action=Hold, Reward=0.0, Portfolio Value=998420.5602237622, Budget=998420.5602237622, Position=0
2024-08-03 02:15:03,372 - INFO - Step: Action=Hold, Reward=0.0, Portfolio Value=998420.5602237622, Budget=998420.5602237622, Position=0
2024-08-03 02:15:03,373 - INFO - Step: Action=Sell, Reward=0.0, Portfolio Value=998420.5602237622, Budget=998420.5602237622, Position=0
2024-08-03 02:15:03,374 - INFO - Step: Action=Sell, Reward=0.0, Portfolio Value=998420.5602237622, Budget=998420.5602237622, Position=0
2024-08-03 02:15:03,375 - INFO - Step: Action=Hold, Reward=0.0, Portfolio Value=998420.5602237622, Budget=998420.5602237622, Position=0
2024-08-03 02:15:03,375 - INFO - Step: Action=Hold, Reward=0.0, Portfolio Value=998420.5602237622, Budget=998420.5602237622, Position=0
2024-08-03 02:15:03,376 - INFO - Step: Action=Hold, Reward=0.0, Portfolio Value=998420.5602237622, Budget=998420.5602237622, Position=0
2024-08-03 02:15:03,377 - INFO - Step: Action=Buy, Reward=-91.80948789520026, Portfolio Value=998420.5602237622, Budget=998328.750735867, Position=100
2024-08-03 02:15:03,378 - INFO - Step: Action=Hold, Reward=-0.0037673548481194303, Portfolio Value=998382.886675281, Budget=998328.750735867, Position=100
2024-08-03 02:15:03,378 - INFO - Step: Action=Buy, Reward=-45.27246150199914, Portfolio Value=998374.0223109325, Budget=998283.4791608014, Position=200
2024-08-03 02:15:03,379 - INFO - Step: Action=Buy, Reward=-89.58453244372625, Portfolio Value=998462.6659544175, Budget=998193.8857639934, Position=300
2024-08-03 02:15:03,380 - INFO - Step: Action=Sell, Reward=98.46042046588138, Portfolio Value=998489.2590474632, Budget=998292.34352515, Position=200
2024-08-03 02:15:03,380 - INFO - Step: Action=Hold, Reward=0.0, Portfolio Value=998489.2590474632, Budget=998292.34352515, Position=200
2024-08-03 02:15:03,381 - INFO - Step: Action=Hold, Reward=0.006648273261368741, Portfolio Value=998555.7417800769, Budget=998292.34352515, Position=200
2024-08-03 02:15:03,382 - INFO - Step: Action=Sell, Reward=129.48259315811669, Portfolio Value=998551.3095979026, Budget=998421.8265615263, Position=100
2024-08-03 02:15:03,382 - INFO - Step: Action=Sell, Reward=100.6709713252891, Portfolio Value=998522.50041377, Budget=998522.50041377, Position=0
2024-08-03 02:15:03,383 - INFO - Step: Action=Hold, Reward=0.0, Portfolio Value=998522.50041377, Budget=998522.50041377, Position=0
2024-08-03 02:15:03,384 - INFO - Step: Action=Buy, Reward=-78.51294137244713, Portfolio Value=998522.50041377, Budget=998443.9874723975, Position=100
2024-08-03 02:15:03,385 - INFO - Step: Action=Hold, Reward=-0.0015512637609848754, Portfolio Value=998506.9877761601, Budget=998443.9874723975, Position=100
2024-08-03 02:15:03,385 - INFO - Step: Action=Hold, Reward=0.00022160910870879888, Portfolio Value=998509.2038672472, Budget=998443.9874723975, Position=100
2024-08-03 02:15:03,386 - INFO - Step: Action=Hold, Reward=-0.000886436434846837, Portfolio Value=998500.3395028987, Budget=998443.9874723975, Position=100
2024-08-03 02:15:03,387 - INFO - Step: Action=Buy, Reward=-51.92029154515828, Portfolio Value=998495.9073207245, Budget=998392.0676240706, Position=200
2024-08-03 02:15:03,388 - INFO - Step: Action=Buy, Reward=-94.01715783619471, Portfolio Value=998580.1187820352, Budget=998298.0420450883, Position=300
2024-08-03 02:15:03,389 - INFO - Step: Action=Hold, Reward=-0.007313100587506779, Portfolio Value=998506.9877761601, Budget=998298.0420450883, Position=300
2024-08-03 02:15:03,389 - INFO - Step: Action=Sell, Reward=51.91452970833175, Portfolio Value=998453.8015900691, Budget=998349.9618934152, Position=200
2024-08-03 02:15:03,390 - INFO - Step: Action=Sell, Reward=80.73479429639917, Portfolio Value=998511.4199583343, Budget=998430.6909258747, Position=100
2024-08-03 02:15:03,391 - INFO - Step: Action=Buy, Reward=-54.13859872337092, Portfolio Value=998484.8268652889, Budget=998376.5549864607, Position=200
2024-08-03 02:15:03,392 - INFO - Step: Action=Hold, Reward=-0.004875400391675066, Portfolio Value=998436.0728613721, Budget=998376.5549864607, Position=200
2024-08-03 02:15:03,392 - INFO - Step: Action=Hold, Reward=-0.002216091087134555, Portfolio Value=998413.9119505008, Budget=998376.5549864607, Position=200
2024-08-03 02:15:03,393 - INFO - Step: Action=Sell, Reward=23.111550630743924, Portfolio Value=998422.7763148494, Budget=998399.665650655, Position=100
2024-08-03 02:15:03,394 - INFO - Step: Action=Hold, Reward=-0.0019944819784141147, Portfolio Value=998402.8314950652, Budget=998399.665650655, Position=100
2024-08-03 02:15:03,395 - INFO - Step: Action=Hold, Reward=0.0028809184132609516, Portfolio Value=998431.6406791979, Budget=998399.665650655, Position=100
2024-08-03 02:15:03,395 - INFO - Step: Action=Hold, Reward=-0.0019944819784141147, Portfolio Value=998411.6958594137, Budget=998399.665650655, Position=100
2024-08-03 02:15:03,396 - INFO - Step: Action=Hold, Reward=-0.001108045543555636, Portfolio Value=998400.6154039782, Budget=998399.665650655, Position=100
2024-08-03 02:15:03,397 - INFO - Step: Action=Sell, Reward=-3.4828720694146327, Portfolio Value=998396.1832218039, Budget=998396.1832218039, Position=0
2024-08-03 02:15:03,398 - INFO - Step: Action=Sell, Reward=0.0, Portfolio Value=998396.1832218039, Budget=998396.1832218039, Position=0
2024-08-03 02:15:03,398 - INFO - Step: Action=Hold, Reward=0.0, Portfolio Value=998396.1832218039, Budget=998396.1832218039, Position=0
2024-08-03 02:15:03,399 - INFO - Step: Action=Hold, Reward=0.0, Portfolio Value=998396.1832218039, Budget=998396.1832218039, Position=0
2024-08-03 02:15:03,400 - INFO - Step: Action=Hold, Reward=0.0, Portfolio Value=998396.1832218039, Budget=998396.1832218039, Position=0
2024-08-03 02:15:03,400 - INFO - Step: Action=Sell, Reward=0.0, Portfolio Value=998396.1832218039, Budget=998396.1832218039, Position=0
2024-08-03 02:15:03,401 - INFO - Step: Action=Sell, Reward=0.0, Portfolio Value=998396.1832218039, Budget=998396.1832218039, Position=0
2024-08-03 02:15:03,402 - INFO - Step: Action=Hold, Reward=0.0, Portfolio Value=998396.1832218039, Budget=998396.1832218039, Position=0
2024-08-03 02:15:03,402 - INFO - Step: Action=Hold, Reward=0.0, Portfolio Value=998396.1832218039, Budget=998396.1832218039, Position=0
2024-08-03 02:15:03,403 - INFO - Step: Action=Hold, Reward=0.0, Portfolio Value=998396.1832218039, Budget=998396.1832218039, Position=0
2024-08-03 02:15:03,404 - INFO - Step: Action=Buy, Reward=0.0, Portfolio Value=998396.1832218039, Budget=998396.1832218039, Position=0
2024-08-03 02:15:03,405 - INFO - Step: Action=Hold, Reward=0.0, Portfolio Value=998396.1832218039, Budget=998396.1832218039, Position=0
2024-08-03 02:15:03,406 - INFO - Step: Action=Buy, Reward=0.0, Portfolio Value=998396.1832218039, Budget=998396.1832218039, Position=0
2024-08-03 02:15:03,406 - INFO - Step: Action=Hold, Reward=0.0, Portfolio Value=998396.1832218039, Budget=998396.1832218039, Position=0
2024-08-03 02:15:03,407 - INFO - Step: Action=Hold, Reward=0.0, Portfolio Value=998396.1832218039, Budget=998396.1832218039, Position=0
2024-08-03 02:15:03,408 - INFO - Step: Action=Hold, Reward=0.0, Portfolio Value=998396.1832218039, Budget=998396.1832218039, Position=0
2024-08-03 02:15:03,408 - INFO - Step: Action=Buy, Reward=-56.352030501191905, Portfolio Value=998396.1832218039, Budget=998339.8311913026, Position=100
2024-08-03 02:15:03,409 - INFO - Step: Action=Buy, Reward=-65.21550841325916, Portfolio Value=998405.0475861523, Budget=998274.6147964529, Position=200
2024-08-03 02:15:03,410 - INFO - Step: Action=Hold, Reward=-0.0004432182174292393, Portfolio Value=998400.615403978, Budget=998274.6147964529, Position=200
2024-08-03 02:15:03,410 - INFO - Step: Action=Hold, Reward=0.0022160910871229134, Portfolio Value=998422.7763148493, Budget=998274.6147964529, Position=200
2024-08-03 02:15:03,411 - INFO - Step: Action=Sell, Reward=67.43115628216724, Portfolio Value=998409.4797683265, Budget=998342.0472823897, Position=100
2024-08-03 02:15:03,412 - INFO - Step: Action=Hold, Reward=0.0008864364348584786, Portfolio Value=998418.3441326751, Budget=998342.0472823897, Position=100
2024-08-03 02:15:03,412 - INFO - Step: Action=Buy, Reward=-94.02380610945609, Portfolio Value=998436.072861372, Budget=998248.0217034074, Position=200
2024-08-03 02:15:03,413 - INFO - Step: Action=Hold, Reward=0.0013296546522760765, Portfolio Value=998449.3694078948, Budget=998248.0217034074, Position=200
2024-08-03 02:15:03,414 - INFO - Step: Action=Hold, Reward=-0.007977927913644817, Portfolio Value=998369.5901287583, Budget=998248.0217034074, Position=200
2024-08-03 02:15:03,414 - INFO - Step: Action=Hold, Reward=-0.0017728728697053158, Portfolio Value=998351.8614000613, Budget=998248.0217034074, Position=200
2024-08-03 02:15:03,415 - INFO - Step: Action=Hold, Reward=-0.000886436434846837, Portfolio Value=998342.9970357128, Budget=998248.0217034074, Position=200
2024-08-03 02:15:03,416 - INFO - Step: Action=Hold, Reward=-0.003102527521981392, Portfolio Value=998311.971760493, Budget=998248.0217034074, Position=200
2024-08-03 02:15:03,416 - INFO - Step: Action=Hold, Reward=-0.00044321821741759776, Portfolio Value=998307.5395783188, Budget=998248.0217034074, Position=200
2024-08-03 02:15:03,417 - INFO - Step: Action=Hold, Reward=0.002659309304540511, Portfolio Value=998334.1326713642, Budget=998248.0217034074, Position=200
2024-08-03 02:15:03,418 - INFO - Step: Action=Hold, Reward=-0.00354574573939899, Portfolio Value=998298.6752139702, Budget=998248.0217034074, Position=200
2024-08-03 02:15:03,419 - INFO - Step: Action=Hold, Reward=-0.000886436434846837, Portfolio Value=998289.8108496218, Budget=998248.0217034074, Position=200
2024-08-03 02:15:03,419 - INFO - Step: Action=Sell, Reward=0.9457643590970248, Portfolio Value=998249.9212100536, Budget=998248.9714567305, Position=100
2024-08-03 02:15:03,420 - INFO - Step: Action=Sell, Reward=-16.780748246820043, Portfolio Value=998232.1924813566, Budget=998232.1924813566, Position=0
2024-08-03 02:15:03,421 - INFO - Step: Action=Hold, Reward=0.0, Portfolio Value=998232.1924813566, Budget=998232.1924813566, Position=0
2024-08-03 02:15:03,421 - INFO - Step: Action=Hold, Reward=0.0, Portfolio Value=998232.1924813566, Budget=998232.1924813566, Position=0
2024-08-03 02:15:03,422 - INFO - Step: Action=Hold, Reward=0.0, Portfolio Value=998232.1924813566, Budget=998232.1924813566, Position=0
2024-08-03 02:15:03,423 - INFO - Step: Action=Hold, Reward=0.0, Portfolio Value=998232.1924813566, Budget=998232.1924813566, Position=0
2024-08-03 02:15:03,424 - INFO - Step: Action=Hold, Reward=0.0, Portfolio Value=998232.1924813566, Budget=998232.1924813566, Position=0
2024-08-03 02:15:03,425 - INFO - Step: Action=Hold, Reward=0.0, Portfolio Value=998232.1924813566, Budget=998232.1924813566, Position=0
2024-08-03 02:15:03,425 - INFO - Step: Action=Hold, Reward=0.0, Portfolio Value=998232.1924813566, Budget=998232.1924813566, Position=0
2024-08-03 02:15:03,426 - INFO - Step: Action=Hold, Reward=0.0, Portfolio Value=998232.1924813566, Budget=998232.1924813566, Position=0
2024-08-03 02:15:03,427 - INFO - Step: Action=Hold, Reward=0.0, Portfolio Value=998232.1924813566, Budget=998232.1924813566, Position=0
2024-08-03 02:15:03,428 - INFO - Step: Action=Hold, Reward=0.0, Portfolio Value=998232.1924813566, Budget=998232.1924813566, Position=0
2024-08-03 02:15:03,428 - INFO - Step: Action=Buy, Reward=-20.894573107183547, Portfolio Value=998232.1924813566, Budget=998211.2979082494, Position=100
2024-08-03 02:15:03,429 - INFO - Step: Action=Hold, Reward=0.00022160910872044042, Portfolio Value=998234.4085724438, Budget=998211.2979082494, Position=100
2024-08-03 02:15:03,430 - INFO - Step: Action=Hold, Reward=-0.0011080455435672776, Portfolio Value=998223.3281170081, Budget=998211.2979082494, Position=100
2024-08-03 02:15:03,431 - INFO - Step: Action=Hold, Reward=-0.0028809184132609516, Portfolio Value=998194.5189328755, Budget=998211.2979082494, Position=100
2024-08-03 02:15:03,432 - INFO - Step: Action=Hold, Reward=0.0013296546522760765, Portfolio Value=998207.8154793982, Budget=998211.2979082494, Position=100
2024-08-03 02:15:03,432 - INFO - Step: Action=Hold, Reward=0.0, Portfolio Value=998207.8154793982, Budget=998211.2979082494, Position=100
2024-08-03 02:15:03,433 - INFO - Step: Action=Hold, Reward=-0.000886436434846837, Portfolio Value=998198.9511150498, Budget=998211.2979082494, Position=100
2024-08-03 02:15:03,434 - INFO - Step: Action=Hold, Reward=0.0037673548481077885, Portfolio Value=998236.6246635308, Budget=998211.2979082494, Position=100
2024-08-03 02:15:03,435 - INFO - Step: Action=Hold, Reward=0.002437700195843354, Portfolio Value=998261.0016654893, Budget=998211.2979082494, Position=100
2024-08-03 02:15:03,435 - INFO - Step: Action=Sell, Reward=47.48744454358109, Portfolio Value=998258.7855744021, Budget=998258.7855744021, Position=0
2024-08-03 02:15:03,436 - INFO - Step: Action=Sell, Reward=0.0, Portfolio Value=998258.7855744021, Budget=998258.7855744021, Position=0
2024-08-03 02:15:03,437 - INFO - Step: Action=Sell, Reward=0.0, Portfolio Value=998258.7855744021, Budget=998258.7855744021, Position=0
2024-08-03 02:15:03,437 - INFO - Step: Action=Hold, Reward=0.0, Portfolio Value=998258.7855744021, Budget=998258.7855744021, Position=0
2024-08-03 02:15:03,438 - INFO - Step: Action=Sell, Reward=0.0, Portfolio Value=998258.7855744021, Budget=998258.7855744021, Position=0
2024-08-03 02:15:03,439 - INFO - Step: Action=Hold, Reward=0.0, Portfolio Value=998258.7855744021, Budget=998258.7855744021, Position=0
2024-08-03 02:15:03,439 - INFO - Step: Action=Hold, Reward=0.0, Portfolio Value=998258.7855744021, Budget=998258.7855744021, Position=0
2024-08-03 02:15:03,440 - INFO - Step: Action=Hold, Reward=0.0, Portfolio Value=998258.7855744021, Budget=998258.7855744021, Position=0
2024-08-03 02:15:03,441 - INFO - Step: Action=Hold, Reward=0.0, Portfolio Value=998258.7855744021, Budget=998258.7855744021, Position=0
2024-08-03 02:15:03,442 - INFO - Step: Action=Hold, Reward=0.0, Portfolio Value=998258.7855744021, Budget=998258.7855744021, Position=0
2024-08-03 02:15:03,442 - INFO - Step: Action=Hold, Reward=0.0, Portfolio Value=998258.7855744021, Budget=998258.7855744021, Position=0
2024-08-03 02:15:03,443 - INFO - Step: Action=Hold, Reward=0.0, Portfolio Value=998258.7855744021, Budget=998258.7855744021, Position=0
2024-08-03 02:15:03,444 - INFO - Step: Action=Hold, Reward=0.0, Portfolio Value=998258.7855744021, Budget=998258.7855744021, Position=0
2024-08-03 02:15:03,445 - INFO - Step: Action=Buy, Reward=-118.40258094070653, Portfolio Value=998258.7855744021, Budget=998140.3829934613, Position=100
2024-08-03 02:15:03,445 - INFO - Step: Action=Hold, Reward=-0.0008864364348584786, Portfolio Value=998249.9212100535, Budget=998140.3829934613, Position=100
2024-08-03 02:15:03,446 - INFO - Step: Action=Buy, Reward=-94.02713024608677, Portfolio Value=998234.4085724436, Budget=998046.357414479, Position=200
2024-08-03 02:15:03,447 - INFO - Step: Action=Hold, Reward=-0.001772872869693674, Portfolio Value=998216.6798437467, Budget=998046.357414479, Position=200
2024-08-03 02:15:03,448 - INFO - Step: Action=Hold, Reward=0.006205055043951142, Portfolio Value=998278.7303941862, Budget=998046.357414479, Position=200
2024-08-03 02:15:03,448 - INFO - Step: Action=Sell, Reward=116.18648985358101, Portfolio Value=998278.7303941861, Budget=998162.5439043326, Position=100
2024-08-03 02:15:03,449 - INFO - Step: Action=Hold, Reward=0.00022160910872044042, Portfolio Value=998280.9464852733, Budget=998162.5439043326, Position=100
2024-08-03 02:15:03,450 - INFO - Step: Action=Buy, Reward=-100.67562511657206, Portfolio Value=998263.2177565763, Budget=998061.8700520889, Position=200
2024-08-03 02:15:03,450 - INFO - Step: Action=Hold, Reward=0.002659309304552153, Portfolio Value=998289.8108496218, Budget=998061.8700520889, Position=200
2024-08-03 02:15:03,451 - INFO - Step: Action=Buy, Reward=-82.95132860174212, Portfolio Value=998227.7602991823, Budget=997978.9249285422, Position=300
2024-08-03 02:15:03,452 - INFO - Step: Action=Sell, Reward=94.02890311895648, Portfolio Value=998261.0016654892, Budget=998072.9505075245, Position=200
2024-08-03 02:15:03,453 - INFO - Step: Action=Hold, Reward=-0.000886436434846837, Portfolio Value=998252.1373011407, Budget=998072.9505075245, Position=200
2024-08-03 02:15:03,453 - INFO - Step: Action=Hold, Reward=0.004875400391675066, Portfolio Value=998300.8913050574, Budget=998072.9505075245, Position=200
2024-08-03 02:15:03,454 - INFO - Step: Action=Hold, Reward=0.0017728728697053158, Portfolio Value=998318.6200337545, Budget=998072.9505075245, Position=200
2024-08-03 02:15:03,455 - INFO - Step: Action=Hold, Reward=0.0022160910871229134, Portfolio Value=998340.7809446257, Budget=998072.9505075245, Position=200
2024-08-03 02:15:03,455 - INFO - Step: Action=Hold, Reward=-0.003102527521981392, Portfolio Value=998309.7556694059, Budget=998072.9505075245, Position=200
2024-08-03 02:15:03,456 - INFO - Step: Action=Hold, Reward=0.0013296546522760765, Portfolio Value=998323.0522159287, Budget=998072.9505075245, Position=200
2024-08-03 02:15:03,457 - INFO - Step: Action=Hold, Reward=0.0008864364348584786, Portfolio Value=998331.9165802773, Budget=998072.9505075245, Position=200
2024-08-03 02:15:03,457 - INFO - Step: Action=Hold, Reward=-0.0017728728697053158, Portfolio Value=998314.1878515802, Budget=998072.9505075245, Position=200
2024-08-03 02:15:03,458 - INFO - Step: Action=Hold, Reward=0.0022160910871229134, Portfolio Value=998336.3487624514, Budget=998072.9505075245, Position=200
2024-08-03 02:15:03,459 - INFO - Step: Action=Sell, Reward=162.73060773826091, Portfolio Value=998398.399312891, Budget=998235.6749102077, Position=100
2024-08-03 02:15:03,460 - INFO - Step: Action=Hold, Reward=0.0004432182174292393, Portfolio Value=998402.8314950652, Budget=998235.6749102077, Position=100
2024-08-03 02:15:03,461 - INFO - Step: Action=Sell, Reward=187.10339912357614, Portfolio Value=998422.7763148494, Budget=998422.7763148494, Position=0
2024-08-03 02:15:03,461 - INFO - Step: Action=Buy, Reward=-202.61404225147638, Portfolio Value=998422.7763148494, Budget=998220.1622725979, Position=100
2024-08-03 02:15:03,462 - INFO - Step: Action=Hold, Reward=0.0031025275219697507, Portfolio Value=998453.8015900691, Budget=998220.1622725979, Position=100
2024-08-03 02:15:03,463 - INFO - Step: Action=Sell, Reward=244.72088095240488, Portfolio Value=998464.8820455048, Budget=998464.8820455048, Position=0
2024-08-03 02:15:03,463 - INFO - Step: Action=Sell, Reward=0.0, Portfolio Value=998464.8820455048, Budget=998464.8820455048, Position=0
2024-08-03 02:15:03,464 - INFO - Step: Action=Sell, Reward=0.0, Portfolio Value=998464.8820455048, Budget=998464.8820455048, Position=0
2024-08-03 02:15:03,465 - INFO - Step: Action=Sell, Reward=0.0, Portfolio Value=998464.8820455048, Budget=998464.8820455048, Position=0
2024-08-03 02:15:03,466 - INFO - Step: Action=Sell, Reward=0.0, Portfolio Value=998464.8820455048, Budget=998464.8820455048, Position=0
2024-08-03 02:15:03,466 - INFO - Step: Action=Sell, Reward=0.0, Portfolio Value=998464.8820455048, Budget=998464.8820455048, Position=0
2024-08-03 02:15:03,467 - INFO - Step: Action=Sell, Reward=0.0, Portfolio Value=998464.8820455048, Budget=998464.8820455048, Position=0
2024-08-03 02:15:03,468 - INFO - Step: Action=Sell, Reward=0.0, Portfolio Value=998464.8820455048, Budget=998464.8820455048, Position=0
2024-08-03 02:15:03,469 - INFO - Step: Action=Sell, Reward=0.0, Portfolio Value=998464.8820455048, Budget=998464.8820455048, Position=0
2024-08-03 02:15:03,469 - INFO - Step: Action=Sell, Reward=0.0, Portfolio Value=998464.8820455048, Budget=998464.8820455048, Position=0
2024-08-03 02:15:03,470 - INFO - Step: Action=Sell, Reward=0.0, Portfolio Value=998464.8820455048, Budget=998464.8820455048, Position=0
2024-08-03 02:15:03,471 - INFO - Step: Action=Sell, Reward=0.0, Portfolio Value=998464.8820455048, Budget=998464.8820455048, Position=0
2024-08-03 02:15:03,472 - INFO - Step: Action=Sell, Reward=0.0, Portfolio Value=998464.8820455048, Budget=998464.8820455048, Position=0
2024-08-03 02:15:03,472 - INFO - Step: Action=Sell, Reward=0.0, Portfolio Value=998464.8820455048, Budget=998464.8820455048, Position=0
2024-08-03 02:15:03,473 - INFO - Step: Action=Sell, Reward=0.0, Portfolio Value=998464.8820455048, Budget=998464.8820455048, Position=0
2024-08-03 02:15:03,474 - INFO - Step: Action=Sell, Reward=0.0, Portfolio Value=998464.8820455048, Budget=998464.8820455048, Position=0
2024-08-03 02:15:03,475 - INFO - Step: Action=Sell, Reward=0.0, Portfolio Value=998464.8820455048, Budget=998464.8820455048, Position=0
2024-08-03 02:15:03,475 - INFO - Step: Action=Sell, Reward=0.0, Portfolio Value=998464.8820455048, Budget=998464.8820455048, Position=0
2024-08-03 02:15:03,476 - INFO - Step: Action=Sell, Reward=0.0, Portfolio Value=998464.8820455048, Budget=998464.8820455048, Position=0
2024-08-03 02:15:03,477 - INFO - Step: Action=Sell, Reward=0.0, Portfolio Value=998464.8820455048, Budget=998464.8820455048, Position=0
2024-08-03 02:15:03,477 - INFO - Step: Action=Sell, Reward=0.0, Portfolio Value=998464.8820455048, Budget=998464.8820455048, Position=0
2024-08-03 02:15:03,478 - INFO - Step: Action=Sell, Reward=0.0, Portfolio Value=998464.8820455048, Budget=998464.8820455048, Position=0
2024-08-03 02:15:03,479 - INFO - Step: Action=Sell, Reward=0.0, Portfolio Value=998464.8820455048, Budget=998464.8820455048, Position=0
2024-08-03 02:15:03,480 - INFO - Step: Action=Sell, Reward=0.0, Portfolio Value=998464.8820455048, Budget=998464.8820455048, Position=0
2024-08-03 02:15:03,481 - INFO - Step: Action=Sell, Reward=0.0, Portfolio Value=998464.8820455048, Budget=998464.8820455048, Position=0
2024-08-03 02:15:03,481 - INFO - Step: Action=Sell, Reward=0.0, Portfolio Value=998464.8820455048, Budget=998464.8820455048, Position=0
2024-08-03 02:15:03,482 - INFO - Step: Action=Sell, Reward=0.0, Portfolio Value=998464.8820455048, Budget=998464.8820455048, Position=0
2024-08-03 02:15:03,483 - INFO - Step: Action=Sell, Reward=0.0, Portfolio Value=998464.8820455048, Budget=998464.8820455048, Position=0
2024-08-03 02:15:03,483 - INFO - Step: Action=Sell, Reward=0.0, Portfolio Value=998464.8820455048, Budget=998464.8820455048, Position=0
2024-08-03 02:15:03,484 - INFO - Step: Action=Sell, Reward=0.0, Portfolio Value=998464.8820455048, Budget=998464.8820455048, Position=0
2024-08-03 02:15:03,485 - INFO - Step: Action=Sell, Reward=0.0, Portfolio Value=998464.8820455048, Budget=998464.8820455048, Position=0
2024-08-03 02:15:03,485 - INFO - Step: Action=Hold, Reward=0.0, Portfolio Value=998464.8820455048, Budget=998464.8820455048, Position=0
2024-08-03 02:15:03,486 - INFO - Step: Action=Sell, Reward=0.0, Portfolio Value=998464.8820455048, Budget=998464.8820455048, Position=0
2024-08-03 02:15:03,487 - INFO - Step: Action=Sell, Reward=0.0, Portfolio Value=998464.8820455048, Budget=998464.8820455048, Position=0
2024-08-03 02:15:03,488 - INFO - Step: Action=Sell, Reward=0.0, Portfolio Value=998464.8820455048, Budget=998464.8820455048, Position=0
2024-08-03 02:15:03,488 - INFO - Step: Action=Sell, Reward=0.0, Portfolio Value=998464.8820455048, Budget=998464.8820455048, Position=0
2024-08-03 02:15:03,489 - INFO - Step: Action=Sell, Reward=0.0, Portfolio Value=998464.8820455048, Budget=998464.8820455048, Position=0
2024-08-03 02:15:03,490 - INFO - Step: Action=Sell, Reward=0.0, Portfolio Value=998464.8820455048, Budget=998464.8820455048, Position=0
2024-08-03 02:15:03,492 - INFO - Step: Action=Sell, Reward=0.0, Portfolio Value=998464.8820455048, Budget=998464.8820455048, Position=0
2024-08-03 02:15:03,493 - INFO - Step: Action=Sell, Reward=0.0, Portfolio Value=998464.8820455048, Budget=998464.8820455048, Position=0
2024-08-03 02:15:03,494 - INFO - Step: Action=Sell, Reward=0.0, Portfolio Value=998464.8820455048, Budget=998464.8820455048, Position=0
2024-08-03 02:15:03,494 - INFO - Step: Action=Sell, Reward=0.0, Portfolio Value=998464.8820455048, Budget=998464.8820455048, Position=0
2024-08-03 02:15:03,495 - INFO - Step: Action=Sell, Reward=0.0, Portfolio Value=998464.8820455048, Budget=998464.8820455048, Position=0
2024-08-03 02:15:03,496 - INFO - Step: Action=Sell, Reward=0.0, Portfolio Value=998464.8820455048, Budget=998464.8820455048, Position=0
2024-08-03 02:15:03,497 - INFO - Step: Action=Sell, Reward=0.0, Portfolio Value=998464.8820455048, Budget=998464.8820455048, Position=0
2024-08-03 02:15:03,498 - INFO - Step: Action=Sell, Reward=0.0, Portfolio Value=998464.8820455048, Budget=998464.8820455048, Position=0
2024-08-03 02:15:03,498 - INFO - Step: Action=Sell, Reward=0.0, Portfolio Value=998464.8820455048, Budget=998464.8820455048, Position=0
2024-08-03 02:15:03,499 - INFO - Step: Action=Hold, Reward=0.0, Portfolio Value=998464.8820455048, Budget=998464.8820455048, Position=0
2024-08-03 02:15:03,500 - INFO - Step: Action=Sell, Reward=0.0, Portfolio Value=998464.8820455048, Budget=998464.8820455048, Position=0
2024-08-03 02:15:03,500 - INFO - Step: Action=Sell, Reward=0.0, Portfolio Value=998464.8820455048, Budget=998464.8820455048, Position=0
2024-08-03 02:15:03,501 - INFO - Step: Action=Hold, Reward=0.0, Portfolio Value=998464.8820455048, Budget=998464.8820455048, Position=0
2024-08-03 02:15:03,502 - INFO - Step: Action=Sell, Reward=0.0, Portfolio Value=998464.8820455048, Budget=998464.8820455048, Position=0
2024-08-03 02:15:03,503 - INFO - Step: Action=Hold, Reward=0.0, Portfolio Value=998464.8820455048, Budget=998464.8820455048, Position=0
2024-08-03 02:15:03,503 - INFO - Step: Action=Sell, Reward=0.0, Portfolio Value=998464.8820455048, Budget=998464.8820455048, Position=0
2024-08-03 02:15:03,504 - INFO - Step: Action=Hold, Reward=0.0, Portfolio Value=998464.8820455048, Budget=998464.8820455048, Position=0
2024-08-03 02:15:03,505 - INFO - Step: Action=Hold, Reward=0.0, Portfolio Value=998464.8820455048, Budget=998464.8820455048, Position=0
2024-08-03 02:15:03,505 - INFO - Step: Action=Sell, Reward=0.0, Portfolio Value=998464.8820455048, Budget=998464.8820455048, Position=0
2024-08-03 02:15:03,506 - INFO - Step: Action=Sell, Reward=0.0, Portfolio Value=998464.8820455048, Budget=998464.8820455048, Position=0
2024-08-03 02:15:03,507 - INFO - Step: Action=Sell, Reward=0.0, Portfolio Value=998464.8820455048, Budget=998464.8820455048, Position=0
2024-08-03 02:15:03,508 - INFO - Step: Action=Hold, Reward=0.0, Portfolio Value=998464.8820455048, Budget=998464.8820455048, Position=0
2024-08-03 02:15:03,508 - INFO - Step: Action=Sell, Reward=0.0, Portfolio Value=998464.8820455048, Budget=998464.8820455048, Position=0
2024-08-03 02:15:03,509 - INFO - Step: Action=Sell, Reward=0.0, Portfolio Value=998464.8820455048, Budget=998464.8820455048, Position=0
2024-08-03 02:15:03,510 - INFO - Step: Action=Sell, Reward=0.0, Portfolio Value=998464.8820455048, Budget=998464.8820455048, Position=0
2024-08-03 02:15:03,511 - INFO - Step: Action=Sell, Reward=0.0, Portfolio Value=998464.8820455048, Budget=998464.8820455048, Position=0
2024-08-03 02:15:03,511 - INFO - Step: Action=Sell, Reward=0.0, Portfolio Value=998464.8820455048, Budget=998464.8820455048, Position=0
2024-08-03 02:15:03,512 - INFO - Step: Action=Sell, Reward=0.0, Portfolio Value=998464.8820455048, Budget=998464.8820455048, Position=0
2024-08-03 02:15:03,513 - INFO - Step: Action=Sell, Reward=0.0, Portfolio Value=998464.8820455048, Budget=998464.8820455048, Position=0
2024-08-03 02:15:03,514 - INFO - Step: Action=Sell, Reward=0.0, Portfolio Value=998464.8820455048, Budget=998464.8820455048, Position=0
2024-08-03 02:15:03,514 - INFO - Step: Action=Sell, Reward=0.0, Portfolio Value=998464.8820455048, Budget=998464.8820455048, Position=0
2024-08-03 02:15:03,515 - INFO - Step: Action=Hold, Reward=0.0, Portfolio Value=998464.8820455048, Budget=998464.8820455048, Position=0
2024-08-03 02:15:03,516 - INFO - Step: Action=Hold, Reward=0.0, Portfolio Value=998464.8820455048, Budget=998464.8820455048, Position=0
2024-08-03 02:15:03,517 - INFO - Step: Action=Sell, Reward=0.0, Portfolio Value=998464.8820455048, Budget=998464.8820455048, Position=0
2024-08-03 02:15:03,517 - INFO - Step: Action=Sell, Reward=0.0, Portfolio Value=998464.8820455048, Budget=998464.8820455048, Position=0
2024-08-03 02:15:03,518 - INFO - Step: Action=Sell, Reward=0.0, Portfolio Value=998464.8820455048, Budget=998464.8820455048, Position=0
2024-08-03 02:15:03,519 - INFO - Step: Action=Sell, Reward=0.0, Portfolio Value=998464.8820455048, Budget=998464.8820455048, Position=0
2024-08-03 02:15:03,520 - INFO - Step: Action=Hold, Reward=0.0, Portfolio Value=998464.8820455048, Budget=998464.8820455048, Position=0
2024-08-03 02:15:03,520 - INFO - Step: Action=Hold, Reward=0.0, Portfolio Value=998464.8820455048, Budget=998464.8820455048, Position=0
2024-08-03 02:15:03,521 - INFO - Step: Action=Hold, Reward=0.0, Portfolio Value=998464.8820455048, Budget=998464.8820455048, Position=0
2024-08-03 02:15:03,522 - INFO - Step: Action=Buy, Reward=-20.894573107183547, Portfolio Value=998464.8820455048, Budget=998443.9874723976, Position=100
2024-08-03 02:15:03,523 - INFO - Step: Action=Buy, Reward=-23.110442585200346, Portfolio Value=998467.098136592, Budget=998420.8768082033, Position=200
2024-08-03 02:15:03,523 - INFO - Step: Action=Hold, Reward=0.0013296546522760765, Portfolio Value=998480.3946831147, Budget=998420.8768082033, Position=200
2024-08-03 02:15:03,524 - INFO - Step: Action=Hold, Reward=0.006648273261368741, Portfolio Value=998546.8774157284, Budget=998420.8768082033, Position=200
2024-08-03 02:15:03,525 - INFO - Step: Action=Sell, Reward=107.33098986942741, Portfolio Value=998635.5210592134, Budget=998528.1989337084, Position=100
2024-08-03 02:15:03,526 - INFO - Step: Action=Hold, Reward=-0.0019944819784141147, Portfolio Value=998615.5762394293, Budget=998528.1989337084, Position=100
2024-08-03 02:15:03,526 - INFO - Step: Action=Hold, Reward=-0.001108045543555636, Portfolio Value=998604.4957839937, Budget=998528.1989337084, Position=100
2024-08-03 02:15:03,527 - INFO - Step: Action=Hold, Reward=0.0028809184132609516, Portfolio Value=998633.3049681264, Budget=998528.1989337084, Position=100
2024-08-03 02:15:03,528 - INFO - Step: Action=Hold, Reward=-0.0011080455435672776, Portfolio Value=998622.2245126907, Budget=998528.1989337084, Position=100
2024-08-03 02:15:03,529 - INFO - Step: Action=Sell, Reward=78.51139010868614, Portfolio Value=998606.7118750808, Budget=998606.7118750808, Position=0
2024-08-03 02:15:03,529 - INFO - Step: Action=Hold, Reward=0.0, Portfolio Value=998606.7118750808, Budget=998606.7118750808, Position=0
2024-08-03 02:15:03,530 - INFO - Step: Action=Hold, Reward=0.0, Portfolio Value=998606.7118750808, Budget=998606.7118750808, Position=0
2024-08-03 02:15:03,531 - INFO - Step: Action=Buy, Reward=-78.51294137244713, Portfolio Value=998606.7118750808, Budget=998528.1989337084, Position=100
2024-08-03 02:15:03,532 - INFO - Step: Action=Hold, Reward=0.0022160910871229134, Portfolio Value=998628.8727859521, Budget=998528.1989337084, Position=100
2024-08-03 02:15:03,532 - INFO - Step: Action=Hold, Reward=-0.00022160910870879888, Portfolio Value=998626.656694865, Budget=998528.1989337084, Position=100
2024-08-03 02:15:03,533 - INFO - Step: Action=Sell, Reward=89.59251037163989, Portfolio Value=998617.7923305164, Budget=998617.7923305164, Position=0
2024-08-03 02:15:03,534 - INFO - Step: Action=Hold, Reward=0.0, Portfolio Value=998617.7923305164, Budget=998617.7923305164, Position=0
2024-08-03 02:15:03,535 - INFO - Step: Action=Hold, Reward=0.0, Portfolio Value=998617.7923305164, Budget=998617.7923305164, Position=0
2024-08-03 02:15:03,535 - INFO - Step: Action=Hold, Reward=0.0, Portfolio Value=998617.7923305164, Budget=998617.7923305164, Position=0
2024-08-03 02:15:03,536 - INFO - Step: Action=Buy, Reward=-67.43248593681952, Portfolio Value=998617.7923305164, Budget=998550.3598445796, Position=100
2024-08-03 02:15:03,537 - INFO - Step: Action=Hold, Reward=0.0017728728697053158, Portfolio Value=998635.5210592134, Budget=998550.3598445796, Position=100
2024-08-03 02:15:03,538 - INFO - Step: Action=Hold, Reward=0.0006648273261380382, Portfolio Value=998642.1693324748, Budget=998550.3598445796, Position=100
2024-08-03 02:15:03,538 - INFO - Step: Action=Sell, Reward=109.53998946507413, Portfolio Value=998659.8980611718, Budget=998659.8980611718, Position=0
2024-08-03 02:15:03,539 - INFO - Step: Action=Hold, Reward=0.0, Portfolio Value=998659.8980611718, Budget=998659.8980611718, Position=0
2024-08-03 02:15:03,540 - INFO - Step: Action=Sell, Reward=0.0, Portfolio Value=998659.8980611718, Budget=998659.8980611718, Position=0
2024-08-03 02:15:03,541 - INFO - Step: Action=Hold, Reward=0.0, Portfolio Value=998659.8980611718, Budget=998659.8980611718, Position=0
2024-08-03 02:15:03,541 - INFO - Step: Action=Hold, Reward=0.0, Portfolio Value=998659.8980611718, Budget=998659.8980611718, Position=0
2024-08-03 02:15:03,542 - INFO - Step: Action=Buy, Reward=-122.83476311495758, Portfolio Value=998659.8980611718, Budget=998537.0632980568, Position=100
2024-08-03 02:15:03,543 - INFO - Step: Action=Sell, Reward=122.83476311495758, Portfolio Value=998659.8980611718, Budget=998659.8980611718, Position=0
2024-08-03 02:15:03,544 - INFO - Step: Action=Hold, Reward=0.0, Portfolio Value=998659.8980611718, Budget=998659.8980611718, Position=0
2024-08-03 02:15:03,544 - INFO - Step: Action=Hold, Reward=0.0, Portfolio Value=998659.8980611718, Budget=998659.8980611718, Position=0
2024-08-03 02:15:03,545 - INFO - Step: Action=Hold, Reward=0.0, Portfolio Value=998659.8980611718, Budget=998659.8980611718, Position=0
2024-08-03 02:15:03,546 - INFO - Step: Action=Hold, Reward=0.0, Portfolio Value=998659.8980611718, Budget=998659.8980611718, Position=0
2024-08-03 02:15:03,547 - INFO - Step: Action=Sell, Reward=0.0, Portfolio Value=998659.8980611718, Budget=998659.8980611718, Position=0
2024-08-03 02:15:03,547 - INFO - Step: Action=Hold, Reward=0.0, Portfolio Value=998659.8980611718, Budget=998659.8980611718, Position=0
2024-08-03 02:15:03,548 - INFO - Step: Action=Hold, Reward=0.0, Portfolio Value=998659.8980611718, Budget=998659.8980611718, Position=0
2024-08-03 02:15:03,549 - INFO - Step: Action=Hold, Reward=0.0, Portfolio Value=998659.8980611718, Budget=998659.8980611718, Position=0
2024-08-03 02:15:03,550 - INFO - Step: Action=Hold, Reward=0.0, Portfolio Value=998659.8980611718, Budget=998659.8980611718, Position=0
2024-08-03 02:15:03,550 - INFO - Step: Action=Hold, Reward=0.0, Portfolio Value=998659.8980611718, Budget=998659.8980611718, Position=0
2024-08-03 02:15:03,551 - INFO - Step: Action=Sell, Reward=0.0, Portfolio Value=998659.8980611718, Budget=998659.8980611718, Position=0
2024-08-03 02:15:03,552 - INFO - Step: Action=Sell, Reward=0.0, Portfolio Value=998659.8980611718, Budget=998659.8980611718, Position=0
2024-08-03 02:15:03,553 - INFO - Step: Action=Sell, Reward=0.0, Portfolio Value=998659.8980611718, Budget=998659.8980611718, Position=0
2024-08-03 02:15:03,553 - INFO - Step: Action=Buy, Reward=-65.216394849694, Portfolio Value=998659.8980611718, Budget=998594.681666322, Position=100
2024-08-03 02:15:03,554 - INFO - Step: Action=Hold, Reward=-0.000886436434846837, Portfolio Value=998651.0336968233, Budget=998594.681666322, Position=100
2024-08-03 02:15:03,555 - INFO - Step: Action=Hold, Reward=-0.0004432182174292393, Portfolio Value=998646.601514649, Budget=998594.681666322, Position=100
2024-08-03 02:15:03,556 - INFO - Step: Action=Hold, Reward=0.004210573065537028, Portfolio Value=998688.7072453044, Budget=998594.681666322, Position=100
2024-08-03 02:15:03,556 - INFO - Step: Action=Hold, Reward=-0.0024377001958317125, Portfolio Value=998664.330243346, Budget=998594.681666322, Position=100
2024-08-03 02:15:03,557 - INFO - Step: Action=Hold, Reward=-0.0017728728697053158, Portfolio Value=998646.601514649, Budget=998594.681666322, Position=100
2024-08-03 02:15:03,558 - INFO - Step: Action=Hold, Reward=0.0028809184132609516, Portfolio Value=998675.4106987816, Budget=998594.681666322, Position=100
2024-08-03 02:15:03,559 - INFO - Step: Action=Hold, Reward=-0.002659309304552153, Portfolio Value=998648.8176057361, Budget=998594.681666322, Position=100
2024-08-03 02:15:03,560 - INFO - Step: Action=Hold, Reward=-0.0024377001958317125, Portfolio Value=998624.4406037778, Budget=998594.681666322, Position=100
2024-08-03 02:15:03,560 - INFO - Step: Action=Buy, Reward=-18.679590065601587, Portfolio Value=998613.3601483421, Budget=998576.003184302, Position=200
2024-08-03 02:15:03,561 - INFO - Step: Action=Hold, Reward=0.0008864364348584786, Portfolio Value=998622.2245126907, Budget=998576.003184302, Position=200
2024-08-03 02:15:03,562 - INFO - Step: Action=Hold, Reward=-0.003988963956828229, Portfolio Value=998582.3348731224, Budget=998576.003184302, Position=200
2024-08-03 02:15:03,562 - INFO - Step: Action=Hold, Reward=0.005761836826521903, Portfolio Value=998639.9532413876, Budget=998576.003184302, Position=200
2024-08-03 02:15:03,563 - INFO - Step: Action=Hold, Reward=-0.003988963956828229, Portfolio Value=998600.0636018193, Budget=998576.003184302, Position=200
2024-08-03 02:15:03,564 - INFO - Step: Action=Hold, Reward=-0.0022160910871229134, Portfolio Value=998577.9026909481, Budget=998576.003184302, Position=200
2024-08-03 02:15:03,565 - INFO - Step: Action=Hold, Reward=-0.000886436434846837, Portfolio Value=998569.0383265996, Budget=998576.003184302, Position=200
2024-08-03 02:15:03,565 - INFO - Step: Action=Buy, Reward=-0.0013296546522760765, Portfolio Value=998555.7417800769, Budget=998576.003184302, Position=200
2024-08-03 02:15:03,566 - INFO - Step: Action=Sell, Reward=-16.780305028602616, Portfolio Value=998542.4452335541, Budget=998559.2242089281, Position=100
2024-08-03 02:15:03,567 - INFO - Step: Action=Hold, Reward=-0.000886436434846837, Portfolio Value=998533.5808692056, Budget=998559.2242089281, Position=100
2024-08-03 02:15:03,568 - INFO - Step: Action=Hold, Reward=0.0006648273261380382, Portfolio Value=998540.229142467, Budget=998559.2242089281, Position=100
2024-08-03 02:15:03,569 - INFO - Step: Action=Hold, Reward=0.0, Portfolio Value=998540.229142467, Budget=998559.2242089281, Position=100
2024-08-03 02:15:03,569 - INFO - Step: Action=Hold, Reward=0.001108045543555636, Portfolio Value=998551.3095979026, Budget=998559.2242089281, Position=100
2024-08-03 02:15:03,570 - INFO - Step: Action=Buy, Reward=-16.459953232736655, Portfolio Value=998575.686599861, Budget=998542.7618179951, Position=200
2024-08-03 02:15:03,571 - INFO - Step: Action=Sell, Reward=-7.919486425839936, Portfolio Value=998526.9325959441, Budget=998534.8472069696, Position=100
2024-08-03 02:15:03,572 - INFO - Step: Action=Hold, Reward=-0.0006648273261380382, Portfolio Value=998520.2843226828, Budget=998534.8472069696, Position=100
2024-08-03 02:15:03,573 - INFO - Step: Action=Hold, Reward=0.0, Portfolio Value=998520.2843226828, Budget=998534.8472069696, Position=100
2024-08-03 02:15:03,573 - INFO - Step: Action=Buy, Reward=0.0006648273261380382, Portfolio Value=998526.9325959441, Budget=998534.8472069696, Position=100
2024-08-03 02:15:03,574 - INFO - Step: Action=Sell, Reward=-12.347236417916712, Portfolio Value=998522.50041377, Budget=998522.50041377, Position=0
2024-08-03 02:15:03,575 - INFO - Step: Action=Sell, Reward=0.0, Portfolio Value=998522.50041377, Budget=998522.50041377, Position=0
2024-08-03 02:15:03,576 - INFO - Step: Action=Buy, Reward=-82.94512354669817, Portfolio Value=998522.50041377, Budget=998439.5552902233, Position=100
2024-08-03 02:15:03,577 - INFO - Step: Action=Sell, Reward=71.863560065527, Portfolio Value=998511.4199583344, Budget=998511.4199583344, Position=0
2024-08-03 02:15:03,577 - INFO - Step: Action=Sell, Reward=0.0, Portfolio Value=998511.4199583344, Budget=998511.4199583344, Position=0
2024-08-03 02:15:03,578 - INFO - Step: Action=Hold, Reward=0.0, Portfolio Value=998511.4199583344, Budget=998511.4199583344, Position=0
2024-08-03 02:15:03,579 - INFO - Step: Action=Hold, Reward=0.0, Portfolio Value=998511.4199583344, Budget=998511.4199583344, Position=0
2024-08-03 02:15:03,580 - INFO - Step: Action=Buy, Reward=-74.08075919819609, Portfolio Value=998511.4199583344, Budget=998437.3391991362, Position=100
2024-08-03 02:15:03,581 - INFO - Step: Action=Hold, Reward=-0.0006648273261380382, Portfolio Value=998504.771685073, Budget=998437.3391991362, Position=100
2024-08-03 02:15:03,581 - INFO - Step: Action=Hold, Reward=0.0008864364348584786, Portfolio Value=998513.6360494216, Budget=998437.3391991362, Position=100
2024-08-03 02:15:03,582 - INFO - Step: Action=Hold, Reward=0.001772872869693674, Portfolio Value=998531.3647781186, Budget=998437.3391991362, Position=100
2024-08-03 02:15:03,583 - INFO - Step: Action=Hold, Reward=0.0006648273261380382, Portfolio Value=998538.0130513799, Budget=998437.3391991362, Position=100
2024-08-03 02:15:03,584 - INFO - Step: Action=Hold, Reward=-0.003988963956828229, Portfolio Value=998498.1234118117, Budget=998437.3391991362, Position=100
2024-08-03 02:15:03,584 - INFO - Step: Action=Hold, Reward=-0.000886436434846837, Portfolio Value=998489.2590474632, Budget=998437.3391991362, Position=100
2024-08-03 02:15:03,585 - INFO - Step: Action=Sell, Reward=47.487222934472385, Portfolio Value=998484.8268652889, Budget=998484.8268652889, Position=0
2024-08-03 02:15:03,586 - INFO - Step: Action=Hold, Reward=0.0, Portfolio Value=998484.8268652889, Budget=998484.8268652889, Position=0
2024-08-03 02:15:03,587 - INFO - Step: Action=Buy, Reward=-29.758937455685636, Portfolio Value=998484.8268652889, Budget=998455.0679278332, Position=100
2024-08-03 02:15:03,588 - INFO - Step: Action=Hold, Reward=0.0013296546522760765, Portfolio Value=998498.1234118117, Budget=998455.0679278332, Position=100
2024-08-03 02:15:03,588 - INFO - Step: Action=Hold, Reward=-0.0017728728697053158, Portfolio Value=998480.3946831146, Budget=998455.0679278332, Position=100
2024-08-03 02:15:03,589 - INFO - Step: Action=Hold, Reward=-0.0004432182174292393, Portfolio Value=998475.9625009403, Budget=998455.0679278332, Position=100
2024-08-03 02:15:03,590 - INFO - Step: Action=Sell, Reward=0.947758841075439, Portfolio Value=998456.0176811563, Budget=998456.0176811563, Position=0
2024-08-03 02:15:03,591 - INFO - Step: Action=Hold, Reward=0.0, Portfolio Value=998456.0176811563, Budget=998456.0176811563, Position=0
2024-08-03 02:15:03,591 - INFO - Step: Action=Hold, Reward=0.0, Portfolio Value=998456.0176811563, Budget=998456.0176811563, Position=0
2024-08-03 02:15:03,592 - INFO - Step: Action=Hold, Reward=0.0, Portfolio Value=998456.0176811563, Budget=998456.0176811563, Position=0
2024-08-03 02:15:03,593 - INFO - Step: Action=Hold, Reward=0.0, Portfolio Value=998456.0176811563, Budget=998456.0176811563, Position=0
2024-08-03 02:15:03,594 - INFO - Step: Action=Hold, Reward=0.0, Portfolio Value=998456.0176811563, Budget=998456.0176811563, Position=0
2024-08-03 02:15:03,594 - INFO - Step: Action=Sell, Reward=0.0, Portfolio Value=998456.0176811563, Budget=998456.0176811563, Position=0
2024-08-03 02:15:03,595 - INFO - Step: Action=Hold, Reward=0.0, Portfolio Value=998456.0176811563, Budget=998456.0176811563, Position=0
2024-08-03 02:15:03,596 - INFO - Step: Action=Sell, Reward=0.0, Portfolio Value=998456.0176811563, Budget=998456.0176811563, Position=0
2024-08-03 02:15:03,596 - INFO - Step: Action=Hold, Reward=0.0, Portfolio Value=998456.0176811563, Budget=998456.0176811563, Position=0
2024-08-03 02:15:03,597 - INFO - Step: Action=Buy, Reward=-45.27157506556429, Portfolio Value=998456.0176811563, Budget=998410.7461060907, Position=100
2024-08-03 02:15:03,598 - INFO - Step: Action=Hold, Reward=-0.0015512637609848754, Portfolio Value=998440.5050435464, Budget=998410.7461060907, Position=100
2024-08-03 02:15:03,599 - INFO - Step: Action=Sell, Reward=20.89368667074869, Portfolio Value=998431.6406791979, Budget=998431.6406791979, Position=0
2024-08-03 02:15:03,599 - INFO - Step: Action=Hold, Reward=0.0, Portfolio Value=998431.6406791979, Budget=998431.6406791979, Position=0
2024-08-03 02:15:03,600 - INFO - Step: Action=Hold, Reward=0.0, Portfolio Value=998431.6406791979, Budget=998431.6406791979, Position=0
2024-08-03 02:15:03,601 - INFO - Step: Action=Hold, Reward=0.0, Portfolio Value=998431.6406791979, Budget=998431.6406791979, Position=0
2024-08-03 02:15:03,601 - INFO - Step: Action=Hold, Reward=0.0, Portfolio Value=998431.6406791979, Budget=998431.6406791979, Position=0
2024-08-03 02:15:03,602 - INFO - Step: Action=Buy, Reward=0.0, Portfolio Value=998431.6406791979, Budget=998431.6406791979, Position=0
2024-08-03 02:15:03,603 - INFO - Step: Action=Hold, Reward=0.0, Portfolio Value=998431.6406791979, Budget=998431.6406791979, Position=0
2024-08-03 02:15:03,604 - INFO - Step: Action=Hold, Reward=0.0, Portfolio Value=998431.6406791979, Budget=998431.6406791979, Position=0
2024-08-03 02:15:03,604 - INFO - Step: Action=Hold, Reward=0.0, Portfolio Value=998431.6406791979, Budget=998431.6406791979, Position=0
2024-08-03 02:15:03,605 - INFO - Step: Action=Hold, Reward=0.0, Portfolio Value=998431.6406791979, Budget=998431.6406791979, Position=0
2024-08-03 02:15:03,606 - INFO - Step: Action=Hold, Reward=0.0, Portfolio Value=998431.6406791979, Budget=998431.6406791979, Position=0
2024-08-03 02:15:03,606 - INFO - Step: Action=Hold, Reward=0.0, Portfolio Value=998431.6406791979, Budget=998431.6406791979, Position=0
2024-08-03 02:15:03,607 - INFO - Step: Action=Hold, Reward=0.0, Portfolio Value=998431.6406791979, Budget=998431.6406791979, Position=0
2024-08-03 02:15:03,608 - INFO - Step: Action=Buy, Reward=-63.00030376256848, Portfolio Value=998431.6406791979, Budget=998368.6403754352, Position=100
2024-08-03 02:15:03,609 - INFO - Step: Action=Hold, Reward=0.00044321821741759776, Portfolio Value=998436.072861372, Budget=998368.6403754352, Position=100
2024-08-03 02:15:03,609 - INFO - Step: Action=Hold, Reward=-0.00022160910870879888, Portfolio Value=998433.8567702849, Budget=998368.6403754352, Position=100
2024-08-03 02:15:03,610 - INFO - Step: Action=Hold, Reward=0.000886436434846837, Portfolio Value=998442.7211346334, Budget=998368.6403754352, Position=100
2024-08-03 02:15:03,611 - INFO - Step: Action=Hold, Reward=0.003102527521981392, Portfolio Value=998473.7464098532, Budget=998368.6403754352, Position=100
2024-08-03 02:15:03,612 - INFO - Step: Action=Sell, Reward=118.40391059535881, Portfolio Value=998487.042956376, Budget=998487.042956376, Position=0
2024-08-03 02:15:03,612 - INFO - Step: Action=Buy, Reward=-111.75430767932997, Portfolio Value=998487.042956376, Budget=998375.2886486966, Position=100
2024-08-03 02:15:03,613 - INFO - Step: Action=Buy, Reward=-116.1860466353636, Portfolio Value=998491.4751385503, Budget=998259.1021588431, Position=200
2024-08-03 02:15:03,614 - INFO - Step: Action=Hold, Reward=0.00044321821741759776, Portfolio Value=998495.9073207245, Budget=998259.1021588431, Position=200
2024-08-03 02:15:03,615 - INFO - Step: Action=Hold, Reward=0.0, Portfolio Value=998495.9073207245, Budget=998259.1021588431, Position=200
2024-08-03 02:15:03,616 - INFO - Step: Action=Hold, Reward=-0.001772872869693674, Portfolio Value=998478.1785920275, Budget=998259.1021588431, Position=200
2024-08-03 02:15:03,616 - INFO - Step: Action=Hold, Reward=-0.003102527521981392, Portfolio Value=998447.1533168077, Budget=998259.1021588431, Position=200
2024-08-03 02:15:03,617 - INFO - Step: Action=Hold, Reward=-0.001772872869693674, Portfolio Value=998429.4245881108, Budget=998259.1021588431, Position=200
2024-08-03 02:15:03,618 - INFO - Step: Action=Sell, Reward=116.19269490862496, Portfolio Value=998491.4751385502, Budget=998375.2886486966, Position=100
2024-08-03 02:15:03,619 - INFO - Step: Action=Hold, Reward=0.0, Portfolio Value=998491.4751385502, Budget=998375.2886486966, Position=100
2024-08-03 02:15:03,619 - INFO - Step: Action=Hold, Reward=0.00022160910872044042, Portfolio Value=998493.6912296374, Budget=998375.2886486966, Position=100
2024-08-03 02:15:03,620 - INFO - Step: Action=Hold, Reward=-0.0017728728697053158, Portfolio Value=998475.9625009403, Budget=998375.2886486966, Position=100
2024-08-03 02:15:03,621 - INFO - Step: Action=Hold, Reward=0.0013296546522760765, Portfolio Value=998489.2590474631, Budget=998375.2886486966, Position=100
2024-08-03 02:15:03,622 - INFO - Step: Action=Hold, Reward=-0.003102527521981392, Portfolio Value=998458.2337722433, Budget=998375.2886486966, Position=100
2024-08-03 02:15:03,622 - INFO - Step: Action=Hold, Reward=0.0011080455435672776, Portfolio Value=998469.3142276789, Budget=998375.2886486966, Position=100
2024-08-03 02:15:03,623 - INFO - Step: Action=Hold, Reward=-0.0004432182174292393, Portfolio Value=998464.8820455046, Budget=998375.2886486966, Position=100
2024-08-03 02:15:03,624 - INFO - Step: Action=Hold, Reward=0.002437700195843354, Portfolio Value=998489.2590474631, Budget=998375.2886486966, Position=100
2024-08-03 02:15:03,625 - INFO - Step: Action=Hold, Reward=0.000886436434846837, Portfolio Value=998498.1234118115, Budget=998375.2886486966, Position=100
2024-08-03 02:15:03,625 - INFO - Step: Action=Sell, Reward=133.91632659612875, Portfolio Value=998509.2038672472, Budget=998509.2038672472, Position=0
2024-08-03 02:15:03,626 - INFO - Step: Action=Hold, Reward=0.0, Portfolio Value=998509.2038672472, Budget=998509.2038672472, Position=0
2024-08-03 02:15:03,627 - INFO - Step: Action=Hold, Reward=0.0, Portfolio Value=998509.2038672472, Budget=998509.2038672472, Position=0
2024-08-03 02:15:03,628 - INFO - Step: Action=Hold, Reward=0.0, Portfolio Value=998509.2038672472, Budget=998509.2038672472, Position=0
2024-08-03 02:15:03,629 - INFO - Step: Action=Buy, Reward=-120.61867202783205, Portfolio Value=998509.2038672472, Budget=998388.5851952194, Position=100
2024-08-03 02:15:03,629 - INFO - Step: Action=Hold, Reward=0.0011080455435672776, Portfolio Value=998520.2843226829, Budget=998388.5851952194, Position=100
2024-08-03 02:15:03,630 - INFO - Step: Action=Hold, Reward=0.0031025275219697507, Portfolio Value=998551.3095979026, Budget=998388.5851952194, Position=100
2024-08-03 02:15:03,631 - INFO - Step: Action=Hold, Reward=0.0004432182174292393, Portfolio Value=998555.7417800769, Budget=998388.5851952194, Position=100
2024-08-03 02:15:03,632 - INFO - Step: Action=Buy, Reward=-187.0994101596193, Portfolio Value=998575.6865998609, Budget=998201.4837905777, Position=200
2024-08-03 02:15:03,632 - INFO - Step: Action=Hold, Reward=0.003102527521981392, Portfolio Value=998606.7118750807, Budget=998201.4837905777, Position=200
2024-08-03 02:15:03,633 - INFO - Step: Action=Sell, Reward=233.64552252627766, Portfolio Value=998668.7624255201, Budget=998435.1231080489, Position=100
2024-08-03 02:15:03,634 - INFO - Step: Action=Hold, Reward=0.0011080455435672776, Portfolio Value=998679.8428809558, Budget=998435.1231080489, Position=100
2024-08-03 02:15:03,634 - INFO - Step: Action=Hold, Reward=0.0, Portfolio Value=998435.1231080489, Budget=998435.1231080489, Position=0
2024-08-03 02:15:03,635 - INFO - Step: Action=Sell, Reward=0.0, Portfolio Value=998435.1231080489, Budget=998435.1231080489, Position=0
2024-08-03 02:15:03,636 - INFO - Step: Action=Sell, Reward=0.0, Portfolio Value=998435.1231080489, Budget=998435.1231080489, Position=0
2024-08-03 02:15:03,637 - INFO - Step: Action=Sell, Reward=0.0, Portfolio Value=998435.1231080489, Budget=998435.1231080489, Position=0
2024-08-03 02:15:03,637 - INFO - Step: Action=Sell, Reward=0.0, Portfolio Value=998435.1231080489, Budget=998435.1231080489, Position=0
2024-08-03 02:15:03,638 - INFO - Step: Action=Sell, Reward=0.0, Portfolio Value=998435.1231080489, Budget=998435.1231080489, Position=0
2024-08-03 02:15:03,639 - INFO - Step: Action=Sell, Reward=0.0, Portfolio Value=998435.1231080489, Budget=998435.1231080489, Position=0
2024-08-03 02:15:03,640 - INFO - Step: Action=Sell, Reward=0.0, Portfolio Value=998435.1231080489, Budget=998435.1231080489, Position=0
2024-08-03 02:15:03,640 - INFO - Step: Action=Sell, Reward=0.0, Portfolio Value=998435.1231080489, Budget=998435.1231080489, Position=0
2024-08-03 02:15:03,641 - INFO - Step: Action=Sell, Reward=0.0, Portfolio Value=998435.1231080489, Budget=998435.1231080489, Position=0
2024-08-03 02:15:03,642 - INFO - Step: Action=Sell, Reward=0.0, Portfolio Value=998435.1231080489, Budget=998435.1231080489, Position=0
2024-08-03 02:15:03,643 - INFO - Step: Action=Sell, Reward=0.0, Portfolio Value=998435.1231080489, Budget=998435.1231080489, Position=0
2024-08-03 02:15:03,644 - INFO - Step: Action=Sell, Reward=0.0, Portfolio Value=998435.1231080489, Budget=998435.1231080489, Position=0
2024-08-03 02:15:03,644 - INFO - Step: Action=Sell, Reward=0.0, Portfolio Value=998435.1231080489, Budget=998435.1231080489, Position=0
2024-08-03 02:15:03,645 - INFO - Step: Action=Sell, Reward=0.0, Portfolio Value=998435.1231080489, Budget=998435.1231080489, Position=0
2024-08-03 02:15:03,646 - INFO - Step: Action=Sell, Reward=0.0, Portfolio Value=998435.1231080489, Budget=998435.1231080489, Position=0
2024-08-03 02:15:03,647 - INFO - Step: Action=Sell, Reward=0.0, Portfolio Value=998435.1231080489, Budget=998435.1231080489, Position=0
2024-08-03 02:15:03,647 - INFO - Step: Action=Sell, Reward=0.0, Portfolio Value=998435.1231080489, Budget=998435.1231080489, Position=0
2024-08-03 02:15:03,648 - INFO - Step: Action=Sell, Reward=0.0, Portfolio Value=998435.1231080489, Budget=998435.1231080489, Position=0
2024-08-03 02:15:03,649 - INFO - Step: Action=Sell, Reward=0.0, Portfolio Value=998435.1231080489, Budget=998435.1231080489, Position=0
2024-08-03 02:15:03,649 - INFO - Step: Action=Sell, Reward=0.0, Portfolio Value=998435.1231080489, Budget=998435.1231080489, Position=0
2024-08-03 02:15:03,650 - INFO - Step: Action=Sell, Reward=0.0, Portfolio Value=998435.1231080489, Budget=998435.1231080489, Position=0
2024-08-03 02:15:03,651 - INFO - Step: Action=Sell, Reward=0.0, Portfolio Value=998435.1231080489, Budget=998435.1231080489, Position=0
2024-08-03 02:15:03,652 - INFO - Step: Action=Sell, Reward=0.0, Portfolio Value=998435.1231080489, Budget=998435.1231080489, Position=0
2024-08-03 02:15:03,652 - INFO - Step: Action=Sell, Reward=0.0, Portfolio Value=998435.1231080489, Budget=998435.1231080489, Position=0
2024-08-03 02:15:03,653 - INFO - Step: Action=Sell, Reward=0.0, Portfolio Value=998435.1231080489, Budget=998435.1231080489, Position=0
2024-08-03 02:15:03,654 - INFO - Step: Action=Sell, Reward=0.0, Portfolio Value=998435.1231080489, Budget=998435.1231080489, Position=0
2024-08-03 02:15:03,655 - INFO - Step: Action=Sell, Reward=0.0, Portfolio Value=998435.1231080489, Budget=998435.1231080489, Position=0
2024-08-03 02:15:03,655 - INFO - Step: Action=Sell, Reward=0.0, Portfolio Value=998435.1231080489, Budget=998435.1231080489, Position=0
2024-08-03 02:15:03,656 - INFO - Step: Action=Sell, Reward=0.0, Portfolio Value=998435.1231080489, Budget=998435.1231080489, Position=0
2024-08-03 02:15:03,657 - INFO - Step: Action=Sell, Reward=0.0, Portfolio Value=998435.1231080489, Budget=998435.1231080489, Position=0
2024-08-03 02:15:03,658 - INFO - Step: Action=Sell, Reward=0.0, Portfolio Value=998435.1231080489, Budget=998435.1231080489, Position=0
2024-08-03 02:15:03,658 - INFO - Step: Action=Sell, Reward=0.0, Portfolio Value=998435.1231080489, Budget=998435.1231080489, Position=0
2024-08-03 02:15:03,659 - INFO - Step: Action=Sell, Reward=0.0, Portfolio Value=998435.1231080489, Budget=998435.1231080489, Position=0
2024-08-03 02:15:03,660 - INFO - Step: Action=Sell, Reward=0.0, Portfolio Value=998435.1231080489, Budget=998435.1231080489, Position=0
2024-08-03 02:15:03,661 - INFO - Step: Action=Sell, Reward=0.0, Portfolio Value=998435.1231080489, Budget=998435.1231080489, Position=0
2024-08-03 02:15:03,661 - INFO - Step: Action=Sell, Reward=0.0, Portfolio Value=998435.1231080489, Budget=998435.1231080489, Position=0
2024-08-03 02:15:03,662 - INFO - Step: Action=Sell, Reward=0.0, Portfolio Value=998435.1231080489, Budget=998435.1231080489, Position=0
2024-08-03 02:15:03,663 - INFO - Step: Action=Sell, Reward=0.0, Portfolio Value=998435.1231080489, Budget=998435.1231080489, Position=0
2024-08-03 02:15:03,664 - INFO - Step: Action=Sell, Reward=0.0, Portfolio Value=998435.1231080489, Budget=998435.1231080489, Position=0
2024-08-03 02:15:03,664 - INFO - Step: Action=Sell, Reward=0.0, Portfolio Value=998435.1231080489, Budget=998435.1231080489, Position=0
2024-08-03 02:15:03,665 - INFO - Step: Action=Sell, Reward=0.0, Portfolio Value=998435.1231080489, Budget=998435.1231080489, Position=0
2024-08-03 02:15:03,666 - INFO - Step: Action=Sell, Reward=0.0, Portfolio Value=998435.1231080489, Budget=998435.1231080489, Position=0
2024-08-03 02:15:03,667 - INFO - Step: Action=Sell, Reward=0.0, Portfolio Value=998435.1231080489, Budget=998435.1231080489, Position=0
2024-08-03 02:15:03,667 - INFO - Step: Action=Hold, Reward=0.0, Portfolio Value=998435.1231080489, Budget=998435.1231080489, Position=0
2024-08-03 02:15:03,668 - INFO - Step: Action=Hold, Reward=0.0, Portfolio Value=998435.1231080489, Budget=998435.1231080489, Position=0
2024-08-03 02:15:03,669 - INFO - Step: Action=Sell, Reward=0.0, Portfolio Value=998435.1231080489, Budget=998435.1231080489, Position=0
2024-08-03 02:15:03,669 - INFO - Step: Action=Sell, Reward=0.0, Portfolio Value=998435.1231080489, Budget=998435.1231080489, Position=0
2024-08-03 02:15:03,670 - INFO - Step: Action=Hold, Reward=0.0, Portfolio Value=998435.1231080489, Budget=998435.1231080489, Position=0
2024-08-03 02:15:03,671 - INFO - Step: Action=Sell, Reward=0.0, Portfolio Value=998435.1231080489, Budget=998435.1231080489, Position=0
2024-08-03 02:15:03,672 - INFO - Step: Action=Sell, Reward=0.0, Portfolio Value=998435.1231080489, Budget=998435.1231080489, Position=0
2024-08-03 02:15:03,672 - INFO - Step: Action=Sell, Reward=0.0, Portfolio Value=998435.1231080489, Budget=998435.1231080489, Position=0
2024-08-03 02:15:03,673 - INFO - Step: Action=Sell, Reward=0.0, Portfolio Value=998435.1231080489, Budget=998435.1231080489, Position=0
2024-08-03 02:15:03,674 - INFO - Step: Action=Sell, Reward=0.0, Portfolio Value=998435.1231080489, Budget=998435.1231080489, Position=0
2024-08-03 02:15:03,674 - INFO - Step: Action=Sell, Reward=0.0, Portfolio Value=998435.1231080489, Budget=998435.1231080489, Position=0
2024-08-03 02:15:03,675 - INFO - Step: Action=Sell, Reward=0.0, Portfolio Value=998435.1231080489, Budget=998435.1231080489, Position=0
2024-08-03 02:15:03,676 - INFO - Step: Action=Sell, Reward=0.0, Portfolio Value=998435.1231080489, Budget=998435.1231080489, Position=0
2024-08-03 02:15:03,677 - INFO - Step: Action=Sell, Reward=0.0, Portfolio Value=998435.1231080489, Budget=998435.1231080489, Position=0
2024-08-03 02:15:03,677 - INFO - Step: Action=Sell, Reward=0.0, Portfolio Value=998435.1231080489, Budget=998435.1231080489, Position=0
2024-08-03 02:15:03,678 - INFO - Step: Action=Sell, Reward=0.0, Portfolio Value=998435.1231080489, Budget=998435.1231080489, Position=0
2024-08-03 02:15:03,679 - INFO - Step: Action=Hold, Reward=0.0, Portfolio Value=998435.1231080489, Budget=998435.1231080489, Position=0
2024-08-03 02:15:03,679 - INFO - Step: Action=Sell, Reward=0.0, Portfolio Value=998435.1231080489, Budget=998435.1231080489, Position=0
2024-08-03 02:15:03,680 - INFO - Step: Action=Hold, Reward=0.0, Portfolio Value=998435.1231080489, Budget=998435.1231080489, Position=0
2024-08-03 02:15:03,681 - INFO - Step: Action=Hold, Reward=0.0, Portfolio Value=998435.1231080489, Budget=998435.1231080489, Position=0
2024-08-03 02:15:03,682 - INFO - Step: Action=Hold, Reward=0.0, Portfolio Value=998435.1231080489, Budget=998435.1231080489, Position=0
2024-08-03 02:15:03,682 - INFO - Step: Action=Hold, Reward=0.0, Portfolio Value=998435.1231080489, Budget=998435.1231080489, Position=0
2024-08-03 02:15:03,683 - INFO - Step: Action=Sell, Reward=0.0, Portfolio Value=998435.1231080489, Budget=998435.1231080489, Position=0
2024-08-03 02:15:03,684 - INFO - Step: Action=Sell, Reward=0.0, Portfolio Value=998435.1231080489, Budget=998435.1231080489, Position=0
2024-08-03 02:15:03,684 - INFO - Step: Action=Hold, Reward=0.0, Portfolio Value=998435.1231080489, Budget=998435.1231080489, Position=0
2024-08-03 02:15:03,685 - INFO - Step: Action=Sell, Reward=0.0, Portfolio Value=998435.1231080489, Budget=998435.1231080489, Position=0
2024-08-03 02:15:03,686 - INFO - Step: Action=Sell, Reward=0.0, Portfolio Value=998435.1231080489, Budget=998435.1231080489, Position=0
2024-08-03 02:15:03,687 - INFO - Step: Action=Sell, Reward=0.0, Portfolio Value=998435.1231080489, Budget=998435.1231080489, Position=0
2024-08-03 02:15:03,687 - INFO - Step: Action=Sell, Reward=0.0, Portfolio Value=998435.1231080489, Budget=998435.1231080489, Position=0
2024-08-03 02:15:03,688 - INFO - Step: Action=Sell, Reward=0.0, Portfolio Value=998435.1231080489, Budget=998435.1231080489, Position=0
2024-08-03 02:15:03,689 - INFO - Step: Action=Hold, Reward=0.0, Portfolio Value=998435.1231080489, Budget=998435.1231080489, Position=0
2024-08-03 02:15:03,690 - INFO - Step: Action=Sell, Reward=0.0, Portfolio Value=998435.1231080489, Budget=998435.1231080489, Position=0
2024-08-03 02:15:03,690 - INFO - Step: Action=Hold, Reward=0.0, Portfolio Value=998435.1231080489, Budget=998435.1231080489, Position=0
2024-08-03 02:15:03,691 - INFO - Step: Action=Hold, Reward=0.0, Portfolio Value=998435.1231080489, Budget=998435.1231080489, Position=0
2024-08-03 02:15:03,692 - INFO - Step: Action=Sell, Reward=0.0, Portfolio Value=998435.1231080489, Budget=998435.1231080489, Position=0
2024-08-03 02:15:03,693 - INFO - Step: Action=Hold, Reward=0.0, Portfolio Value=998435.1231080489, Budget=998435.1231080489, Position=0
2024-08-03 02:15:03,693 - INFO - Step: Action=Hold, Reward=0.0, Portfolio Value=998435.1231080489, Budget=998435.1231080489, Position=0
2024-08-03 02:15:03,694 - INFO - Step: Action=Hold, Reward=0.0, Portfolio Value=998435.1231080489, Budget=998435.1231080489, Position=0
2024-08-03 02:15:03,695 - INFO - Step: Action=Hold, Reward=0.0, Portfolio Value=998435.1231080489, Budget=998435.1231080489, Position=0
2024-08-03 02:15:03,695 - INFO - Step: Action=Hold, Reward=0.0, Portfolio Value=998435.1231080489, Budget=998435.1231080489, Position=0
2024-08-03 02:15:03,696 - INFO - Step: Action=Sell, Reward=0.0, Portfolio Value=998435.1231080489, Budget=998435.1231080489, Position=0
2024-08-03 02:15:03,697 - INFO - Step: Action=Hold, Reward=0.0, Portfolio Value=998435.1231080489, Budget=998435.1231080489, Position=0
2024-08-03 02:15:03,698 - INFO - Step: Action=Buy, Reward=-78.51294137244713, Portfolio Value=998435.1231080489, Budget=998356.6101666765, Position=100
2024-08-03 02:15:03,698 - INFO - Step: Action=Hold, Reward=-0.00022160910870879888, Portfolio Value=998432.9070169618, Budget=998356.6101666765, Position=100
2024-08-03 02:15:03,699 - INFO - Step: Action=Hold, Reward=0.0024377001958317125, Portfolio Value=998457.2840189202, Budget=998356.6101666765, Position=100
2024-08-03 02:15:03,700 - INFO - Step: Action=Hold, Reward=-0.0022160910871229134, Portfolio Value=998435.1231080489, Budget=998356.6101666765, Position=100
2024-08-03 02:15:03,700 - INFO - Step: Action=Sell, Reward=100.67606833478948, Portfolio Value=998457.2840189202, Budget=998457.2840189202, Position=0
2024-08-03 02:15:03,701 - INFO - Step: Action=Hold, Reward=0.0, Portfolio Value=998457.2840189202, Budget=998457.2840189202, Position=0
2024-08-03 02:15:03,702 - INFO - Step: Action=Hold, Reward=0.0, Portfolio Value=998457.2840189202, Budget=998457.2840189202, Position=0
2024-08-03 02:15:03,702 - INFO - Step: Action=Sell, Reward=0.0, Portfolio Value=998457.2840189202, Budget=998457.2840189202, Position=0
2024-08-03 02:15:03,703 - INFO - Step: Action=Hold, Reward=0.0, Portfolio Value=998457.2840189202, Budget=998457.2840189202, Position=0
2024-08-03 02:15:03,704 - INFO - Step: Action=Hold, Reward=0.0, Portfolio Value=998457.2840189202, Budget=998457.2840189202, Position=0
2024-08-03 02:15:03,705 - INFO - Step: Action=Hold, Reward=0.0, Portfolio Value=998457.2840189202, Budget=998457.2840189202, Position=0
2024-08-03 02:15:03,705 - INFO - Step: Action=Hold, Reward=0.0, Portfolio Value=998457.2840189202, Budget=998457.2840189202, Position=0
2024-08-03 02:15:03,706 - INFO - Step: Action=Hold, Reward=0.0, Portfolio Value=998457.2840189202, Budget=998457.2840189202, Position=0
2024-08-03 02:15:03,707 - INFO - Step: Action=Hold, Reward=0.0, Portfolio Value=998457.2840189202, Budget=998457.2840189202, Position=0
2024-08-03 02:15:03,707 - INFO - Step: Action=Hold, Reward=0.0, Portfolio Value=998457.2840189202, Budget=998457.2840189202, Position=0
2024-08-03 02:15:03,708 - INFO - Step: Action=Buy, Reward=-116.18648985358102, Portfolio Value=998457.2840189202, Budget=998341.0975290666, Position=100
2024-08-03 02:15:03,709 - INFO - Step: Action=Hold, Reward=-0.0006648273261380382, Portfolio Value=998450.6357456588, Budget=998341.0975290666, Position=100
2024-08-03 02:15:03,710 - INFO - Step: Action=Hold, Reward=-0.00044321821741759776, Portfolio Value=998446.2035634846, Budget=998341.0975290666, Position=100
2024-08-03 02:15:03,710 - INFO - Step: Action=Hold, Reward=0.001772872869693674, Portfolio Value=998463.9322921815, Budget=998341.0975290666, Position=100
2024-08-03 02:15:03,711 - INFO - Step: Action=Sell, Reward=122.83476311495758, Portfolio Value=998463.9322921815, Budget=998463.9322921815, Position=0
2024-08-03 02:15:03,712 - INFO - Step: Action=Hold, Reward=0.0, Portfolio Value=998463.9322921815, Budget=998463.9322921815, Position=0
2024-08-03 02:15:03,712 - INFO - Step: Action=Hold, Reward=0.0, Portfolio Value=998463.9322921815, Budget=998463.9322921815, Position=0
2024-08-03 02:15:03,713 - INFO - Step: Action=Hold, Reward=0.0, Portfolio Value=998463.9322921815, Budget=998463.9322921815, Position=0
2024-08-03 02:15:03,714 - INFO - Step: Action=Sell, Reward=0.0, Portfolio Value=998463.9322921815, Budget=998463.9322921815, Position=0
2024-08-03 02:15:03,715 - INFO - Step: Action=Sell, Reward=0.0, Portfolio Value=998463.9322921815, Budget=998463.9322921815, Position=0
2024-08-03 02:15:03,715 - INFO - Step: Action=Hold, Reward=0.0, Portfolio Value=998463.9322921815, Budget=998463.9322921815, Position=0
2024-08-03 02:15:03,716 - INFO - Step: Action=Hold, Reward=0.0, Portfolio Value=998463.9322921815, Budget=998463.9322921815, Position=0
2024-08-03 02:15:03,717 - INFO - Step: Action=Hold, Reward=0.0, Portfolio Value=998463.9322921815, Budget=998463.9322921815, Position=0
2024-08-03 02:15:03,718 - INFO - Step: Action=Buy, Reward=-129.48303637633413, Portfolio Value=998463.9322921815, Budget=998334.4492558052, Position=100
2024-08-03 02:15:03,718 - INFO - Step: Action=Sell, Reward=100.6709713252891, Portfolio Value=998435.1231080489, Budget=998435.1231080489, Position=0
2024-08-03 02:15:03,719 - INFO - Step: Action=Hold, Reward=0.0, Portfolio Value=998435.1231080489, Budget=998435.1231080489, Position=0
2024-08-03 02:15:03,720 - INFO - Step: Action=Hold, Reward=0.0, Portfolio Value=998435.1231080489, Budget=998435.1231080489, Position=0
2024-08-03 02:15:03,721 - INFO - Step: Action=Buy, Reward=-63.00030376256848, Portfolio Value=998435.1231080489, Budget=998372.1228042863, Position=100
2024-08-03 02:15:03,722 - INFO - Step: Action=Buy, Reward=-65.21617324058529, Portfolio Value=998437.339199136, Budget=998306.9064094366, Position=200
2024-08-03 02:15:03,722 - INFO - Step: Action=Hold, Reward=-0.0017728728697053158, Portfolio Value=998419.610470439, Budget=998306.9064094366, Position=200
2024-08-03 02:15:03,723 - INFO - Step: Action=Hold, Reward=-0.000886436434846837, Portfolio Value=998410.7461060905, Budget=998306.9064094366, Position=200
2024-08-03 02:15:03,724 - INFO - Step: Action=Hold, Reward=0.008421146131074055, Portfolio Value=998494.9575674012, Budget=998306.9064094366, Position=200
2024-08-03 02:15:03,724 - INFO - Step: Action=Buy, Reward=-69.6534524243367, Portfolio Value=998446.2035634845, Budget=998237.2578324126, Position=300
2024-08-03 02:15:03,725 - INFO - Step: Action=Hold, Reward=-0.005318618609104306, Portfolio Value=998393.0173773934, Budget=998237.2578324126, Position=300
2024-08-03 02:15:03,726 - INFO - Step: Action=Hold, Reward=0.008642755239794497, Portfolio Value=998479.4449297914, Budget=998237.2578324126, Position=300
2024-08-03 02:15:03,727 - INFO - Step: Action=Hold, Reward=-0.007977927913656459, Portfolio Value=998399.6656506548, Budget=998237.2578324126, Position=300
2024-08-03 02:15:03,727 - INFO - Step: Action=Hold, Reward=-0.00731310058751842, Portfolio Value=998326.5346447796, Budget=998237.2578324126, Position=300
2024-08-03 02:15:03,728 - INFO - Step: Action=Buy, Reward=-18.681806156688697, Portfolio Value=998293.2932784728, Budget=998218.5793503926, Position=400
2024-08-03 02:15:03,729 - INFO - Step: Action=Hold, Reward=0.001772872869693674, Portfolio Value=998311.0220071698, Budget=998218.5793503926, Position=400
2024-08-03 02:15:03,729 - INFO - Step: Action=Buy, Reward=-3.17382233809302, Portfolio Value=998231.2427280332, Budget=998215.4135059824, Position=500
2024-08-03 02:15:03,730 - INFO - Step: Action=Hold, Reward=0.0144045920663164, Portfolio Value=998375.2886486964, Budget=998215.4135059824, Position=500
2024-08-03 02:15:03,731 - INFO - Step: Action=Hold, Reward=-0.009972409892058932, Portfolio Value=998275.5645497758, Budget=998215.4135059824, Position=500
2024-08-03 02:15:03,732 - INFO - Step: Action=Hold, Reward=-0.005540227717813104, Portfolio Value=998220.1622725977, Budget=998215.4135059824, Position=500
2024-08-03 02:15:03,732 - INFO - Step: Action=Hold, Reward=-0.0022160910871229134, Portfolio Value=998198.0013617264, Budget=998215.4135059824, Position=500
2024-08-03 02:15:03,733 - INFO - Step: Action=Hold, Reward=-0.003324136630690191, Portfolio Value=998164.7599954195, Budget=998215.4135059824, Position=500
2024-08-03 02:15:03,734 - INFO - Step: Action=Sell, Reward=-16.78229951058103, Portfolio Value=998131.5186291126, Budget=998198.6345306084, Position=400
2024-08-03 02:15:03,734 - INFO - Step: Action=Hold, Reward=-0.00354574573939899, Portfolio Value=998096.0611717186, Budget=998198.6345306084, Position=400
2024-08-03 02:15:03,735 - INFO - Step: Action=Hold, Reward=0.002659309304552153, Portfolio Value=998122.6542647642, Budget=998198.6345306084, Position=400
2024-08-03 02:15:03,736 - INFO - Step: Action=Hold, Reward=0.0, Portfolio Value=998122.6542647642, Budget=998198.6345306084, Position=400
2024-08-03 02:15:03,737 - INFO - Step: Action=Hold, Reward=0.004432182174245827, Portfolio Value=998166.9760865066, Budget=998198.6345306084, Position=400
2024-08-03 02:15:03,737 - INFO - Step: Action=Hold, Reward=0.009750800783350132, Portfolio Value=998264.4840943401, Budget=998198.6345306084, Position=400
2024-08-03 02:15:03,738 - INFO - Step: Action=Buy, Reward=-0.009750800783350132, Portfolio Value=998166.9760865066, Budget=998198.6345306084, Position=400
2024-08-03 02:15:03,739 - INFO - Step: Action=Sell, Reward=-14.565543596129366, Portfolio Value=998140.3829934611, Budget=998184.0716463216, Position=300
2024-08-03 02:15:03,739 - INFO - Step: Action=Hold, Reward=0.0, Portfolio Value=998140.3829934611, Budget=998184.0716463216, Position=300
2024-08-03 02:15:03,740 - INFO - Step: Action=Hold, Reward=0.0019944819784141147, Portfolio Value=998160.3278132452, Budget=998184.0716463216, Position=300
2024-08-03 02:15:03,741 - INFO - Step: Action=Hold, Reward=-0.0013296546522760765, Portfolio Value=998147.0312667225, Budget=998184.0716463216, Position=300
2024-08-03 02:15:03,742 - INFO - Step: Action=Sell, Reward=78.54019929281878, Portfolio Value=998419.610470439, Budget=998262.584587694, Position=200
2024-08-03 02:15:03,742 - INFO - Step: Action=Hold, Reward=0.000886436434846837, Portfolio Value=998428.4748347874, Budget=998262.584587694, Position=200
2024-08-03 02:15:03,743 - INFO - Step: Action=Hold, Reward=-0.0022160910871229134, Portfolio Value=998406.3139239162, Budget=998262.584587694, Position=200
2024-08-03 02:15:03,744 - INFO - Step: Action=Hold, Reward=-0.003102527521981392, Portfolio Value=998375.2886486964, Budget=998262.584587694, Position=200
2024-08-03 02:15:03,744 - INFO - Step: Action=Hold, Reward=0.0017728728697053158, Portfolio Value=998393.0173773934, Budget=998262.584587694, Position=200
2024-08-03 02:15:03,745 - INFO - Step: Action=Hold, Reward=-0.0004432182174292393, Portfolio Value=998388.5851952191, Budget=998262.584587694, Position=200
2024-08-03 02:15:03,746 - INFO - Step: Action=Sell, Reward=74.08297528928321, Portfolio Value=998410.7461060904, Budget=998336.6653468922, Position=100
2024-08-03 02:15:03,747 - INFO - Step: Action=Hold, Reward=-0.0006648273261380382, Portfolio Value=998404.097832829, Budget=998336.6653468922, Position=100
2024-08-03 02:15:03,747 - INFO - Step: Action=Hold, Reward=0.0008864364348584786, Portfolio Value=998412.9621971776, Budget=998336.6653468922, Position=100
2024-08-03 02:15:03,748 - INFO - Step: Action=Hold, Reward=0.001772872869693674, Portfolio Value=998430.6909258745, Budget=998336.6653468922, Position=100
2024-08-03 02:15:03,749 - INFO - Step: Action=Hold, Reward=0.0006648273261380382, Portfolio Value=998437.3391991359, Budget=998336.6653468922, Position=100
2024-08-03 02:15:03,749 - INFO - Step: Action=Hold, Reward=-0.003988963956828229, Portfolio Value=998397.4495595676, Budget=998336.6653468922, Position=100
2024-08-03 02:15:03,750 - INFO - Step: Action=Hold, Reward=-0.000886436434846837, Portfolio Value=998388.5851952191, Budget=998336.6653468922, Position=100
2024-08-03 02:15:03,751 - INFO - Step: Action=Hold, Reward=-0.0004432182174292393, Portfolio Value=998384.1530130449, Budget=998336.6653468922, Position=100
2024-08-03 02:15:03,752 - INFO - Step: Action=Hold, Reward=-0.0015512637609848754, Portfolio Value=998368.640375435, Budget=998336.6653468922, Position=100
2024-08-03 02:15:03,752 - INFO - Step: Action=Sell, Reward=29.758715846576926, Portfolio Value=998366.4242843479, Budget=998366.4242843479, Position=0
2024-08-03 02:15:03,753 - INFO - Step: Action=Hold, Reward=0.0, Portfolio Value=998366.4242843479, Budget=998366.4242843479, Position=0
2024-08-03 02:15:03,754 - INFO - Step: Action=Hold, Reward=0.0, Portfolio Value=998366.4242843479, Budget=998366.4242843479, Position=0
2024-08-03 02:15:03,755 - INFO - Step: Action=Sell, Reward=0.0, Portfolio Value=998366.4242843479, Budget=998366.4242843479, Position=0
2024-08-03 02:15:03,755 - INFO - Step: Action=Hold, Reward=0.0, Portfolio Value=998366.4242843479, Budget=998366.4242843479, Position=0
2024-08-03 02:15:03,756 - INFO - Step: Action=Sell, Reward=0.0, Portfolio Value=998366.4242843479, Budget=998366.4242843479, Position=0
2024-08-03 02:15:03,757 - INFO - Step: Action=Hold, Reward=0.0, Portfolio Value=998366.4242843479, Budget=998366.4242843479, Position=0
2024-08-03 02:15:03,758 - INFO - Step: Action=Hold, Reward=0.0, Portfolio Value=998366.4242843479, Budget=998366.4242843479, Position=0
2024-08-03 02:15:03,758 - INFO - Step: Action=Hold, Reward=0.0, Portfolio Value=998366.4242843479, Budget=998366.4242843479, Position=0
2024-08-03 02:15:03,759 - INFO - Step: Action=Buy, Reward=-31.975028542811156, Portfolio Value=998366.4242843479, Budget=998334.4492558051, Position=100
2024-08-03 02:15:03,760 - INFO - Step: Action=Hold, Reward=-0.0019944819784141147, Portfolio Value=998346.4794645638, Budget=998334.4492558051, Position=100
2024-08-03 02:15:03,760 - INFO - Step: Action=Hold, Reward=-0.0015512637609848754, Portfolio Value=998330.9668269539, Budget=998334.4492558051, Position=100
2024-08-03 02:15:03,761 - INFO - Step: Action=Hold, Reward=0.004653791282966268, Portfolio Value=998377.5047397836, Budget=998334.4492558051, Position=100
2024-08-03 02:15:03,762 - INFO - Step: Action=Hold, Reward=0.0024377001958317125, Portfolio Value=998401.8817417419, Budget=998334.4492558051, Position=100
2024-08-03 02:15:03,762 - INFO - Step: Action=Sell, Reward=45.26935897447717, Portfolio Value=998379.7208308707, Budget=998379.7208308707, Position=0
2024-08-03 02:15:03,763 - INFO - Step: Action=Hold, Reward=0.0, Portfolio Value=998379.7208308707, Budget=998379.7208308707, Position=0
2024-08-03 02:15:03,764 - INFO - Step: Action=Buy, Reward=-20.894573107183547, Portfolio Value=998379.7208308707, Budget=998358.8262577635, Position=100
2024-08-03 02:15:03,764 - INFO - Step: Action=Hold, Reward=0.00022160910872044042, Portfolio Value=998381.9369219579, Budget=998358.8262577635, Position=100
2024-08-03 02:15:03,765 - INFO - Step: Action=Hold, Reward=-0.0011080455435672776, Portfolio Value=998370.8564665222, Budget=998358.8262577635, Position=100
2024-08-03 02:15:03,766 - INFO - Step: Action=Buy, Reward=-0.0028809184132609516, Portfolio Value=998342.0472823896, Budget=998358.8262577635, Position=100
2024-08-03 02:15:03,766 - INFO - Step: Action=Hold, Reward=0.0013296546522760765, Portfolio Value=998355.3438289124, Budget=998358.8262577635, Position=100
2024-08-03 02:15:03,767 - INFO - Step: Action=Hold, Reward=0.0, Portfolio Value=998355.3438289124, Budget=998358.8262577635, Position=100
2024-08-03 02:15:03,768 - INFO - Step: Action=Hold, Reward=-0.000886436434846837, Portfolio Value=998346.4794645639, Budget=998358.8262577635, Position=100
2024-08-03 02:15:03,769 - INFO - Step: Action=Sell, Reward=25.330522636282694, Portfolio Value=998384.153013045, Budget=998384.153013045, Position=0
2024-08-03 02:15:03,769 - INFO - Step: Action=Buy, Reward=-49.70375723981534, Portfolio Value=998384.153013045, Budget=998334.4492558051, Position=100
2024-08-03 02:15:03,770 - INFO - Step: Action=Hold, Reward=-0.00022160910872044042, Portfolio Value=998381.9369219578, Budget=998334.4492558051, Position=100
2024-08-03 02:15:03,771 - INFO - Step: Action=Hold, Reward=0.0028809184132725933, Portfolio Value=998410.7461060905, Budget=998334.4492558051, Position=100
2024-08-03 02:15:03,771 - INFO - Step: Action=Hold, Reward=0.0, Portfolio Value=998410.7461060905, Budget=998334.4492558051, Position=100
2024-08-03 02:15:03,772 - INFO - Step: Action=Hold, Reward=-0.002216091087134555, Portfolio Value=998388.5851952191, Budget=998334.4492558051, Position=100
2024-08-03 02:15:03,773 - INFO - Step: Action=Hold, Reward=0.0008864364348584786, Portfolio Value=998397.4495595677, Budget=998334.4492558051, Position=100
2024-08-03 02:15:03,774 - INFO - Step: Action=Hold, Reward=0.00044321821741759776, Portfolio Value=998401.8817417419, Budget=998334.4492558051, Position=100
2024-08-03 02:15:03,774 - INFO - Step: Action=Hold, Reward=-0.00022160910870879888, Portfolio Value=998399.6656506548, Budget=998334.4492558051, Position=100
2024-08-03 02:15:03,775 - INFO - Step: Action=Hold, Reward=0.000886436434846837, Portfolio Value=998408.5300150033, Budget=998334.4492558051, Position=100
2024-08-03 02:15:03,776 - INFO - Step: Action=Hold, Reward=0.003102527521981392, Portfolio Value=998439.5552902231, Budget=998334.4492558051, Position=100
2024-08-03 02:15:03,777 - INFO - Step: Action=Hold, Reward=0.0013296546522760765, Portfolio Value=998452.8518367459, Budget=998334.4492558051, Position=100
2024-08-03 02:15:03,777 - INFO - Step: Action=Hold, Reward=-0.0006648273261380382, Portfolio Value=998446.2035634845, Budget=998334.4492558051, Position=100
2024-08-03 02:15:03,778 - INFO - Step: Action=Hold, Reward=0.00044321821741759776, Portfolio Value=998450.6357456587, Budget=998334.4492558051, Position=100
2024-08-03 02:15:03,779 - INFO - Step: Action=Hold, Reward=0.00022160910872044042, Portfolio Value=998452.8518367459, Budget=998334.4492558051, Position=100
2024-08-03 02:15:03,779 - INFO - Step: Action=Hold, Reward=0.0, Portfolio Value=998452.8518367459, Budget=998334.4492558051, Position=100
2024-08-03 02:15:03,780 - INFO - Step: Action=Sell, Reward=109.53733015576958, Portfolio Value=998443.9874723973, Budget=998443.9874723973, Position=0
2024-08-03 02:15:03,781 - INFO - Step: Action=Hold, Reward=0.0, Portfolio Value=998443.9874723973, Budget=998443.9874723973, Position=0
2024-08-03 02:15:03,782 - INFO - Step: Action=Hold, Reward=0.0, Portfolio Value=998443.9874723973, Budget=998443.9874723973, Position=0
2024-08-03 02:15:03,782 - INFO - Step: Action=Hold, Reward=0.0, Portfolio Value=998443.9874723973, Budget=998443.9874723973, Position=0
2024-08-03 02:15:03,783 - INFO - Step: Action=Hold, Reward=0.0, Portfolio Value=998443.9874723973, Budget=998443.9874723973, Position=0
2024-08-03 02:15:03,784 - INFO - Step: Action=Sell, Reward=0.0, Portfolio Value=998443.9874723973, Budget=998443.9874723973, Position=0
2024-08-03 02:15:03,785 - INFO - Step: Action=Hold, Reward=0.0, Portfolio Value=998443.9874723973, Budget=998443.9874723973, Position=0
2024-08-03 02:15:03,785 - INFO - Step: Action=Hold, Reward=0.0, Portfolio Value=998443.9874723973, Budget=998443.9874723973, Position=0
2024-08-03 02:15:03,786 - INFO - Step: Action=Hold, Reward=0.0, Portfolio Value=998443.9874723973, Budget=998443.9874723973, Position=0
2024-08-03 02:15:03,787 - INFO - Step: Action=Buy, Reward=-94.02557898232578, Portfolio Value=998443.9874723973, Budget=998349.961893415, Position=100
2024-08-03 02:15:03,787 - INFO - Step: Action=Hold, Reward=-0.0004432182174292393, Portfolio Value=998439.555290223, Budget=998349.961893415, Position=100
2024-08-03 02:15:03,788 - INFO - Step: Action=Buy, Reward=-113.96796106625965, Portfolio Value=998463.9322921814, Budget=998235.9914946485, Position=200
2024-08-03 02:15:03,789 - INFO - Step: Action=Hold, Reward=0.0017728728697053158, Portfolio Value=998481.6610208785, Budget=998235.9914946485, Position=200
2024-08-03 02:15:03,790 - INFO - Step: Action=Sell, Reward=133.91743464167232, Portfolio Value=998503.8219317497, Budget=998369.9067131991, Position=100
2024-08-03 02:15:03,790 - INFO - Step: Action=Hold, Reward=-0.0015512637609848754, Portfolio Value=998488.3092941398, Budget=998369.9067131991, Position=100
2024-08-03 02:15:03,791 - INFO - Step: Action=Hold, Reward=0.0006648273261380382, Portfolio Value=998494.9575674012, Budget=998369.9067131991, Position=100
2024-08-03 02:15:03,792 - INFO - Step: Action=Hold, Reward=0.00044321821741759776, Portfolio Value=998499.3897495754, Budget=998369.9067131991, Position=100
2024-08-03 02:15:03,793 - INFO - Step: Action=Sell, Reward=120.61778559139721, Portfolio Value=998490.5253852269, Budget=998490.5253852269, Position=0
2024-08-03 02:15:03,793 - INFO - Step: Action=Hold, Reward=0.0, Portfolio Value=998490.5253852269, Budget=998490.5253852269, Position=0
2024-08-03 02:15:03,794 - INFO - Step: Action=Sell, Reward=0.0, Portfolio Value=998490.5253852269, Budget=998490.5253852269, Position=0
2024-08-03 02:15:03,795 - INFO - Step: Action=Hold, Reward=0.0, Portfolio Value=998490.5253852269, Budget=998490.5253852269, Position=0
2024-08-03 02:15:03,796 - INFO - Step: Action=Hold, Reward=0.0, Portfolio Value=998490.5253852269, Budget=998490.5253852269, Position=0
2024-08-03 02:15:03,796 - INFO - Step: Action=Sell, Reward=0.0, Portfolio Value=998490.5253852269, Budget=998490.5253852269, Position=0
2024-08-03 02:15:03,797 - INFO - Step: Action=Sell, Reward=0.0, Portfolio Value=998490.5253852269, Budget=998490.5253852269, Position=0
2024-08-03 02:15:03,798 - INFO - Step: Action=Hold, Reward=0.0, Portfolio Value=998490.5253852269, Budget=998490.5253852269, Position=0
2024-08-03 02:15:03,799 - INFO - Step: Action=Sell, Reward=0.0, Portfolio Value=998490.5253852269, Budget=998490.5253852269, Position=0
2024-08-03 02:15:03,799 - INFO - Step: Action=Sell, Reward=0.0, Portfolio Value=998490.5253852269, Budget=998490.5253852269, Position=0
2024-08-03 02:15:03,800 - INFO - Step: Action=Sell, Reward=0.0, Portfolio Value=998490.5253852269, Budget=998490.5253852269, Position=0
2024-08-03 02:15:03,801 - INFO - Step: Action=Sell, Reward=0.0, Portfolio Value=998490.5253852269, Budget=998490.5253852269, Position=0
2024-08-03 02:15:03,801 - INFO - Step: Action=Sell, Reward=0.0, Portfolio Value=998490.5253852269, Budget=998490.5253852269, Position=0
2024-08-03 02:15:03,802 - INFO - Step: Action=Sell, Reward=0.0, Portfolio Value=998490.5253852269, Budget=998490.5253852269, Position=0
2024-08-03 02:15:03,803 - INFO - Step: Action=Sell, Reward=0.0, Portfolio Value=998490.5253852269, Budget=998490.5253852269, Position=0
2024-08-03 02:15:03,803 - INFO - Step: Action=Hold, Reward=0.0, Portfolio Value=998490.5253852269, Budget=998490.5253852269, Position=0
2024-08-03 02:15:03,804 - INFO - Step: Action=Sell, Reward=0.0, Portfolio Value=998490.5253852269, Budget=998490.5253852269, Position=0
2024-08-03 02:15:03,805 - INFO - Step: Action=Sell, Reward=0.0, Portfolio Value=998490.5253852269, Budget=998490.5253852269, Position=0
2024-08-03 02:15:03,806 - INFO - Step: Action=Sell, Reward=0.0, Portfolio Value=998490.5253852269, Budget=998490.5253852269, Position=0
2024-08-03 02:15:03,806 - INFO - Step: Action=Sell, Reward=0.0, Portfolio Value=998490.5253852269, Budget=998490.5253852269, Position=0
2024-08-03 02:15:03,807 - INFO - Step: Action=Sell, Reward=0.0, Portfolio Value=998490.5253852269, Budget=998490.5253852269, Position=0
2024-08-03 02:15:03,808 - INFO - Step: Action=Sell, Reward=0.0, Portfolio Value=998490.5253852269, Budget=998490.5253852269, Position=0
2024-08-03 02:15:03,808 - INFO - Step: Action=Sell, Reward=0.0, Portfolio Value=998490.5253852269, Budget=998490.5253852269, Position=0
2024-08-03 02:15:03,809 - INFO - Step: Action=Sell, Reward=0.0, Portfolio Value=998490.5253852269, Budget=998490.5253852269, Position=0
2024-08-03 02:15:03,810 - INFO - Step: Action=Sell, Reward=0.0, Portfolio Value=998490.5253852269, Budget=998490.5253852269, Position=0
2024-08-03 02:15:03,810 - INFO - Step: Action=Hold, Reward=0.0, Portfolio Value=998490.5253852269, Budget=998490.5253852269, Position=0
2024-08-03 02:15:03,811 - INFO - Step: Action=Sell, Reward=0.0, Portfolio Value=998490.5253852269, Budget=998490.5253852269, Position=0
2024-08-03 02:15:03,812 - INFO - Step: Action=Sell, Reward=0.0, Portfolio Value=998490.5253852269, Budget=998490.5253852269, Position=0
2024-08-03 02:15:03,813 - INFO - Step: Action=Sell, Reward=0.0, Portfolio Value=998490.5253852269, Budget=998490.5253852269, Position=0
2024-08-03 02:15:03,813 - INFO - Step: Action=Sell, Reward=0.0, Portfolio Value=998490.5253852269, Budget=998490.5253852269, Position=0
2024-08-03 02:15:03,814 - INFO - Step: Action=Sell, Reward=0.0, Portfolio Value=998490.5253852269, Budget=998490.5253852269, Position=0
2024-08-03 02:15:03,814 - INFO - Step: Action=Sell, Reward=0.0, Portfolio Value=998490.5253852269, Budget=998490.5253852269, Position=0
2024-08-03 02:15:03,815 - INFO - Step: Action=Sell, Reward=0.0, Portfolio Value=998490.5253852269, Budget=998490.5253852269, Position=0
2024-08-03 02:15:03,816 - INFO - Step: Action=Sell, Reward=0.0, Portfolio Value=998490.5253852269, Budget=998490.5253852269, Position=0
2024-08-03 02:15:03,817 - INFO - Step: Action=Sell, Reward=0.0, Portfolio Value=998490.5253852269, Budget=998490.5253852269, Position=0
2024-08-03 02:15:03,817 - INFO - Step: Action=Sell, Reward=0.0, Portfolio Value=998490.5253852269, Budget=998490.5253852269, Position=0
2024-08-03 02:15:03,818 - INFO - Step: Action=Sell, Reward=0.0, Portfolio Value=998490.5253852269, Budget=998490.5253852269, Position=0
2024-08-03 02:15:03,819 - INFO - Step: Action=Sell, Reward=0.0, Portfolio Value=998490.5253852269, Budget=998490.5253852269, Position=0
2024-08-03 02:15:03,819 - INFO - Step: Action=Sell, Reward=0.0, Portfolio Value=998490.5253852269, Budget=998490.5253852269, Position=0
2024-08-03 02:15:03,820 - INFO - Step: Action=Sell, Reward=0.0, Portfolio Value=998490.5253852269, Budget=998490.5253852269, Position=0
2024-08-03 02:15:03,821 - INFO - Step: Action=Sell, Reward=0.0, Portfolio Value=998490.5253852269, Budget=998490.5253852269, Position=0
2024-08-03 02:15:03,822 - INFO - Step: Action=Sell, Reward=0.0, Portfolio Value=998490.5253852269, Budget=998490.5253852269, Position=0
2024-08-03 02:15:03,822 - INFO - Step: Action=Sell, Reward=0.0, Portfolio Value=998490.5253852269, Budget=998490.5253852269, Position=0
2024-08-03 02:15:03,823 - INFO - Step: Action=Sell, Reward=0.0, Portfolio Value=998490.5253852269, Budget=998490.5253852269, Position=0
2024-08-03 02:15:03,824 - INFO - Step: Action=Sell, Reward=0.0, Portfolio Value=998490.5253852269, Budget=998490.5253852269, Position=0
2024-08-03 02:15:03,824 - INFO - Step: Action=Sell, Reward=0.0, Portfolio Value=998490.5253852269, Budget=998490.5253852269, Position=0
2024-08-03 02:15:03,825 - INFO - Step: Action=Sell, Reward=0.0, Portfolio Value=998490.5253852269, Budget=998490.5253852269, Position=0
2024-08-03 02:15:03,826 - INFO - Step: Action=Sell, Reward=0.0, Portfolio Value=998490.5253852269, Budget=998490.5253852269, Position=0
2024-08-03 02:15:03,826 - INFO - Step: Action=Sell, Reward=0.0, Portfolio Value=998490.5253852269, Budget=998490.5253852269, Position=0
2024-08-03 02:15:03,827 - INFO - Step: Action=Sell, Reward=0.0, Portfolio Value=998490.5253852269, Budget=998490.5253852269, Position=0
2024-08-03 02:15:03,828 - INFO - Step: Action=Sell, Reward=0.0, Portfolio Value=998490.5253852269, Budget=998490.5253852269, Position=0
2024-08-03 02:15:03,829 - INFO - Step: Action=Sell, Reward=0.0, Portfolio Value=998490.5253852269, Budget=998490.5253852269, Position=0
2024-08-03 02:15:03,829 - INFO - Step: Action=Sell, Reward=0.0, Portfolio Value=998490.5253852269, Budget=998490.5253852269, Position=0
2024-08-03 02:15:03,830 - INFO - Step: Action=Hold, Reward=0.0, Portfolio Value=998490.5253852269, Budget=998490.5253852269, Position=0
2024-08-03 02:15:03,831 - INFO - Step: Action=Sell, Reward=0.0, Portfolio Value=998490.5253852269, Budget=998490.5253852269, Position=0
2024-08-03 02:15:03,831 - INFO - Step: Action=Sell, Reward=0.0, Portfolio Value=998490.5253852269, Budget=998490.5253852269, Position=0
2024-08-03 02:15:03,832 - INFO - Step: Action=Hold, Reward=0.0, Portfolio Value=998490.5253852269, Budget=998490.5253852269, Position=0
2024-08-03 02:15:03,833 - INFO - Step: Action=Sell, Reward=0.0, Portfolio Value=998490.5253852269, Budget=998490.5253852269, Position=0
2024-08-03 02:15:03,834 - INFO - Step: Action=Sell, Reward=0.0, Portfolio Value=998490.5253852269, Budget=998490.5253852269, Position=0
2024-08-03 02:15:03,834 - INFO - Step: Action=Sell, Reward=0.0, Portfolio Value=998490.5253852269, Budget=998490.5253852269, Position=0
2024-08-03 02:15:03,835 - INFO - Step: Action=Hold, Reward=0.0, Portfolio Value=998490.5253852269, Budget=998490.5253852269, Position=0
2024-08-03 02:15:03,836 - INFO - Step: Action=Hold, Reward=0.0, Portfolio Value=998490.5253852269, Budget=998490.5253852269, Position=0
2024-08-03 02:15:03,836 - INFO - Step: Action=Sell, Reward=0.0, Portfolio Value=998490.5253852269, Budget=998490.5253852269, Position=0
2024-08-03 02:15:03,837 - INFO - Step: Action=Sell, Reward=0.0, Portfolio Value=998490.5253852269, Budget=998490.5253852269, Position=0
2024-08-03 02:15:03,838 - INFO - Step: Action=Sell, Reward=0.0, Portfolio Value=998490.5253852269, Budget=998490.5253852269, Position=0
2024-08-03 02:15:03,839 - INFO - Step: Action=Sell, Reward=0.0, Portfolio Value=998490.5253852269, Budget=998490.5253852269, Position=0
2024-08-03 02:15:03,839 - INFO - Step: Action=Sell, Reward=0.0, Portfolio Value=998490.5253852269, Budget=998490.5253852269, Position=0
2024-08-03 02:15:03,840 - INFO - Step: Action=Sell, Reward=0.0, Portfolio Value=998490.5253852269, Budget=998490.5253852269, Position=0
2024-08-03 02:15:03,841 - INFO - Step: Action=Sell, Reward=0.0, Portfolio Value=998490.5253852269, Budget=998490.5253852269, Position=0
2024-08-03 02:15:03,842 - INFO - Step: Action=Hold, Reward=0.0, Portfolio Value=998490.5253852269, Budget=998490.5253852269, Position=0
2024-08-03 02:15:03,842 - INFO - Step: Action=Sell, Reward=0.0, Portfolio Value=998490.5253852269, Budget=998490.5253852269, Position=0
2024-08-03 02:15:03,843 - INFO - Step: Action=Hold, Reward=0.0, Portfolio Value=998490.5253852269, Budget=998490.5253852269, Position=0
2024-08-03 02:15:03,844 - INFO - Step: Action=Hold, Reward=0.0, Portfolio Value=998490.5253852269, Budget=998490.5253852269, Position=0
2024-08-03 02:15:03,844 - INFO - Step: Action=Sell, Reward=0.0, Portfolio Value=998490.5253852269, Budget=998490.5253852269, Position=0
2024-08-03 02:15:03,845 - INFO - Step: Action=Hold, Reward=0.0, Portfolio Value=998490.5253852269, Budget=998490.5253852269, Position=0
2024-08-03 02:15:03,846 - INFO - Step: Action=Sell, Reward=0.0, Portfolio Value=998490.5253852269, Budget=998490.5253852269, Position=0
2024-08-03 02:15:03,846 - INFO - Step: Action=Hold, Reward=0.0, Portfolio Value=998490.5253852269, Budget=998490.5253852269, Position=0
2024-08-03 02:15:03,847 - INFO - Step: Action=Sell, Reward=0.0, Portfolio Value=998490.5253852269, Budget=998490.5253852269, Position=0
2024-08-03 02:15:03,848 - INFO - Step: Action=Sell, Reward=0.0, Portfolio Value=998490.5253852269, Budget=998490.5253852269, Position=0
2024-08-03 02:15:03,849 - INFO - Step: Action=Sell, Reward=0.0, Portfolio Value=998490.5253852269, Budget=998490.5253852269, Position=0
2024-08-03 02:15:03,849 - INFO - Step: Action=Hold, Reward=0.0, Portfolio Value=998490.5253852269, Budget=998490.5253852269, Position=0
2024-08-03 02:15:03,850 - INFO - Step: Action=Hold, Reward=0.0, Portfolio Value=998490.5253852269, Budget=998490.5253852269, Position=0
2024-08-03 02:15:03,851 - INFO - Step: Action=Sell, Reward=0.0, Portfolio Value=998490.5253852269, Budget=998490.5253852269, Position=0
2024-08-03 02:15:03,851 - INFO - Step: Action=Sell, Reward=0.0, Portfolio Value=998490.5253852269, Budget=998490.5253852269, Position=0
2024-08-03 02:15:03,852 - INFO - Step: Action=Sell, Reward=0.0, Portfolio Value=998490.5253852269, Budget=998490.5253852269, Position=0
2024-08-03 02:15:03,853 - INFO - Step: Action=Hold, Reward=0.0, Portfolio Value=998490.5253852269, Budget=998490.5253852269, Position=0
2024-08-03 02:15:03,853 - INFO - Step: Action=Hold, Reward=0.0, Portfolio Value=998490.5253852269, Budget=998490.5253852269, Position=0
2024-08-03 02:15:03,854 - INFO - Step: Action=Hold, Reward=0.0, Portfolio Value=998490.5253852269, Budget=998490.5253852269, Position=0
2024-08-03 02:15:03,855 - INFO - Step: Action=Buy, Reward=-63.00030376256848, Portfolio Value=998490.5253852269, Budget=998427.5250814643, Position=100
2024-08-03 02:15:03,855 - INFO - Step: Action=Sell, Reward=107.32655768725316, Portfolio Value=998534.8472069694, Budget=998534.8472069694, Position=0
2024-08-03 02:15:03,856 - INFO - Step: Action=Buy, Reward=-87.37730572094921, Portfolio Value=998534.8472069694, Budget=998447.4699012485, Position=100
2024-08-03 02:15:03,857 - INFO - Step: Action=Hold, Reward=-0.001108045543555636, Portfolio Value=998523.7667515338, Budget=998447.4699012485, Position=100
2024-08-03 02:15:03,857 - INFO - Step: Action=Sell, Reward=105.10891533636666, Portfolio Value=998552.5759356664, Budget=998552.5759356664, Position=0
2024-08-03 02:15:03,858 - INFO - Step: Action=Hold, Reward=0.0, Portfolio Value=998552.5759356664, Budget=998552.5759356664, Position=0
2024-08-03 02:15:03,859 - INFO - Step: Action=Hold, Reward=0.0, Portfolio Value=998552.5759356664, Budget=998552.5759356664, Position=0
2024-08-03 02:15:03,860 - INFO - Step: Action=Hold, Reward=0.0, Portfolio Value=998552.5759356664, Budget=998552.5759356664, Position=0
2024-08-03 02:15:03,860 - INFO - Step: Action=Hold, Reward=0.0, Portfolio Value=998552.5759356664, Budget=998552.5759356664, Position=0
2024-08-03 02:15:03,861 - INFO - Step: Action=Sell, Reward=0.0, Portfolio Value=998552.5759356664, Budget=998552.5759356664, Position=0
2024-08-03 02:15:03,862 - INFO - Step: Action=Hold, Reward=0.0, Portfolio Value=998552.5759356664, Budget=998552.5759356664, Position=0
2024-08-03 02:15:03,862 - INFO - Step: Action=Sell, Reward=0.0, Portfolio Value=998552.5759356664, Budget=998552.5759356664, Position=0
2024-08-03 02:15:03,863 - INFO - Step: Action=Hold, Reward=0.0, Portfolio Value=998552.5759356664, Budget=998552.5759356664, Position=0
2024-08-03 02:15:03,864 - INFO - Step: Action=Sell, Reward=0.0, Portfolio Value=998552.5759356664, Budget=998552.5759356664, Position=0
2024-08-03 02:15:03,865 - INFO - Step: Action=Hold, Reward=0.0, Portfolio Value=998552.5759356664, Budget=998552.5759356664, Position=0
2024-08-03 02:15:03,865 - INFO - Step: Action=Hold, Reward=0.0, Portfolio Value=998552.5759356664, Budget=998552.5759356664, Position=0
2024-08-03 02:15:03,866 - INFO - Step: Action=Hold, Reward=0.0, Portfolio Value=998552.5759356664, Budget=998552.5759356664, Position=0
2024-08-03 02:15:03,867 - INFO - Step: Action=Hold, Reward=0.0, Portfolio Value=998552.5759356664, Budget=998552.5759356664, Position=0
2024-08-03 02:15:03,868 - INFO - Step: Action=Hold, Reward=0.0, Portfolio Value=998552.5759356664, Budget=998552.5759356664, Position=0
2024-08-03 02:15:03,868 - INFO - Step: Action=Sell, Reward=0.0, Portfolio Value=998552.5759356664, Budget=998552.5759356664, Position=0
2024-08-03 02:15:03,869 - INFO - Step: Action=Hold, Reward=0.0, Portfolio Value=998552.5759356664, Budget=998552.5759356664, Position=0
2024-08-03 02:15:03,870 - INFO - Step: Action=Sell, Reward=0.0, Portfolio Value=998552.5759356664, Budget=998552.5759356664, Position=0
2024-08-03 02:15:03,870 - INFO - Step: Action=Hold, Reward=0.0, Portfolio Value=998552.5759356664, Budget=998552.5759356664, Position=0
2024-08-03 02:15:03,871 - INFO - Step: Action=Hold, Reward=0.0, Portfolio Value=998552.5759356664, Budget=998552.5759356664, Position=0
2024-08-03 02:15:03,872 - INFO - Step: Action=Sell, Reward=0.0, Portfolio Value=998552.5759356664, Budget=998552.5759356664, Position=0
2024-08-03 02:15:03,873 - INFO - Step: Action=Hold, Reward=0.0, Portfolio Value=998552.5759356664, Budget=998552.5759356664, Position=0
2024-08-03 02:15:03,873 - INFO - Step: Action=Hold, Reward=0.0, Portfolio Value=998552.5759356664, Budget=998552.5759356664, Position=0
2024-08-03 02:15:03,874 - INFO - Step: Action=Hold, Reward=0.0, Portfolio Value=998552.5759356664, Budget=998552.5759356664, Position=0
2024-08-03 02:15:03,875 - INFO - Step: Action=Hold, Reward=0.0, Portfolio Value=998552.5759356664, Budget=998552.5759356664, Position=0
2024-08-03 02:15:03,876 - INFO - Step: Action=Hold, Reward=0.0, Portfolio Value=998552.5759356664, Budget=998552.5759356664, Position=0
2024-08-03 02:15:03,876 - INFO - Step: Action=Sell, Reward=0.0, Portfolio Value=998552.5759356664, Budget=998552.5759356664, Position=0
2024-08-03 02:15:03,877 - INFO - Step: Action=Hold, Reward=0.0, Portfolio Value=998552.5759356664, Budget=998552.5759356664, Position=0
2024-08-03 02:15:03,878 - INFO - Step: Action=Hold, Reward=0.0, Portfolio Value=998552.5759356664, Budget=998552.5759356664, Position=0
2024-08-03 02:15:03,879 - INFO - Step: Action=Hold, Reward=0.0, Portfolio Value=998552.5759356664, Budget=998552.5759356664, Position=0
2024-08-03 02:15:03,879 - INFO - Step: Action=Sell, Reward=0.0, Portfolio Value=998552.5759356664, Budget=998552.5759356664, Position=0
2024-08-03 02:15:03,880 - INFO - Step: Action=Sell, Reward=0.0, Portfolio Value=998552.5759356664, Budget=998552.5759356664, Position=0
2024-08-03 02:15:03,881 - INFO - Step: Action=Hold, Reward=0.0, Portfolio Value=998552.5759356664, Budget=998552.5759356664, Position=0
2024-08-03 02:15:03,882 - INFO - Step: Action=Hold, Reward=0.0, Portfolio Value=998552.5759356664, Budget=998552.5759356664, Position=0
2024-08-03 02:15:03,882 - INFO - Step: Action=Sell, Reward=0.0, Portfolio Value=998552.5759356664, Budget=998552.5759356664, Position=0
2024-08-03 02:15:03,883 - INFO - Step: Action=Hold, Reward=0.0, Portfolio Value=998552.5759356664, Budget=998552.5759356664, Position=0
2024-08-03 02:15:03,884 - INFO - Step: Action=Buy, Reward=-56.352030501191905, Portfolio Value=998552.5759356664, Budget=998496.2239051652, Position=100
2024-08-03 02:15:03,884 - INFO - Step: Action=Buy, Reward=-51.92029154515828, Portfolio Value=998548.1437534922, Budget=998444.3040568383, Position=200
2024-08-03 02:15:03,885 - INFO - Step: Action=Hold, Reward=0.008421146131074055, Portfolio Value=998632.3552148029, Budget=998444.3040568383, Position=200
2024-08-03 02:15:03,886 - INFO - Step: Action=Hold, Reward=-0.004875400391675066, Portfolio Value=998583.6012108861, Budget=998444.3040568383, Position=200
2024-08-03 02:15:03,887 - INFO - Step: Action=Sell, Reward=51.91630258120145, Portfolio Value=998548.1437534922, Budget=998496.2239051652, Position=100
2024-08-03 02:15:03,887 - INFO - Step: Action=Buy, Reward=-80.7261515411594, Portfolio Value=998576.9529376248, Budget=998415.4948727057, Position=200
2024-08-03 02:15:03,888 - INFO - Step: Action=Hold, Reward=-0.005318618609092664, Portfolio Value=998523.7667515338, Budget=998415.4948727057, Position=200
2024-08-03 02:15:03,889 - INFO - Step: Action=Hold, Reward=-0.004875400391675066, Portfolio Value=998475.0127476171, Budget=998415.4948727057, Position=200
2024-08-03 02:15:03,889 - INFO - Step: Action=Hold, Reward=-0.002216091087134555, Portfolio Value=998452.8518367457, Budget=998415.4948727057, Position=200
2024-08-03 02:15:03,890 - INFO - Step: Action=Buy, Reward=-23.10977775787422, Portfolio Value=998461.7162010942, Budget=998392.3842085113, Position=300
2024-08-03 02:15:03,891 - INFO - Step: Action=Buy, Reward=-3.1718278561145943, Portfolio Value=998401.8817417419, Budget=998389.2183641011, Position=400
2024-08-03 02:15:03,892 - INFO - Step: Action=Hold, Reward=0.011523673653043806, Portfolio Value=998517.1184782723, Budget=998389.2183641011, Position=400
2024-08-03 02:15:03,892 - INFO - Step: Action=Hold, Reward=-0.007977927913644817, Portfolio Value=998437.3391991359, Budget=998389.2183641011, Position=400
2024-08-03 02:15:03,893 - INFO - Step: Action=Hold, Reward=-0.0044321821742574685, Portfolio Value=998393.0173773933, Budget=998389.2183641011, Position=400
2024-08-03 02:15:03,894 - INFO - Step: Action=Sell, Reward=-3.484201724066897, Portfolio Value=998375.2886486964, Budget=998385.73593525, Position=300
2024-08-03 02:15:03,895 - INFO - Step: Action=Hold, Reward=-0.0019944819784141147, Portfolio Value=998355.3438289122, Budget=998385.73593525, Position=300
2024-08-03 02:15:03,895 - INFO - Step: Action=Hold, Reward=-0.0019944819784141147, Portfolio Value=998335.3990091281, Budget=998385.73593525, Position=300
2024-08-03 02:15:03,896 - INFO - Step: Action=Hold, Reward=-0.002659309304552153, Portfolio Value=998308.8059160826, Budget=998385.73593525, Position=300
2024-08-03 02:15:03,897 - INFO - Step: Action=Hold, Reward=0.0019944819784141147, Portfolio Value=998328.7507358667, Budget=998385.73593525, Position=300
2024-08-03 02:15:03,898 - INFO - Step: Action=Hold, Reward=0.0, Portfolio Value=998328.7507358667, Budget=998385.73593525, Position=300
2024-08-03 02:15:03,898 - INFO - Step: Action=Buy, Reward=0.003324136630690191, Portfolio Value=998361.9921021736, Budget=998385.73593525, Position=300
2024-08-03 02:15:03,899 - INFO - Step: Action=Buy, Reward=-16.455077832344994, Portfolio Value=998435.1231080487, Budget=998369.273544317, Position=400
2024-08-03 02:15:03,900 - INFO - Step: Action=Hold, Reward=-0.009750800783350132, Portfolio Value=998337.6151002152, Budget=998369.273544317, Position=400
2024-08-03 02:15:03,900 - INFO - Step: Action=Hold, Reward=-0.002659309304552153, Portfolio Value=998311.0220071697, Budget=998369.273544317, Position=400
2024-08-03 02:15:03,901 - INFO - Step: Action=Sell, Reward=-14.562884286824815, Portfolio Value=998311.0220071697, Budget=998354.7106600301, Position=300
2024-08-03 02:15:03,902 - INFO - Step: Action=Buy, Reward=0.0019944819784141147, Portfolio Value=998330.9668269538, Budget=998354.7106600301, Position=300
2024-08-03 02:15:03,903 - INFO - Step: Action=Hold, Reward=-0.0013296546522760765, Portfolio Value=998317.670280431, Budget=998354.7106600301, Position=300
2024-08-03 02:15:03,904 - INFO - Step: Action=Hold, Reward=0.027257920371647926, Portfolio Value=998590.2494841475, Budget=998354.7106600301, Position=300
2024-08-03 02:15:03,904 - INFO - Step: Action=Hold, Reward=0.001329654652264435, Portfolio Value=998603.5460306702, Budget=998354.7106600301, Position=300
2024-08-03 02:15:03,905 - INFO - Step: Action=Buy, Reward=-71.86799224770124, Portfolio Value=998570.3046643634, Budget=998282.845991919, Position=400
2024-08-03 02:15:03,906 - INFO - Step: Action=Hold, Reward=-0.006205055043951142, Portfolio Value=998508.2541139239, Budget=998282.845991919, Position=400
2024-08-03 02:15:03,906 - INFO - Step: Action=Sell, Reward=65.2199405954334, Portfolio Value=998543.7115713179, Budget=998348.0623867688, Position=300
2024-08-03 02:15:03,907 - INFO - Step: Action=Hold, Reward=-0.0006648273261380382, Portfolio Value=998537.0632980565, Budget=998348.0623867688, Position=300
2024-08-03 02:15:03,908 - INFO - Step: Action=Hold, Reward=0.003324136630690191, Portfolio Value=998570.3046643634, Budget=998348.0623867688, Position=300
2024-08-03 02:15:03,909 - INFO - Step: Action=Hold, Reward=-0.0019944819784141147, Portfolio Value=998550.3598445792, Budget=998348.0623867688, Position=300
2024-08-03 02:15:03,909 - INFO - Step: Action=Hold, Reward=0.002659309304552153, Portfolio Value=998576.9529376248, Budget=998348.0623867688, Position=300
2024-08-03 02:15:03,910 - INFO - Step: Action=Hold, Reward=0.005318618609092664, Portfolio Value=998630.1391237157, Budget=998348.0623867688, Position=300
2024-08-03 02:15:03,911 - INFO - Step: Action=Hold, Reward=0.0019944819784141147, Portfolio Value=998650.0839434998, Budget=998348.0623867688, Position=300
2024-08-03 02:15:03,912 - INFO - Step: Action=Hold, Reward=-0.011966891870473046, Portfolio Value=998530.4150247951, Budget=998348.0623867688, Position=300
2024-08-03 02:15:03,912 - INFO - Step: Action=Hold, Reward=-0.002659309304552153, Portfolio Value=998503.8219317496, Budget=998348.0623867688, Position=300
2024-08-03 02:15:03,913 - INFO - Step: Action=Buy, Reward=-47.488995807342086, Portfolio Value=998490.5253852268, Budget=998300.5747206161, Position=400
2024-08-03 02:15:03,914 - INFO - Step: Action=Hold, Reward=-0.006205055043951142, Portfolio Value=998428.4748347873, Budget=998300.5747206161, Position=400
2024-08-03 02:15:03,914 - INFO - Step: Action=Sell, Reward=29.75805101925079, Portfolio Value=998419.6104704388, Budget=998330.3336580718, Position=300
2024-08-03 02:15:03,915 - INFO - Step: Action=Hold, Reward=0.003988963956828229, Portfolio Value=998459.5001100071, Budget=998330.3336580718, Position=300
2024-08-03 02:15:03,916 - INFO - Step: Action=Hold, Reward=-0.005318618609104306, Portfolio Value=998406.3139239161, Budget=998330.3336580718, Position=300
2024-08-03 02:15:03,916 - INFO - Step: Action=Buy, Reward=-20.89590276183581, Portfolio Value=998393.0173773934, Budget=998309.4390849647, Position=400
2024-08-03 02:15:03,917 - INFO - Step: Action=Hold, Reward=-0.007977927913656459, Portfolio Value=998313.2380982569, Budget=998309.4390849647, Position=400
2024-08-03 02:15:03,918 - INFO - Step: Action=Sell, Reward=-16.786066865429135, Portfolio Value=998242.3231834689, Budget=998292.6601095907, Position=300
2024-08-03 02:15:03,919 - INFO - Step: Action=Buy, Reward=-0.004653791282966268, Portfolio Value=998195.7852706392, Budget=998292.6601095907, Position=300
2024-08-03 02:15:03,919 - INFO - Step: Action=Hold, Reward=0.002659309304552153, Portfolio Value=998222.3783636848, Budget=998292.6601095907, Position=300
2024-08-03 02:15:03,920 - INFO - Step: Action=Hold, Reward=0.011966891870473046, Portfolio Value=998342.0472823895, Budget=998292.6601095907, Position=300
2024-08-03 02:15:03,921 - INFO - Step: Action=Sell, Reward=31.97968233409412, Portfolio Value=998388.5851952191, Budget=998324.6351381335, Position=200
2024-08-03 02:15:03,921 - INFO - Step: Action=Sell, Reward=12.026219794724625, Portfolio Value=998348.6955556509, Budget=998336.6653468922, Position=100
2024-08-03 02:15:03,922 - INFO - Step: Action=Sell, Reward=-3.483980114958188, Portfolio Value=998333.182918041, Budget=998333.182918041, Position=0
2024-08-03 02:15:03,924 - INFO - Step: Action=Sell, Reward=0.0, Portfolio Value=998333.182918041, Budget=998333.182918041, Position=0
2024-08-03 02:15:03,927 - INFO - Step: Action=Buy, Reward=-67.43248593681952, Portfolio Value=998333.182918041, Budget=998265.7504321042, Position=100
2024-08-03 02:15:03,929 - INFO - Step: Action=Hold, Reward=-0.0022160910871229134, Portfolio Value=998311.0220071698, Budget=998265.7504321042, Position=100
2024-08-03 02:15:03,931 - INFO - Step: Action=Hold, Reward=-0.0015512637609848754, Portfolio Value=998295.5093695599, Budget=998265.7504321042, Position=100
2024-08-03 02:15:03,932 - INFO - Step: Action=Hold, Reward=-0.0008864364348584786, Portfolio Value=998286.6450052114, Budget=998265.7504321042, Position=100
2024-08-03 02:15:03,934 - INFO - Step: Action=Hold, Reward=0.00022160910872044042, Portfolio Value=998288.8610962986, Budget=998265.7504321042, Position=100
2024-08-03 02:15:03,935 - INFO - Step: Action=Hold, Reward=-0.0011080455435672776, Portfolio Value=998277.7806408629, Budget=998265.7504321042, Position=100
2024-08-03 02:15:03,936 - INFO - Step: Action=Hold, Reward=-0.0028809184132609516, Portfolio Value=998248.9714567303, Budget=998265.7504321042, Position=100
2024-08-03 02:15:03,936 - INFO - Step: Action=Hold, Reward=0.0013296546522760765, Portfolio Value=998262.268003253, Budget=998265.7504321042, Position=100
2024-08-03 02:15:03,937 - INFO - Step: Action=Hold, Reward=0.0, Portfolio Value=998262.268003253, Budget=998265.7504321042, Position=100
2024-08-03 02:15:03,938 - INFO - Step: Action=Hold, Reward=-0.000886436434846837, Portfolio Value=998253.4036389046, Budget=998265.7504321042, Position=100
2024-08-03 02:15:03,938 - INFO - Step: Action=Hold, Reward=0.0037673548481077885, Portfolio Value=998291.0771873856, Budget=998265.7504321042, Position=100
2024-08-03 02:15:03,939 - INFO - Step: Action=Hold, Reward=0.002437700195843354, Portfolio Value=998315.4541893441, Budget=998265.7504321042, Position=100
2024-08-03 02:15:03,940 - INFO - Step: Action=Buy, Reward=-47.48788776179852, Portfolio Value=998313.238098257, Budget=998218.2627659516, Position=200
2024-08-03 02:15:03,941 - INFO - Step: Action=Hold, Reward=0.005761836826521903, Portfolio Value=998370.8564665222, Budget=998218.2627659516, Position=200
2024-08-03 02:15:03,942 - INFO - Step: Action=Hold, Reward=0.0, Portfolio Value=998370.8564665222, Budget=998218.2627659516, Position=200
2024-08-03 02:15:03,942 - INFO - Step: Action=Hold, Reward=-0.004432182174245827, Portfolio Value=998326.5346447797, Budget=998218.2627659516, Position=200
2024-08-03 02:15:03,943 - INFO - Step: Action=Hold, Reward=0.001772872869693674, Portfolio Value=998344.2633734767, Budget=998218.2627659516, Position=200
2024-08-03 02:15:03,944 - INFO - Step: Action=Hold, Reward=0.000886436434846837, Portfolio Value=998353.1277378252, Budget=998218.2627659516, Position=200
2024-08-03 02:15:03,944 - INFO - Step: Action=Hold, Reward=-0.00044321821741759776, Portfolio Value=998348.695555651, Budget=998218.2627659516, Position=200
2024-08-03 02:15:03,945 - INFO - Step: Action=Hold, Reward=0.001772872869693674, Portfolio Value=998366.4242843479, Budget=998218.2627659516, Position=200
2024-08-03 02:15:03,946 - INFO - Step: Action=Buy, Reward=-105.09982936290946, Portfolio Value=998428.4748347874, Budget=998113.1567315336, Position=300
2024-08-03 02:15:03,947 - INFO - Step: Action=Hold, Reward=0.003988963956828229, Portfolio Value=998468.3644743557, Budget=998113.1567315336, Position=300
2024-08-03 02:15:03,947 - INFO - Step: Action=Hold, Reward=-0.0019944819784141147, Portfolio Value=998448.4196545716, Budget=998113.1567315336, Position=300
2024-08-03 02:15:03,948 - INFO - Step: Action=Hold, Reward=0.0013296546522760765, Portfolio Value=998461.7162010943, Budget=998113.1567315336, Position=300
2024-08-03 02:15:03,949 - INFO - Step: Action=Sell, Reward=118.40324576803266, Portfolio Value=998468.3644743557, Budget=998231.5593124743, Position=200
2024-08-03 02:15:03,950 - INFO - Step: Action=Hold, Reward=0.0, Portfolio Value=998468.3644743557, Budget=998231.5593124743, Position=200
2024-08-03 02:15:03,950 - INFO - Step: Action=Hold, Reward=-0.001772872869693674, Portfolio Value=998450.6357456588, Budget=998231.5593124743, Position=200
2024-08-03 02:15:03,951 - INFO - Step: Action=Hold, Reward=-0.003102527521981392, Portfolio Value=998419.610470439, Budget=998231.5593124743, Position=200
2024-08-03 02:15:03,952 - INFO - Step: Action=Hold, Reward=-0.001772872869693674, Portfolio Value=998401.881741742, Budget=998231.5593124743, Position=200
2024-08-03 02:15:03,953 - INFO - Step: Action=Hold, Reward=0.006205055043951142, Portfolio Value=998463.9322921815, Budget=998231.5593124743, Position=200
2024-08-03 02:15:03,954 - INFO - Step: Action=Hold, Reward=0.0, Portfolio Value=998463.9322921815, Budget=998231.5593124743, Position=200
2024-08-03 02:15:03,954 - INFO - Step: Action=Hold, Reward=0.00044321821741759776, Portfolio Value=998468.3644743557, Budget=998231.5593124743, Position=200
2024-08-03 02:15:03,955 - INFO - Step: Action=Hold, Reward=-0.00354574573939899, Portfolio Value=998432.9070169617, Budget=998231.5593124743, Position=200
2024-08-03 02:15:03,956 - INFO - Step: Action=Hold, Reward=0.002659309304552153, Portfolio Value=998459.5001100072, Budget=998231.5593124743, Position=200
2024-08-03 02:15:03,956 - INFO - Step: Action=Hold, Reward=-0.006205055043951142, Portfolio Value=998397.4495595677, Budget=998231.5593124743, Position=200
2024-08-03 02:15:03,957 - INFO - Step: Action=Hold, Reward=0.0022160910871229134, Portfolio Value=998419.610470439, Budget=998231.5593124743, Position=200
2024-08-03 02:15:03,958 - INFO - Step: Action=Hold, Reward=-0.000886436434846837, Portfolio Value=998410.7461060905, Budget=998231.5593124743, Position=200
2024-08-03 02:15:03,959 - INFO - Step: Action=Sell, Reward=113.97527416684716, Portfolio Value=998459.5001100072, Budget=998345.5297112408, Position=100
2024-08-03 02:15:03,959 - INFO - Step: Action=Hold, Reward=0.000886436434846837, Portfolio Value=998468.3644743557, Budget=998345.5297112408, Position=100
2024-08-03 02:15:03,960 - INFO - Step: Action=Hold, Reward=0.0011080455435672776, Portfolio Value=998479.4449297914, Budget=998345.5297112408, Position=100
2024-08-03 02:15:03,961 - INFO - Step: Action=Sell, Reward=118.40102967694554, Portfolio Value=998463.9322921815, Budget=998463.9322921815, Position=0
2024-08-03 02:15:03,962 - INFO - Step: Action=Hold, Reward=0.0, Portfolio Value=998463.9322921815, Budget=998463.9322921815, Position=0
2024-08-03 02:15:03,962 - INFO - Step: Action=Hold, Reward=0.0, Portfolio Value=998463.9322921815, Budget=998463.9322921815, Position=0
2024-08-03 02:15:03,963 - INFO - Step: Action=Hold, Reward=0.0, Portfolio Value=998463.9322921815, Budget=998463.9322921815, Position=0
2024-08-03 02:15:03,964 - INFO - Step: Action=Sell, Reward=0.0, Portfolio Value=998463.9322921815, Budget=998463.9322921815, Position=0
2024-08-03 02:15:03,964 - INFO - Step: Action=Hold, Reward=0.0, Portfolio Value=998463.9322921815, Budget=998463.9322921815, Position=0
2024-08-03 02:15:03,965 - INFO - Step: Action=Hold, Reward=0.0, Portfolio Value=998463.9322921815, Budget=998463.9322921815, Position=0
2024-08-03 02:15:03,966 - INFO - Step: Action=Hold, Reward=0.0, Portfolio Value=998463.9322921815, Budget=998463.9322921815, Position=0
2024-08-03 02:15:03,967 - INFO - Step: Action=Hold, Reward=0.0, Portfolio Value=998463.9322921815, Budget=998463.9322921815, Position=0
2024-08-03 02:15:03,967 - INFO - Step: Action=Sell, Reward=0.0, Portfolio Value=998463.9322921815, Budget=998463.9322921815, Position=0
2024-08-03 02:15:03,968 - INFO - Step: Action=Hold, Reward=0.0, Portfolio Value=998463.9322921815, Budget=998463.9322921815, Position=0
2024-08-03 02:15:03,969 - INFO - Step: Action=Sell, Reward=0.0, Portfolio Value=998463.9322921815, Budget=998463.9322921815, Position=0
2024-08-03 02:15:03,969 - INFO - Step: Action=Sell, Reward=0.0, Portfolio Value=998463.9322921815, Budget=998463.9322921815, Position=0
2024-08-03 02:15:03,970 - INFO - Step: Action=Sell, Reward=0.0, Portfolio Value=998463.9322921815, Budget=998463.9322921815, Position=0
2024-08-03 02:15:03,971 - INFO - Step: Action=Sell, Reward=0.0, Portfolio Value=998463.9322921815, Budget=998463.9322921815, Position=0
2024-08-03 02:15:03,972 - INFO - Step: Action=Sell, Reward=0.0, Portfolio Value=998463.9322921815, Budget=998463.9322921815, Position=0
2024-08-03 02:15:03,972 - INFO - Step: Action=Sell, Reward=0.0, Portfolio Value=998463.9322921815, Budget=998463.9322921815, Position=0
2024-08-03 02:15:03,973 - INFO - Step: Action=Hold, Reward=0.0, Portfolio Value=998463.9322921815, Budget=998463.9322921815, Position=0
2024-08-03 02:15:03,974 - INFO - Step: Action=Hold, Reward=0.0, Portfolio Value=998463.9322921815, Budget=998463.9322921815, Position=0
2024-08-03 02:15:03,975 - INFO - Step: Action=Sell, Reward=0.0, Portfolio Value=998463.9322921815, Budget=998463.9322921815, Position=0
2024-08-03 02:15:03,975 - INFO - Step: Action=Sell, Reward=0.0, Portfolio Value=998463.9322921815, Budget=998463.9322921815, Position=0
2024-08-03 02:15:03,976 - INFO - Step: Action=Sell, Reward=0.0, Portfolio Value=998463.9322921815, Budget=998463.9322921815, Position=0
2024-08-03 02:15:03,977 - INFO - Step: Action=Sell, Reward=0.0, Portfolio Value=998463.9322921815, Budget=998463.9322921815, Position=0
2024-08-03 02:15:03,978 - INFO - Step: Action=Sell, Reward=0.0, Portfolio Value=998463.9322921815, Budget=998463.9322921815, Position=0
2024-08-03 02:15:03,978 - INFO - Step: Action=Sell, Reward=0.0, Portfolio Value=998463.9322921815, Budget=998463.9322921815, Position=0
2024-08-03 02:15:03,979 - INFO - Step: Action=Sell, Reward=0.0, Portfolio Value=998463.9322921815, Budget=998463.9322921815, Position=0
2024-08-03 02:15:03,980 - INFO - Step: Action=Sell, Reward=0.0, Portfolio Value=998463.9322921815, Budget=998463.9322921815, Position=0
2024-08-03 02:15:03,980 - INFO - Step: Action=Sell, Reward=0.0, Portfolio Value=998463.9322921815, Budget=998463.9322921815, Position=0
2024-08-03 02:15:03,981 - INFO - Step: Action=Sell, Reward=0.0, Portfolio Value=998463.9322921815, Budget=998463.9322921815, Position=0
2024-08-03 02:15:03,982 - INFO - Step: Action=Sell, Reward=0.0, Portfolio Value=998463.9322921815, Budget=998463.9322921815, Position=0
2024-08-03 02:15:03,982 - INFO - Step: Action=Hold, Reward=0.0, Portfolio Value=998463.9322921815, Budget=998463.9322921815, Position=0
2024-08-03 02:15:03,983 - INFO - Step: Action=Sell, Reward=0.0, Portfolio Value=998463.9322921815, Budget=998463.9322921815, Position=0
2024-08-03 02:15:03,984 - INFO - Step: Action=Sell, Reward=0.0, Portfolio Value=998463.9322921815, Budget=998463.9322921815, Position=0
2024-08-03 02:15:03,985 - INFO - Step: Action=Sell, Reward=0.0, Portfolio Value=998463.9322921815, Budget=998463.9322921815, Position=0
2024-08-03 02:15:03,985 - INFO - Step: Action=Sell, Reward=0.0, Portfolio Value=998463.9322921815, Budget=998463.9322921815, Position=0
2024-08-03 02:15:03,986 - INFO - Step: Action=Sell, Reward=0.0, Portfolio Value=998463.9322921815, Budget=998463.9322921815, Position=0
2024-08-03 02:15:03,987 - INFO - Step: Action=Sell, Reward=0.0, Portfolio Value=998463.9322921815, Budget=998463.9322921815, Position=0
2024-08-03 02:15:03,988 - INFO - Step: Action=Sell, Reward=0.0, Portfolio Value=998463.9322921815, Budget=998463.9322921815, Position=0
2024-08-03 02:15:03,988 - INFO - Step: Action=Sell, Reward=0.0, Portfolio Value=998463.9322921815, Budget=998463.9322921815, Position=0
2024-08-03 02:15:03,989 - INFO - Step: Action=Sell, Reward=0.0, Portfolio Value=998463.9322921815, Budget=998463.9322921815, Position=0
2024-08-03 02:15:03,990 - INFO - Step: Action=Sell, Reward=0.0, Portfolio Value=998463.9322921815, Budget=998463.9322921815, Position=0
2024-08-03 02:15:03,991 - INFO - Step: Action=Sell, Reward=0.0, Portfolio Value=998463.9322921815, Budget=998463.9322921815, Position=0
2024-08-03 02:15:03,991 - INFO - Step: Action=Sell, Reward=0.0, Portfolio Value=998463.9322921815, Budget=998463.9322921815, Position=0
2024-08-03 02:15:03,992 - INFO - Step: Action=Sell, Reward=0.0, Portfolio Value=998463.9322921815, Budget=998463.9322921815, Position=0
2024-08-03 02:15:03,993 - INFO - Step: Action=Sell, Reward=0.0, Portfolio Value=998463.9322921815, Budget=998463.9322921815, Position=0
2024-08-03 02:15:03,994 - INFO - Step: Action=Sell, Reward=0.0, Portfolio Value=998463.9322921815, Budget=998463.9322921815, Position=0
2024-08-03 02:15:03,994 - INFO - Step: Action=Sell, Reward=0.0, Portfolio Value=998463.9322921815, Budget=998463.9322921815, Position=0
2024-08-03 02:15:03,995 - INFO - Step: Action=Sell, Reward=0.0, Portfolio Value=998463.9322921815, Budget=998463.9322921815, Position=0
2024-08-03 02:15:03,996 - INFO - Step: Action=Sell, Reward=0.0, Portfolio Value=998463.9322921815, Budget=998463.9322921815, Position=0
2024-08-03 02:15:03,997 - INFO - Step: Action=Sell, Reward=0.0, Portfolio Value=998463.9322921815, Budget=998463.9322921815, Position=0
2024-08-03 02:15:03,997 - INFO - Step: Action=Sell, Reward=0.0, Portfolio Value=998463.9322921815, Budget=998463.9322921815, Position=0
2024-08-03 02:15:03,998 - INFO - Step: Action=Sell, Reward=0.0, Portfolio Value=998463.9322921815, Budget=998463.9322921815, Position=0
2024-08-03 02:15:03,999 - INFO - Step: Action=Sell, Reward=0.0, Portfolio Value=998463.9322921815, Budget=998463.9322921815, Position=0
2024-08-03 02:15:04,000 - INFO - Step: Action=Sell, Reward=0.0, Portfolio Value=998463.9322921815, Budget=998463.9322921815, Position=0
2024-08-03 02:15:04,000 - INFO - Step: Action=Sell, Reward=0.0, Portfolio Value=998463.9322921815, Budget=998463.9322921815, Position=0
2024-08-03 02:15:04,001 - INFO - Step: Action=Sell, Reward=0.0, Portfolio Value=998463.9322921815, Budget=998463.9322921815, Position=0
2024-08-03 02:15:04,002 - INFO - Step: Action=Sell, Reward=0.0, Portfolio Value=998463.9322921815, Budget=998463.9322921815, Position=0
2024-08-03 02:15:04,003 - INFO - Step: Action=Sell, Reward=0.0, Portfolio Value=998463.9322921815, Budget=998463.9322921815, Position=0
2024-08-03 02:15:04,003 - INFO - Step: Action=Sell, Reward=0.0, Portfolio Value=998463.9322921815, Budget=998463.9322921815, Position=0
2024-08-03 02:15:04,004 - INFO - Step: Action=Hold, Reward=0.0, Portfolio Value=998463.9322921815, Budget=998463.9322921815, Position=0
2024-08-03 02:15:04,005 - INFO - Step: Action=Hold, Reward=0.0, Portfolio Value=998463.9322921815, Budget=998463.9322921815, Position=0
2024-08-03 02:15:04,005 - INFO - Step: Action=Hold, Reward=0.0, Portfolio Value=998463.9322921815, Budget=998463.9322921815, Position=0
2024-08-03 02:15:04,006 - INFO - Step: Action=Sell, Reward=0.0, Portfolio Value=998463.9322921815, Budget=998463.9322921815, Position=0
2024-08-03 02:15:04,007 - INFO - Step: Action=Sell, Reward=0.0, Portfolio Value=998463.9322921815, Budget=998463.9322921815, Position=0
2024-08-03 02:15:04,007 - INFO - Step: Action=Sell, Reward=0.0, Portfolio Value=998463.9322921815, Budget=998463.9322921815, Position=0
2024-08-03 02:15:04,008 - INFO - Step: Action=Sell, Reward=0.0, Portfolio Value=998463.9322921815, Budget=998463.9322921815, Position=0
2024-08-03 02:15:04,009 - INFO - Step: Action=Hold, Reward=0.0, Portfolio Value=998463.9322921815, Budget=998463.9322921815, Position=0
2024-08-03 02:15:04,010 - INFO - Step: Action=Sell, Reward=0.0, Portfolio Value=998463.9322921815, Budget=998463.9322921815, Position=0
2024-08-03 02:15:04,011 - INFO - Step: Action=Sell, Reward=0.0, Portfolio Value=998463.9322921815, Budget=998463.9322921815, Position=0
2024-08-03 02:15:04,011 - INFO - Step: Action=Hold, Reward=0.0, Portfolio Value=998463.9322921815, Budget=998463.9322921815, Position=0
2024-08-03 02:15:04,012 - INFO - Step: Action=Sell, Reward=0.0, Portfolio Value=998463.9322921815, Budget=998463.9322921815, Position=0
2024-08-03 02:15:04,013 - INFO - Step: Action=Sell, Reward=0.0, Portfolio Value=998463.9322921815, Budget=998463.9322921815, Position=0
2024-08-03 02:15:04,013 - INFO - Step: Action=Hold, Reward=0.0, Portfolio Value=998463.9322921815, Budget=998463.9322921815, Position=0
2024-08-03 02:15:04,014 - INFO - Step: Action=Sell, Reward=0.0, Portfolio Value=998463.9322921815, Budget=998463.9322921815, Position=0
2024-08-03 02:15:04,015 - INFO - Step: Action=Sell, Reward=0.0, Portfolio Value=998463.9322921815, Budget=998463.9322921815, Position=0
2024-08-03 02:15:04,016 - INFO - Step: Action=Sell, Reward=0.0, Portfolio Value=998463.9322921815, Budget=998463.9322921815, Position=0
2024-08-03 02:15:04,017 - INFO - Step: Action=Hold, Reward=0.0, Portfolio Value=998463.9322921815, Budget=998463.9322921815, Position=0
2024-08-03 02:15:04,017 - INFO - Step: Action=Hold, Reward=0.0, Portfolio Value=998463.9322921815, Budget=998463.9322921815, Position=0
2024-08-03 02:15:04,018 - INFO - Step: Action=Sell, Reward=0.0, Portfolio Value=998463.9322921815, Budget=998463.9322921815, Position=0
2024-08-03 02:15:04,019 - INFO - Step: Action=Hold, Reward=0.0, Portfolio Value=998463.9322921815, Budget=998463.9322921815, Position=0
2024-08-03 02:15:04,020 - INFO - Step: Action=Sell, Reward=0.0, Portfolio Value=998463.9322921815, Budget=998463.9322921815, Position=0
2024-08-03 02:15:04,020 - INFO - Step: Action=Hold, Reward=0.0, Portfolio Value=998463.9322921815, Budget=998463.9322921815, Position=0
2024-08-03 02:15:04,021 - INFO - Step: Action=Sell, Reward=0.0, Portfolio Value=998463.9322921815, Budget=998463.9322921815, Position=0
2024-08-03 02:15:04,022 - INFO - Step: Action=Sell, Reward=0.0, Portfolio Value=998463.9322921815, Budget=998463.9322921815, Position=0
2024-08-03 02:15:04,022 - INFO - Step: Action=Sell, Reward=0.0, Portfolio Value=998463.9322921815, Budget=998463.9322921815, Position=0
2024-08-03 02:15:04,023 - INFO - Step: Action=Hold, Reward=0.0, Portfolio Value=998463.9322921815, Budget=998463.9322921815, Position=0
2024-08-03 02:15:04,024 - INFO - Step: Action=Hold, Reward=0.0, Portfolio Value=998463.9322921815, Budget=998463.9322921815, Position=0
2024-08-03 02:15:04,025 - INFO - Step: Action=Hold, Reward=0.0, Portfolio Value=998463.9322921815, Budget=998463.9322921815, Position=0
2024-08-03 02:15:04,025 - INFO - Step: Action=Hold, Reward=0.0, Portfolio Value=998463.9322921815, Budget=998463.9322921815, Position=0
2024-08-03 02:15:04,026 - INFO - Step: Action=Hold, Reward=0.0, Portfolio Value=998463.9322921815, Budget=998463.9322921815, Position=0
2024-08-03 02:15:04,027 - INFO - Step: Action=Hold, Reward=0.0, Portfolio Value=998463.9322921815, Budget=998463.9322921815, Position=0
2024-08-03 02:15:04,028 - INFO - Step: Action=Hold, Reward=0.0, Portfolio Value=998463.9322921815, Budget=998463.9322921815, Position=0
2024-08-03 02:15:04,028 - INFO - Step: Action=Hold, Reward=0.0, Portfolio Value=998463.9322921815, Budget=998463.9322921815, Position=0
2024-08-03 02:15:04,029 - INFO - Step: Action=Hold, Reward=0.0, Portfolio Value=998463.9322921815, Budget=998463.9322921815, Position=0
2024-08-03 02:15:04,030 - INFO - Step: Action=Hold, Reward=0.0, Portfolio Value=998463.9322921815, Budget=998463.9322921815, Position=0
2024-08-03 02:15:04,030 - INFO - Step: Action=Hold, Reward=0.0, Portfolio Value=998463.9322921815, Budget=998463.9322921815, Position=0
2024-08-03 02:15:04,031 - INFO - Step: Action=Hold, Reward=0.0, Portfolio Value=998463.9322921815, Budget=998463.9322921815, Position=0
2024-08-03 02:15:04,032 - INFO - Step: Action=Hold, Reward=0.0, Portfolio Value=998463.9322921815, Budget=998463.9322921815, Position=0
2024-08-03 02:15:04,033 - INFO - Step: Action=Sell, Reward=0.0, Portfolio Value=998463.9322921815, Budget=998463.9322921815, Position=0
2024-08-03 02:15:04,033 - INFO - Step: Action=Hold, Reward=0.0, Portfolio Value=998463.9322921815, Budget=998463.9322921815, Position=0
2024-08-03 02:15:04,034 - INFO - Step: Action=Hold, Reward=0.0, Portfolio Value=998463.9322921815, Budget=998463.9322921815, Position=0
2024-08-03 02:15:04,035 - INFO - Step: Action=Hold, Reward=0.0, Portfolio Value=998463.9322921815, Budget=998463.9322921815, Position=0
2024-08-03 02:15:04,035 - INFO - Step: Action=Hold, Reward=0.0, Portfolio Value=998463.9322921815, Budget=998463.9322921815, Position=0
2024-08-03 02:15:04,036 - INFO - Step: Action=Sell, Reward=0.0, Portfolio Value=998463.9322921815, Budget=998463.9322921815, Position=0
2024-08-03 02:15:04,037 - INFO - Step: Action=Hold, Reward=0.0, Portfolio Value=998463.9322921815, Budget=998463.9322921815, Position=0
2024-08-03 02:15:04,038 - INFO - Step: Action=Hold, Reward=0.0, Portfolio Value=998463.9322921815, Budget=998463.9322921815, Position=0
2024-08-03 02:15:04,038 - INFO - Step: Action=Hold, Reward=0.0, Portfolio Value=998463.9322921815, Budget=998463.9322921815, Position=0
2024-08-03 02:15:04,039 - INFO - Step: Action=Sell, Reward=0.0, Portfolio Value=998463.9322921815, Budget=998463.9322921815, Position=0
2024-08-03 02:15:04,040 - INFO - Step: Action=Hold, Reward=0.0, Portfolio Value=998463.9322921815, Budget=998463.9322921815, Position=0
2024-08-03 02:15:04,040 - INFO - Step: Action=Hold, Reward=0.0, Portfolio Value=998463.9322921815, Budget=998463.9322921815, Position=0
2024-08-03 02:15:04,041 - INFO - Step: Action=Hold, Reward=0.0, Portfolio Value=998463.9322921815, Budget=998463.9322921815, Position=0
2024-08-03 02:15:04,042 - INFO - Step: Action=Hold, Reward=0.0, Portfolio Value=998463.9322921815, Budget=998463.9322921815, Position=0
2024-08-03 02:15:04,043 - INFO - Step: Action=Hold, Reward=0.0, Portfolio Value=998463.9322921815, Budget=998463.9322921815, Position=0
2024-08-03 02:15:04,044 - INFO - Step: Action=Hold, Reward=0.0, Portfolio Value=998463.9322921815, Budget=998463.9322921815, Position=0
2024-08-03 02:15:04,044 - INFO - Step: Action=Hold, Reward=0.0, Portfolio Value=998463.9322921815, Budget=998463.9322921815, Position=0
2024-08-03 02:15:04,046 - INFO - Step: Action=Hold, Reward=0.0, Portfolio Value=998463.9322921815, Budget=998463.9322921815, Position=0
2024-08-03 02:15:04,047 - INFO - Step: Action=Hold, Reward=0.0, Portfolio Value=998463.9322921815, Budget=998463.9322921815, Position=0
2024-08-03 02:15:04,048 - INFO - Step: Action=Hold, Reward=0.0, Portfolio Value=998463.9322921815, Budget=998463.9322921815, Position=0
2024-08-03 02:15:04,050 - INFO - Step: Action=Hold, Reward=0.0, Portfolio Value=998463.9322921815, Budget=998463.9322921815, Position=0
2024-08-03 02:15:04,050 - INFO - Step: Action=Buy, Reward=-54.13593941406638, Portfolio Value=998463.9322921815, Budget=998409.7963527675, Position=100
2024-08-03 02:15:04,051 - INFO - Step: Action=Hold, Reward=-0.000886436434846837, Portfolio Value=998455.0679278331, Budget=998409.7963527675, Position=100
2024-08-03 02:15:04,052 - INFO - Step: Action=Sell, Reward=89.59782899024898, Portfolio Value=998499.3897495755, Budget=998499.3897495755, Position=0
2024-08-03 02:15:04,053 - INFO - Step: Action=Hold, Reward=0.0, Portfolio Value=998499.3897495755, Budget=998499.3897495755, Position=0
2024-08-03 02:15:04,054 - INFO - Step: Action=Hold, Reward=0.0, Portfolio Value=998499.3897495755, Budget=998499.3897495755, Position=0
2024-08-03 02:15:04,055 - INFO - Step: Action=Hold, Reward=0.0, Portfolio Value=998499.3897495755, Budget=998499.3897495755, Position=0
2024-08-03 02:15:04,056 - INFO - Step: Action=Sell, Reward=0.0, Portfolio Value=998499.3897495755, Budget=998499.3897495755, Position=0
2024-08-03 02:15:04,057 - INFO - Step: Action=Hold, Reward=0.0, Portfolio Value=998499.3897495755, Budget=998499.3897495755, Position=0
2024-08-03 02:15:04,058 - INFO - Step: Action=Hold, Reward=0.0, Portfolio Value=998499.3897495755, Budget=998499.3897495755, Position=0
2024-08-03 02:15:04,059 - INFO - Step: Action=Hold, Reward=0.0, Portfolio Value=998499.3897495755, Budget=998499.3897495755, Position=0
2024-08-03 02:15:04,060 - INFO - Step: Action=Buy, Reward=-63.00030376256848, Portfolio Value=998499.3897495755, Budget=998436.3894458129, Position=100
2024-08-03 02:15:04,060 - INFO - Step: Action=Hold, Reward=0.00022160910870879888, Portfolio Value=998501.6058406626, Budget=998436.3894458129, Position=100
2024-08-03 02:15:04,061 - INFO - Step: Action=Hold, Reward=-0.000886436434846837, Portfolio Value=998492.7414763141, Budget=998436.3894458129, Position=100
2024-08-03 02:15:04,062 - INFO - Step: Action=Buy, Reward=-51.92029154515828, Portfolio Value=998488.3092941398, Budget=998384.469597486, Position=200
2024-08-03 02:15:04,063 - INFO - Step: Action=Hold, Reward=0.008421146131074055, Portfolio Value=998572.5207554506, Budget=998384.469597486, Position=200
2024-08-03 02:15:04,063 - INFO - Step: Action=Hold, Reward=-0.004875400391675066, Portfolio Value=998523.7667515338, Budget=998384.469597486, Position=200
2024-08-03 02:15:04,064 - INFO - Step: Action=Hold, Reward=-0.00354574573939899, Portfolio Value=998488.3092941398, Budget=998384.469597486, Position=200
2024-08-03 02:15:04,065 - INFO - Step: Action=Hold, Reward=0.005761836826521903, Portfolio Value=998545.9276624051, Budget=998384.469597486, Position=200
2024-08-03 02:15:04,066 - INFO - Step: Action=Hold, Reward=-0.005318618609092664, Portfolio Value=998492.7414763141, Budget=998384.469597486, Position=200
2024-08-03 02:15:04,067 - INFO - Step: Action=Hold, Reward=-0.004875400391675066, Portfolio Value=998443.9874723974, Budget=998384.469597486, Position=200
2024-08-03 02:15:04,067 - INFO - Step: Action=Sell, Reward=18.676265928970885, Portfolio Value=998421.826561526, Budget=998403.148079506, Position=100
2024-08-03 02:15:04,068 - INFO - Step: Action=Hold, Reward=0.0004432182174292393, Portfolio Value=998426.2587437003, Budget=998403.148079506, Position=100
2024-08-03 02:15:04,069 - INFO - Step: Action=Hold, Reward=-0.0019944819784141147, Portfolio Value=998406.3139239162, Budget=998403.148079506, Position=100
2024-08-03 02:15:04,070 - INFO - Step: Action=Hold, Reward=0.0028809184132609516, Portfolio Value=998435.1231080488, Budget=998403.148079506, Position=100
2024-08-03 02:15:04,070 - INFO - Step: Action=Hold, Reward=-0.0019944819784141147, Portfolio Value=998415.1782882647, Budget=998403.148079506, Position=100
2024-08-03 02:15:04,071 - INFO - Step: Action=Hold, Reward=-0.001108045543555636, Portfolio Value=998404.0978328291, Budget=998403.148079506, Position=100
2024-08-03 02:15:04,072 - INFO - Step: Action=Hold, Reward=-0.0004432182174292393, Portfolio Value=998399.6656506548, Budget=998403.148079506, Position=100
2024-08-03 02:15:04,073 - INFO - Step: Action=Hold, Reward=-0.0006648273261380382, Portfolio Value=998393.0173773934, Budget=998403.148079506, Position=100
2024-08-03 02:15:04,074 - INFO - Step: Action=Hold, Reward=-0.0006648273261380382, Portfolio Value=998386.369104132, Budget=998403.148079506, Position=100
2024-08-03 02:15:04,075 - INFO - Step: Action=Hold, Reward=-0.000886436434846837, Portfolio Value=998377.5047397836, Budget=998403.148079506, Position=100
2024-08-03 02:15:04,075 - INFO - Step: Action=Hold, Reward=0.0006648273261380382, Portfolio Value=998384.153013045, Budget=998403.148079506, Position=100
2024-08-03 02:15:04,076 - INFO - Step: Action=Sell, Reward=-18.99506646107586, Portfolio Value=998384.153013045, Budget=998384.153013045, Position=0
2024-08-03 02:15:04,077 - INFO - Step: Action=Hold, Reward=0.0, Portfolio Value=998384.153013045, Budget=998384.153013045, Position=0
2024-08-03 02:15:04,078 - INFO - Step: Action=Hold, Reward=0.0, Portfolio Value=998384.153013045, Budget=998384.153013045, Position=0
2024-08-03 02:15:04,078 - INFO - Step: Action=Hold, Reward=0.0, Portfolio Value=998384.153013045, Budget=998384.153013045, Position=0
2024-08-03 02:15:04,079 - INFO - Step: Action=Hold, Reward=0.0, Portfolio Value=998384.153013045, Budget=998384.153013045, Position=0
2024-08-03 02:15:04,080 - INFO - Step: Action=Sell, Reward=0.0, Portfolio Value=998384.153013045, Budget=998384.153013045, Position=0
2024-08-03 02:15:04,081 - INFO - Step: Action=Sell, Reward=0.0, Portfolio Value=998384.153013045, Budget=998384.153013045, Position=0
2024-08-03 02:15:04,081 - INFO - Step: Action=Hold, Reward=0.0, Portfolio Value=998384.153013045, Budget=998384.153013045, Position=0
2024-08-03 02:15:04,082 - INFO - Step: Action=Hold, Reward=0.0, Portfolio Value=998384.153013045, Budget=998384.153013045, Position=0
2024-08-03 02:15:04,083 - INFO - Step: Action=Hold, Reward=0.0, Portfolio Value=998384.153013045, Budget=998384.153013045, Position=0
2024-08-03 02:15:04,083 - INFO - Step: Action=Hold, Reward=0.0, Portfolio Value=998384.153013045, Budget=998384.153013045, Position=0
2024-08-03 02:15:04,084 - INFO - Step: Action=Hold, Reward=0.0, Portfolio Value=998384.153013045, Budget=998384.153013045, Position=0
2024-08-03 02:15:04,085 - INFO - Step: Action=Hold, Reward=0.0, Portfolio Value=998384.153013045, Budget=998384.153013045, Position=0
2024-08-03 02:15:04,086 - INFO - Step: Action=Hold, Reward=0.0, Portfolio Value=998384.153013045, Budget=998384.153013045, Position=0
2024-08-03 02:15:04,087 - INFO - Step: Action=Hold, Reward=0.0, Portfolio Value=998384.153013045, Budget=998384.153013045, Position=0
2024-08-03 02:15:04,087 - INFO - Step: Action=Hold, Reward=0.0, Portfolio Value=998384.153013045, Budget=998384.153013045, Position=0
2024-08-03 02:15:04,088 - INFO - Step: Action=Hold, Reward=0.0, Portfolio Value=998384.153013045, Budget=998384.153013045, Position=0
2024-08-03 02:15:04,089 - INFO - Step: Action=Hold, Reward=0.0, Portfolio Value=998384.153013045, Budget=998384.153013045, Position=0
2024-08-03 02:15:04,089 - INFO - Step: Action=Hold, Reward=0.0, Portfolio Value=998384.153013045, Budget=998384.153013045, Position=0
2024-08-03 02:15:04,090 - INFO - Step: Action=Hold, Reward=0.0, Portfolio Value=998384.153013045, Budget=998384.153013045, Position=0
2024-08-03 02:15:04,091 - INFO - Step: Action=Hold, Reward=0.0, Portfolio Value=998384.153013045, Budget=998384.153013045, Position=0
2024-08-03 02:15:04,092 - INFO - Step: Action=Hold, Reward=0.0, Portfolio Value=998384.153013045, Budget=998384.153013045, Position=0
2024-08-03 02:15:04,092 - INFO - Step: Action=Buy, Reward=-31.975028542811156, Portfolio Value=998384.153013045, Budget=998352.1779845022, Position=100
2024-08-03 02:15:04,093 - INFO - Step: Action=Hold, Reward=-0.00022160910870879888, Portfolio Value=998381.9369219579, Budget=998352.1779845022, Position=100
2024-08-03 02:15:04,094 - INFO - Step: Action=Hold, Reward=0.0013296546522760765, Portfolio Value=998395.2334684806, Budget=998352.1779845022, Position=100
2024-08-03 02:15:04,094 - INFO - Step: Action=Hold, Reward=-0.0017728728697053158, Portfolio Value=998377.5047397836, Budget=998352.1779845022, Position=100
2024-08-03 02:15:04,095 - INFO - Step: Action=Hold, Reward=-0.0004432182174292393, Portfolio Value=998373.0725576093, Budget=998352.1779845022, Position=100
2024-08-03 02:15:04,096 - INFO - Step: Action=Hold, Reward=-0.001994481978402473, Portfolio Value=998353.1277378253, Budget=998352.1779845022, Position=100
2024-08-03 02:15:04,097 - INFO - Step: Action=Hold, Reward=-0.0017728728697053158, Portfolio Value=998335.3990091282, Budget=998352.1779845022, Position=100
2024-08-03 02:15:04,097 - INFO - Step: Action=Hold, Reward=-0.0015512637609848754, Portfolio Value=998319.8863715184, Budget=998352.1779845022, Position=100
2024-08-03 02:15:04,098 - INFO - Step: Action=Hold, Reward=0.000886436434846837, Portfolio Value=998328.7507358668, Budget=998352.1779845022, Position=100
2024-08-03 02:15:04,099 - INFO - Step: Action=Hold, Reward=0.003988963956828229, Portfolio Value=998368.6403754351, Budget=998352.1779845022, Position=100
2024-08-03 02:15:04,099 - INFO - Step: Action=Hold, Reward=0.0015512637609848754, Portfolio Value=998384.153013045, Budget=998352.1779845022, Position=100
2024-08-03 02:15:04,100 - INFO - Step: Action=Hold, Reward=-0.0019944819784141147, Portfolio Value=998364.2081932608, Budget=998352.1779845022, Position=100
2024-08-03 02:15:04,101 - INFO - Step: Action=Hold, Reward=-0.0015512637609848754, Portfolio Value=998348.695555651, Budget=998352.1779845022, Position=100
2024-08-03 02:15:04,102 - INFO - Step: Action=Hold, Reward=0.004653791282966268, Portfolio Value=998395.2334684806, Budget=998352.1779845022, Position=100
2024-08-03 02:15:04,102 - INFO - Step: Action=Hold, Reward=0.0024377001958317125, Portfolio Value=998419.610470439, Budget=998352.1779845022, Position=100
2024-08-03 02:15:04,103 - INFO - Step: Action=Hold, Reward=-0.0022160910871229134, Portfolio Value=998397.4495595677, Budget=998352.1779845022, Position=100
2024-08-03 02:15:04,104 - INFO - Step: Action=Hold, Reward=-0.0015512637609848754, Portfolio Value=998381.9369219579, Budget=998352.1779845022, Position=100
2024-08-03 02:15:04,105 - INFO - Step: Action=Hold, Reward=-0.0008864364348584786, Portfolio Value=998373.0725576093, Budget=998352.1779845022, Position=100
2024-08-03 02:15:04,105 - INFO - Step: Action=Buy, Reward=-23.110442585200346, Portfolio Value=998375.2886486965, Budget=998329.0673203078, Position=200
2024-08-03 02:15:04,106 - INFO - Step: Action=Hold, Reward=-0.002216091087134555, Portfolio Value=998353.1277378252, Budget=998329.0673203078, Position=200
2024-08-03 02:15:04,107 - INFO - Step: Action=Sell, Reward=-16.78473721077686, Portfolio Value=998295.5093695599, Budget=998312.2883449339, Position=100
2024-08-03 02:15:04,108 - INFO - Step: Action=Hold, Reward=0.0013296546522760765, Portfolio Value=998308.8059160827, Budget=998312.2883449339, Position=100
2024-08-03 02:15:04,108 - INFO - Step: Action=Hold, Reward=0.0, Portfolio Value=998308.8059160827, Budget=998312.2883449339, Position=100
2024-08-03 02:15:04,109 - INFO - Step: Action=Hold, Reward=-0.000886436434846837, Portfolio Value=998299.9415517342, Budget=998312.2883449339, Position=100
2024-08-03 02:15:04,110 - INFO - Step: Action=Sell, Reward=25.330522636282694, Portfolio Value=998337.6151002153, Budget=998337.6151002153, Position=0
2024-08-03 02:15:04,111 - INFO - Step: Action=Hold, Reward=0.0, Portfolio Value=998337.6151002153, Budget=998337.6151002153, Position=0
2024-08-03 02:15:04,111 - INFO - Step: Action=Sell, Reward=0.0, Portfolio Value=998337.6151002153, Budget=998337.6151002153, Position=0
2024-08-03 02:15:04,112 - INFO - Step: Action=Hold, Reward=0.0, Portfolio Value=998337.6151002153, Budget=998337.6151002153, Position=0
2024-08-03 02:15:04,113 - INFO - Step: Action=Hold, Reward=0.0, Portfolio Value=998337.6151002153, Budget=998337.6151002153, Position=0
2024-08-03 02:15:04,114 - INFO - Step: Action=Hold, Reward=0.0, Portfolio Value=998337.6151002153, Budget=998337.6151002153, Position=0
2024-08-03 02:15:04,115 - INFO - Step: Action=Hold, Reward=0.0, Portfolio Value=998337.6151002153, Budget=998337.6151002153, Position=0
2024-08-03 02:15:04,115 - INFO - Step: Action=Hold, Reward=0.0, Portfolio Value=998337.6151002153, Budget=998337.6151002153, Position=0
2024-08-03 02:15:04,116 - INFO - Step: Action=Hold, Reward=0.0, Portfolio Value=998337.6151002153, Budget=998337.6151002153, Position=0
2024-08-03 02:15:04,117 - INFO - Step: Action=Hold, Reward=0.0, Portfolio Value=998337.6151002153, Budget=998337.6151002153, Position=0
2024-08-03 02:15:04,117 - INFO - Step: Action=Hold, Reward=0.0, Portfolio Value=998337.6151002153, Budget=998337.6151002153, Position=0
2024-08-03 02:15:04,118 - INFO - Step: Action=Hold, Reward=0.0, Portfolio Value=998337.6151002153, Budget=998337.6151002153, Position=0
2024-08-03 02:15:04,119 - INFO - Step: Action=Hold, Reward=0.0, Portfolio Value=998337.6151002153, Budget=998337.6151002153, Position=0
2024-08-03 02:15:04,120 - INFO - Step: Action=Sell, Reward=0.0, Portfolio Value=998337.6151002153, Budget=998337.6151002153, Position=0
2024-08-03 02:15:04,120 - INFO - Step: Action=Hold, Reward=0.0, Portfolio Value=998337.6151002153, Budget=998337.6151002153, Position=0
2024-08-03 02:15:04,121 - INFO - Step: Action=Hold, Reward=0.0, Portfolio Value=998337.6151002153, Budget=998337.6151002153, Position=0
2024-08-03 02:15:04,122 - INFO - Step: Action=Hold, Reward=0.0, Portfolio Value=998337.6151002153, Budget=998337.6151002153, Position=0
2024-08-03 02:15:04,122 - INFO - Step: Action=Hold, Reward=0.0, Portfolio Value=998337.6151002153, Budget=998337.6151002153, Position=0
2024-08-03 02:15:04,123 - INFO - Step: Action=Hold, Reward=0.0, Portfolio Value=998337.6151002153, Budget=998337.6151002153, Position=0
2024-08-03 02:15:04,124 - INFO - Step: Action=Hold, Reward=0.0, Portfolio Value=998337.6151002153, Budget=998337.6151002153, Position=0
2024-08-03 02:15:04,124 - INFO - Step: Action=Sell, Reward=0.0, Portfolio Value=998337.6151002153, Budget=998337.6151002153, Position=0
2024-08-03 02:15:04,125 - INFO - Step: Action=Buy, Reward=-118.40258094070653, Portfolio Value=998337.6151002153, Budget=998219.2125192746, Position=100
2024-08-03 02:15:04,126 - INFO - Step: Action=Hold, Reward=-0.0017728728697053158, Portfolio Value=998319.8863715183, Budget=998219.2125192746, Position=100
2024-08-03 02:15:04,127 - INFO - Step: Action=Hold, Reward=0.0013296546522760765, Portfolio Value=998333.182918041, Budget=998219.2125192746, Position=100
2024-08-03 02:15:04,128 - INFO - Step: Action=Sell, Reward=82.9420210191762, Portfolio Value=998302.1576428212, Budget=998302.1576428212, Position=0
2024-08-03 02:15:04,128 - INFO - Step: Action=Hold, Reward=0.0, Portfolio Value=998302.1576428212, Budget=998302.1576428212, Position=0
2024-08-03 02:15:04,129 - INFO - Step: Action=Buy, Reward=-89.59339680807474, Portfolio Value=998302.1576428212, Budget=998212.5642460132, Position=100
2024-08-03 02:15:04,130 - INFO - Step: Action=Hold, Reward=0.002437700195843354, Portfolio Value=998326.5346447796, Budget=998212.5642460132, Position=100
2024-08-03 02:15:04,131 - INFO - Step: Action=Sell, Reward=122.83564955139242, Portfolio Value=998335.3990091281, Budget=998335.3990091281, Position=0
2024-08-03 02:15:04,131 - INFO - Step: Action=Hold, Reward=0.0, Portfolio Value=998335.3990091281, Budget=998335.3990091281, Position=0
2024-08-03 02:15:04,132 - INFO - Step: Action=Sell, Reward=0.0, Portfolio Value=998335.3990091281, Budget=998335.3990091281, Position=0
2024-08-03 02:15:04,133 - INFO - Step: Action=Hold, Reward=0.0, Portfolio Value=998335.3990091281, Budget=998335.3990091281, Position=0
2024-08-03 02:15:04,134 - INFO - Step: Action=Hold, Reward=0.0, Portfolio Value=998335.3990091281, Budget=998335.3990091281, Position=0
2024-08-03 02:15:04,134 - INFO - Step: Action=Hold, Reward=0.0, Portfolio Value=998335.3990091281, Budget=998335.3990091281, Position=0
2024-08-03 02:15:04,135 - INFO - Step: Action=Hold, Reward=0.0, Portfolio Value=998335.3990091281, Budget=998335.3990091281, Position=0
2024-08-03 02:15:04,136 - INFO - Step: Action=Hold, Reward=0.0, Portfolio Value=998335.3990091281, Budget=998335.3990091281, Position=0
2024-08-03 02:15:04,137 - INFO - Step: Action=Hold, Reward=0.0, Portfolio Value=998335.3990091281, Budget=998335.3990091281, Position=0
2024-08-03 02:15:04,137 - INFO - Step: Action=Sell, Reward=0.0, Portfolio Value=998335.3990091281, Budget=998335.3990091281, Position=0
2024-08-03 02:15:04,138 - INFO - Step: Action=Hold, Reward=0.0, Portfolio Value=998335.3990091281, Budget=998335.3990091281, Position=0
2024-08-03 02:15:04,139 - INFO - Step: Action=Buy, Reward=-233.6393174712337, Portfolio Value=998335.3990091281, Budget=998101.7596916569, Position=100
2024-08-03 02:15:04,139 - INFO - Step: Action=Sell, Reward=244.72088095240488, Portfolio Value=998346.4794645638, Budget=998346.4794645638, Position=0
2024-08-03 02:15:04,140 - INFO - Step: Action=Sell, Reward=0.0, Portfolio Value=998346.4794645638, Budget=998346.4794645638, Position=0
2024-08-03 02:15:04,141 - INFO - Step: Action=Hold, Reward=0.0, Portfolio Value=998346.4794645638, Budget=998346.4794645638, Position=0
2024-08-03 02:15:04,141 - INFO - Step: Action=Sell, Reward=0.0, Portfolio Value=998346.4794645638, Budget=998346.4794645638, Position=0
2024-08-03 02:15:04,142 - INFO - Step: Action=Sell, Reward=0.0, Portfolio Value=998346.4794645638, Budget=998346.4794645638, Position=0
2024-08-03 02:15:04,143 - INFO - Step: Action=Sell, Reward=0.0, Portfolio Value=998346.4794645638, Budget=998346.4794645638, Position=0
2024-08-03 02:15:04,143 - INFO - Step: Action=Sell, Reward=0.0, Portfolio Value=998346.4794645638, Budget=998346.4794645638, Position=0
2024-08-03 02:15:04,144 - INFO - Step: Action=Sell, Reward=0.0, Portfolio Value=998346.4794645638, Budget=998346.4794645638, Position=0
2024-08-03 02:15:04,145 - INFO - Step: Action=Sell, Reward=0.0, Portfolio Value=998346.4794645638, Budget=998346.4794645638, Position=0
2024-08-03 02:15:04,145 - INFO - Step: Action=Sell, Reward=0.0, Portfolio Value=998346.4794645638, Budget=998346.4794645638, Position=0
2024-08-03 02:15:04,146 - INFO - Step: Action=Sell, Reward=0.0, Portfolio Value=998346.4794645638, Budget=998346.4794645638, Position=0
2024-08-03 02:15:04,147 - INFO - Step: Action=Sell, Reward=0.0, Portfolio Value=998346.4794645638, Budget=998346.4794645638, Position=0
2024-08-03 02:15:04,147 - INFO - Step: Action=Sell, Reward=0.0, Portfolio Value=998346.4794645638, Budget=998346.4794645638, Position=0
2024-08-03 02:15:04,148 - INFO - Step: Action=Sell, Reward=0.0, Portfolio Value=998346.4794645638, Budget=998346.4794645638, Position=0
2024-08-03 02:15:04,149 - INFO - Step: Action=Hold, Reward=0.0, Portfolio Value=998346.4794645638, Budget=998346.4794645638, Position=0
2024-08-03 02:15:04,150 - INFO - Step: Action=Sell, Reward=0.0, Portfolio Value=998346.4794645638, Budget=998346.4794645638, Position=0
2024-08-03 02:15:04,150 - INFO - Step: Action=Sell, Reward=0.0, Portfolio Value=998346.4794645638, Budget=998346.4794645638, Position=0
2024-08-03 02:15:04,151 - INFO - Step: Action=Sell, Reward=0.0, Portfolio Value=998346.4794645638, Budget=998346.4794645638, Position=0
2024-08-03 02:15:04,152 - INFO - Step: Action=Sell, Reward=0.0, Portfolio Value=998346.4794645638, Budget=998346.4794645638, Position=0
2024-08-03 02:15:04,152 - INFO - Step: Action=Hold, Reward=0.0, Portfolio Value=998346.4794645638, Budget=998346.4794645638, Position=0
2024-08-03 02:15:04,153 - INFO - Step: Action=Sell, Reward=0.0, Portfolio Value=998346.4794645638, Budget=998346.4794645638, Position=0
2024-08-03 02:15:04,154 - INFO - Step: Action=Sell, Reward=0.0, Portfolio Value=998346.4794645638, Budget=998346.4794645638, Position=0
2024-08-03 02:15:04,155 - INFO - Step: Action=Sell, Reward=0.0, Portfolio Value=998346.4794645638, Budget=998346.4794645638, Position=0
2024-08-03 02:15:04,155 - INFO - Step: Action=Sell, Reward=0.0, Portfolio Value=998346.4794645638, Budget=998346.4794645638, Position=0
2024-08-03 02:15:04,156 - INFO - Step: Action=Sell, Reward=0.0, Portfolio Value=998346.4794645638, Budget=998346.4794645638, Position=0
2024-08-03 02:15:04,157 - INFO - Step: Action=Sell, Reward=0.0, Portfolio Value=998346.4794645638, Budget=998346.4794645638, Position=0
2024-08-03 02:15:04,157 - INFO - Step: Action=Sell, Reward=0.0, Portfolio Value=998346.4794645638, Budget=998346.4794645638, Position=0
2024-08-03 02:15:04,158 - INFO - Step: Action=Sell, Reward=0.0, Portfolio Value=998346.4794645638, Budget=998346.4794645638, Position=0
2024-08-03 02:15:04,159 - INFO - Step: Action=Sell, Reward=0.0, Portfolio Value=998346.4794645638, Budget=998346.4794645638, Position=0
2024-08-03 02:15:04,160 - INFO - Step: Action=Sell, Reward=0.0, Portfolio Value=998346.4794645638, Budget=998346.4794645638, Position=0
2024-08-03 02:15:04,160 - INFO - Step: Action=Sell, Reward=0.0, Portfolio Value=998346.4794645638, Budget=998346.4794645638, Position=0
2024-08-03 02:15:04,161 - INFO - Step: Action=Sell, Reward=0.0, Portfolio Value=998346.4794645638, Budget=998346.4794645638, Position=0
2024-08-03 02:15:04,162 - INFO - Step: Action=Sell, Reward=0.0, Portfolio Value=998346.4794645638, Budget=998346.4794645638, Position=0
2024-08-03 02:15:04,163 - INFO - Step: Action=Sell, Reward=0.0, Portfolio Value=998346.4794645638, Budget=998346.4794645638, Position=0
2024-08-03 02:15:04,163 - INFO - Step: Action=Sell, Reward=0.0, Portfolio Value=998346.4794645638, Budget=998346.4794645638, Position=0
2024-08-03 02:15:04,164 - INFO - Step: Action=Sell, Reward=0.0, Portfolio Value=998346.4794645638, Budget=998346.4794645638, Position=0
2024-08-03 02:15:04,165 - INFO - Step: Action=Hold, Reward=0.0, Portfolio Value=998346.4794645638, Budget=998346.4794645638, Position=0
2024-08-03 02:15:04,165 - INFO - Step: Action=Sell, Reward=0.0, Portfolio Value=998346.4794645638, Budget=998346.4794645638, Position=0
2024-08-03 02:15:04,166 - INFO - Step: Action=Sell, Reward=0.0, Portfolio Value=998346.4794645638, Budget=998346.4794645638, Position=0
2024-08-03 02:15:04,167 - INFO - Step: Action=Sell, Reward=0.0, Portfolio Value=998346.4794645638, Budget=998346.4794645638, Position=0
2024-08-03 02:15:04,168 - INFO - Step: Action=Sell, Reward=0.0, Portfolio Value=998346.4794645638, Budget=998346.4794645638, Position=0
2024-08-03 02:15:04,168 - INFO - Step: Action=Sell, Reward=0.0, Portfolio Value=998346.4794645638, Budget=998346.4794645638, Position=0
2024-08-03 02:15:04,169 - INFO - Step: Action=Sell, Reward=0.0, Portfolio Value=998346.4794645638, Budget=998346.4794645638, Position=0
2024-08-03 02:15:04,170 - INFO - Step: Action=Sell, Reward=0.0, Portfolio Value=998346.4794645638, Budget=998346.4794645638, Position=0
2024-08-03 02:15:04,171 - INFO - Step: Action=Sell, Reward=0.0, Portfolio Value=998346.4794645638, Budget=998346.4794645638, Position=0
2024-08-03 02:15:04,172 - INFO - Step: Action=Sell, Reward=0.0, Portfolio Value=998346.4794645638, Budget=998346.4794645638, Position=0
2024-08-03 02:15:04,172 - INFO - Step: Action=Sell, Reward=0.0, Portfolio Value=998346.4794645638, Budget=998346.4794645638, Position=0
2024-08-03 02:15:04,173 - INFO - Step: Action=Sell, Reward=0.0, Portfolio Value=998346.4794645638, Budget=998346.4794645638, Position=0
2024-08-03 02:15:04,174 - INFO - Step: Action=Sell, Reward=0.0, Portfolio Value=998346.4794645638, Budget=998346.4794645638, Position=0
2024-08-03 02:15:04,175 - INFO - Step: Action=Sell, Reward=0.0, Portfolio Value=998346.4794645638, Budget=998346.4794645638, Position=0
2024-08-03 02:15:04,175 - INFO - Step: Action=Sell, Reward=0.0, Portfolio Value=998346.4794645638, Budget=998346.4794645638, Position=0
2024-08-03 02:15:04,176 - INFO - Step: Action=Sell, Reward=0.0, Portfolio Value=998346.4794645638, Budget=998346.4794645638, Position=0
2024-08-03 02:15:04,177 - INFO - Step: Action=Buy, Reward=0.0, Portfolio Value=998346.4794645638, Budget=998346.4794645638, Position=0
2024-08-03 02:15:04,177 - INFO - Step: Action=Sell, Reward=0.0, Portfolio Value=998346.4794645638, Budget=998346.4794645638, Position=0
2024-08-03 02:15:04,178 - INFO - Step: Action=Sell, Reward=0.0, Portfolio Value=998346.4794645638, Budget=998346.4794645638, Position=0
2024-08-03 02:15:04,179 - INFO - Step: Action=Hold, Reward=0.0, Portfolio Value=998346.4794645638, Budget=998346.4794645638, Position=0
2024-08-03 02:15:04,180 - INFO - Step: Action=Hold, Reward=0.0, Portfolio Value=998346.4794645638, Budget=998346.4794645638, Position=0
2024-08-03 02:15:04,181 - INFO - Step: Action=Hold, Reward=0.0, Portfolio Value=998346.4794645638, Budget=998346.4794645638, Position=0
2024-08-03 02:15:04,182 - INFO - Step: Action=Sell, Reward=0.0, Portfolio Value=998346.4794645638, Budget=998346.4794645638, Position=0
2024-08-03 02:15:04,183 - INFO - Step: Action=Hold, Reward=0.0, Portfolio Value=998346.4794645638, Budget=998346.4794645638, Position=0
2024-08-03 02:15:04,184 - INFO - Step: Action=Hold, Reward=0.0, Portfolio Value=998346.4794645638, Budget=998346.4794645638, Position=0
2024-08-03 02:15:04,185 - INFO - Step: Action=Sell, Reward=0.0, Portfolio Value=998346.4794645638, Budget=998346.4794645638, Position=0
2024-08-03 02:15:04,185 - INFO - Step: Action=Sell, Reward=0.0, Portfolio Value=998346.4794645638, Budget=998346.4794645638, Position=0
2024-08-03 02:15:04,186 - INFO - Step: Action=Sell, Reward=0.0, Portfolio Value=998346.4794645638, Budget=998346.4794645638, Position=0
2024-08-03 02:15:04,187 - INFO - Step: Action=Sell, Reward=0.0, Portfolio Value=998346.4794645638, Budget=998346.4794645638, Position=0
2024-08-03 02:15:04,187 - INFO - Step: Action=Hold, Reward=0.0, Portfolio Value=998346.4794645638, Budget=998346.4794645638, Position=0
2024-08-03 02:15:04,188 - INFO - Step: Action=Hold, Reward=0.0, Portfolio Value=998346.4794645638, Budget=998346.4794645638, Position=0
2024-08-03 02:15:04,189 - INFO - Step: Action=Sell, Reward=0.0, Portfolio Value=998346.4794645638, Budget=998346.4794645638, Position=0
2024-08-03 02:15:04,190 - INFO - Step: Action=Sell, Reward=0.0, Portfolio Value=998346.4794645638, Budget=998346.4794645638, Position=0
2024-08-03 02:15:04,190 - INFO - Step: Action=Sell, Reward=0.0, Portfolio Value=998346.4794645638, Budget=998346.4794645638, Position=0
2024-08-03 02:15:04,191 - INFO - Step: Action=Sell, Reward=0.0, Portfolio Value=998346.4794645638, Budget=998346.4794645638, Position=0
2024-08-03 02:15:04,192 - INFO - Step: Action=Sell, Reward=0.0, Portfolio Value=998346.4794645638, Budget=998346.4794645638, Position=0
2024-08-03 02:15:04,193 - INFO - Step: Action=Hold, Reward=0.0, Portfolio Value=998346.4794645638, Budget=998346.4794645638, Position=0
2024-08-03 02:15:04,193 - INFO - Step: Action=Sell, Reward=0.0, Portfolio Value=998346.4794645638, Budget=998346.4794645638, Position=0
2024-08-03 02:15:04,194 - INFO - Step: Action=Sell, Reward=0.0, Portfolio Value=998346.4794645638, Budget=998346.4794645638, Position=0
2024-08-03 02:15:04,195 - INFO - Step: Action=Hold, Reward=0.0, Portfolio Value=998346.4794645638, Budget=998346.4794645638, Position=0
2024-08-03 02:15:04,196 - INFO - Step: Action=Hold, Reward=0.0, Portfolio Value=998346.4794645638, Budget=998346.4794645638, Position=0
2024-08-03 02:15:04,196 - INFO - Step: Action=Sell, Reward=0.0, Portfolio Value=998346.4794645638, Budget=998346.4794645638, Position=0
2024-08-03 02:15:04,197 - INFO - Step: Action=Hold, Reward=0.0, Portfolio Value=998346.4794645638, Budget=998346.4794645638, Position=0
2024-08-03 02:15:04,198 - INFO - Step: Action=Hold, Reward=0.0, Portfolio Value=998346.4794645638, Budget=998346.4794645638, Position=0
2024-08-03 02:15:04,199 - INFO - Step: Action=Buy, Reward=-29.758937455685636, Portfolio Value=998346.4794645638, Budget=998316.7205271081, Position=100
2024-08-03 02:15:04,200 - INFO - Step: Action=Hold, Reward=0.003324136630690191, Portfolio Value=998379.7208308707, Budget=998316.7205271081, Position=100
2024-08-03 02:15:04,201 - INFO - Step: Action=Hold, Reward=0.004432182174245827, Portfolio Value=998424.0426526131, Budget=998316.7205271081, Position=100
2024-08-03 02:15:04,202 - INFO - Step: Action=Hold, Reward=-0.0019944819784141147, Portfolio Value=998404.097832829, Budget=998316.7205271081, Position=100
2024-08-03 02:15:04,202 - INFO - Step: Action=Hold, Reward=-0.001108045543555636, Portfolio Value=998393.0173773934, Budget=998316.7205271081, Position=100
2024-08-03 02:15:04,203 - INFO - Step: Action=Hold, Reward=0.0028809184132609516, Portfolio Value=998421.826561526, Budget=998316.7205271081, Position=100
2024-08-03 02:15:04,204 - INFO - Step: Action=Hold, Reward=-0.0011080455435672776, Portfolio Value=998410.7461060904, Budget=998316.7205271081, Position=100
2024-08-03 02:15:04,204 - INFO - Step: Action=Sell, Reward=78.51139010868614, Portfolio Value=998395.2334684805, Budget=998395.2334684805, Position=0
2024-08-03 02:15:04,205 - INFO - Step: Action=Hold, Reward=0.0, Portfolio Value=998395.2334684805, Budget=998395.2334684805, Position=0
2024-08-03 02:15:04,206 - INFO - Step: Action=Hold, Reward=0.0, Portfolio Value=998395.2334684805, Budget=998395.2334684805, Position=0
2024-08-03 02:15:04,207 - INFO - Step: Action=Hold, Reward=0.0, Portfolio Value=998395.2334684805, Budget=998395.2334684805, Position=0
2024-08-03 02:15:04,207 - INFO - Step: Action=Hold, Reward=0.0, Portfolio Value=998395.2334684805, Budget=998395.2334684805, Position=0
2024-08-03 02:15:04,208 - INFO - Step: Action=Sell, Reward=0.0, Portfolio Value=998395.2334684805, Budget=998395.2334684805, Position=0
2024-08-03 02:15:04,209 - INFO - Step: Action=Hold, Reward=0.0, Portfolio Value=998395.2334684805, Budget=998395.2334684805, Position=0
2024-08-03 02:15:04,209 - INFO - Step: Action=Sell, Reward=0.0, Portfolio Value=998395.2334684805, Budget=998395.2334684805, Position=0
2024-08-03 02:15:04,210 - INFO - Step: Action=Hold, Reward=0.0, Portfolio Value=998395.2334684805, Budget=998395.2334684805, Position=0
2024-08-03 02:15:04,211 - INFO - Step: Action=Hold, Reward=0.0, Portfolio Value=998395.2334684805, Budget=998395.2334684805, Position=0
2024-08-03 02:15:04,211 - INFO - Step: Action=Hold, Reward=0.0, Portfolio Value=998395.2334684805, Budget=998395.2334684805, Position=0
2024-08-03 02:15:04,212 - INFO - Step: Action=Hold, Reward=0.0, Portfolio Value=998395.2334684805, Budget=998395.2334684805, Position=0
2024-08-03 02:15:04,213 - INFO - Step: Action=Hold, Reward=0.0, Portfolio Value=998395.2334684805, Budget=998395.2334684805, Position=0
2024-08-03 02:15:04,214 - INFO - Step: Action=Sell, Reward=0.0, Portfolio Value=998395.2334684805, Budget=998395.2334684805, Position=0
2024-08-03 02:15:04,214 - INFO - Step: Action=Hold, Reward=0.0, Portfolio Value=998395.2334684805, Budget=998395.2334684805, Position=0
2024-08-03 02:15:04,215 - INFO - Step: Action=Buy, Reward=-116.18648985358102, Portfolio Value=998395.2334684805, Budget=998279.046978627, Position=100
2024-08-03 02:15:04,216 - INFO - Step: Action=Sell, Reward=109.5375517648783, Portfolio Value=998388.5851952191, Budget=998388.5851952191, Position=0
2024-08-03 02:15:04,216 - INFO - Step: Action=Hold, Reward=0.0, Portfolio Value=998388.5851952191, Budget=998388.5851952191, Position=0
2024-08-03 02:15:04,217 - INFO - Step: Action=Hold, Reward=0.0, Portfolio Value=998388.5851952191, Budget=998388.5851952191, Position=0
2024-08-03 02:15:04,218 - INFO - Step: Action=Sell, Reward=0.0, Portfolio Value=998388.5851952191, Budget=998388.5851952191, Position=0
2024-08-03 02:15:04,219 - INFO - Step: Action=Sell, Reward=0.0, Portfolio Value=998388.5851952191, Budget=998388.5851952191, Position=0
2024-08-03 02:15:04,219 - INFO - Step: Action=Hold, Reward=0.0, Portfolio Value=998388.5851952191, Budget=998388.5851952191, Position=0
2024-08-03 02:15:04,220 - INFO - Step: Action=Hold, Reward=0.0, Portfolio Value=998388.5851952191, Budget=998388.5851952191, Position=0
2024-08-03 02:15:04,221 - INFO - Step: Action=Sell, Reward=0.0, Portfolio Value=998388.5851952191, Budget=998388.5851952191, Position=0
2024-08-03 02:15:04,221 - INFO - Step: Action=Sell, Reward=0.0, Portfolio Value=998388.5851952191, Budget=998388.5851952191, Position=0
2024-08-03 02:15:04,222 - INFO - Step: Action=Hold, Reward=0.0, Portfolio Value=998388.5851952191, Budget=998388.5851952191, Position=0
2024-08-03 02:15:04,223 - INFO - Step: Action=Hold, Reward=0.0, Portfolio Value=998388.5851952191, Budget=998388.5851952191, Position=0
2024-08-03 02:15:04,223 - INFO - Step: Action=Hold, Reward=0.0, Portfolio Value=998388.5851952191, Budget=998388.5851952191, Position=0
2024-08-03 02:15:04,224 - INFO - Step: Action=Hold, Reward=0.0, Portfolio Value=998388.5851952191, Budget=998388.5851952191, Position=0
2024-08-03 02:15:04,225 - INFO - Step: Action=Hold, Reward=0.0, Portfolio Value=998388.5851952191, Budget=998388.5851952191, Position=0
2024-08-03 02:15:04,225 - INFO - Step: Action=Hold, Reward=0.0, Portfolio Value=998388.5851952191, Budget=998388.5851952191, Position=0
2024-08-03 02:15:04,226 - INFO - Step: Action=Hold, Reward=0.0, Portfolio Value=998388.5851952191, Budget=998388.5851952191, Position=0
2024-08-03 02:15:04,227 - INFO - Step: Action=Hold, Reward=0.0, Portfolio Value=998388.5851952191, Budget=998388.5851952191, Position=0
2024-08-03 02:15:04,228 - INFO - Step: Action=Hold, Reward=0.0, Portfolio Value=998388.5851952191, Budget=998388.5851952191, Position=0
2024-08-03 02:15:04,228 - INFO - Step: Action=Hold, Reward=0.0, Portfolio Value=998388.5851952191, Budget=998388.5851952191, Position=0
2024-08-03 02:15:04,229 - INFO - Step: Action=Hold, Reward=0.0, Portfolio Value=998388.5851952191, Budget=998388.5851952191, Position=0
2024-08-03 02:15:04,230 - INFO - Step: Action=Hold, Reward=0.0, Portfolio Value=998388.5851952191, Budget=998388.5851952191, Position=0
2024-08-03 02:15:04,231 - INFO - Step: Action=Sell, Reward=0.0, Portfolio Value=998388.5851952191, Budget=998388.5851952191, Position=0
2024-08-03 02:15:04,232 - INFO - Step: Action=Hold, Reward=0.0, Portfolio Value=998388.5851952191, Budget=998388.5851952191, Position=0
2024-08-03 02:15:04,232 - INFO - Step: Action=Sell, Reward=0.0, Portfolio Value=998388.5851952191, Budget=998388.5851952191, Position=0
2024-08-03 02:15:04,233 - INFO - Step: Action=Buy, Reward=-54.13593941406638, Portfolio Value=998388.5851952191, Budget=998334.4492558051, Position=100
2024-08-03 02:15:04,234 - INFO - Step: Action=Hold, Reward=-0.0024377001958317125, Portfolio Value=998364.2081932608, Budget=998334.4492558051, Position=100
2024-08-03 02:15:04,234 - INFO - Step: Action=Buy, Reward=-18.679590065601587, Portfolio Value=998353.1277378252, Budget=998315.7707737851, Position=200
2024-08-03 02:15:04,235 - INFO - Step: Action=Hold, Reward=0.0008864364348584786, Portfolio Value=998361.9921021737, Budget=998315.7707737851, Position=200
2024-08-03 02:15:04,236 - INFO - Step: Action=Hold, Reward=-0.003988963956828229, Portfolio Value=998322.1024626055, Budget=998315.7707737851, Position=200
2024-08-03 02:15:04,237 - INFO - Step: Action=Hold, Reward=0.005761836826521903, Portfolio Value=998379.7208308707, Budget=998315.7707737851, Position=200
2024-08-03 02:15:04,237 - INFO - Step: Action=Hold, Reward=-0.003988963956828229, Portfolio Value=998339.8311913024, Budget=998315.7707737851, Position=200
2024-08-03 02:15:04,238 - INFO - Step: Action=Hold, Reward=-0.0022160910871229134, Portfolio Value=998317.6702804312, Budget=998315.7707737851, Position=200
2024-08-03 02:15:04,239 - INFO - Step: Action=Hold, Reward=-0.000886436434846837, Portfolio Value=998308.8059160827, Budget=998315.7707737851, Position=200
2024-08-03 02:15:04,240 - INFO - Step: Action=Hold, Reward=-0.0013296546522760765, Portfolio Value=998295.5093695599, Budget=998315.7707737851, Position=200
2024-08-03 02:15:04,240 - INFO - Step: Action=Hold, Reward=-0.0013296546522760765, Portfolio Value=998282.2128230372, Budget=998315.7707737851, Position=200
2024-08-03 02:15:04,241 - INFO - Step: Action=Hold, Reward=-0.0017728728697053158, Portfolio Value=998264.4840943401, Budget=998315.7707737851, Position=200
2024-08-03 02:15:04,242 - INFO - Step: Action=Sell, Reward=-18.993736806423573, Portfolio Value=998277.780640863, Budget=998296.775707324, Position=100
2024-08-03 02:15:04,242 - INFO - Step: Action=Hold, Reward=0.0, Portfolio Value=998277.780640863, Budget=998296.775707324, Position=100
2024-08-03 02:15:04,243 - INFO - Step: Action=Hold, Reward=0.001108045543555636, Portfolio Value=998288.8610962986, Budget=998296.775707324, Position=100
2024-08-03 02:15:04,244 - INFO - Step: Action=Buy, Reward=-16.459953232736655, Portfolio Value=998313.238098257, Budget=998280.3133163911, Position=200
2024-08-03 02:15:04,245 - INFO - Step: Action=Hold, Reward=-0.004875400391675066, Portfolio Value=998264.4840943402, Budget=998280.3133163911, Position=200
2024-08-03 02:15:04,246 - INFO - Step: Action=Hold, Reward=-0.0013296546522760765, Portfolio Value=998251.1875478175, Budget=998280.3133163911, Position=200
2024-08-03 02:15:04,246 - INFO - Step: Action=Sell, Reward=-14.562884286824827, Portfolio Value=998251.1875478174, Budget=998265.7504321042, Position=100
2024-08-03 02:15:04,247 - INFO - Step: Action=Hold, Reward=0.0006648273261380382, Portfolio Value=998257.8358210787, Budget=998265.7504321042, Position=100
2024-08-03 02:15:04,248 - INFO - Step: Action=Sell, Reward=-12.347236417916712, Portfolio Value=998253.4036389046, Budget=998253.4036389046, Position=0
2024-08-03 02:15:04,248 - INFO - Step: Action=Hold, Reward=0.0, Portfolio Value=998253.4036389046, Budget=998253.4036389046, Position=0
2024-08-03 02:15:04,249 - INFO - Step: Action=Hold, Reward=0.0, Portfolio Value=998253.4036389046, Budget=998253.4036389046, Position=0
2024-08-03 02:15:04,250 - INFO - Step: Action=Hold, Reward=0.0, Portfolio Value=998253.4036389046, Budget=998253.4036389046, Position=0
2024-08-03 02:15:04,250 - INFO - Step: Action=Hold, Reward=0.0, Portfolio Value=998253.4036389046, Budget=998253.4036389046, Position=0
2024-08-03 02:15:04,251 - INFO - Step: Action=Hold, Reward=0.0, Portfolio Value=998253.4036389046, Budget=998253.4036389046, Position=0
2024-08-03 02:15:04,252 - INFO - Step: Action=Sell, Reward=0.0, Portfolio Value=998253.4036389046, Budget=998253.4036389046, Position=0
2024-08-03 02:15:04,252 - INFO - Step: Action=Hold, Reward=0.0, Portfolio Value=998253.4036389046, Budget=998253.4036389046, Position=0
2024-08-03 02:15:04,253 - INFO - Step: Action=Sell, Reward=0.0, Portfolio Value=998253.4036389046, Budget=998253.4036389046, Position=0
2024-08-03 02:15:04,254 - INFO - Step: Action=Hold, Reward=0.0, Portfolio Value=998253.4036389046, Budget=998253.4036389046, Position=0
2024-08-03 02:15:04,255 - INFO - Step: Action=Hold, Reward=0.0, Portfolio Value=998253.4036389046, Budget=998253.4036389046, Position=0
2024-08-03 02:15:04,255 - INFO - Step: Action=Sell, Reward=0.0, Portfolio Value=998253.4036389046, Budget=998253.4036389046, Position=0
2024-08-03 02:15:04,256 - INFO - Step: Action=Hold, Reward=0.0, Portfolio Value=998253.4036389046, Budget=998253.4036389046, Position=0
2024-08-03 02:15:04,256 - INFO - Step: Action=Hold, Reward=0.0, Portfolio Value=998253.4036389046, Budget=998253.4036389046, Position=0
2024-08-03 02:15:04,257 - INFO - Step: Action=Hold, Reward=0.0, Portfolio Value=998253.4036389046, Budget=998253.4036389046, Position=0
2024-08-03 02:15:04,258 - INFO - Step: Action=Hold, Reward=0.0, Portfolio Value=998253.4036389046, Budget=998253.4036389046, Position=0
2024-08-03 02:15:04,258 - INFO - Step: Action=Hold, Reward=0.0, Portfolio Value=998253.4036389046, Budget=998253.4036389046, Position=0
2024-08-03 02:15:04,259 - INFO - Step: Action=Hold, Reward=0.0, Portfolio Value=998253.4036389046, Budget=998253.4036389046, Position=0
2024-08-03 02:15:04,260 - INFO - Step: Action=Hold, Reward=0.0, Portfolio Value=998253.4036389046, Budget=998253.4036389046, Position=0
2024-08-03 02:15:04,260 - INFO - Step: Action=Hold, Reward=0.0, Portfolio Value=998253.4036389046, Budget=998253.4036389046, Position=0
2024-08-03 02:15:04,261 - INFO - Step: Action=Hold, Reward=0.0, Portfolio Value=998253.4036389046, Budget=998253.4036389046, Position=0
2024-08-03 02:15:04,262 - INFO - Step: Action=Sell, Reward=0.0, Portfolio Value=998253.4036389046, Budget=998253.4036389046, Position=0
2024-08-03 02:15:04,263 - INFO - Step: Action=Hold, Reward=0.0, Portfolio Value=998253.4036389046, Budget=998253.4036389046, Position=0
2024-08-03 02:15:04,263 - INFO - Step: Action=Sell, Reward=0.0, Portfolio Value=998253.4036389046, Budget=998253.4036389046, Position=0
2024-08-03 02:15:04,264 - INFO - Step: Action=Hold, Reward=0.0, Portfolio Value=998253.4036389046, Budget=998253.4036389046, Position=0
2024-08-03 02:15:04,265 - INFO - Step: Action=Sell, Reward=0.0, Portfolio Value=998253.4036389046, Budget=998253.4036389046, Position=0
2024-08-03 02:15:04,266 - INFO - Step: Action=Hold, Reward=0.0, Portfolio Value=998253.4036389046, Budget=998253.4036389046, Position=0
2024-08-03 02:15:04,266 - INFO - Step: Action=Buy, Reward=0.0, Portfolio Value=998253.4036389046, Budget=998253.4036389046, Position=0
2024-08-03 02:15:04,267 - INFO - Step: Action=Hold, Reward=0.0, Portfolio Value=998253.4036389046, Budget=998253.4036389046, Position=0
2024-08-03 02:15:04,268 - INFO - Step: Action=Hold, Reward=0.0, Portfolio Value=998253.4036389046, Budget=998253.4036389046, Position=0
2024-08-03 02:15:04,268 - INFO - Step: Action=Hold, Reward=0.0, Portfolio Value=998253.4036389046, Budget=998253.4036389046, Position=0
2024-08-03 02:15:04,269 - INFO - Step: Action=Hold, Reward=0.0, Portfolio Value=998253.4036389046, Budget=998253.4036389046, Position=0
2024-08-03 02:15:04,270 - INFO - Step: Action=Buy, Reward=-20.894573107183547, Portfolio Value=998253.4036389046, Budget=998232.5090657974, Position=100
2024-08-03 02:15:04,271 - INFO - Step: Action=Hold, Reward=0.00022160910872044042, Portfolio Value=998255.6197299918, Budget=998232.5090657974, Position=100
2024-08-03 02:15:04,271 - INFO - Step: Action=Hold, Reward=-0.0011080455435672776, Portfolio Value=998244.5392745561, Budget=998232.5090657974, Position=100
2024-08-03 02:15:04,272 - INFO - Step: Action=Hold, Reward=-0.0028809184132609516, Portfolio Value=998215.7300904235, Budget=998232.5090657974, Position=100
2024-08-03 02:15:04,273 - INFO - Step: Action=Hold, Reward=0.0013296546522760765, Portfolio Value=998229.0266369462, Budget=998232.5090657974, Position=100
2024-08-03 02:15:04,273 - INFO - Step: Action=Hold, Reward=0.0, Portfolio Value=998229.0266369462, Budget=998232.5090657974, Position=100
2024-08-03 02:15:04,274 - INFO - Step: Action=Hold, Reward=-0.000886436434846837, Portfolio Value=998220.1622725978, Budget=998232.5090657974, Position=100
2024-08-03 02:15:04,275 - INFO - Step: Action=Hold, Reward=0.0037673548481077885, Portfolio Value=998257.8358210789, Budget=998232.5090657974, Position=100
2024-08-03 02:15:04,276 - INFO - Step: Action=Hold, Reward=0.002437700195843354, Portfolio Value=998282.2128230373, Budget=998232.5090657974, Position=100
2024-08-03 02:15:04,276 - INFO - Step: Action=Buy, Reward=-47.48788776179852, Portfolio Value=998279.9967319502, Budget=998185.0213996448, Position=200
2024-08-03 02:15:04,277 - INFO - Step: Action=Sell, Reward=76.30261212214815, Portfolio Value=998337.6151002155, Budget=998261.3182499302, Position=100
2024-08-03 02:15:04,278 - INFO - Step: Action=Hold, Reward=0.0, Portfolio Value=998337.6151002155, Budget=998261.3182499302, Position=100
2024-08-03 02:15:04,279 - INFO - Step: Action=Hold, Reward=-0.002216091087134555, Portfolio Value=998315.4541893442, Budget=998261.3182499302, Position=100
2024-08-03 02:15:04,279 - INFO - Step: Action=Hold, Reward=0.0008864364348584786, Portfolio Value=998324.3185536928, Budget=998261.3182499302, Position=100
2024-08-03 02:15:04,280 - INFO - Step: Action=Hold, Reward=0.00044321821741759776, Portfolio Value=998328.750735867, Budget=998261.3182499302, Position=100
2024-08-03 02:15:04,281 - INFO - Step: Action=Hold, Reward=-0.00022160910870879888, Portfolio Value=998326.5346447799, Budget=998261.3182499302, Position=100
2024-08-03 02:15:04,282 - INFO - Step: Action=Hold, Reward=0.000886436434846837, Portfolio Value=998335.3990091283, Budget=998261.3182499302, Position=100
2024-08-03 02:15:04,282 - INFO - Step: Action=Hold, Reward=0.003102527521981392, Portfolio Value=998366.4242843481, Budget=998261.3182499302, Position=100
2024-08-03 02:15:04,283 - INFO - Step: Action=Hold, Reward=0.0013296546522760765, Portfolio Value=998379.7208308709, Budget=998261.3182499302, Position=100
2024-08-03 02:15:04,284 - INFO - Step: Action=Sell, Reward=111.75364285200384, Portfolio Value=998373.0725576095, Budget=998373.0725576095, Position=0
2024-08-03 02:15:04,285 - INFO - Step: Action=Hold, Reward=0.0, Portfolio Value=998373.0725576095, Budget=998373.0725576095, Position=0
2024-08-03 02:15:04,285 - INFO - Step: Action=Sell, Reward=0.0, Portfolio Value=998373.0725576095, Budget=998373.0725576095, Position=0
2024-08-03 02:15:04,286 - INFO - Step: Action=Hold, Reward=0.0, Portfolio Value=998373.0725576095, Budget=998373.0725576095, Position=0
2024-08-03 02:15:04,287 - INFO - Step: Action=Hold, Reward=0.0, Portfolio Value=998373.0725576095, Budget=998373.0725576095, Position=0
2024-08-03 02:15:04,288 - INFO - Step: Action=Hold, Reward=0.0, Portfolio Value=998373.0725576095, Budget=998373.0725576095, Position=0
2024-08-03 02:15:04,288 - INFO - Step: Action=Buy, Reward=-85.1612146338237, Portfolio Value=998373.0725576095, Budget=998287.9113429757, Position=100
2024-08-03 02:15:04,289 - INFO - Step: Action=Hold, Reward=0.0031025275219697507, Portfolio Value=998404.0978328292, Budget=998287.9113429757, Position=100
2024-08-03 02:15:04,290 - INFO - Step: Action=Hold, Reward=0.0, Portfolio Value=998404.0978328292, Budget=998287.9113429757, Position=100
2024-08-03 02:15:04,290 - INFO - Step: Action=Hold, Reward=0.00022160910872044042, Portfolio Value=998406.3139239164, Budget=998287.9113429757, Position=100
2024-08-03 02:15:04,291 - INFO - Step: Action=Buy, Reward=-100.67562511657206, Portfolio Value=998388.5851952194, Budget=998187.237490732, Position=200
2024-08-03 02:15:04,292 - INFO - Step: Action=Hold, Reward=0.002659309304552153, Portfolio Value=998415.1782882649, Budget=998187.237490732, Position=200
2024-08-03 02:15:04,293 - INFO - Step: Action=Hold, Reward=-0.006205055043951142, Portfolio Value=998353.1277378254, Budget=998187.237490732, Position=200
2024-08-03 02:15:04,293 - INFO - Step: Action=Sell, Reward=94.0277950734129, Portfolio Value=998375.2886486966, Budget=998281.2630697143, Position=100
2024-08-03 02:15:04,294 - INFO - Step: Action=Hold, Reward=-0.0004432182174292393, Portfolio Value=998370.8564665223, Budget=998281.2630697143, Position=100
2024-08-03 02:15:04,295 - INFO - Step: Action=Hold, Reward=0.002437700195843354, Portfolio Value=998395.2334684808, Budget=998281.2630697143, Position=100
2024-08-03 02:15:04,296 - INFO - Step: Action=Sell, Reward=122.83564955139242, Portfolio Value=998404.0978328292, Budget=998404.0978328292, Position=0
2024-08-03 02:15:04,296 - INFO - Step: Action=Sell, Reward=0.0, Portfolio Value=998404.0978328292, Budget=998404.0978328292, Position=0
2024-08-03 02:15:04,297 - INFO - Step: Action=Hold, Reward=0.0, Portfolio Value=998404.0978328292, Budget=998404.0978328292, Position=0
2024-08-03 02:15:04,298 - INFO - Step: Action=Buy, Reward=-125.0508542020831, Portfolio Value=998404.0978328292, Budget=998279.0469786271, Position=100
2024-08-03 02:15:04,298 - INFO - Step: Action=Hold, Reward=0.00044321821741759776, Portfolio Value=998408.5300150034, Budget=998279.0469786271, Position=100
2024-08-03 02:15:04,299 - INFO - Step: Action=Hold, Reward=-0.000886436434846837, Portfolio Value=998399.6656506549, Budget=998279.0469786271, Position=100
2024-08-03 02:15:04,300 - INFO - Step: Action=Hold, Reward=0.0011080455435672776, Portfolio Value=998410.7461060906, Budget=998279.0469786271, Position=100
2024-08-03 02:15:04,301 - INFO - Step: Action=Sell, Reward=162.72750521073894, Portfolio Value=998441.7713813103, Budget=998441.7713813103, Position=0
2024-08-03 02:15:04,301 - INFO - Step: Action=Hold, Reward=0.0, Portfolio Value=998441.7713813103, Budget=998441.7713813103, Position=0
2024-08-03 02:15:04,302 - INFO - Step: Action=Sell, Reward=0.0, Portfolio Value=998441.7713813103, Budget=998441.7713813103, Position=0
2024-08-03 02:15:04,303 - INFO - Step: Action=Hold, Reward=0.0, Portfolio Value=998441.7713813103, Budget=998441.7713813103, Position=0
2024-08-03 02:15:04,303 - INFO - Step: Action=Hold, Reward=0.0, Portfolio Value=998441.7713813103, Budget=998441.7713813103, Position=0
2024-08-03 02:15:04,304 - INFO - Step: Action=Hold, Reward=0.0, Portfolio Value=998441.7713813103, Budget=998441.7713813103, Position=0
2024-08-03 02:15:04,304 - INFO - Evaluation at Episode 1: Average Reward: -43.71734174251956
2024-08-03 02:15:04,305 - INFO - Step: Action=Sell, Reward=0.0, Portfolio Value=998441.7713813103, Budget=998441.7713813103, Position=0
2024-08-03 02:15:04,345 - INFO - Train Step: 100, Actor Loss: 5.569696426391602, Critic1 Loss: 1208.970458984375, Critic2 Loss: 1208.7427978515625
2024-08-03 02:15:04,346 - INFO - Step: Action=Hold, Reward=0.0, Portfolio Value=998441.7713813103, Budget=998441.7713813103, Position=0
2024-08-03 02:15:04,385 - INFO - Train Step: 101, Actor Loss: 5.280155181884766, Critic1 Loss: 805.1384887695312, Critic2 Loss: 804.8477172851562
2024-08-03 02:15:04,386 - INFO - Step: Action=Sell, Reward=0.0, Portfolio Value=998441.7713813103, Budget=998441.7713813103, Position=0
2024-08-03 02:15:04,424 - INFO - Train Step: 102, Actor Loss: 5.355625152587891, Critic1 Loss: 1013.9269409179688, Critic2 Loss: 1012.4549560546875
2024-08-03 02:15:04,425 - INFO - Step: Action=Sell, Reward=0.0, Portfolio Value=998441.7713813103, Budget=998441.7713813103, Position=0
2024-08-03 02:15:04,464 - INFO - Train Step: 103, Actor Loss: 5.579324722290039, Critic1 Loss: 816.909423828125, Critic2 Loss: 816.9242553710938
2024-08-03 02:15:04,465 - INFO - Step: Action=Sell, Reward=0.0, Portfolio Value=998441.7713813103, Budget=998441.7713813103, Position=0
2024-08-03 02:15:04,505 - INFO - Train Step: 104, Actor Loss: 5.2902374267578125, Critic1 Loss: 1168.6898193359375, Critic2 Loss: 1167.8424072265625
2024-08-03 02:15:04,506 - INFO - Step: Action=Sell, Reward=0.0, Portfolio Value=998441.7713813103, Budget=998441.7713813103, Position=0
2024-08-03 02:15:04,548 - INFO - Train Step: 105, Actor Loss: 5.253118515014648, Critic1 Loss: 1102.2928466796875, Critic2 Loss: 1101.71240234375
2024-08-03 02:15:04,550 - INFO - Step: Action=Sell, Reward=0.0, Portfolio Value=998441.7713813103, Budget=998441.7713813103, Position=0
2024-08-03 02:15:04,588 - INFO - Train Step: 106, Actor Loss: 5.01210880279541, Critic1 Loss: 1424.661376953125, Critic2 Loss: 1424.697265625
2024-08-03 02:15:04,589 - INFO - Step: Action=Hold, Reward=0.0, Portfolio Value=998441.7713813103, Budget=998441.7713813103, Position=0
2024-08-03 02:15:04,628 - INFO - Train Step: 107, Actor Loss: 5.055789947509766, Critic1 Loss: 1356.89111328125, Critic2 Loss: 1356.6495361328125
2024-08-03 02:15:04,629 - INFO - Step: Action=Sell, Reward=0.0, Portfolio Value=998441.7713813103, Budget=998441.7713813103, Position=0
2024-08-03 02:15:04,668 - INFO - Train Step: 108, Actor Loss: 4.578969478607178, Critic1 Loss: 876.2091674804688, Critic2 Loss: 876.3968505859375
2024-08-03 02:15:04,669 - INFO - Step: Action=Hold, Reward=0.0, Portfolio Value=998441.7713813103, Budget=998441.7713813103, Position=0
2024-08-03 02:15:04,707 - INFO - Train Step: 109, Actor Loss: 4.6229400634765625, Critic1 Loss: 1231.62646484375, Critic2 Loss: 1231.640380859375
2024-08-03 02:15:04,708 - INFO - Step: Action=Sell, Reward=0.0, Portfolio Value=998441.7713813103, Budget=998441.7713813103, Position=0
2024-08-03 02:15:04,747 - INFO - Train Step: 110, Actor Loss: 4.494040012359619, Critic1 Loss: 1040.673095703125, Critic2 Loss: 1040.769287109375
2024-08-03 02:15:04,748 - INFO - Step: Action=Hold, Reward=0.0, Portfolio Value=998441.7713813103, Budget=998441.7713813103, Position=0
2024-08-03 02:15:04,784 - INFO - Train Step: 111, Actor Loss: 4.453784465789795, Critic1 Loss: 1308.519287109375, Critic2 Loss: 1308.616455078125
2024-08-03 02:15:04,785 - INFO - Step: Action=Hold, Reward=0.0, Portfolio Value=998441.7713813103, Budget=998441.7713813103, Position=0
2024-08-03 02:15:04,824 - INFO - Train Step: 112, Actor Loss: 4.159247398376465, Critic1 Loss: 600.2821655273438, Critic2 Loss: 600.4546508789062
2024-08-03 02:15:04,826 - INFO - Step: Action=Hold, Reward=0.0, Portfolio Value=998441.7713813103, Budget=998441.7713813103, Position=0
2024-08-03 02:15:04,863 - INFO - Train Step: 113, Actor Loss: 4.105804443359375, Critic1 Loss: 1148.347412109375, Critic2 Loss: 1148.57080078125
2024-08-03 02:15:04,864 - INFO - Step: Action=Sell, Reward=0.0, Portfolio Value=998441.7713813103, Budget=998441.7713813103, Position=0
2024-08-03 02:15:04,904 - INFO - Train Step: 114, Actor Loss: 3.988250970840454, Critic1 Loss: 1471.25244140625, Critic2 Loss: 1471.368408203125
2024-08-03 02:15:04,905 - INFO - Step: Action=Sell, Reward=0.0, Portfolio Value=998441.7713813103, Budget=998441.7713813103, Position=0
2024-08-03 02:15:04,944 - INFO - Train Step: 115, Actor Loss: 3.8895392417907715, Critic1 Loss: 873.9202880859375, Critic2 Loss: 873.908935546875
2024-08-03 02:15:04,946 - INFO - Step: Action=Hold, Reward=0.0, Portfolio Value=998441.7713813103, Budget=998441.7713813103, Position=0
2024-08-03 02:15:04,986 - INFO - Train Step: 116, Actor Loss: 3.607135534286499, Critic1 Loss: 701.436767578125, Critic2 Loss: 701.6964111328125
2024-08-03 02:15:04,987 - INFO - Step: Action=Hold, Reward=0.0, Portfolio Value=998441.7713813103, Budget=998441.7713813103, Position=0
2024-08-03 02:15:05,025 - INFO - Train Step: 117, Actor Loss: 3.6215996742248535, Critic1 Loss: 964.572265625, Critic2 Loss: 965.072021484375
2024-08-03 02:15:05,026 - INFO - Step: Action=Hold, Reward=0.0, Portfolio Value=998441.7713813103, Budget=998441.7713813103, Position=0
2024-08-03 02:15:05,064 - INFO - Train Step: 118, Actor Loss: 3.715148687362671, Critic1 Loss: 1104.115478515625, Critic2 Loss: 1104.4327392578125
2024-08-03 02:15:05,065 - INFO - Step: Action=Hold, Reward=0.0, Portfolio Value=998441.7713813103, Budget=998441.7713813103, Position=0
2024-08-03 02:15:05,105 - INFO - Train Step: 119, Actor Loss: 3.600579261779785, Critic1 Loss: 1271.708984375, Critic2 Loss: 1271.819091796875
2024-08-03 02:15:05,106 - INFO - Step: Action=Hold, Reward=0.0, Portfolio Value=998441.7713813103, Budget=998441.7713813103, Position=0
2024-08-03 02:15:05,145 - INFO - Train Step: 120, Actor Loss: 3.484168529510498, Critic1 Loss: 593.8580322265625, Critic2 Loss: 593.6618041992188
2024-08-03 02:15:05,146 - INFO - Step: Action=Hold, Reward=0.0, Portfolio Value=998441.7713813103, Budget=998441.7713813103, Position=0
2024-08-03 02:15:05,184 - INFO - Train Step: 121, Actor Loss: 3.356991767883301, Critic1 Loss: 1042.98828125, Critic2 Loss: 1043.4302978515625
2024-08-03 02:15:05,185 - INFO - Step: Action=Hold, Reward=0.0, Portfolio Value=998441.7713813103, Budget=998441.7713813103, Position=0
2024-08-03 02:15:05,223 - INFO - Train Step: 122, Actor Loss: 3.4019999504089355, Critic1 Loss: 738.31005859375, Critic2 Loss: 738.1441650390625
2024-08-03 02:15:05,224 - INFO - Step: Action=Hold, Reward=0.0, Portfolio Value=998441.7713813103, Budget=998441.7713813103, Position=0
2024-08-03 02:15:05,263 - INFO - Train Step: 123, Actor Loss: 3.433603525161743, Critic1 Loss: 1089.06494140625, Critic2 Loss: 1089.6646728515625
2024-08-03 02:15:05,264 - INFO - Step: Action=Hold, Reward=0.0, Portfolio Value=998441.7713813103, Budget=998441.7713813103, Position=0
2024-08-03 02:15:05,305 - INFO - Train Step: 124, Actor Loss: 3.324835777282715, Critic1 Loss: 1105.5029296875, Critic2 Loss: 1105.634033203125
2024-08-03 02:15:05,306 - INFO - Step: Action=Hold, Reward=0.0, Portfolio Value=998441.7713813103, Budget=998441.7713813103, Position=0
2024-08-03 02:15:05,346 - INFO - Train Step: 125, Actor Loss: 3.0901362895965576, Critic1 Loss: 1058.5091552734375, Critic2 Loss: 1058.84130859375
2024-08-03 02:15:05,348 - INFO - Step: Action=Hold, Reward=0.0, Portfolio Value=998441.7713813103, Budget=998441.7713813103, Position=0
2024-08-03 02:15:05,389 - INFO - Train Step: 126, Actor Loss: 3.1976468563079834, Critic1 Loss: 1293.157470703125, Critic2 Loss: 1292.601806640625
2024-08-03 02:15:05,391 - INFO - Step: Action=Buy, Reward=0.0, Portfolio Value=998441.7713813103, Budget=998441.7713813103, Position=0
2024-08-03 02:15:05,428 - INFO - Train Step: 127, Actor Loss: 3.066413402557373, Critic1 Loss: 585.8258666992188, Critic2 Loss: 585.794921875
2024-08-03 02:15:05,430 - INFO - Step: Action=Hold, Reward=0.0, Portfolio Value=998441.7713813103, Budget=998441.7713813103, Position=0
2024-08-03 02:15:05,469 - INFO - Train Step: 128, Actor Loss: 3.0578174591064453, Critic1 Loss: 1316.68505859375, Critic2 Loss: 1316.385009765625
2024-08-03 02:15:05,470 - INFO - Step: Action=Hold, Reward=0.0, Portfolio Value=998441.7713813103, Budget=998441.7713813103, Position=0
2024-08-03 02:15:05,509 - INFO - Train Step: 129, Actor Loss: 2.9735031127929688, Critic1 Loss: 524.465087890625, Critic2 Loss: 524.5662231445312
2024-08-03 02:15:05,510 - INFO - Step: Action=Hold, Reward=0.0, Portfolio Value=998441.7713813103, Budget=998441.7713813103, Position=0
2024-08-03 02:15:05,547 - INFO - Train Step: 130, Actor Loss: 3.047633647918701, Critic1 Loss: 687.742919921875, Critic2 Loss: 687.56787109375
2024-08-03 02:15:05,548 - INFO - Step: Action=Hold, Reward=0.0, Portfolio Value=998441.7713813103, Budget=998441.7713813103, Position=0
2024-08-03 02:15:05,585 - INFO - Train Step: 131, Actor Loss: 3.0293362140655518, Critic1 Loss: 1086.6453857421875, Critic2 Loss: 1086.796875
2024-08-03 02:15:05,586 - INFO - Step: Action=Hold, Reward=0.0, Portfolio Value=998441.7713813103, Budget=998441.7713813103, Position=0
2024-08-03 02:15:05,625 - INFO - Train Step: 132, Actor Loss: 2.991702079772949, Critic1 Loss: 691.2296142578125, Critic2 Loss: 691.2305908203125
2024-08-03 02:15:05,626 - INFO - Step: Action=Hold, Reward=0.0, Portfolio Value=998441.7713813103, Budget=998441.7713813103, Position=0
2024-08-03 02:15:05,664 - INFO - Train Step: 133, Actor Loss: 2.9513230323791504, Critic1 Loss: 958.781982421875, Critic2 Loss: 959.18505859375
2024-08-03 02:15:05,665 - INFO - Step: Action=Hold, Reward=0.0, Portfolio Value=998441.7713813103, Budget=998441.7713813103, Position=0
2024-08-03 02:15:05,701 - INFO - Train Step: 134, Actor Loss: 3.001727819442749, Critic1 Loss: 1181.2139892578125, Critic2 Loss: 1181.208251953125
2024-08-03 02:15:05,702 - INFO - Step: Action=Hold, Reward=0.0, Portfolio Value=998441.7713813103, Budget=998441.7713813103, Position=0
2024-08-03 02:15:05,738 - INFO - Train Step: 135, Actor Loss: 3.0594873428344727, Critic1 Loss: 785.7866821289062, Critic2 Loss: 785.3756103515625
2024-08-03 02:15:05,739 - INFO - Step: Action=Hold, Reward=0.0, Portfolio Value=998441.7713813103, Budget=998441.7713813103, Position=0
2024-08-03 02:15:05,777 - INFO - Train Step: 136, Actor Loss: 3.0050601959228516, Critic1 Loss: 897.3372802734375, Critic2 Loss: 897.587158203125
2024-08-03 02:15:05,778 - INFO - Step: Action=Hold, Reward=0.0, Portfolio Value=998441.7713813103, Budget=998441.7713813103, Position=0
2024-08-03 02:15:05,815 - INFO - Train Step: 137, Actor Loss: 3.02836275100708, Critic1 Loss: 1341.658935546875, Critic2 Loss: 1341.62841796875
2024-08-03 02:15:05,816 - INFO - Step: Action=Hold, Reward=0.0, Portfolio Value=998441.7713813103, Budget=998441.7713813103, Position=0
2024-08-03 02:15:05,852 - INFO - Train Step: 138, Actor Loss: 3.018198251724243, Critic1 Loss: 830.1910400390625, Critic2 Loss: 830.4395751953125
2024-08-03 02:15:05,853 - INFO - Step: Action=Hold, Reward=0.0, Portfolio Value=998441.7713813103, Budget=998441.7713813103, Position=0
2024-08-03 02:15:05,891 - INFO - Train Step: 139, Actor Loss: 2.923372268676758, Critic1 Loss: 1351.7623291015625, Critic2 Loss: 1351.6351318359375
2024-08-03 02:15:05,892 - INFO - Step: Action=Hold, Reward=0.0, Portfolio Value=998441.7713813103, Budget=998441.7713813103, Position=0
2024-08-03 02:15:05,930 - INFO - Train Step: 140, Actor Loss: 2.9552037715911865, Critic1 Loss: 669.763427734375, Critic2 Loss: 669.6343383789062
2024-08-03 02:15:05,931 - INFO - Step: Action=Sell, Reward=0.0, Portfolio Value=998441.7713813103, Budget=998441.7713813103, Position=0
2024-08-03 02:15:05,968 - INFO - Train Step: 141, Actor Loss: 2.9588515758514404, Critic1 Loss: 356.9659423828125, Critic2 Loss: 356.95587158203125
2024-08-03 02:15:05,969 - INFO - Step: Action=Buy, Reward=0.0, Portfolio Value=998441.7713813103, Budget=998441.7713813103, Position=0
2024-08-03 02:15:06,008 - INFO - Train Step: 142, Actor Loss: 3.1036977767944336, Critic1 Loss: 1426.826171875, Critic2 Loss: 1426.8502197265625
2024-08-03 02:15:06,009 - INFO - Step: Action=Sell, Reward=0.0, Portfolio Value=998441.7713813103, Budget=998441.7713813103, Position=0
2024-08-03 02:15:06,047 - INFO - Train Step: 143, Actor Loss: 3.067841053009033, Critic1 Loss: 791.0848388671875, Critic2 Loss: 791.108642578125
2024-08-03 02:15:06,048 - INFO - Step: Action=Hold, Reward=0.0, Portfolio Value=998441.7713813103, Budget=998441.7713813103, Position=0
2024-08-03 02:15:06,099 - INFO - Train Step: 144, Actor Loss: 2.967885971069336, Critic1 Loss: 430.2793884277344, Critic2 Loss: 430.35089111328125
2024-08-03 02:15:06,101 - INFO - Step: Action=Hold, Reward=0.0, Portfolio Value=998441.7713813103, Budget=998441.7713813103, Position=0
2024-08-03 02:15:06,139 - INFO - Train Step: 145, Actor Loss: 3.0101263523101807, Critic1 Loss: 926.0559692382812, Critic2 Loss: 926.1322021484375
2024-08-03 02:15:06,140 - INFO - Step: Action=Hold, Reward=0.0, Portfolio Value=998441.7713813103, Budget=998441.7713813103, Position=0
2024-08-03 02:15:06,178 - INFO - Train Step: 146, Actor Loss: 3.089993953704834, Critic1 Loss: 617.6576538085938, Critic2 Loss: 617.7120361328125
2024-08-03 02:15:06,179 - INFO - Step: Action=Hold, Reward=0.0, Portfolio Value=998441.7713813103, Budget=998441.7713813103, Position=0
2024-08-03 02:15:06,218 - INFO - Train Step: 147, Actor Loss: 3.24395751953125, Critic1 Loss: 623.3975830078125, Critic2 Loss: 623.449951171875
2024-08-03 02:15:06,219 - INFO - Step: Action=Hold, Reward=0.0, Portfolio Value=998441.7713813103, Budget=998441.7713813103, Position=0
2024-08-03 02:15:06,257 - INFO - Train Step: 148, Actor Loss: 3.2076406478881836, Critic1 Loss: 1102.87841796875, Critic2 Loss: 1102.90185546875
2024-08-03 02:15:06,257 - INFO - Step: Action=Buy, Reward=0.0, Portfolio Value=998441.7713813103, Budget=998441.7713813103, Position=0
2024-08-03 02:15:06,294 - INFO - Train Step: 149, Actor Loss: 3.232635736465454, Critic1 Loss: 893.5142822265625, Critic2 Loss: 893.5717163085938
2024-08-03 02:15:06,295 - INFO - Step: Action=Hold, Reward=0.0, Portfolio Value=998441.7713813103, Budget=998441.7713813103, Position=0
2024-08-03 02:15:06,334 - INFO - Train Step: 150, Actor Loss: 3.2915289402008057, Critic1 Loss: 1292.8759765625, Critic2 Loss: 1292.939697265625
2024-08-03 02:15:06,335 - INFO - Step: Action=Hold, Reward=0.0, Portfolio Value=998441.7713813103, Budget=998441.7713813103, Position=0
2024-08-03 02:15:06,374 - INFO - Train Step: 151, Actor Loss: 3.339726686477661, Critic1 Loss: 765.7694702148438, Critic2 Loss: 765.8258056640625
2024-08-03 02:15:06,375 - INFO - Step: Action=Buy, Reward=0.0, Portfolio Value=998441.7713813103, Budget=998441.7713813103, Position=0
2024-08-03 02:15:06,415 - INFO - Train Step: 152, Actor Loss: 3.3403186798095703, Critic1 Loss: 558.2959594726562, Critic2 Loss: 558.412841796875
2024-08-03 02:15:06,416 - INFO - Step: Action=Buy, Reward=0.0, Portfolio Value=998441.7713813103, Budget=998441.7713813103, Position=0
2024-08-03 02:15:06,454 - INFO - Train Step: 153, Actor Loss: 3.342700481414795, Critic1 Loss: 636.6531982421875, Critic2 Loss: 636.7093505859375
2024-08-03 02:15:06,454 - INFO - Step: Action=Hold, Reward=0.0, Portfolio Value=998441.7713813103, Budget=998441.7713813103, Position=0
2024-08-03 02:15:06,492 - INFO - Train Step: 154, Actor Loss: 3.566521406173706, Critic1 Loss: 597.4237060546875, Critic2 Loss: 597.3892822265625
2024-08-03 02:15:06,494 - INFO - Step: Action=Hold, Reward=0.0, Portfolio Value=998441.7713813103, Budget=998441.7713813103, Position=0
2024-08-03 02:15:06,532 - INFO - Train Step: 155, Actor Loss: 3.4279022216796875, Critic1 Loss: 602.0759887695312, Critic2 Loss: 602.1006469726562
2024-08-03 02:15:06,533 - INFO - Step: Action=Buy, Reward=0.0, Portfolio Value=998441.7713813103, Budget=998441.7713813103, Position=0
2024-08-03 02:15:06,569 - INFO - Train Step: 156, Actor Loss: 3.449599504470825, Critic1 Loss: 676.4872436523438, Critic2 Loss: 676.8160400390625
2024-08-03 02:15:06,570 - INFO - Step: Action=Buy, Reward=0.0, Portfolio Value=998441.7713813103, Budget=998441.7713813103, Position=0
2024-08-03 02:15:06,608 - INFO - Train Step: 157, Actor Loss: 3.6060805320739746, Critic1 Loss: 737.391845703125, Critic2 Loss: 737.509765625
2024-08-03 02:15:06,609 - INFO - Step: Action=Hold, Reward=0.0, Portfolio Value=998441.7713813103, Budget=998441.7713813103, Position=0
2024-08-03 02:15:06,648 - INFO - Train Step: 158, Actor Loss: 3.6434125900268555, Critic1 Loss: 676.7230834960938, Critic2 Loss: 676.8096923828125
2024-08-03 02:15:06,649 - INFO - Step: Action=Hold, Reward=0.0, Portfolio Value=998441.7713813103, Budget=998441.7713813103, Position=0
2024-08-03 02:15:06,697 - INFO - Train Step: 159, Actor Loss: 3.56193470954895, Critic1 Loss: 688.8560791015625, Critic2 Loss: 689.0078735351562
2024-08-03 02:15:06,698 - INFO - Step: Action=Hold, Reward=0.0, Portfolio Value=998441.7713813103, Budget=998441.7713813103, Position=0
2024-08-03 02:15:06,737 - INFO - Train Step: 160, Actor Loss: 3.5283143520355225, Critic1 Loss: 565.5498046875, Critic2 Loss: 565.6356201171875
2024-08-03 02:15:06,739 - INFO - Step: Action=Hold, Reward=0.0, Portfolio Value=998441.7713813103, Budget=998441.7713813103, Position=0
2024-08-03 02:15:06,778 - INFO - Train Step: 161, Actor Loss: 3.819730281829834, Critic1 Loss: 683.9926147460938, Critic2 Loss: 684.1065673828125
2024-08-03 02:15:06,779 - INFO - Step: Action=Hold, Reward=0.0, Portfolio Value=998441.7713813103, Budget=998441.7713813103, Position=0
2024-08-03 02:15:06,814 - INFO - Train Step: 162, Actor Loss: 3.678260326385498, Critic1 Loss: 876.2001953125, Critic2 Loss: 875.9884033203125
2024-08-03 02:15:06,815 - INFO - Step: Action=Hold, Reward=0.0, Portfolio Value=998441.7713813103, Budget=998441.7713813103, Position=0
2024-08-03 02:15:06,853 - INFO - Train Step: 163, Actor Loss: 3.851017713546753, Critic1 Loss: 1262.979248046875, Critic2 Loss: 1262.98193359375
2024-08-03 02:15:06,854 - INFO - Step: Action=Hold, Reward=0.0, Portfolio Value=998441.7713813103, Budget=998441.7713813103, Position=0
2024-08-03 02:15:06,892 - INFO - Train Step: 164, Actor Loss: 3.6993038654327393, Critic1 Loss: 1157.8875732421875, Critic2 Loss: 1157.7525634765625
2024-08-03 02:15:06,893 - INFO - Step: Action=Sell, Reward=0.0, Portfolio Value=998441.7713813103, Budget=998441.7713813103, Position=0
2024-08-03 02:15:06,931 - INFO - Train Step: 165, Actor Loss: 3.7734713554382324, Critic1 Loss: 436.74835205078125, Critic2 Loss: 436.8155517578125
2024-08-03 02:15:06,932 - INFO - Step: Action=Hold, Reward=0.0, Portfolio Value=998441.7713813103, Budget=998441.7713813103, Position=0
2024-08-03 02:15:06,970 - INFO - Train Step: 166, Actor Loss: 3.859175205230713, Critic1 Loss: 1067.694580078125, Critic2 Loss: 1067.57763671875
2024-08-03 02:15:06,971 - INFO - Step: Action=Sell, Reward=0.0, Portfolio Value=998441.7713813103, Budget=998441.7713813103, Position=0
2024-08-03 02:15:07,010 - INFO - Train Step: 167, Actor Loss: 3.697188138961792, Critic1 Loss: 1158.51416015625, Critic2 Loss: 1158.65283203125
2024-08-03 02:15:07,011 - INFO - Step: Action=Hold, Reward=0.0, Portfolio Value=998441.7713813103, Budget=998441.7713813103, Position=0
2024-08-03 02:15:07,049 - INFO - Train Step: 168, Actor Loss: 3.8460755348205566, Critic1 Loss: 1153.226806640625, Critic2 Loss: 1153.1260986328125
2024-08-03 02:15:07,050 - INFO - Step: Action=Hold, Reward=0.0, Portfolio Value=998441.7713813103, Budget=998441.7713813103, Position=0
2024-08-03 02:15:07,088 - INFO - Train Step: 169, Actor Loss: 3.678992748260498, Critic1 Loss: 692.48388671875, Critic2 Loss: 692.507080078125
2024-08-03 02:15:07,089 - INFO - Step: Action=Hold, Reward=0.0, Portfolio Value=998441.7713813103, Budget=998441.7713813103, Position=0
2024-08-03 02:15:07,129 - INFO - Train Step: 170, Actor Loss: 3.710949182510376, Critic1 Loss: 691.2430419921875, Critic2 Loss: 691.3392333984375
2024-08-03 02:15:07,130 - INFO - Step: Action=Hold, Reward=0.0, Portfolio Value=998441.7713813103, Budget=998441.7713813103, Position=0
2024-08-03 02:15:07,168 - INFO - Train Step: 171, Actor Loss: 3.7862606048583984, Critic1 Loss: 816.4695434570312, Critic2 Loss: 816.5360107421875
2024-08-03 02:15:07,169 - INFO - Step: Action=Hold, Reward=0.0, Portfolio Value=998441.7713813103, Budget=998441.7713813103, Position=0
2024-08-03 02:15:07,205 - INFO - Train Step: 172, Actor Loss: 3.7210559844970703, Critic1 Loss: 876.63916015625, Critic2 Loss: 876.7725219726562
2024-08-03 02:15:07,206 - INFO - Step: Action=Hold, Reward=0.0, Portfolio Value=998441.7713813103, Budget=998441.7713813103, Position=0
2024-08-03 02:15:07,246 - INFO - Train Step: 173, Actor Loss: 3.800790309906006, Critic1 Loss: 612.878173828125, Critic2 Loss: 612.9860229492188
2024-08-03 02:15:07,248 - INFO - Step: Action=Hold, Reward=0.0, Portfolio Value=998441.7713813103, Budget=998441.7713813103, Position=0
2024-08-03 02:15:07,286 - INFO - Train Step: 174, Actor Loss: 3.9312024116516113, Critic1 Loss: 765.123779296875, Critic2 Loss: 765.3041381835938
2024-08-03 02:15:07,287 - INFO - Step: Action=Buy, Reward=-20.894573107183547, Portfolio Value=998441.7713813103, Budget=998420.8768082032, Position=100
2024-08-03 02:15:07,326 - INFO - Train Step: 175, Actor Loss: 3.723238229751587, Critic1 Loss: 1123.475830078125, Critic2 Loss: 1123.6025390625
2024-08-03 02:15:07,327 - INFO - Step: Action=Hold, Reward=0.00022160910872044042, Portfolio Value=998443.9874723975, Budget=998420.8768082032, Position=100
2024-08-03 02:15:07,364 - INFO - Train Step: 176, Actor Loss: 3.8268299102783203, Critic1 Loss: 493.3387451171875, Critic2 Loss: 493.320556640625
2024-08-03 02:15:07,365 - INFO - Step: Action=Hold, Reward=-0.00022160910872044042, Portfolio Value=998441.7713813103, Budget=998420.8768082032, Position=100
2024-08-03 02:15:07,403 - INFO - Train Step: 177, Actor Loss: 3.969939947128296, Critic1 Loss: 650.486083984375, Critic2 Loss: 650.5452880859375
2024-08-03 02:15:07,404 - INFO - Step: Action=Sell, Reward=23.110885803417787, Portfolio Value=998443.9874723975, Budget=998443.9874723975, Position=0
2024-08-03 02:15:07,442 - INFO - Train Step: 178, Actor Loss: 3.924154281616211, Critic1 Loss: 632.05224609375, Critic2 Loss: 632.1322631835938
2024-08-03 02:15:07,443 - INFO - Step: Action=Hold, Reward=0.0, Portfolio Value=998443.9874723975, Budget=998443.9874723975, Position=0
2024-08-03 02:15:07,483 - INFO - Train Step: 179, Actor Loss: 3.6302151679992676, Critic1 Loss: 550.855224609375, Critic2 Loss: 550.8837890625
2024-08-03 02:15:07,484 - INFO - Step: Action=Hold, Reward=0.0, Portfolio Value=998443.9874723975, Budget=998443.9874723975, Position=0
2024-08-03 02:15:07,523 - INFO - Train Step: 180, Actor Loss: 3.924574613571167, Critic1 Loss: 1027.6611328125, Critic2 Loss: 1027.700439453125
2024-08-03 02:15:07,524 - INFO - Step: Action=Buy, Reward=-107.32212550507892, Portfolio Value=998443.9874723975, Budget=998336.6653468924, Position=100
2024-08-03 02:15:07,562 - INFO - Train Step: 181, Actor Loss: 4.038744926452637, Critic1 Loss: 686.3599853515625, Critic2 Loss: 686.477294921875
2024-08-03 02:15:07,563 - INFO - Step: Action=Hold, Reward=-0.0019944819784141147, Portfolio Value=998424.0426526134, Budget=998336.6653468924, Position=100
2024-08-03 02:15:07,602 - INFO - Train Step: 182, Actor Loss: 3.9070327281951904, Critic1 Loss: 612.9891357421875, Critic2 Loss: 612.9945068359375
2024-08-03 02:15:07,603 - INFO - Step: Action=Hold, Reward=-0.001108045543555636, Portfolio Value=998412.9621971778, Budget=998336.6653468924, Position=100
2024-08-03 02:15:07,642 - INFO - Train Step: 183, Actor Loss: 3.9768478870391846, Critic1 Loss: 722.2789306640625, Critic2 Loss: 722.3953857421875
2024-08-03 02:15:07,644 - INFO - Step: Action=Hold, Reward=0.0028809184132609516, Portfolio Value=998441.7713813104, Budget=998336.6653468924, Position=100
2024-08-03 02:15:07,681 - INFO - Train Step: 184, Actor Loss: 4.049107074737549, Critic1 Loss: 732.9200439453125, Critic2 Loss: 732.9991455078125
2024-08-03 02:15:07,682 - INFO - Step: Action=Buy, Reward=-94.02668702786934, Portfolio Value=998430.6909258747, Budget=998242.6397679101, Position=200
2024-08-03 02:15:07,722 - INFO - Train Step: 185, Actor Loss: 4.005790710449219, Critic1 Loss: 895.898681640625, Critic2 Loss: 895.8582153320312
2024-08-03 02:15:07,723 - INFO - Step: Action=Buy, Reward=-78.5160438999691, Portfolio Value=998399.665650655, Budget=998164.1268265377, Position=300
2024-08-03 02:15:07,762 - INFO - Train Step: 186, Actor Loss: 3.994258403778076, Critic1 Loss: 669.4443969726562, Critic2 Loss: 669.50537109375
2024-08-03 02:15:07,763 - INFO - Step: Action=Hold, Reward=-0.0006648273261380382, Portfolio Value=998393.0173773937, Budget=998164.1268265377, Position=300
2024-08-03 02:15:07,802 - INFO - Train Step: 187, Actor Loss: 3.9534976482391357, Critic1 Loss: 1138.0908203125, Critic2 Loss: 1138.10986328125
2024-08-03 02:15:07,803 - INFO - Step: Action=Hold, Reward=0.007313100587506779, Portfolio Value=998466.1483832687, Budget=998164.1268265377, Position=300
2024-08-03 02:15:07,841 - INFO - Train Step: 188, Actor Loss: 4.091951370239258, Critic1 Loss: 931.1685791015625, Critic2 Loss: 931.2128295898438
2024-08-03 02:15:07,843 - INFO - Step: Action=Hold, Reward=-0.006648273261368741, Portfolio Value=998399.665650655, Budget=998164.1268265377, Position=300
2024-08-03 02:15:07,882 - INFO - Train Step: 189, Actor Loss: 3.8467791080474854, Critic1 Loss: 447.8321533203125, Critic2 Loss: 447.8249206542969
2024-08-03 02:15:07,883 - INFO - Step: Action=Hold, Reward=0.006648273261368741, Portfolio Value=998466.1483832687, Budget=998164.1268265377, Position=300
2024-08-03 02:15:07,920 - INFO - Train Step: 190, Actor Loss: 3.9582746028900146, Critic1 Loss: 1146.577392578125, Critic2 Loss: 1146.5860595703125
2024-08-03 02:15:07,921 - INFO - Step: Action=Hold, Reward=-0.0006648273261380382, Portfolio Value=998459.5001100074, Budget=998164.1268265377, Position=300
2024-08-03 02:15:07,960 - INFO - Train Step: 191, Actor Loss: 3.865940809249878, Critic1 Loss: 927.9090576171875, Critic2 Loss: 927.8907470703125
2024-08-03 02:15:07,961 - INFO - Step: Action=Buy, Reward=-89.59605611737928, Portfolio Value=998432.907016962, Budget=998074.5334297296, Position=400
2024-08-03 02:15:08,010 - INFO - Train Step: 192, Actor Loss: 4.075448989868164, Critic1 Loss: 936.6333618164062, Critic2 Loss: 936.6985473632812
2024-08-03 02:15:08,011 - INFO - Step: Action=Hold, Reward=0.002659309304552153, Portfolio Value=998459.5001100075, Budget=998074.5334297296, Position=400
2024-08-03 02:15:08,050 - INFO - Train Step: 193, Actor Loss: 3.9052305221557617, Critic1 Loss: 335.5389099121094, Critic2 Loss: 335.5395202636719
2024-08-03 02:15:08,051 - INFO - Step: Action=Hold, Reward=-0.005318618609104306, Portfolio Value=998406.3139239164, Budget=998074.5334297296, Position=400
2024-08-03 02:15:08,092 - INFO - Train Step: 194, Actor Loss: 3.8631653785705566, Critic1 Loss: 1239.5986328125, Critic2 Loss: 1239.6451416015625
2024-08-03 02:15:08,093 - INFO - Step: Action=Hold, Reward=0.0017728728697053158, Portfolio Value=998424.0426526135, Budget=998074.5334297296, Position=400
2024-08-03 02:15:08,134 - INFO - Train Step: 195, Actor Loss: 3.9665327072143555, Critic1 Loss: 442.9384765625, Critic2 Loss: 442.9519348144531
2024-08-03 02:15:08,135 - INFO - Step: Action=Hold, Reward=-0.007977927913656459, Portfolio Value=998344.2633734769, Budget=998074.5334297296, Position=400
2024-08-03 02:15:08,175 - INFO - Train Step: 196, Actor Loss: 3.839651584625244, Critic1 Loss: 1031.843505859375, Critic2 Loss: 1031.8670654296875
2024-08-03 02:15:08,176 - INFO - Step: Action=Buy, Reward=-85.1541231423449, Portfolio Value=998415.1782882649, Budget=997989.3722150958, Position=500
2024-08-03 02:15:08,215 - INFO - Train Step: 197, Actor Loss: 3.662677526473999, Critic1 Loss: 359.1850891113281, Critic2 Loss: 359.2191162109375
2024-08-03 02:15:08,216 - INFO - Step: Action=Buy, Reward=-91.80616375856957, Portfolio Value=998448.4196545718, Budget=997897.5627272006, Position=600
2024-08-03 02:15:08,257 - INFO - Train Step: 198, Actor Loss: 3.8085453510284424, Critic1 Loss: 1170.20654296875, Critic2 Loss: 1170.1968994140625
2024-08-03 02:15:08,258 - INFO - Step: Action=Buy, Reward=-109.52757935498623, Portfolio Value=998554.7920267539, Budget=997788.0245106084, Position=700
2024-08-03 02:15:08,297 - INFO - Train Step: 199, Actor Loss: 3.668250560760498, Critic1 Loss: 994.4041137695312, Critic2 Loss: 994.397216796875
2024-08-03 02:15:08,298 - INFO - Step: Action=Hold, Reward=0.0031025275219697507, Portfolio Value=998585.8173019736, Budget=997788.0245106084, Position=700
2024-08-03 02:15:08,341 - INFO - Train Step: 200, Actor Loss: 3.7064971923828125, Critic1 Loss: 909.7987060546875, Critic2 Loss: 909.8896484375
2024-08-03 02:15:08,342 - INFO - Step: Action=Buy, Reward=-116.18493858982002, Portfolio Value=998601.3299395835, Budget=997671.8380207549, Position=800
2024-08-03 02:15:08,383 - INFO - Train Step: 201, Actor Loss: 3.6238672733306885, Critic1 Loss: 659.8463134765625, Critic2 Loss: 659.82470703125
2024-08-03 02:15:08,384 - INFO - Step: Action=Hold, Reward=-0.005318618609104306, Portfolio Value=998548.1437534925, Budget=997671.8380207549, Position=800
2024-08-03 02:15:08,423 - INFO - Train Step: 202, Actor Loss: 3.62552809715271, Critic1 Loss: 997.24609375, Critic2 Loss: 997.244140625
2024-08-03 02:15:08,424 - INFO - Step: Action=Buy, Reward=-105.10958016369283, Portfolio Value=998512.6862960984, Budget=997566.7319863369, Position=900
2024-08-03 02:15:08,463 - INFO - Train Step: 203, Actor Loss: 3.7591605186462402, Critic1 Loss: 820.5828247070312, Critic2 Loss: 820.6192626953125
2024-08-03 02:15:08,464 - INFO - Step: Action=Buy, Reward=-122.81880725913027, Portfolio Value=998672.2448543715, Budget=997443.897223222, Position=1000
2024-08-03 02:15:08,504 - INFO - Train Step: 204, Actor Loss: 3.715306043624878, Critic1 Loss: 583.8568115234375, Critic2 Loss: 583.9078979492188
2024-08-03 02:15:08,505 - INFO - Step: Action=Hold, Reward=0.0, Portfolio Value=998672.2448543715, Budget=997443.897223222, Position=1000
2024-08-03 02:15:08,545 - INFO - Train Step: 205, Actor Loss: 3.752903461456299, Critic1 Loss: 1136.0107421875, Critic2 Loss: 1136.057373046875
2024-08-03 02:15:08,546 - INFO - Step: Action=Buy, Reward=-100.6960131545736, Portfolio Value=998450.635745659, Budget=997343.2233709783, Position=1100
2024-08-03 02:15:08,585 - INFO - Train Step: 206, Actor Loss: 3.692392349243164, Critic1 Loss: 1114.083251953125, Critic2 Loss: 1114.0234375
2024-08-03 02:15:08,586 - INFO - Step: Action=Buy, Reward=-91.81923869598363, Portfolio Value=998353.1277378254, Budget=997251.413883083, Position=1200
2024-08-03 02:15:08,722 - INFO - Train Step: 207, Actor Loss: 3.8003575801849365, Critic1 Loss: 541.2137451171875, Critic2 Loss: 541.2631225585938
2024-08-03 02:15:08,728 - INFO - Step: Action=Hold, Reward=-0.04520825817735167, Portfolio Value=997901.0451560519, Budget=997251.413883083, Position=1200
2024-08-03 02:15:08,979 - INFO - Train Step: 208, Actor Loss: 4.0078444480896, Critic1 Loss: 1367.109130859375, Critic2 Loss: 1367.119140625
2024-08-03 02:15:08,982 - INFO - Step: Action=Hold, Reward=-0.010637237218208612, Portfolio Value=997794.6727838698, Budget=997251.413883083, Position=1200
2024-08-03 02:15:09,049 - INFO - Train Step: 209, Actor Loss: 3.9758524894714355, Critic1 Loss: 1335.534912109375, Critic2 Loss: 1335.561279296875
2024-08-03 02:15:09,050 - INFO - Step: Action=Hold, Reward=0.05318618609101977, Portfolio Value=998326.53464478, Budget=997251.413883083, Position=1200
2024-08-03 02:15:09,089 - INFO - Train Step: 210, Actor Loss: 4.009899139404297, Critic1 Loss: 636.7694702148438, Critic2 Loss: 636.8126220703125
2024-08-03 02:15:09,090 - INFO - Step: Action=Hold, Reward=0.01063723721819697, Portfolio Value=998432.907016962, Budget=997251.413883083, Position=1200
2024-08-03 02:15:09,128 - INFO - Train Step: 211, Actor Loss: 4.058392524719238, Critic1 Loss: 721.396240234375, Critic2 Loss: 721.4344482421875
2024-08-03 02:15:09,130 - INFO - Step: Action=Hold, Reward=0.0, Portfolio Value=998432.907016962, Budget=997251.413883083, Position=1200
2024-08-03 02:15:09,169 - INFO - Train Step: 212, Actor Loss: 4.11044979095459, Critic1 Loss: 1215.870361328125, Critic2 Loss: 1215.96435546875
2024-08-03 02:15:09,170 - INFO - Step: Action=Buy, Reward=-131.6592378238914, Portfolio Value=998831.8034126445, Budget=997119.7147556195, Position=1300
2024-08-03 02:15:09,208 - INFO - Train Step: 213, Actor Loss: 4.1340789794921875, Critic1 Loss: 810.38623046875, Critic2 Loss: 810.533447265625
2024-08-03 02:15:09,209 - INFO - Step: Action=Hold, Reward=-0.0028809184132725933, Portfolio Value=998802.9942285118, Budget=997119.7147556195, Position=1300
2024-08-03 02:15:09,249 - INFO - Train Step: 214, Actor Loss: 4.483346462249756, Critic1 Loss: 1432.25927734375, Critic2 Loss: 1432.3841552734375
2024-08-03 02:15:09,250 - INFO - Step: Action=Hold, Reward=-0.03745193937241566, Portfolio Value=998428.4748347877, Budget=997119.7147556195, Position=1300
2024-08-03 02:15:09,289 - INFO - Train Step: 215, Actor Loss: 4.4602203369140625, Critic1 Loss: 891.0714111328125, Critic2 Loss: 891.117431640625
2024-08-03 02:15:09,290 - INFO - Step: Action=Hold, Reward=-0.008642755239794497, Portfolio Value=998342.0472823897, Budget=997119.7147556195, Position=1300
2024-08-03 02:15:09,327 - INFO - Train Step: 216, Actor Loss: 4.337344169616699, Critic1 Loss: 766.3638916015625, Critic2 Loss: 766.6087646484375
2024-08-03 02:15:09,328 - INFO - Step: Action=Buy, Reward=-78.53310780133997, Portfolio Value=998140.3829934613, Budget=997041.2018142471, Position=1400
2024-08-03 02:15:09,367 - INFO - Train Step: 217, Actor Loss: 4.562042236328125, Critic1 Loss: 721.03125, Critic2 Loss: 721.126953125
2024-08-03 02:15:09,368 - INFO - Step: Action=Hold, Reward=-0.02171769265383482, Portfolio Value=997923.206066923, Budget=997041.2018142471, Position=1400
2024-08-03 02:15:09,408 - INFO - Train Step: 218, Actor Loss: 4.573598861694336, Critic1 Loss: 1189.61962890625, Critic2 Loss: 1189.8934326171875
2024-08-03 02:15:09,409 - INFO - Step: Action=Buy, Reward=-65.21329232217202, Portfolio Value=997954.2313421428, Budget=996975.9854193974, Position=1500
2024-08-03 02:15:09,455 - INFO - Train Step: 219, Actor Loss: 4.800803184509277, Critic1 Loss: 1032.1317138671875, Critic2 Loss: 1032.697509765625
2024-08-03 02:15:09,456 - INFO - Step: Action=Buy, Reward=-56.365327047714665, Portfolio Value=997821.2658769152, Budget=996919.6333888961, Position=1600
2024-08-03 02:15:09,499 - INFO - Train Step: 220, Actor Loss: 5.02943229675293, Critic1 Loss: 1066.71826171875, Critic2 Loss: 1067.1854248046875
2024-08-03 02:15:09,500 - INFO - Step: Action=Hold, Reward=-0.00709149147879798, Portfolio Value=997750.3509621272, Budget=996919.6333888961, Position=1600
2024-08-03 02:15:09,538 - INFO - Train Step: 221, Actor Loss: 5.114356517791748, Critic1 Loss: 723.1470947265625, Critic2 Loss: 723.274658203125
2024-08-03 02:15:09,539 - INFO - Step: Action=Buy, Reward=-93.95820981327716, Portfolio Value=998424.0426526134, Budget=996825.6078099138, Position=1700
2024-08-03 02:15:09,577 - INFO - Train Step: 222, Actor Loss: 5.468461990356445, Critic1 Loss: 1222.2806396484375, Critic2 Loss: 1223.038818359375
2024-08-03 02:15:09,578 - INFO - Step: Action=Hold, Reward=-0.04144090332924388, Portfolio Value=998009.6336193209, Budget=996825.6078099138, Position=1700
2024-08-03 02:15:09,617 - INFO - Train Step: 223, Actor Loss: 5.746179103851318, Critic1 Loss: 1595.8497314453125, Critic2 Loss: 1596.5831298828125
2024-08-03 02:15:09,619 - INFO - Step: Action=Hold, Reward=-0.030138838784908875, Portfolio Value=997708.2452314718, Budget=996825.6078099138, Position=1700
2024-08-03 02:15:09,656 - INFO - Train Step: 224, Actor Loss: 5.949617385864258, Critic1 Loss: 1041.8427734375, Critic2 Loss: 1042.5794677734375
2024-08-03 02:15:09,657 - INFO - Step: Action=Hold, Reward=0.048975613025471106, Portfolio Value=998198.0013617266, Budget=996825.6078099138, Position=1700
2024-08-03 02:15:09,696 - INFO - Train Step: 225, Actor Loss: 5.987266540527344, Critic1 Loss: 1217.6715087890625, Critic2 Loss: 1217.4073486328125
2024-08-03 02:15:09,697 - INFO - Step: Action=Hold, Reward=-0.04520825817736331, Portfolio Value=997745.9187799529, Budget=996825.6078099138, Position=1700
2024-08-03 02:15:09,736 - INFO - Train Step: 226, Actor Loss: 6.353597640991211, Critic1 Loss: 825.680908203125, Critic2 Loss: 825.9820556640625
2024-08-03 02:15:09,737 - INFO - Step: Action=Hold, Reward=-0.04144090332924388, Portfolio Value=997331.5097466605, Budget=996825.6078099138, Position=1700
2024-08-03 02:15:09,775 - INFO - Train Step: 227, Actor Loss: 6.500324249267578, Critic1 Loss: 1708.65771484375, Critic2 Loss: 1709.171875
2024-08-03 02:15:09,775 - INFO - Step: Action=Hold, Reward=-0.018836774240573867, Portfolio Value=997143.1420042547, Budget=996825.6078099138, Position=1700
2024-08-03 02:15:09,816 - INFO - Train Step: 228, Actor Loss: 6.886605262756348, Critic1 Loss: 1521.830078125, Critic2 Loss: 1521.9716796875
2024-08-03 02:15:09,817 - INFO - Step: Action=Buy, Reward=-23.10312948461284, Portfolio Value=997218.489101217, Budget=996802.4971457195, Position=1800
2024-08-03 02:15:09,856 - INFO - Train Step: 229, Actor Loss: 6.894842147827148, Critic1 Loss: 999.86962890625, Critic2 Loss: 1000.551513671875
2024-08-03 02:15:09,857 - INFO - Step: Action=Hold, Reward=-0.03590067561143078, Portfolio Value=996859.4823451027, Budget=996802.4971457195, Position=1800
2024-08-03 02:15:09,897 - INFO - Train Step: 230, Actor Loss: 7.214529991149902, Critic1 Loss: 726.7432861328125, Critic2 Loss: 726.6143188476562
2024-08-03 02:15:09,898 - INFO - Step: Action=Sell, Reward=32.02688507424989, Portfolio Value=997378.04765949, Budget=996834.4721742623, Position=1700
2024-08-03 02:15:09,937 - INFO - Train Step: 231, Actor Loss: 7.1866135597229, Critic1 Loss: 1476.86474609375, Critic2 Loss: 1476.8896484375
2024-08-03 02:15:09,937 - INFO - Step: Action=Buy, Reward=-12.06411495231447, Portfolio Value=997038.9857231599, Budget=996822.4419655036, Position=1800
2024-08-03 02:15:09,975 - INFO - Train Step: 232, Actor Loss: 7.027653694152832, Critic1 Loss: 816.8342895507812, Critic2 Loss: 816.412353515625
2024-08-03 02:15:09,978 - INFO - Step: Action=Hold, Reward=-0.019944819784129503, Portfolio Value=996839.5375253186, Budget=996822.4419655036, Position=1800
2024-08-03 02:15:10,022 - INFO - Train Step: 233, Actor Loss: 7.540801048278809, Critic1 Loss: 993.751708984375, Critic2 Loss: 993.8330078125
2024-08-03 02:15:10,023 - INFO - Step: Action=Hold, Reward=-0.007977927913644817, Portfolio Value=996759.7582461821, Budget=996822.4419655036, Position=1800
2024-08-03 02:15:10,061 - INFO - Train Step: 234, Actor Loss: 7.307729721069336, Critic1 Loss: 1137.61865234375, Critic2 Loss: 1138.0684814453125
2024-08-03 02:15:10,062 - INFO - Step: Action=Hold, Reward=-0.011966891870484688, Portfolio Value=996640.0893274773, Budget=996822.4419655036, Position=1800
2024-08-03 02:15:10,101 - INFO - Train Step: 235, Actor Loss: 7.416727066040039, Critic1 Loss: 1233.0050048828125, Critic2 Loss: 1232.4205322265625
2024-08-03 02:15:10,102 - INFO - Step: Action=Hold, Reward=-0.011966891870473046, Portfolio Value=996520.4204087725, Budget=996822.4419655036, Position=1800
2024-08-03 02:15:10,142 - INFO - Train Step: 236, Actor Loss: 7.316593170166016, Critic1 Loss: 853.9679565429688, Critic2 Loss: 853.8402099609375
2024-08-03 02:15:10,143 - INFO - Step: Action=Hold, Reward=-0.015955855827301274, Portfolio Value=996360.8618504995, Budget=996822.4419655036, Position=1800
2024-08-03 02:15:10,180 - INFO - Train Step: 237, Actor Loss: 7.604584693908691, Critic1 Loss: 1081.6912841796875, Critic2 Loss: 1081.83447265625
2024-08-03 02:15:10,180 - INFO - Step: Action=Hold, Reward=0.011966891870473046, Portfolio Value=996480.5307692043, Budget=996822.4419655036, Position=1800
2024-08-03 02:15:10,219 - INFO - Train Step: 238, Actor Loss: 7.618459701538086, Critic1 Loss: 1021.205322265625, Critic2 Loss: 1021.5567626953125
2024-08-03 02:15:10,220 - INFO - Step: Action=Hold, Reward=0.0, Portfolio Value=996480.5307692043, Budget=996822.4419655036, Position=1800
2024-08-03 02:15:10,258 - INFO - Train Step: 239, Actor Loss: 7.754889011383057, Critic1 Loss: 859.2078857421875, Critic2 Loss: 859.1542358398438
2024-08-03 02:15:10,258 - INFO - Step: Action=Hold, Reward=0.019944819784129503, Portfolio Value=996679.9789670456, Budget=996822.4419655036, Position=1800
2024-08-03 02:15:10,298 - INFO - Train Step: 240, Actor Loss: 7.5616374015808105, Critic1 Loss: 1045.3896484375, Critic2 Loss: 1045.08056640625
2024-08-03 02:15:10,299 - INFO - Step: Action=Hold, Reward=0.04387860352508724, Portfolio Value=997118.7650022964, Budget=996822.4419655036, Position=1800
2024-08-03 02:15:10,335 - INFO - Train Step: 241, Actor Loss: 7.317525863647461, Critic1 Loss: 708.3941650390625, Critic2 Loss: 708.4470825195312
2024-08-03 02:15:10,336 - INFO - Step: Action=Hold, Reward=-0.04387860352508724, Portfolio Value=996679.9789670456, Budget=996822.4419655036, Position=1800
2024-08-03 02:15:10,374 - INFO - Train Step: 242, Actor Loss: 7.348728656768799, Critic1 Loss: 998.596923828125, Critic2 Loss: 998.873779296875
2024-08-03 02:15:10,375 - INFO - Step: Action=Hold, Reward=-0.011966891870473046, Portfolio Value=996560.3100483408, Budget=996822.4419655036, Position=1800
2024-08-03 02:15:10,415 - INFO - Train Step: 243, Actor Loss: 7.4095892906188965, Critic1 Loss: 1114.876953125, Critic2 Loss: 1115.130126953125
2024-08-03 02:15:10,417 - INFO - Step: Action=Hold, Reward=0.0, Portfolio Value=996560.3100483408, Budget=996822.4419655036, Position=1800
2024-08-03 02:15:10,457 - INFO - Train Step: 244, Actor Loss: 7.201357841491699, Critic1 Loss: 806.4314575195312, Critic2 Loss: 806.5629272460938
2024-08-03 02:15:10,458 - INFO - Step: Action=Sell, Reward=-7.902644133577776, Portfolio Value=996679.9789670456, Budget=996814.5273544781, Position=1700
2024-08-03 02:15:10,499 - INFO - Train Step: 245, Actor Loss: 7.099060535430908, Critic1 Loss: 1612.109375, Critic2 Loss: 1612.1962890625
2024-08-03 02:15:10,501 - INFO - Step: Action=Hold, Reward=-0.007534709696227219, Portfolio Value=996604.6318700833, Budget=996814.5273544781, Position=1700
2024-08-03 02:15:10,540 - INFO - Train Step: 246, Actor Loss: 7.382531642913818, Critic1 Loss: 868.944091796875, Critic2 Loss: 869.1322631835938
2024-08-03 02:15:10,541 - INFO - Step: Action=Buy, Reward=-78.35847982367449, Portfolio Value=998149.2473578097, Budget=996736.0144131057, Position=1800
2024-08-03 02:15:10,579 - INFO - Train Step: 247, Actor Loss: 7.456321716308594, Critic1 Loss: 681.9575805664062, Critic2 Loss: 682.0987548828125
2024-08-03 02:15:10,580 - INFO - Step: Action=Hold, Reward=0.007977927913656459, Portfolio Value=998229.0266369462, Budget=996736.0144131057, Position=1800
2024-08-03 02:15:10,620 - INFO - Train Step: 248, Actor Loss: 7.487442970275879, Critic1 Loss: 955.9630126953125, Critic2 Loss: 956.0830078125
2024-08-03 02:15:10,621 - INFO - Step: Action=Hold, Reward=-0.019944819784129503, Portfolio Value=998029.578439105, Budget=996736.0144131057, Position=1800
2024-08-03 02:15:10,659 - INFO - Train Step: 249, Actor Loss: 7.330694675445557, Critic1 Loss: 1074.6102294921875, Critic2 Loss: 1074.760986328125
2024-08-03 02:15:10,659 - INFO - Step: Action=Hold, Reward=-0.027922747697785962, Portfolio Value=997750.3509621271, Budget=996736.0144131057, Position=1800
2024-08-03 02:15:10,699 - INFO - Train Step: 250, Actor Loss: 6.997951507568359, Critic1 Loss: 1536.9835205078125, Critic2 Loss: 1537.125
2024-08-03 02:15:10,700 - INFO - Step: Action=Hold, Reward=0.015955855827312918, Portfolio Value=997909.9095204002, Budget=996736.0144131057, Position=1800
2024-08-03 02:15:10,737 - INFO - Train Step: 251, Actor Loss: 7.146641731262207, Critic1 Loss: 1453.0972900390625, Critic2 Loss: 1453.2255859375
2024-08-03 02:15:10,737 - INFO - Step: Action=Hold, Reward=-0.003988963956828229, Portfolio Value=997870.0198808319, Budget=996736.0144131057, Position=1800
2024-08-03 02:15:10,774 - INFO - Train Step: 252, Actor Loss: 7.257684230804443, Critic1 Loss: 933.197265625, Critic2 Loss: 933.3821411132812
2024-08-03 02:15:10,775 - INFO - Step: Action=Hold, Reward=0.019944819784129503, Portfolio Value=998069.4680786732, Budget=996736.0144131057, Position=1800
2024-08-03 02:15:10,812 - INFO - Train Step: 253, Actor Loss: 7.398454189300537, Critic1 Loss: 1273.0953369140625, Critic2 Loss: 1273.2705078125
2024-08-03 02:15:10,813 - INFO - Step: Action=Hold, Reward=-0.011966891870484688, Portfolio Value=997949.7991599684, Budget=996736.0144131057, Position=1800
2024-08-03 02:15:10,852 - INFO - Train Step: 254, Actor Loss: 7.059020042419434, Critic1 Loss: 1301.7420654296875, Critic2 Loss: 1301.9537353515625
2024-08-03 02:15:10,853 - INFO - Step: Action=Buy, Reward=-76.28089442949431, Portfolio Value=998109.3577182414, Budget=996659.7175628203, Position=1900
2024-08-03 02:15:10,891 - INFO - Train Step: 255, Actor Loss: 7.150304794311523, Critic1 Loss: 1266.3748779296875, Critic2 Loss: 1266.59228515625
2024-08-03 02:15:10,894 - INFO - Step: Action=Sell, Reward=94.05926356685009, Portfolio Value=998446.2035634845, Budget=996753.7431418026, Position=1800
2024-08-03 02:15:10,932 - INFO - Train Step: 256, Actor Loss: 6.751008987426758, Critic1 Loss: 735.3555908203125, Critic2 Loss: 735.4293823242188
2024-08-03 02:15:10,933 - INFO - Step: Action=Hold, Reward=0.011966891870473046, Portfolio Value=998565.8724821892, Budget=996753.7431418026, Position=1800
2024-08-03 02:15:10,971 - INFO - Train Step: 257, Actor Loss: 7.095664978027344, Critic1 Loss: 999.464599609375, Critic2 Loss: 999.586181640625
2024-08-03 02:15:10,973 - INFO - Step: Action=Buy, Reward=-60.85601402666581, Portfolio Value=997847.8589699606, Budget=996692.9589291272, Position=1900
2024-08-03 02:15:11,011 - INFO - Train Step: 258, Actor Loss: 6.624713897705078, Critic1 Loss: 1037.0269775390625, Critic2 Loss: 1037.17333984375
2024-08-03 02:15:11,012 - INFO - Step: Action=Buy, Reward=-51.936690619203, Portfolio Value=997679.4360473391, Budget=996641.0390808003, Position=2000
2024-08-03 02:15:11,050 - INFO - Train Step: 259, Actor Loss: 6.710453033447266, Critic1 Loss: 1122.007080078125, Critic2 Loss: 1122.07470703125
2024-08-03 02:15:11,050 - INFO - Step: Action=Hold, Reward=-0.008864364348503295, Portfolio Value=997590.7924038541, Budget=996641.0390808003, Position=2000
2024-08-03 02:15:11,090 - INFO - Train Step: 260, Actor Loss: 6.362375736236572, Critic1 Loss: 754.1004028320312, Critic2 Loss: 754.1494140625
2024-08-03 02:15:11,091 - INFO - Step: Action=Hold, Reward=-0.03102527521975571, Portfolio Value=997280.5396516565, Budget=996641.0390808003, Position=2000
2024-08-03 02:15:11,135 - INFO - Train Step: 261, Actor Loss: 6.5094194412231445, Critic1 Loss: 1627.5709228515625, Critic2 Loss: 1627.669677734375
2024-08-03 02:15:11,136 - INFO - Step: Action=Sell, Reward=29.754505273511377, Portfolio Value=997236.217829914, Budget=996670.798018256, Position=1900
2024-08-03 02:15:11,175 - INFO - Train Step: 262, Actor Loss: 6.561915874481201, Critic1 Loss: 566.7001342773438, Critic2 Loss: 566.841552734375
2024-08-03 02:15:11,176 - INFO - Step: Action=Hold, Reward=0.02526343839323381, Portfolio Value=997488.8522138463, Budget=996670.798018256, Position=1900
2024-08-03 02:15:11,215 - INFO - Train Step: 263, Actor Loss: 6.388612747192383, Critic1 Loss: 530.1371459960938, Critic2 Loss: 530.2413330078125
2024-08-03 02:15:11,216 - INFO - Step: Action=Hold, Reward=-0.033684584524307865, Portfolio Value=997152.0063686032, Budget=996670.798018256, Position=1900
2024-08-03 02:15:11,254 - INFO - Train Step: 264, Actor Loss: 6.620753288269043, Critic1 Loss: 912.9896240234375, Critic2 Loss: 913.0930786132812
2024-08-03 02:15:11,255 - INFO - Step: Action=Buy, Reward=-20.90299425331462, Portfolio Value=997067.7949072925, Budget=996649.9034451488, Position=2000
2024-08-03 02:15:11,293 - INFO - Train Step: 265, Actor Loss: 6.295979976654053, Critic1 Loss: 1117.51171875, Critic2 Loss: 1117.6903076171875
2024-08-03 02:15:11,294 - INFO - Step: Action=Hold, Reward=-0.03988963956825901, Portfolio Value=996668.8985116099, Budget=996649.9034451488, Position=2000
2024-08-03 02:15:11,334 - INFO - Train Step: 266, Actor Loss: 6.585045337677002, Critic1 Loss: 1344.883056640625, Critic2 Loss: 1344.932373046875
2024-08-03 02:15:11,335 - INFO - Step: Action=Buy, Reward=-0.03545745739400154, Portfolio Value=996314.3239376699, Budget=996649.9034451488, Position=2000
2024-08-03 02:15:11,373 - INFO - Train Step: 267, Actor Loss: 6.4386467933654785, Critic1 Loss: 813.562744140625, Critic2 Loss: 813.6144409179688
2024-08-03 02:15:11,375 - INFO - Step: Action=Hold, Reward=-0.03102527521975571, Portfolio Value=996004.0711854723, Budget=996649.9034451488, Position=2000
2024-08-03 02:15:11,414 - INFO - Train Step: 268, Actor Loss: 6.408820629119873, Critic1 Loss: 690.6802978515625, Critic2 Loss: 690.8287353515625
2024-08-03 02:15:11,415 - INFO - Step: Action=Hold, Reward=0.01772872869699495, Portfolio Value=996181.3584724423, Budget=996649.9034451488, Position=2000
2024-08-03 02:15:11,452 - INFO - Train Step: 269, Actor Loss: 6.529630184173584, Critic1 Loss: 1501.298583984375, Critic2 Loss: 1501.35791015625
2024-08-03 02:15:11,453 - INFO - Step: Action=Buy, Reward=-16.382611653795983, Portfolio Value=996979.1512638074, Budget=996633.4410542159, Position=2100
2024-08-03 02:15:11,490 - INFO - Train Step: 270, Actor Loss: 6.609025001525879, Critic1 Loss: 1697.0164794921875, Critic2 Loss: 1697.12548828125
2024-08-03 02:15:11,491 - INFO - Step: Action=Hold, Reward=0.03257653898075223, Portfolio Value=997304.916653615, Budget=996633.4410542159, Position=2100
2024-08-03 02:15:11,528 - INFO - Train Step: 271, Actor Loss: 6.3411736488342285, Critic1 Loss: 1149.207275390625, Critic2 Loss: 1149.3267822265625
2024-08-03 02:15:11,529 - INFO - Step: Action=Hold, Reward=-0.04188412154667312, Portfolio Value=996886.0754381482, Budget=996633.4410542159, Position=2100
2024-08-03 02:15:11,568 - INFO - Train Step: 272, Actor Loss: 6.390977382659912, Critic1 Loss: 695.7154541015625, Critic2 Loss: 695.9155883789062
2024-08-03 02:15:11,570 - INFO - Step: Action=Buy, Reward=-0.03257653898075223, Portfolio Value=996560.3100483407, Budget=996633.4410542159, Position=2100
2024-08-03 02:15:11,609 - INFO - Train Step: 273, Actor Loss: 6.564850807189941, Critic1 Loss: 1141.178955078125, Critic2 Loss: 1141.2357177734375
2024-08-03 02:15:11,610 - INFO - Step: Action=Hold, Reward=0.09772961694224505, Portfolio Value=997537.6062177632, Budget=996633.4410542159, Position=2100
2024-08-03 02:15:11,649 - INFO - Train Step: 274, Actor Loss: 6.563418388366699, Critic1 Loss: 1388.58349609375, Critic2 Loss: 1388.672607421875
2024-08-03 02:15:11,650 - INFO - Step: Action=Hold, Reward=0.051191704112594015, Portfolio Value=998049.5232588891, Budget=996633.4410542159, Position=2100
2024-08-03 02:15:11,687 - INFO - Train Step: 275, Actor Loss: 6.613480567932129, Critic1 Loss: 798.4234619140625, Critic2 Loss: 798.5328369140625
2024-08-03 02:15:11,689 - INFO - Step: Action=Buy, Reward=-45.318112978393934, Portfolio Value=997584.1441305927, Budget=996588.1694791503, Position=2200
2024-08-03 02:15:11,730 - INFO - Train Step: 276, Actor Loss: 6.5815510749816895, Critic1 Loss: 1184.734375, Critic2 Loss: 1184.808349609375
2024-08-03 02:15:11,731 - INFO - Step: Action=Buy, Reward=-29.793065258427372, Portfolio Value=997242.8661031753, Budget=996558.4105416946, Position=2300
2024-08-03 02:15:11,770 - INFO - Train Step: 277, Actor Loss: 6.306511402130127, Critic1 Loss: 1190.851806640625, Critic2 Loss: 1190.9971923828125
2024-08-03 02:15:11,772 - INFO - Step: Action=Buy, Reward=-20.914961145185092, Portfolio Value=997038.9857231599, Budget=996537.5159685875, Position=2400
2024-08-03 02:15:11,811 - INFO - Train Step: 278, Actor Loss: 6.385904788970947, Critic1 Loss: 595.31005859375, Critic2 Loss: 595.4729614257812
2024-08-03 02:15:11,813 - INFO - Step: Action=Hold, Reward=0.005318618609104306, Portfolio Value=997092.1719092509, Budget=996537.5159685875, Position=2400
2024-08-03 02:15:11,852 - INFO - Train Step: 279, Actor Loss: 6.233654975891113, Critic1 Loss: 1008.9602661132812, Critic2 Loss: 1009.0642700195312
2024-08-03 02:15:11,853 - INFO - Step: Action=Hold, Reward=-0.026593093045509886, Portfolio Value=996826.2409787958, Budget=996537.5159685875, Position=2400
2024-08-03 02:15:11,901 - INFO - Train Step: 280, Actor Loss: 6.116175651550293, Critic1 Loss: 1157.112060546875, Critic2 Loss: 1157.1998291015625
2024-08-03 02:15:11,902 - INFO - Step: Action=Buy, Reward=-0.0691420419183094, Portfolio Value=996134.8205596127, Budget=996537.5159685875, Position=2400
2024-08-03 02:15:11,941 - INFO - Train Step: 281, Actor Loss: 6.219709396362305, Critic1 Loss: 1212.8743896484375, Critic2 Loss: 1212.98193359375
2024-08-03 02:15:11,942 - INFO - Step: Action=Buy, Reward=0.03191171165460255, Portfolio Value=996453.9376761587, Budget=996537.5159685875, Position=2400
2024-08-03 02:15:11,995 - INFO - Train Step: 282, Actor Loss: 5.993287563323975, Critic1 Loss: 1156.04150390625, Critic2 Loss: 1155.98291015625
2024-08-03 02:15:11,997 - INFO - Step: Action=Hold, Reward=0.0, Portfolio Value=996453.9376761587, Budget=996537.5159685875, Position=2400
2024-08-03 02:15:12,041 - INFO - Train Step: 283, Actor Loss: 5.973489284515381, Critic1 Loss: 974.8529052734375, Critic2 Loss: 974.9326171875
2024-08-03 02:15:12,042 - INFO - Step: Action=Buy, Reward=-0.02127447443640558, Portfolio Value=996241.1929317947, Budget=996537.5159685875, Position=2400
2024-08-03 02:15:12,082 - INFO - Train Step: 284, Actor Loss: 5.979983806610107, Critic1 Loss: 973.8597412109375, Critic2 Loss: 973.9271850585938
2024-08-03 02:15:12,084 - INFO - Step: Action=Hold, Reward=0.09041651635472663, Portfolio Value=997145.358095342, Budget=996537.5159685875, Position=2400
2024-08-03 02:15:12,127 - INFO - Train Step: 285, Actor Loss: 5.991439342498779, Critic1 Loss: 1373.3074951171875, Critic2 Loss: 1373.3983154296875
2024-08-03 02:15:12,129 - INFO - Step: Action=Buy, Reward=-49.645252435115225, Portfolio Value=997730.4061423431, Budget=996487.8122113476, Position=2500
2024-08-03 02:15:12,166 - INFO - Train Step: 286, Actor Loss: 5.995648384094238, Critic1 Loss: 1338.14599609375, Critic2 Loss: 1338.2501220703125
2024-08-03 02:15:12,167 - INFO - Step: Action=Buy, Reward=-47.49320638040763, Portfolio Value=997675.0038651649, Budget=996440.324545195, Position=2600
2024-08-03 02:15:12,205 - INFO - Train Step: 287, Actor Loss: 5.852997779846191, Critic1 Loss: 538.884033203125, Critic2 Loss: 538.9622192382812
2024-08-03 02:15:12,207 - INFO - Step: Action=Hold, Reward=0.07490387874484294, Portfolio Value=998424.0426526134, Budget=996440.324545195, Position=2600
2024-08-03 02:15:12,245 - INFO - Train Step: 288, Actor Loss: 5.781005382537842, Critic1 Loss: 579.526611328125, Critic2 Loss: 579.592529296875
2024-08-03 02:15:12,246 - INFO - Step: Action=Buy, Reward=-76.29685028532163, Portfolio Value=998424.0426526133, Budget=996364.0276949096, Position=2700
2024-08-03 02:15:12,286 - INFO - Train Step: 289, Actor Loss: 6.0370612144470215, Critic1 Loss: 858.970458984375, Critic2 Loss: 859.1038818359375
2024-08-03 02:15:12,287 - INFO - Step: Action=Buy, Reward=-54.19577387341875, Portfolio Value=997825.6980590895, Budget=996309.8917554956, Position=2800
2024-08-03 02:15:12,327 - INFO - Train Step: 290, Actor Loss: 5.78233528137207, Critic1 Loss: 671.4521484375, Critic2 Loss: 671.5337524414062
2024-08-03 02:15:12,329 - INFO - Step: Action=Buy, Reward=-62.97548354239269, Portfolio Value=998073.9002608474, Budget=996246.891451733, Position=2900
2024-08-03 02:15:12,366 - INFO - Train Step: 291, Actor Loss: 5.679128170013428, Critic1 Loss: 687.8161010742188, Critic2 Loss: 687.9431762695312
2024-08-03 02:15:12,367 - INFO - Step: Action=Hold, Reward=0.012853328305331525, Portfolio Value=998202.4335439007, Budget=996246.891451733, Position=2900
2024-08-03 02:15:12,406 - INFO - Train Step: 292, Actor Loss: 5.78400182723999, Critic1 Loss: 584.1078491210938, Critic2 Loss: 584.1529541015625
2024-08-03 02:15:12,407 - INFO - Step: Action=Hold, Reward=-0.0064266641526599414, Portfolio Value=998138.1669023741, Budget=996246.891451733, Position=2900
2024-08-03 02:15:12,445 - INFO - Train Step: 293, Actor Loss: 6.048131465911865, Critic1 Loss: 837.8988037109375, Critic2 Loss: 837.867431640625
2024-08-03 02:15:12,446 - INFO - Step: Action=Hold, Reward=0.025706656610651406, Portfolio Value=998395.2334684806, Budget=996246.891451733, Position=2900
2024-08-03 02:15:12,483 - INFO - Train Step: 294, Actor Loss: 5.930196762084961, Critic1 Loss: 724.2733154296875, Critic2 Loss: 724.4376220703125
2024-08-03 02:15:12,484 - INFO - Step: Action=Buy, Reward=-105.01606111981611, Portfolio Value=999294.9664498536, Budget=996141.785417315, Position=3000
2024-08-03 02:15:12,521 - INFO - Train Step: 295, Actor Loss: 5.90606689453125, Critic1 Loss: 1691.243408203125, Critic2 Loss: 1691.422607421875
2024-08-03 02:15:12,522 - INFO - Step: Action=Buy, Reward=-118.36269130113828, Portfolio Value=999693.8628455361, Budget=996023.3828363742, Position=3100
2024-08-03 02:15:12,561 - INFO - Train Step: 296, Actor Loss: 5.9920759201049805, Critic1 Loss: 825.488037109375, Critic2 Loss: 825.5758056640625
2024-08-03 02:15:12,562 - INFO - Step: Action=Buy, Reward=-111.77491732644023, Portfolio Value=999487.7663744334, Budget=995911.6285286949, Position=3200
2024-08-03 02:15:12,601 - INFO - Train Step: 297, Actor Loss: 6.353639125823975, Critic1 Loss: 1066.77880859375, Critic2 Loss: 1066.830810546875
2024-08-03 02:15:12,602 - INFO - Step: Action=Hold, Reward=0.014182982957607601, Portfolio Value=999629.5962040095, Budget=995911.6285286949, Position=3200
2024-08-03 02:15:12,640 - INFO - Train Step: 298, Actor Loss: 6.181684970855713, Critic1 Loss: 1201.974609375, Critic2 Loss: 1202.197021484375
2024-08-03 02:15:12,641 - INFO - Step: Action=Buy, Reward=-118.39548944922772, Portfolio Value=999700.5111187975, Budget=995793.2259477541, Position=3300
2024-08-03 02:15:12,679 - INFO - Train Step: 299, Actor Loss: 6.579336643218994, Critic1 Loss: 981.2373046875, Critic2 Loss: 981.3533935546875
2024-08-03 02:15:12,680 - INFO - Step: Action=Buy, Reward=-118.40258094070654, Portfolio Value=999700.5111187974, Budget=995674.8233668134, Position=3400
2024-08-03 02:15:12,718 - INFO - Train Step: 300, Actor Loss: 6.613206386566162, Critic1 Loss: 1473.23876953125, Critic2 Loss: 1473.475830078125
2024-08-03 02:15:12,719 - INFO - Step: Action=Buy, Reward=-109.56835543098933, Portfolio Value=999399.1227309484, Budget=995565.2851502212, Position=3500
2024-08-03 02:15:12,758 - INFO - Train Step: 301, Actor Loss: 6.743537425994873, Critic1 Loss: 1065.29052734375, Critic2 Loss: 1065.411376953125
2024-08-03 02:15:12,759 - INFO - Step: Action=Buy, Reward=-94.07987321396035, Portfolio Value=998856.1804146026, Budget=995471.2595712389, Position=3600
2024-08-03 02:15:12,798 - INFO - Train Step: 302, Actor Loss: 6.828813076019287, Critic1 Loss: 832.44580078125, Critic2 Loss: 832.5760498046875
2024-08-03 02:15:12,798 - INFO - Step: Action=Hold, Reward=-0.03191171165461419, Portfolio Value=998537.0632980565, Budget=995471.2595712389, Position=3600
2024-08-03 02:15:12,836 - INFO - Train Step: 303, Actor Loss: 6.859625816345215, Critic1 Loss: 929.5123291015625, Critic2 Loss: 929.6490478515625
2024-08-03 02:15:12,837 - INFO - Step: Action=Buy, Reward=-116.07479886278989, Portfolio Value=999653.9732059678, Budget=995355.0730813853, Position=3700
2024-08-03 02:15:12,875 - INFO - Train Step: 304, Actor Loss: 7.241999626159668, Critic1 Loss: 898.6302490234375, Critic2 Loss: 898.8360595703125
2024-08-03 02:15:12,876 - INFO - Step: Action=Buy, Reward=-116.18648985358101, Portfolio Value=999653.9732059679, Budget=995238.8865915318, Position=3800
2024-08-03 02:15:12,916 - INFO - Train Step: 305, Actor Loss: 7.3625664710998535, Critic1 Loss: 956.95556640625, Critic2 Loss: 957.342041015625
2024-08-03 02:15:12,917 - INFO - Step: Action=Buy, Reward=-118.39415979457546, Portfolio Value=999738.1846672787, Budget=995120.484010591, Position=3900
2024-08-03 02:15:12,955 - INFO - Train Step: 306, Actor Loss: 7.386551856994629, Critic1 Loss: 947.9716796875, Critic2 Loss: 948.298828125
2024-08-03 02:15:12,956 - INFO - Step: Action=Hold, Reward=-0.06914204191832105, Portfolio Value=999046.7642480955, Budget=995120.484010591, Position=3900
2024-08-03 02:15:12,994 - INFO - Train Step: 307, Actor Loss: 7.582546234130859, Critic1 Loss: 1247.27880859375, Critic2 Loss: 1247.7314453125
2024-08-03 02:15:12,995 - INFO - Step: Action=Buy, Reward=-113.91854223501676, Portfolio Value=999565.3295624828, Budget=995006.5136118246, Position=4000
2024-08-03 02:15:13,033 - INFO - Train Step: 308, Actor Loss: 8.030468940734863, Critic1 Loss: 1198.6083984375, Critic2 Loss: 1199.0638427734375
2024-08-03 02:15:13,034 - INFO - Step: Action=Buy, Reward=-83.06922464757719, Portfolio Value=998324.3185536925, Budget=994923.568488278, Position=4100
2024-08-03 02:15:13,072 - INFO - Train Step: 309, Actor Loss: 8.00436019897461, Critic1 Loss: 884.5186767578125, Critic2 Loss: 884.6752319335938
2024-08-03 02:15:13,073 - INFO - Step: Action=Buy, Reward=-93.9801491150397, Portfolio Value=998778.6172265534, Budget=994829.5429092956, Position=4200
2024-08-03 02:15:13,110 - INFO - Train Step: 310, Actor Loss: 8.341169357299805, Critic1 Loss: 1898.177490234375, Critic2 Loss: 1899.74951171875
2024-08-03 02:15:13,111 - INFO - Step: Action=Buy, Reward=-89.61201197320659, Portfolio Value=998592.4655752348, Budget=994739.9495124876, Position=4300
2024-08-03 02:15:13,148 - INFO - Train Step: 311, Actor Loss: 8.72725772857666, Critic1 Loss: 1297.54150390625, Critic2 Loss: 1297.617919921875
2024-08-03 02:15:13,149 - INFO - Step: Action=Buy, Reward=-113.86557765803445, Portfolio Value=999640.6766594452, Budget=994625.9791137212, Position=4400
2024-08-03 02:15:13,189 - INFO - Train Step: 312, Actor Loss: 8.860057830810547, Critic1 Loss: 1141.2900390625, Critic2 Loss: 1141.25341796875
2024-08-03 02:15:13,190 - INFO - Step: Action=Hold, Reward=0.03900320313341217, Portfolio Value=1000030.7086907793, Budget=994625.9791137212, Position=4400
2024-08-03 02:15:13,227 - INFO - Train Step: 313, Actor Loss: 9.442878723144531, Critic1 Loss: 1361.680908203125, Critic2 Loss: 1362.51611328125
2024-08-03 02:15:13,228 - INFO - Step: Action=Hold, Reward=0.0487540039167623, Portfolio Value=1000518.2487299469, Budget=994625.9791137212, Position=4400
2024-08-03 02:15:13,266 - INFO - Train Step: 314, Actor Loss: 9.437524795532227, Critic1 Loss: 1170.85595703125, Critic2 Loss: 1171.383056640625
2024-08-03 02:15:13,268 - INFO - Step: Action=Hold, Reward=-0.06825560548346257, Portfolio Value=999835.6926751123, Budget=994625.9791137212, Position=4400
2024-08-03 02:15:13,304 - INFO - Train Step: 315, Actor Loss: 9.614171028137207, Critic1 Loss: 1603.197265625, Critic2 Loss: 1602.718994140625
2024-08-03 02:15:13,305 - INFO - Step: Action=Buy, Reward=-125.02160179973305, Portfolio Value=1000128.2166986128, Budget=994500.928259519, Position=4500
2024-08-03 02:15:13,343 - INFO - Train Step: 316, Actor Loss: 9.894279479980469, Critic1 Loss: 1121.0908203125, Critic2 Loss: 1121.3216552734375
2024-08-03 02:15:13,344 - INFO - Step: Action=Buy, Reward=-129.46309155654998, Portfolio Value=1000327.6648964541, Budget=994371.4452231427, Position=4600
2024-08-03 02:15:13,381 - INFO - Train Step: 317, Actor Loss: 10.098134994506836, Critic1 Loss: 1656.4112548828125, Critic2 Loss: 1656.4354248046875
2024-08-03 02:15:13,382 - INFO - Step: Action=Hold, Reward=-0.04077607600310584, Portfolio Value=999919.904136423, Budget=994371.4452231427, Position=4600
2024-08-03 02:15:13,419 - INFO - Train Step: 318, Actor Loss: 9.605586051940918, Critic1 Loss: 1130.7833251953125, Critic2 Loss: 1129.838134765625
2024-08-03 02:15:13,420 - INFO - Step: Action=Buy, Reward=-131.64815736845577, Portfolio Value=1000429.6050864619, Budget=994239.7460956792, Position=4700
2024-08-03 02:15:13,524 - INFO - Train Step: 319, Actor Loss: 10.737276077270508, Critic1 Loss: 1680.086181640625, Critic2 Loss: 1681.283935546875
2024-08-03 02:15:13,525 - INFO - Step: Action=Buy, Reward=-162.5785838896841, Portfolio Value=1001887.7930217905, Budget=994077.021692996, Position=4800
2024-08-03 02:15:13,565 - INFO - Train Step: 320, Actor Loss: 10.429189682006836, Critic1 Loss: 1788.1318359375, Critic2 Loss: 1788.390625
2024-08-03 02:15:13,566 - INFO - Step: Action=Buy, Reward=-167.13531038303162, Portfolio Value=1002100.5377661545, Budget=993909.8651081385, Position=4900
2024-08-03 02:15:13,606 - INFO - Train Step: 321, Actor Loss: 10.64048957824707, Critic1 Loss: 1780.84912109375, Critic2 Loss: 1780.809814453125
2024-08-03 02:15:13,607 - INFO - Step: Action=Hold, Reward=0.09772961694223341, Portfolio Value=1003077.8339355768, Budget=993909.8651081385, Position=4900
2024-08-03 02:15:13,647 - INFO - Train Step: 322, Actor Loss: 10.875986099243164, Critic1 Loss: 1310.9150390625, Critic2 Loss: 1311.107177734375
2024-08-03 02:15:13,648 - INFO - Step: Action=Hold, Reward=0.07601192428839859, Portfolio Value=1003837.9531784608, Budget=993909.8651081385, Position=4900
2024-08-03 02:15:13,689 - INFO - Train Step: 323, Actor Loss: 10.847123146057129, Critic1 Loss: 1032.116455078125, Critic2 Loss: 1032.318603515625
2024-08-03 02:15:13,691 - INFO - Step: Action=Buy, Reward=-233.4872936226569, Portfolio Value=1005358.191664229, Budget=993676.2257906673, Position=5000
2024-08-03 02:15:13,730 - INFO - Train Step: 324, Actor Loss: 11.03852367401123, Critic1 Loss: 1137.127685546875, Critic2 Loss: 1137.360595703125
2024-08-03 02:15:13,731 - INFO - Step: Action=Hold, Reward=0.05540227717814269, Portfolio Value=1005912.2144360105, Budget=993676.2257906673, Position=5000
2024-08-03 02:15:13,770 - INFO - Train Step: 325, Actor Loss: 11.415298461914062, Critic1 Loss: 1778.8665771484375, Critic2 Loss: 1778.923828125
2024-08-03 02:15:13,770 - INFO - Episode: 2, Total Reward: -4764.798546337459
2024-08-03 02:15:13,770 - INFO - --------------------------------------------------
2024-08-03 02:15:13,772 - INFO - Step: Action=Buy, Reward=0.0, Portfolio Value=993676.2257906673, Budget=993676.2257906673, Position=0
2024-08-03 02:15:13,811 - INFO - Train Step: 326, Actor Loss: 11.374027252197266, Critic1 Loss: 1151.5255126953125, Critic2 Loss: 1151.2532958984375
2024-08-03 02:15:13,812 - INFO - Step: Action=Buy, Reward=0.0, Portfolio Value=993676.2257906673, Budget=993676.2257906673, Position=0
2024-08-03 02:15:13,850 - INFO - Train Step: 327, Actor Loss: 10.894938468933105, Critic1 Loss: 1066.73486328125, Critic2 Loss: 1066.72900390625
2024-08-03 02:15:13,851 - INFO - Step: Action=Buy, Reward=0.0, Portfolio Value=993676.2257906673, Budget=993676.2257906673, Position=0
2024-08-03 02:15:13,888 - INFO - Train Step: 328, Actor Loss: 11.243590354919434, Critic1 Loss: 2429.63037109375, Critic2 Loss: 2429.92138671875
2024-08-03 02:15:13,889 - INFO - Step: Action=Buy, Reward=0.0, Portfolio Value=993676.2257906673, Budget=993676.2257906673, Position=0
2024-08-03 02:15:13,928 - INFO - Train Step: 329, Actor Loss: 11.446635246276855, Critic1 Loss: 1786.17236328125, Critic2 Loss: 1786.22802734375
2024-08-03 02:15:13,929 - INFO - Step: Action=Buy, Reward=0.0, Portfolio Value=993676.2257906673, Budget=993676.2257906673, Position=0
2024-08-03 02:15:13,971 - INFO - Train Step: 330, Actor Loss: 12.028923034667969, Critic1 Loss: 1484.1865234375, Critic2 Loss: 1484.3463134765625
2024-08-03 02:15:13,973 - INFO - Step: Action=Buy, Reward=0.0, Portfolio Value=993676.2257906673, Budget=993676.2257906673, Position=0
2024-08-03 02:15:14,015 - INFO - Train Step: 331, Actor Loss: 12.11906623840332, Critic1 Loss: 2056.2734375, Critic2 Loss: 2056.17041015625
2024-08-03 02:15:14,017 - INFO - Step: Action=Hold, Reward=0.0, Portfolio Value=993676.2257906673, Budget=993676.2257906673, Position=0
2024-08-03 02:15:14,059 - INFO - Train Step: 332, Actor Loss: 11.93265151977539, Critic1 Loss: 1211.330322265625, Critic2 Loss: 1211.3702392578125
2024-08-03 02:15:14,060 - INFO - Step: Action=Buy, Reward=0.0, Portfolio Value=993676.2257906673, Budget=993676.2257906673, Position=0
2024-08-03 02:15:14,105 - INFO - Train Step: 333, Actor Loss: 11.572710037231445, Critic1 Loss: 1491.8514404296875, Critic2 Loss: 1492.1109619140625
2024-08-03 02:15:14,106 - INFO - Step: Action=Hold, Reward=0.0, Portfolio Value=993676.2257906673, Budget=993676.2257906673, Position=0
2024-08-03 02:15:14,147 - INFO - Train Step: 334, Actor Loss: 12.016300201416016, Critic1 Loss: 1536.0458984375, Critic2 Loss: 1536.1405029296875
2024-08-03 02:15:14,148 - INFO - Step: Action=Buy, Reward=0.0, Portfolio Value=993676.2257906673, Budget=993676.2257906673, Position=0
2024-08-03 02:15:14,186 - INFO - Train Step: 335, Actor Loss: 11.678146362304688, Critic1 Loss: 1525.0703125, Critic2 Loss: 1525.243408203125
2024-08-03 02:15:14,187 - INFO - Step: Action=Buy, Reward=0.0, Portfolio Value=993676.2257906673, Budget=993676.2257906673, Position=0
2024-08-03 02:15:14,227 - INFO - Train Step: 336, Actor Loss: 11.961601257324219, Critic1 Loss: 1008.7152099609375, Critic2 Loss: 1009.0234375
2024-08-03 02:15:14,228 - INFO - Step: Action=Hold, Reward=0.0, Portfolio Value=993676.2257906673, Budget=993676.2257906673, Position=0
2024-08-03 02:15:14,266 - INFO - Train Step: 337, Actor Loss: 11.943551063537598, Critic1 Loss: 1498.6656494140625, Critic2 Loss: 1498.8914794921875
2024-08-03 02:15:14,267 - INFO - Step: Action=Hold, Reward=0.0, Portfolio Value=993676.2257906673, Budget=993676.2257906673, Position=0
2024-08-03 02:15:14,314 - INFO - Train Step: 338, Actor Loss: 11.671131134033203, Critic1 Loss: 2106.4423828125, Critic2 Loss: 2106.46142578125
2024-08-03 02:15:14,315 - INFO - Step: Action=Hold, Reward=0.0, Portfolio Value=993676.2257906673, Budget=993676.2257906673, Position=0
2024-08-03 02:15:14,353 - INFO - Train Step: 339, Actor Loss: 11.882372856140137, Critic1 Loss: 1719.318603515625, Critic2 Loss: 1719.529296875
2024-08-03 02:15:14,354 - INFO - Step: Action=Hold, Reward=0.0, Portfolio Value=993676.2257906673, Budget=993676.2257906673, Position=0
2024-08-03 02:15:14,392 - INFO - Train Step: 340, Actor Loss: 11.707850456237793, Critic1 Loss: 1680.982177734375, Critic2 Loss: 1681.114013671875
2024-08-03 02:15:14,393 - INFO - Step: Action=Buy, Reward=0.0, Portfolio Value=993676.2257906673, Budget=993676.2257906673, Position=0
2024-08-03 02:15:14,437 - INFO - Train Step: 341, Actor Loss: 11.725964546203613, Critic1 Loss: 1413.41552734375, Critic2 Loss: 1413.338623046875
2024-08-03 02:15:14,439 - INFO - Step: Action=Buy, Reward=0.0, Portfolio Value=993676.2257906673, Budget=993676.2257906673, Position=0
2024-08-03 02:15:14,487 - INFO - Train Step: 342, Actor Loss: 11.988794326782227, Critic1 Loss: 1979.010986328125, Critic2 Loss: 1979.1051025390625
2024-08-03 02:15:14,488 - INFO - Step: Action=Buy, Reward=0.0, Portfolio Value=993676.2257906673, Budget=993676.2257906673, Position=0
2024-08-03 02:15:14,528 - INFO - Train Step: 343, Actor Loss: 11.546201705932617, Critic1 Loss: 1148.388916015625, Critic2 Loss: 1148.518798828125
2024-08-03 02:15:14,530 - INFO - Step: Action=Buy, Reward=0.0, Portfolio Value=993676.2257906673, Budget=993676.2257906673, Position=0
2024-08-03 02:15:14,568 - INFO - Train Step: 344, Actor Loss: 12.25521469116211, Critic1 Loss: 1684.292724609375, Critic2 Loss: 1684.1466064453125
2024-08-03 02:15:14,569 - INFO - Step: Action=Hold, Reward=0.0, Portfolio Value=993676.2257906673, Budget=993676.2257906673, Position=0
2024-08-03 02:15:14,608 - INFO - Train Step: 345, Actor Loss: 11.400825500488281, Critic1 Loss: 1024.44580078125, Critic2 Loss: 1024.605712890625
2024-08-03 02:15:14,609 - INFO - Step: Action=Buy, Reward=0.0, Portfolio Value=993676.2257906673, Budget=993676.2257906673, Position=0
2024-08-03 02:15:14,649 - INFO - Train Step: 346, Actor Loss: 11.753255844116211, Critic1 Loss: 1482.1763916015625, Critic2 Loss: 1482.4781494140625
2024-08-03 02:15:14,650 - INFO - Step: Action=Hold, Reward=0.0, Portfolio Value=993676.2257906673, Budget=993676.2257906673, Position=0
2024-08-03 02:15:14,689 - INFO - Train Step: 347, Actor Loss: 11.56095027923584, Critic1 Loss: 1443.70361328125, Critic2 Loss: 1443.7652587890625
2024-08-03 02:15:14,690 - INFO - Step: Action=Buy, Reward=0.0, Portfolio Value=993676.2257906673, Budget=993676.2257906673, Position=0
2024-08-03 02:15:14,728 - INFO - Train Step: 348, Actor Loss: 11.371599197387695, Critic1 Loss: 1287.4346923828125, Critic2 Loss: 1287.4622802734375
2024-08-03 02:15:14,730 - INFO - Step: Action=Buy, Reward=0.0, Portfolio Value=993676.2257906673, Budget=993676.2257906673, Position=0
2024-08-03 02:15:14,769 - INFO - Train Step: 349, Actor Loss: 11.76925277709961, Critic1 Loss: 2357.690185546875, Critic2 Loss: 2357.7431640625
2024-08-03 02:15:14,770 - INFO - Step: Action=Hold, Reward=0.0, Portfolio Value=993676.2257906673, Budget=993676.2257906673, Position=0
2024-08-03 02:15:14,809 - INFO - Train Step: 350, Actor Loss: 11.668336868286133, Critic1 Loss: 1199.73046875, Critic2 Loss: 1199.9100341796875
2024-08-03 02:15:14,809 - INFO - Step: Action=Buy, Reward=0.0, Portfolio Value=993676.2257906673, Budget=993676.2257906673, Position=0
2024-08-03 02:15:14,848 - INFO - Train Step: 351, Actor Loss: 11.93265151977539, Critic1 Loss: 1412.560546875, Critic2 Loss: 1412.861328125
2024-08-03 02:15:14,849 - INFO - Step: Action=Buy, Reward=0.0, Portfolio Value=993676.2257906673, Budget=993676.2257906673, Position=0
2024-08-03 02:15:14,888 - INFO - Train Step: 352, Actor Loss: 11.558605194091797, Critic1 Loss: 1922.4295654296875, Critic2 Loss: 1922.56005859375
2024-08-03 02:15:14,889 - INFO - Step: Action=Hold, Reward=0.0, Portfolio Value=993676.2257906673, Budget=993676.2257906673, Position=0
2024-08-03 02:15:14,926 - INFO - Train Step: 353, Actor Loss: 11.131534576416016, Critic1 Loss: 1946.94287109375, Critic2 Loss: 1946.9461669921875
2024-08-03 02:15:14,927 - INFO - Step: Action=Buy, Reward=0.0, Portfolio Value=993676.2257906673, Budget=993676.2257906673, Position=0
2024-08-03 02:15:14,965 - INFO - Train Step: 354, Actor Loss: 10.528966903686523, Critic1 Loss: 1021.2088623046875, Critic2 Loss: 1021.3160400390625
2024-08-03 02:15:14,967 - INFO - Step: Action=Buy, Reward=0.0, Portfolio Value=993676.2257906673, Budget=993676.2257906673, Position=0
2024-08-03 02:15:15,004 - INFO - Train Step: 355, Actor Loss: 11.248014450073242, Critic1 Loss: 2002.553955078125, Critic2 Loss: 2002.4810791015625
2024-08-03 02:15:15,005 - INFO - Step: Action=Hold, Reward=0.0, Portfolio Value=993676.2257906673, Budget=993676.2257906673, Position=0
2024-08-03 02:15:15,046 - INFO - Train Step: 356, Actor Loss: 10.862239837646484, Critic1 Loss: 1893.7786865234375, Critic2 Loss: 1893.607666015625
2024-08-03 02:15:15,047 - INFO - Step: Action=Buy, Reward=0.0, Portfolio Value=993676.2257906673, Budget=993676.2257906673, Position=0
2024-08-03 02:15:15,087 - INFO - Train Step: 357, Actor Loss: 11.011932373046875, Critic1 Loss: 1202.392822265625, Critic2 Loss: 1202.36328125
2024-08-03 02:15:15,088 - INFO - Step: Action=Hold, Reward=0.0, Portfolio Value=993676.2257906673, Budget=993676.2257906673, Position=0
2024-08-03 02:15:15,129 - INFO - Train Step: 358, Actor Loss: 11.269124031066895, Critic1 Loss: 2084.3271484375, Critic2 Loss: 2084.3173828125
2024-08-03 02:15:15,130 - INFO - Step: Action=Buy, Reward=0.0, Portfolio Value=993676.2257906673, Budget=993676.2257906673, Position=0
2024-08-03 02:15:15,171 - INFO - Train Step: 359, Actor Loss: 11.437803268432617, Critic1 Loss: 1774.6881103515625, Critic2 Loss: 1774.788330078125
2024-08-03 02:15:15,172 - INFO - Step: Action=Buy, Reward=0.0, Portfolio Value=993676.2257906673, Budget=993676.2257906673, Position=0
2024-08-03 02:15:15,211 - INFO - Train Step: 360, Actor Loss: 11.294073104858398, Critic1 Loss: 976.3604736328125, Critic2 Loss: 976.5750122070312
2024-08-03 02:15:15,213 - INFO - Step: Action=Buy, Reward=0.0, Portfolio Value=993676.2257906673, Budget=993676.2257906673, Position=0
2024-08-03 02:15:15,254 - INFO - Train Step: 361, Actor Loss: 11.286357879638672, Critic1 Loss: 2106.55029296875, Critic2 Loss: 2106.51123046875
2024-08-03 02:15:15,255 - INFO - Step: Action=Buy, Reward=0.0, Portfolio Value=993676.2257906673, Budget=993676.2257906673, Position=0
2024-08-03 02:15:15,294 - INFO - Train Step: 362, Actor Loss: 11.502094268798828, Critic1 Loss: 1786.921630859375, Critic2 Loss: 1786.999267578125
2024-08-03 02:15:15,295 - INFO - Step: Action=Buy, Reward=0.0, Portfolio Value=993676.2257906673, Budget=993676.2257906673, Position=0
2024-08-03 02:15:15,333 - INFO - Train Step: 363, Actor Loss: 11.488142013549805, Critic1 Loss: 1173.052978515625, Critic2 Loss: 1173.060546875
2024-08-03 02:15:15,334 - INFO - Step: Action=Hold, Reward=0.0, Portfolio Value=993676.2257906673, Budget=993676.2257906673, Position=0
2024-08-03 02:15:15,372 - INFO - Train Step: 364, Actor Loss: 11.51439380645752, Critic1 Loss: 1645.3839111328125, Critic2 Loss: 1645.376708984375
2024-08-03 02:15:15,373 - INFO - Step: Action=Buy, Reward=0.0, Portfolio Value=993676.2257906673, Budget=993676.2257906673, Position=0
2024-08-03 02:15:15,414 - INFO - Train Step: 365, Actor Loss: 11.069585800170898, Critic1 Loss: 1898.5634765625, Critic2 Loss: 1898.5665283203125
2024-08-03 02:15:15,415 - INFO - Step: Action=Buy, Reward=0.0, Portfolio Value=993676.2257906673, Budget=993676.2257906673, Position=0
2024-08-03 02:15:15,454 - INFO - Train Step: 366, Actor Loss: 11.082035064697266, Critic1 Loss: 899.69873046875, Critic2 Loss: 899.8309326171875
2024-08-03 02:15:15,455 - INFO - Step: Action=Buy, Reward=0.0, Portfolio Value=993676.2257906673, Budget=993676.2257906673, Position=0
2024-08-03 02:15:15,495 - INFO - Train Step: 367, Actor Loss: 10.922651290893555, Critic1 Loss: 1550.734619140625, Critic2 Loss: 1550.7724609375
2024-08-03 02:15:15,496 - INFO - Step: Action=Buy, Reward=0.0, Portfolio Value=993676.2257906673, Budget=993676.2257906673, Position=0
2024-08-03 02:15:15,533 - INFO - Train Step: 368, Actor Loss: 11.274942398071289, Critic1 Loss: 1403.087646484375, Critic2 Loss: 1403.14892578125
2024-08-03 02:15:15,534 - INFO - Step: Action=Buy, Reward=0.0, Portfolio Value=993676.2257906673, Budget=993676.2257906673, Position=0
2024-08-03 02:15:15,571 - INFO - Train Step: 369, Actor Loss: 11.06765365600586, Critic1 Loss: 1611.2974853515625, Critic2 Loss: 1611.353515625
2024-08-03 02:15:15,572 - INFO - Step: Action=Buy, Reward=0.0, Portfolio Value=993676.2257906673, Budget=993676.2257906673, Position=0
2024-08-03 02:15:15,610 - INFO - Train Step: 370, Actor Loss: 11.13332748413086, Critic1 Loss: 1427.3228759765625, Critic2 Loss: 1427.427734375
2024-08-03 02:15:15,611 - INFO - Step: Action=Buy, Reward=0.0, Portfolio Value=993676.2257906673, Budget=993676.2257906673, Position=0
2024-08-03 02:15:15,652 - INFO - Train Step: 371, Actor Loss: 10.937582015991211, Critic1 Loss: 1612.6317138671875, Critic2 Loss: 1612.6466064453125
2024-08-03 02:15:15,653 - INFO - Step: Action=Buy, Reward=0.0, Portfolio Value=993676.2257906673, Budget=993676.2257906673, Position=0
2024-08-03 02:15:15,696 - INFO - Train Step: 372, Actor Loss: 11.111170768737793, Critic1 Loss: 1530.9886474609375, Critic2 Loss: 1530.979736328125
2024-08-03 02:15:15,697 - INFO - Step: Action=Hold, Reward=0.0, Portfolio Value=993676.2257906673, Budget=993676.2257906673, Position=0
2024-08-03 02:15:15,738 - INFO - Train Step: 373, Actor Loss: 10.978307723999023, Critic1 Loss: 1966.2904052734375, Critic2 Loss: 1966.296142578125
2024-08-03 02:15:15,738 - INFO - Step: Action=Hold, Reward=0.0, Portfolio Value=993676.2257906673, Budget=993676.2257906673, Position=0
2024-08-03 02:15:15,778 - INFO - Train Step: 374, Actor Loss: 11.329377174377441, Critic1 Loss: 1131.8695068359375, Critic2 Loss: 1131.90966796875
2024-08-03 02:15:15,779 - INFO - Step: Action=Buy, Reward=0.0, Portfolio Value=993676.2257906673, Budget=993676.2257906673, Position=0
2024-08-03 02:15:15,818 - INFO - Train Step: 375, Actor Loss: 11.018494606018066, Critic1 Loss: 984.9359130859375, Critic2 Loss: 985.0842895507812
2024-08-03 02:15:15,819 - INFO - Step: Action=Buy, Reward=0.0, Portfolio Value=993676.2257906673, Budget=993676.2257906673, Position=0
2024-08-03 02:15:15,858 - INFO - Train Step: 376, Actor Loss: 11.235738754272461, Critic1 Loss: 1005.468994140625, Critic2 Loss: 1005.49951171875
2024-08-03 02:15:15,860 - INFO - Step: Action=Buy, Reward=0.0, Portfolio Value=993676.2257906673, Budget=993676.2257906673, Position=0
2024-08-03 02:15:15,899 - INFO - Train Step: 377, Actor Loss: 11.094572067260742, Critic1 Loss: 2051.90185546875, Critic2 Loss: 2052.09716796875
2024-08-03 02:15:15,900 - INFO - Step: Action=Buy, Reward=0.0, Portfolio Value=993676.2257906673, Budget=993676.2257906673, Position=0
2024-08-03 02:15:15,938 - INFO - Train Step: 378, Actor Loss: 11.18131160736084, Critic1 Loss: 1043.093505859375, Critic2 Loss: 1043.06884765625
2024-08-03 02:15:15,939 - INFO - Step: Action=Hold, Reward=0.0, Portfolio Value=993676.2257906673, Budget=993676.2257906673, Position=0
2024-08-03 02:15:15,978 - INFO - Train Step: 379, Actor Loss: 11.139726638793945, Critic1 Loss: 1453.7943115234375, Critic2 Loss: 1453.79638671875
2024-08-03 02:15:15,979 - INFO - Step: Action=Buy, Reward=0.0, Portfolio Value=993676.2257906673, Budget=993676.2257906673, Position=0
2024-08-03 02:15:16,017 - INFO - Train Step: 380, Actor Loss: 11.264520645141602, Critic1 Loss: 1673.962158203125, Critic2 Loss: 1673.94287109375
2024-08-03 02:15:16,018 - INFO - Step: Action=Hold, Reward=0.0, Portfolio Value=993676.2257906673, Budget=993676.2257906673, Position=0
2024-08-03 02:15:16,057 - INFO - Train Step: 381, Actor Loss: 11.540393829345703, Critic1 Loss: 1497.732666015625, Critic2 Loss: 1497.8157958984375
2024-08-03 02:15:16,059 - INFO - Step: Action=Buy, Reward=0.0, Portfolio Value=993676.2257906673, Budget=993676.2257906673, Position=0
2024-08-03 02:15:16,099 - INFO - Train Step: 382, Actor Loss: 11.424152374267578, Critic1 Loss: 775.4638061523438, Critic2 Loss: 775.4723510742188
2024-08-03 02:15:16,100 - INFO - Step: Action=Hold, Reward=0.0, Portfolio Value=993676.2257906673, Budget=993676.2257906673, Position=0
2024-08-03 02:15:16,139 - INFO - Train Step: 383, Actor Loss: 11.333593368530273, Critic1 Loss: 1514.745361328125, Critic2 Loss: 1514.8154296875
2024-08-03 02:15:16,140 - INFO - Step: Action=Buy, Reward=0.0, Portfolio Value=993676.2257906673, Budget=993676.2257906673, Position=0
2024-08-03 02:15:16,180 - INFO - Train Step: 384, Actor Loss: 11.46914291381836, Critic1 Loss: 1143.219482421875, Critic2 Loss: 1143.2716064453125
2024-08-03 02:15:16,181 - INFO - Step: Action=Hold, Reward=0.0, Portfolio Value=993676.2257906673, Budget=993676.2257906673, Position=0
2024-08-03 02:15:16,221 - INFO - Train Step: 385, Actor Loss: 11.789031982421875, Critic1 Loss: 1791.1329345703125, Critic2 Loss: 1791.178466796875
2024-08-03 02:15:16,222 - INFO - Step: Action=Hold, Reward=0.0, Portfolio Value=993676.2257906673, Budget=993676.2257906673, Position=0
2024-08-03 02:15:16,263 - INFO - Train Step: 386, Actor Loss: 11.43946647644043, Critic1 Loss: 561.82275390625, Critic2 Loss: 561.5457763671875
2024-08-03 02:15:16,264 - INFO - Step: Action=Buy, Reward=0.0, Portfolio Value=993676.2257906673, Budget=993676.2257906673, Position=0
2024-08-03 02:15:16,303 - INFO - Train Step: 387, Actor Loss: 11.652170181274414, Critic1 Loss: 806.338623046875, Critic2 Loss: 806.225341796875
2024-08-03 02:15:16,305 - INFO - Step: Action=Buy, Reward=0.0, Portfolio Value=993676.2257906673, Budget=993676.2257906673, Position=0
2024-08-03 02:15:16,343 - INFO - Train Step: 388, Actor Loss: 11.236684799194336, Critic1 Loss: 1679.362548828125, Critic2 Loss: 1679.3822021484375
2024-08-03 02:15:16,344 - INFO - Step: Action=Buy, Reward=0.0, Portfolio Value=993676.2257906673, Budget=993676.2257906673, Position=0
2024-08-03 02:15:16,382 - INFO - Train Step: 389, Actor Loss: 11.58621883392334, Critic1 Loss: 2164.43505859375, Critic2 Loss: 2164.48779296875
2024-08-03 02:15:16,383 - INFO - Step: Action=Buy, Reward=0.0, Portfolio Value=993676.2257906673, Budget=993676.2257906673, Position=0
2024-08-03 02:15:16,423 - INFO - Train Step: 390, Actor Loss: 11.29957103729248, Critic1 Loss: 1187.053955078125, Critic2 Loss: 1187.0400390625
2024-08-03 02:15:16,424 - INFO - Step: Action=Hold, Reward=0.0, Portfolio Value=993676.2257906673, Budget=993676.2257906673, Position=0
2024-08-03 02:15:16,464 - INFO - Train Step: 391, Actor Loss: 11.842172622680664, Critic1 Loss: 1334.5455322265625, Critic2 Loss: 1334.49609375
2024-08-03 02:15:16,465 - INFO - Step: Action=Hold, Reward=0.0, Portfolio Value=993676.2257906673, Budget=993676.2257906673, Position=0
2024-08-03 02:15:16,503 - INFO - Train Step: 392, Actor Loss: 11.47429084777832, Critic1 Loss: 1815.191650390625, Critic2 Loss: 1815.15234375
2024-08-03 02:15:16,504 - INFO - Step: Action=Buy, Reward=0.0, Portfolio Value=993676.2257906673, Budget=993676.2257906673, Position=0
2024-08-03 02:15:16,542 - INFO - Train Step: 393, Actor Loss: 11.583627700805664, Critic1 Loss: 1625.191162109375, Critic2 Loss: 1625.099365234375
2024-08-03 02:15:16,543 - INFO - Step: Action=Buy, Reward=0.0, Portfolio Value=993676.2257906673, Budget=993676.2257906673, Position=0
2024-08-03 02:15:16,592 - INFO - Train Step: 394, Actor Loss: 11.66379451751709, Critic1 Loss: 1529.196044921875, Critic2 Loss: 1529.28759765625
2024-08-03 02:15:16,594 - INFO - Step: Action=Buy, Reward=0.0, Portfolio Value=993676.2257906673, Budget=993676.2257906673, Position=0
2024-08-03 02:15:16,638 - INFO - Train Step: 395, Actor Loss: 11.650105476379395, Critic1 Loss: 1441.9683837890625, Critic2 Loss: 1442.02783203125
2024-08-03 02:15:16,639 - INFO - Step: Action=Buy, Reward=0.0, Portfolio Value=993676.2257906673, Budget=993676.2257906673, Position=0
2024-08-03 02:15:16,682 - INFO - Train Step: 396, Actor Loss: 11.68358039855957, Critic1 Loss: 1072.9993896484375, Critic2 Loss: 1073.0096435546875
2024-08-03 02:15:16,683 - INFO - Step: Action=Buy, Reward=0.0, Portfolio Value=993676.2257906673, Budget=993676.2257906673, Position=0
2024-08-03 02:15:16,728 - INFO - Train Step: 397, Actor Loss: 11.454062461853027, Critic1 Loss: 1514.21630859375, Critic2 Loss: 1514.209716796875
2024-08-03 02:15:16,729 - INFO - Step: Action=Hold, Reward=0.0, Portfolio Value=993676.2257906673, Budget=993676.2257906673, Position=0
2024-08-03 02:15:16,775 - INFO - Train Step: 398, Actor Loss: 11.87253475189209, Critic1 Loss: 1306.412841796875, Critic2 Loss: 1306.449951171875
2024-08-03 02:15:16,776 - INFO - Step: Action=Buy, Reward=0.0, Portfolio Value=993676.2257906673, Budget=993676.2257906673, Position=0
2024-08-03 02:15:16,818 - INFO - Train Step: 399, Actor Loss: 11.805002212524414, Critic1 Loss: 1237.830078125, Critic2 Loss: 1237.96435546875
2024-08-03 02:15:16,820 - INFO - Step: Action=Hold, Reward=0.0, Portfolio Value=993676.2257906673, Budget=993676.2257906673, Position=0
2024-08-03 02:15:16,862 - INFO - Train Step: 400, Actor Loss: 11.725571632385254, Critic1 Loss: 1457.3607177734375, Critic2 Loss: 1457.252197265625
2024-08-03 02:15:16,863 - INFO - Step: Action=Buy, Reward=-20.894573107183547, Portfolio Value=993676.2257906673, Budget=993655.3312175602, Position=100
2024-08-03 02:15:16,905 - INFO - Train Step: 401, Actor Loss: 11.768383026123047, Critic1 Loss: 1705.838134765625, Critic2 Loss: 1705.822021484375
2024-08-03 02:15:16,906 - INFO - Step: Action=Hold, Reward=0.00022160910872044042, Portfolio Value=993678.4418817546, Budget=993655.3312175602, Position=100
2024-08-03 02:15:16,952 - INFO - Train Step: 402, Actor Loss: 11.68410873413086, Critic1 Loss: 968.115478515625, Critic2 Loss: 968.172119140625
2024-08-03 02:15:16,953 - INFO - Step: Action=Hold, Reward=-0.00022160910872044042, Portfolio Value=993676.2257906673, Budget=993655.3312175602, Position=100
2024-08-03 02:15:16,992 - INFO - Train Step: 403, Actor Loss: 11.660008430480957, Critic1 Loss: 1192.435302734375, Critic2 Loss: 1192.385009765625
2024-08-03 02:15:16,993 - INFO - Step: Action=Hold, Reward=0.00022160910872044042, Portfolio Value=993678.4418817546, Budget=993655.3312175602, Position=100
2024-08-03 02:15:17,041 - INFO - Train Step: 404, Actor Loss: 11.976250648498535, Critic1 Loss: 1426.762939453125, Critic2 Loss: 1426.78173828125
2024-08-03 02:15:17,043 - INFO - Step: Action=Buy, Reward=-29.7582726283595, Portfolio Value=993685.0901550159, Budget=993625.5722801045, Position=200
2024-08-03 02:15:17,084 - INFO - Train Step: 405, Actor Loss: 12.11965274810791, Critic1 Loss: 1881.807861328125, Critic2 Loss: 1881.8387451171875
2024-08-03 02:15:17,085 - INFO - Step: Action=Buy, Reward=-62.99365548930711, Portfolio Value=993751.5728876296, Budget=993562.5719763419, Position=300
2024-08-03 02:15:17,128 - INFO - Train Step: 406, Actor Loss: 11.654448509216309, Critic1 Loss: 1212.174072265625, Critic2 Loss: 1212.109619140625
2024-08-03 02:15:17,129 - INFO - Step: Action=Hold, Reward=0.013296546522749123, Portfolio Value=993884.5383528571, Budget=993562.5719763419, Position=300
2024-08-03 02:15:17,169 - INFO - Train Step: 407, Actor Loss: 12.063029289245605, Critic1 Loss: 1301.793701171875, Critic2 Loss: 1301.803955078125
2024-08-03 02:15:17,170 - INFO - Step: Action=Buy, Reward=-87.38328916688444, Portfolio Value=993824.7038935048, Budget=993475.194670621, Position=400
2024-08-03 02:15:17,210 - INFO - Train Step: 408, Actor Loss: 11.831215858459473, Critic1 Loss: 1431.838134765625, Critic2 Loss: 1431.762451171875
2024-08-03 02:15:17,212 - INFO - Step: Action=Buy, Reward=-76.30128246749587, Portfolio Value=993780.3820717622, Budget=993398.8978203356, Position=500
2024-08-03 02:15:17,263 - INFO - Train Step: 409, Actor Loss: 11.66368293762207, Critic1 Loss: 759.0214233398438, Critic2 Loss: 758.9058227539062
2024-08-03 02:15:17,266 - INFO - Step: Action=Buy, Reward=-105.09162982588711, Portfolio Value=993924.4279924253, Budget=993293.7917859176, Position=600
2024-08-03 02:15:17,386 - INFO - Train Step: 410, Actor Loss: 12.07200813293457, Critic1 Loss: 902.1124267578125, Critic2 Loss: 902.2172241210938
2024-08-03 02:15:17,389 - INFO - Step: Action=Buy, Reward=-94.03222725558715, Portfolio Value=993857.9452598116, Budget=993199.7662069353, Position=700
2024-08-03 02:15:17,480 - INFO - Train Step: 411, Actor Loss: 11.325355529785156, Critic1 Loss: 1019.2394409179688, Critic2 Loss: 1019.2206420898438
2024-08-03 02:15:17,484 - INFO - Step: Action=Buy, Reward=-78.52380021877404, Portfolio Value=993749.3567965424, Budget=993121.2532655628, Position=800
2024-08-03 02:15:17,577 - INFO - Train Step: 412, Actor Loss: 11.583616256713867, Critic1 Loss: 1400.5888671875, Critic2 Loss: 1400.409912109375
2024-08-03 02:15:17,578 - INFO - Step: Action=Hold, Reward=-0.0017728728697053158, Portfolio Value=993731.6280678454, Budget=993121.2532655628, Position=800
2024-08-03 02:15:17,626 - INFO - Train Step: 413, Actor Loss: 11.784811019897461, Critic1 Loss: 911.9362182617188, Critic2 Loss: 911.8641357421875
2024-08-03 02:15:17,627 - INFO - Step: Action=Buy, Reward=-100.65435064213564, Portfolio Value=993926.6440835125, Budget=993020.5794133191, Position=900
2024-08-03 02:15:17,670 - INFO - Train Step: 414, Actor Loss: 11.447349548339844, Critic1 Loss: 1168.882080078125, Critic2 Loss: 1168.92431640625
2024-08-03 02:15:17,671 - INFO - Step: Action=Buy, Reward=-78.53288619223126, Portfolio Value=993727.1958856712, Budget=992942.0664719467, Position=1000
2024-08-03 02:15:17,720 - INFO - Train Step: 415, Actor Loss: 11.341205596923828, Critic1 Loss: 1274.659912109375, Critic2 Loss: 1274.70361328125
2024-08-03 02:15:17,721 - INFO - Step: Action=Buy, Reward=-100.6516913328311, Portfolio Value=993948.8049943837, Budget=992841.392619703, Position=1100
2024-08-03 02:15:17,769 - INFO - Train Step: 416, Actor Loss: 11.578412055969238, Critic1 Loss: 1608.0751953125, Critic2 Loss: 1608.05712890625
2024-08-03 02:15:17,771 - INFO - Step: Action=Buy, Reward=-98.46019885677266, Portfolio Value=993924.4279924253, Budget=992742.9348585464, Position=1200
2024-08-03 02:15:17,817 - INFO - Train Step: 417, Actor Loss: 11.605052947998047, Critic1 Loss: 1049.02734375, Critic2 Loss: 1048.9222412109375
2024-08-03 02:15:17,818 - INFO - Step: Action=Hold, Reward=-0.01063723721819697, Portfolio Value=993818.0556202433, Budget=992742.9348585464, Position=1200
2024-08-03 02:15:17,859 - INFO - Train Step: 418, Actor Loss: 11.607746124267578, Critic1 Loss: 1637.03564453125, Critic2 Loss: 1637.019287109375
2024-08-03 02:15:17,860 - INFO - Step: Action=Buy, Reward=-96.23369214153766, Portfolio Value=993897.8348993799, Budget=992646.693188477, Position=1300
2024-08-03 02:15:17,901 - INFO - Train Step: 419, Actor Loss: 11.68246078491211, Critic1 Loss: 1488.50439453125, Critic2 Loss: 1488.4720458984375
2024-08-03 02:15:17,903 - INFO - Step: Action=Buy, Reward=-82.96240905717775, Portfolio Value=993724.9797945841, Budget=992563.7480649303, Position=1400
2024-08-03 02:15:17,947 - INFO - Train Step: 420, Actor Loss: 11.460460662841797, Critic1 Loss: 1362.215087890625, Critic2 Loss: 1362.1439208984375
2024-08-03 02:15:17,949 - INFO - Step: Action=Buy, Reward=-87.37110066590526, Portfolio Value=993787.0303450236, Budget=992476.3707592094, Position=1500
2024-08-03 02:15:17,988 - INFO - Train Step: 421, Actor Loss: 11.497133255004883, Critic1 Loss: 1427.036865234375, Critic2 Loss: 1427.062255859375
2024-08-03 02:15:17,989 - INFO - Step: Action=Buy, Reward=-67.4624031664957, Portfolio Value=993487.8580482617, Budget=992408.9382732726, Position=1600
2024-08-03 02:15:18,028 - INFO - Train Step: 422, Actor Loss: 11.893184661865234, Critic1 Loss: 1291.09228515625, Critic2 Loss: 1291.040771484375
2024-08-03 02:15:18,029 - INFO - Step: Action=Buy, Reward=-85.1328486679085, Portfolio Value=993771.5177074138, Budget=992323.7770586387, Position=1700
2024-08-03 02:15:18,073 - INFO - Train Step: 423, Actor Loss: 11.708871841430664, Critic1 Loss: 1108.955078125, Critic2 Loss: 1108.909912109375
2024-08-03 02:15:18,075 - INFO - Step: Action=Buy, Reward=-91.79818583065592, Portfolio Value=993884.5383528571, Budget=992231.9675707435, Position=1800
2024-08-03 02:15:18,117 - INFO - Train Step: 424, Actor Loss: 11.839152336120605, Critic1 Loss: 914.4383544921875, Critic2 Loss: 914.380859375
2024-08-03 02:15:18,118 - INFO - Step: Action=Hold, Reward=0.03191171165461419, Portfolio Value=994203.6554694033, Budget=992231.9675707435, Position=1800
2024-08-03 02:15:18,159 - INFO - Train Step: 425, Actor Loss: 12.253084182739258, Critic1 Loss: 1857.87109375, Critic2 Loss: 1857.7176513671875
2024-08-03 02:15:18,161 - INFO - Step: Action=Buy, Reward=-113.96242083854185, Portfolio Value=994283.4347485397, Budget=992117.9971719771, Position=1900
2024-08-03 02:15:18,199 - INFO - Train Step: 426, Actor Loss: 12.076260566711426, Critic1 Loss: 1651.8660888671875, Critic2 Loss: 1651.904052734375
2024-08-03 02:15:18,200 - INFO - Step: Action=Buy, Reward=-116.18227928051547, Portfolio Value=994325.5404791952, Budget=992001.8106821235, Position=2000
2024-08-03 02:15:18,240 - INFO - Train Step: 427, Actor Loss: 12.336421966552734, Critic1 Loss: 1626.556884765625, Critic2 Loss: 1626.892578125
2024-08-03 02:15:18,241 - INFO - Step: Action=Buy, Reward=-109.55151313872719, Portfolio Value=994192.5750139677, Budget=991892.2724655314, Position=2100
2024-08-03 02:15:18,279 - INFO - Train Step: 428, Actor Loss: 12.55153751373291, Critic1 Loss: 1789.498046875, Critic2 Loss: 1789.405517578125
2024-08-03 02:15:18,280 - INFO - Step: Action=Buy, Reward=-105.11534200051935, Portfolio Value=994099.4991883084, Budget=991787.1664311134, Position=2200
2024-08-03 02:15:18,320 - INFO - Train Step: 429, Actor Loss: 13.437994956970215, Critic1 Loss: 2097.7177734375, Critic2 Loss: 2097.614990234375
2024-08-03 02:15:18,321 - INFO - Step: Action=Buy, Reward=-122.79575991182416, Portfolio Value=994489.5312196425, Budget=991664.3316679985, Position=2300
2024-08-03 02:15:18,362 - INFO - Train Step: 430, Actor Loss: 13.357016563415527, Critic1 Loss: 2001.51416015625, Critic2 Loss: 2001.4503173828125
2024-08-03 02:15:18,363 - INFO - Step: Action=Buy, Reward=-122.83476311495758, Portfolio Value=994489.5312196425, Budget=991541.4969048835, Position=2400
2024-08-03 02:15:18,402 - INFO - Train Step: 431, Actor Loss: 13.451986312866211, Critic1 Loss: 2375.626953125, Critic2 Loss: 2375.684814453125
2024-08-03 02:15:18,403 - INFO - Step: Action=Hold, Reward=-0.05318618609100813, Portfolio Value=993957.6693587324, Budget=991541.4969048835, Position=2400
2024-08-03 02:15:18,440 - INFO - Train Step: 432, Actor Loss: 13.541987419128418, Critic1 Loss: 1438.79736328125, Critic2 Loss: 1438.8463134765625
2024-08-03 02:15:18,441 - INFO - Step: Action=Buy, Reward=-91.83076236963667, Portfolio Value=993744.9246143684, Budget=991449.6874169883, Position=2500
2024-08-03 02:15:18,481 - INFO - Train Step: 433, Actor Loss: 14.103315353393555, Critic1 Loss: 2035.4588623046875, Critic2 Loss: 2035.802490234375
2024-08-03 02:15:18,482 - INFO - Step: Action=Buy, Reward=-54.230123285269215, Portfolio Value=992803.08590234, Budget=991395.5514775743, Position=2600
2024-08-03 02:15:18,522 - INFO - Train Step: 434, Actor Loss: 14.231748580932617, Critic1 Loss: 1825.115478515625, Critic2 Loss: 1825.28076171875
2024-08-03 02:15:18,523 - INFO - Step: Action=Hold, Reward=-0.023047347306110896, Portfolio Value=992572.6124292789, Budget=991395.5514775743, Position=2600
2024-08-03 02:15:18,563 - INFO - Train Step: 435, Actor Loss: 14.605058670043945, Critic1 Loss: 1951.587158203125, Critic2 Loss: 1951.951171875
2024-08-03 02:15:18,564 - INFO - Step: Action=Hold, Reward=0.1152367365305312, Portfolio Value=993724.9797945842, Budget=991395.5514775743, Position=2600
2024-08-03 02:15:18,604 - INFO - Train Step: 436, Actor Loss: 15.197654724121094, Critic1 Loss: 1858.274169921875, Critic2 Loss: 1858.46240234375
2024-08-03 02:15:18,605 - INFO - Step: Action=Hold, Reward=0.023047347306110896, Portfolio Value=993955.4532676453, Budget=991395.5514775743, Position=2600
2024-08-03 02:15:18,643 - INFO - Train Step: 437, Actor Loss: 15.646974563598633, Critic1 Loss: 1605.550537109375, Critic2 Loss: 1605.005615234375
2024-08-03 02:15:18,644 - INFO - Step: Action=Hold, Reward=0.0, Portfolio Value=993955.4532676453, Budget=991395.5514775743, Position=2600
2024-08-03 02:15:18,681 - INFO - Train Step: 438, Actor Loss: 15.340381622314453, Critic1 Loss: 1145.710205078125, Critic2 Loss: 1145.0850830078125
2024-08-03 02:15:18,683 - INFO - Step: Action=Buy, Reward=-131.61269991106178, Portfolio Value=994819.7287916242, Budget=991263.8523501108, Position=2700
2024-08-03 02:15:18,721 - INFO - Train Step: 439, Actor Loss: 15.768351554870605, Critic1 Loss: 1295.6044921875, Critic2 Loss: 1295.576416015625
2024-08-03 02:15:18,722 - INFO - Step: Action=Buy, Reward=-129.48901982226937, Portfolio Value=994759.8943322718, Budget=991134.3693137345, Position=2800
2024-08-03 02:15:18,763 - INFO - Train Step: 440, Actor Loss: 15.84228515625, Critic1 Loss: 1614.5604248046875, Critic2 Loss: 1614.7987060546875
2024-08-03 02:15:18,764 - INFO - Step: Action=Hold, Reward=-0.08066571557136486, Portfolio Value=993953.2371765581, Budget=991134.3693137345, Position=2800
2024-08-03 02:15:18,803 - INFO - Train Step: 441, Actor Loss: 16.32908058166504, Critic1 Loss: 1905.86865234375, Critic2 Loss: 1906.0535888671875
2024-08-03 02:15:18,804 - INFO - Step: Action=Hold, Reward=-0.018615165131853427, Portfolio Value=993767.0855252396, Budget=991134.3693137345, Position=2800
2024-08-03 02:15:18,843 - INFO - Train Step: 442, Actor Loss: 16.28769302368164, Critic1 Loss: 1621.9342041015625, Critic2 Loss: 1621.0096435546875
2024-08-03 02:15:18,845 - INFO - Step: Action=Buy, Reward=-78.55637675775479, Portfolio Value=993332.731672163, Budget=991055.856372362, Position=2900
2024-08-03 02:15:18,883 - INFO - Train Step: 443, Actor Loss: 16.346233367919922, Critic1 Loss: 2468.685302734375, Critic2 Loss: 2468.724609375
2024-08-03 02:15:18,884 - INFO - Step: Action=Buy, Reward=-63.04529041163713, Portfolio Value=992882.8651814765, Budget=990992.8560685994, Position=3000
2024-08-03 02:15:18,924 - INFO - Train Step: 444, Actor Loss: 15.9118013381958, Critic1 Loss: 1173.4508056640625, Critic2 Loss: 1173.209228515625
2024-08-03 02:15:18,925 - INFO - Step: Action=Hold, Reward=0.006648273261380382, Portfolio Value=992949.3479140903, Budget=990992.8560685994, Position=3000
2024-08-03 02:15:18,963 - INFO - Train Step: 445, Actor Loss: 16.638202667236328, Critic1 Loss: 1781.17236328125, Critic2 Loss: 1781.373291015625
2024-08-03 02:15:18,964 - INFO - Step: Action=Buy, Reward=-56.378623594237425, Portfolio Value=992683.416983635, Budget=990936.5040380982, Position=3100
2024-08-03 02:15:19,006 - INFO - Train Step: 446, Actor Loss: 16.00271224975586, Critic1 Loss: 1138.8785400390625, Critic2 Loss: 1138.59033203125
2024-08-03 02:15:19,007 - INFO - Step: Action=Buy, Reward=-51.93358809168103, Portfolio Value=992546.0193362333, Budget=990884.5841897712, Position=3200
2024-08-03 02:15:19,051 - INFO - Train Step: 447, Actor Loss: 16.44831657409668, Critic1 Loss: 1435.5618896484375, Critic2 Loss: 1435.6783447265625
2024-08-03 02:15:19,053 - INFO - Step: Action=Buy, Reward=-93.89084064422855, Portfolio Value=993893.4027172057, Budget=990790.5586107889, Position=3300
2024-08-03 02:15:19,092 - INFO - Train Step: 448, Actor Loss: 16.299007415771484, Critic1 Loss: 1908.2884521484375, Critic2 Loss: 1908.2685546875
2024-08-03 02:15:19,093 - INFO - Step: Action=Buy, Reward=-69.7290211304077, Portfolio Value=993088.961652579, Budget=990720.9100337649, Position=3400
2024-08-03 02:15:19,132 - INFO - Train Step: 449, Actor Loss: 16.51087188720703, Critic1 Loss: 1206.9930419921875, Critic2 Loss: 1206.955322265625
2024-08-03 02:15:19,133 - INFO - Step: Action=Hold, Reward=-0.06027767756981775, Portfolio Value=992486.1848768808, Budget=990720.9100337649, Position=3400
2024-08-03 02:15:19,171 - INFO - Train Step: 450, Actor Loss: 16.843673706054688, Critic1 Loss: 1307.880126953125, Critic2 Loss: 1307.779541015625
2024-08-03 02:15:19,172 - INFO - Step: Action=Buy, Reward=-80.6310812335217, Portfolio Value=993465.6971373904, Budget=990640.1810013053, Position=3500
2024-08-03 02:15:19,213 - INFO - Train Step: 451, Actor Loss: 16.68836212158203, Critic1 Loss: 2056.62060546875, Critic2 Loss: 2056.525146484375
2024-08-03 02:15:19,214 - INFO - Step: Action=Buy, Reward=-54.22901523972565, Portfolio Value=992534.9388807977, Budget=990586.0450618913, Position=3600
2024-08-03 02:15:19,254 - INFO - Train Step: 452, Actor Loss: 16.815006256103516, Critic1 Loss: 2302.575927734375, Critic2 Loss: 2302.90478515625
2024-08-03 02:15:19,256 - INFO - Step: Action=Hold, Reward=-0.08775720705017448, Portfolio Value=991657.366810296, Budget=990586.0450618913, Position=3600
2024-08-03 02:15:19,295 - INFO - Train Step: 453, Actor Loss: 16.413551330566406, Critic1 Loss: 1461.5013427734375, Critic2 Loss: 1461.6094970703125
2024-08-03 02:15:19,296 - INFO - Step: Action=Hold, Reward=-0.03988963956825901, Portfolio Value=991258.4704146134, Budget=990586.0450618913, Position=3600
2024-08-03 02:15:19,336 - INFO - Train Step: 454, Actor Loss: 16.733251571655273, Critic1 Loss: 2198.89111328125, Critic2 Loss: 2198.78271484375
2024-08-03 02:15:19,337 - INFO - Step: Action=Buy, Reward=-23.094708338481766, Portfolio Value=991418.0289728864, Budget=990562.934397697, Position=3700
2024-08-03 02:15:19,375 - INFO - Train Step: 455, Actor Loss: 16.545852661132812, Critic1 Loss: 2192.56982421875, Critic2 Loss: 2192.3896484375
2024-08-03 02:15:19,376 - INFO - Step: Action=Hold, Reward=-0.07379583320127567, Portfolio Value=990680.0706408736, Budget=990562.934397697, Position=3700
2024-08-03 02:15:19,416 - INFO - Train Step: 456, Actor Loss: 16.677000045776367, Critic1 Loss: 2290.331787109375, Critic2 Loss: 2290.28125
2024-08-03 02:15:19,417 - INFO - Step: Action=Hold, Reward=0.1065939812907367, Portfolio Value=991746.010453781, Budget=990562.934397697, Position=3700
2024-08-03 02:15:19,455 - INFO - Train Step: 457, Actor Loss: 16.437393188476562, Critic1 Loss: 1669.383056640625, Critic2 Loss: 1669.3721923828125
2024-08-03 02:15:19,456 - INFO - Step: Action=Hold, Reward=-0.07379583320127567, Portfolio Value=991008.0521217682, Budget=990562.934397697, Position=3700
2024-08-03 02:15:19,496 - INFO - Train Step: 458, Actor Loss: 16.564586639404297, Critic1 Loss: 1702.42822265625, Critic2 Loss: 1702.1907958984375
2024-08-03 02:15:19,497 - INFO - Step: Action=Hold, Reward=-0.04099768511182628, Portfolio Value=990598.07527065, Budget=990562.934397697, Position=3700
2024-08-03 02:15:19,536 - INFO - Train Step: 459, Actor Loss: 16.655868530273438, Critic1 Loss: 1667.0291748046875, Critic2 Loss: 1666.9388427734375
2024-08-03 02:15:19,537 - INFO - Step: Action=Hold, Reward=-0.016399074044730514, Portfolio Value=990434.0845302027, Budget=990562.934397697, Position=3700
2024-08-03 02:15:19,581 - INFO - Train Step: 460, Actor Loss: 16.054119110107422, Critic1 Loss: 1948.4146728515625, Critic2 Loss: 1948.45166015625
2024-08-03 02:15:19,582 - INFO - Step: Action=Hold, Reward=-0.024598611067095773, Portfolio Value=990188.0984195317, Budget=990562.934397697, Position=3700
2024-08-03 02:15:19,621 - INFO - Train Step: 461, Actor Loss: 16.087308883666992, Critic1 Loss: 1332.403076171875, Critic2 Loss: 1332.5419921875
2024-08-03 02:15:19,622 - INFO - Step: Action=Sell, Reward=-16.803573985017422, Portfolio Value=989942.1123088609, Budget=990546.155422323, Position=3600
2024-08-03 02:15:19,660 - INFO - Train Step: 462, Actor Loss: 16.823678970336914, Critic1 Loss: 1809.644775390625, Critic2 Loss: 1809.4547119140625
2024-08-03 02:15:19,661 - INFO - Step: Action=Buy, Reward=-0.03191171165461419, Portfolio Value=989622.9951923147, Budget=990546.155422323, Position=3600
2024-08-03 02:15:19,703 - INFO - Train Step: 463, Actor Loss: 16.43561553955078, Critic1 Loss: 2609.499755859375, Critic2 Loss: 2609.32470703125
2024-08-03 02:15:19,704 - INFO - Step: Action=Hold, Reward=0.023933783740957733, Portfolio Value=989862.3330297243, Budget=990546.155422323, Position=3600
2024-08-03 02:15:19,744 - INFO - Train Step: 464, Actor Loss: 15.935372352600098, Critic1 Loss: 1268.7274169921875, Critic2 Loss: 1268.772216796875
2024-08-03 02:15:19,745 - INFO - Step: Action=Buy, Reward=0.0, Portfolio Value=989862.3330297243, Budget=990546.155422323, Position=3600
2024-08-03 02:15:19,785 - INFO - Train Step: 465, Actor Loss: 16.213363647460938, Critic1 Loss: 1675.2384033203125, Critic2 Loss: 1675.069091796875
2024-08-03 02:15:19,785 - INFO - Step: Action=Hold, Reward=0.03988963956825901, Portfolio Value=990261.2294254069, Budget=990546.155422323, Position=3600
2024-08-03 02:15:19,825 - INFO - Train Step: 466, Actor Loss: 15.942312240600586, Critic1 Loss: 1249.621337890625, Critic2 Loss: 1249.693115234375
2024-08-03 02:15:19,826 - INFO - Step: Action=Hold, Reward=0.08775720705017448, Portfolio Value=991138.8014959086, Budget=990546.155422323, Position=3600
2024-08-03 02:15:19,866 - INFO - Train Step: 467, Actor Loss: 15.70198917388916, Critic1 Loss: 1204.5677490234375, Critic2 Loss: 1204.552734375
2024-08-03 02:15:19,867 - INFO - Step: Action=Hold, Reward=-0.08775720705017448, Portfolio Value=990261.2294254069, Budget=990546.155422323, Position=3600
2024-08-03 02:15:19,905 - INFO - Train Step: 468, Actor Loss: 16.126340866088867, Critic1 Loss: 1869.5537109375, Critic2 Loss: 1869.7625732421875
2024-08-03 02:15:19,906 - INFO - Step: Action=Hold, Reward=-0.023933783740957733, Portfolio Value=990021.8915879973, Budget=990546.155422323, Position=3600
2024-08-03 02:15:19,946 - INFO - Train Step: 469, Actor Loss: 15.739593505859375, Critic1 Loss: 1423.257080078125, Critic2 Loss: 1423.3212890625
2024-08-03 02:15:19,947 - INFO - Step: Action=Buy, Reward=0.0, Portfolio Value=990021.8915879973, Budget=990546.155422323, Position=3600
2024-08-03 02:15:19,986 - INFO - Train Step: 470, Actor Loss: 16.025985717773438, Critic1 Loss: 1693.337158203125, Critic2 Loss: 1693.0478515625
2024-08-03 02:15:19,987 - INFO - Step: Action=Hold, Reward=0.023933783740957733, Portfolio Value=990261.2294254069, Budget=990546.155422323, Position=3600
2024-08-03 02:15:20,028 - INFO - Train Step: 471, Actor Loss: 15.856977462768555, Critic1 Loss: 1403.0528564453125, Critic2 Loss: 1403.036865234375
2024-08-03 02:15:20,029 - INFO - Step: Action=Hold, Reward=-0.015955855827301274, Portfolio Value=990101.6708671339, Budget=990546.155422323, Position=3600
2024-08-03 02:15:20,068 - INFO - Train Step: 472, Actor Loss: 15.69955825805664, Critic1 Loss: 1243.927978515625, Critic2 Loss: 1243.992919921875
2024-08-03 02:15:20,070 - INFO - Step: Action=Hold, Reward=0.32709504445972853, Portfolio Value=993372.6213117312, Budget=990546.155422323, Position=3600
2024-08-03 02:15:20,108 - INFO - Train Step: 473, Actor Loss: 15.725140571594238, Critic1 Loss: 1616.4771728515625, Critic2 Loss: 1616.37841796875
2024-08-03 02:15:20,109 - INFO - Step: Action=Buy, Reward=-82.92916769087087, Portfolio Value=993532.1798700042, Budget=990463.2102987764, Position=3700
2024-08-03 02:15:20,149 - INFO - Train Step: 474, Actor Loss: 15.595990180969238, Critic1 Loss: 1220.586181640625, Critic2 Loss: 1220.3822021484375
2024-08-03 02:15:20,150 - INFO - Step: Action=Buy, Reward=-71.90566579618238, Portfolio Value=993122.203018886, Budget=990391.3456306653, Position=3800
2024-08-03 02:15:20,189 - INFO - Train Step: 475, Actor Loss: 15.883102416992188, Critic1 Loss: 1967.97802734375, Critic2 Loss: 1967.954833984375
2024-08-03 02:15:20,190 - INFO - Step: Action=Hold, Reward=-0.05894802291754168, Portfolio Value=992532.7227897106, Budget=990391.3456306653, Position=3800
2024-08-03 02:15:20,229 - INFO - Train Step: 476, Actor Loss: 16.05677604675293, Critic1 Loss: 2073.50341796875, Critic2 Loss: 2073.0751953125
2024-08-03 02:15:20,230 - INFO - Step: Action=Buy, Reward=-65.18271026516969, Portfolio Value=992869.5686349537, Budget=990326.1292358156, Position=3900
2024-08-03 02:15:20,269 - INFO - Train Step: 477, Actor Loss: 15.956765174865723, Critic1 Loss: 1556.9970703125, Critic2 Loss: 1556.9443359375
2024-08-03 02:15:20,270 - INFO - Step: Action=Buy, Reward=-63.008946517808276, Portfolio Value=992783.1410825558, Budget=990263.128932053, Position=4000
2024-08-03 02:15:20,311 - INFO - Train Step: 478, Actor Loss: 16.077011108398438, Critic1 Loss: 1592.62255859375, Critic2 Loss: 1592.6480712890625
2024-08-03 02:15:20,312 - INFO - Step: Action=Hold, Reward=0.04432182174250483, Portfolio Value=993226.3592999808, Budget=990263.128932053, Position=4000
2024-08-03 02:15:20,354 - INFO - Train Step: 479, Actor Loss: 15.99315071105957, Critic1 Loss: 1614.0029296875, Critic2 Loss: 1613.85693359375
2024-08-03 02:15:20,355 - INFO - Step: Action=Buy, Reward=-67.45907902986501, Portfolio Value=992960.4283695258, Budget=990195.6964461162, Position=4100
2024-08-03 02:15:20,392 - INFO - Train Step: 480, Actor Loss: 16.414894104003906, Critic1 Loss: 1412.498046875, Critic2 Loss: 1412.592041015625
2024-08-03 02:15:20,393 - INFO - Step: Action=Hold, Reward=0.03634389382886002, Portfolio Value=993323.8673078144, Budget=990195.6964461162, Position=4100
2024-08-03 02:15:20,436 - INFO - Train Step: 481, Actor Loss: 16.68425750732422, Critic1 Loss: 1189.2545166015625, Critic2 Loss: 1189.213623046875
2024-08-03 02:15:20,439 - INFO - Step: Action=Hold, Reward=0.07268778765770839, Portfolio Value=994050.7451843915, Budget=990195.6964461162, Position=4100
2024-08-03 02:15:20,502 - INFO - Train Step: 482, Actor Loss: 16.51865005493164, Critic1 Loss: 1804.7745361328125, Critic2 Loss: 1804.789306640625
2024-08-03 02:15:20,503 - INFO - Step: Action=Hold, Reward=0.027257920371647926, Portfolio Value=994323.324388108, Budget=990195.6964461162, Position=4100
2024-08-03 02:15:20,544 - INFO - Train Step: 483, Actor Loss: 16.438302993774414, Critic1 Loss: 1392.967529296875, Critic2 Loss: 1393.02197265625
2024-08-03 02:15:20,545 - INFO - Step: Action=Hold, Reward=-0.16354752222986427, Portfolio Value=992687.8491658093, Budget=990195.6964461162, Position=4100
2024-08-03 02:15:20,585 - INFO - Train Step: 484, Actor Loss: 16.473773956298828, Critic1 Loss: 2057.3330078125, Critic2 Loss: 2057.181884765625
2024-08-03 02:15:20,587 - INFO - Step: Action=Buy, Reward=-51.95619222076971, Portfolio Value=992324.4102275207, Budget=990143.7765977893, Position=4200
2024-08-03 02:15:20,625 - INFO - Train Step: 485, Actor Loss: 16.273887634277344, Critic1 Loss: 1543.964599609375, Critic2 Loss: 1543.609130859375
2024-08-03 02:15:20,626 - INFO - Step: Action=Hold, Reward=-0.018615165131853427, Portfolio Value=992138.2585762022, Budget=990143.7765977893, Position=4200
2024-08-03 02:15:20,665 - INFO - Train Step: 486, Actor Loss: 16.34496307373047, Critic1 Loss: 1826.6129150390625, Critic2 Loss: 1826.589599609375
2024-08-03 02:15:20,666 - INFO - Step: Action=Hold, Reward=-0.06515307796149282, Portfolio Value=991486.7277965873, Budget=990143.7765977893, Position=4200
2024-08-03 02:15:20,707 - INFO - Train Step: 487, Actor Loss: 16.01963996887207, Critic1 Loss: 1341.46142578125, Critic2 Loss: 1341.509033203125
2024-08-03 02:15:20,708 - INFO - Step: Action=Buy, Reward=-29.768245038251557, Portfolio Value=991393.6519709281, Budget=990114.0176603335, Position=4300
2024-08-03 02:15:20,747 - INFO - Train Step: 488, Actor Loss: 16.699039459228516, Critic1 Loss: 1776.15576171875, Critic2 Loss: 1776.343505859375
2024-08-03 02:15:20,748 - INFO - Step: Action=Hold, Reward=0.05717515004783636, Portfolio Value=991965.4034714064, Budget=990114.0176603335, Position=4300
2024-08-03 02:15:20,787 - INFO - Train Step: 489, Actor Loss: 16.363420486450195, Critic1 Loss: 1200.373779296875, Critic2 Loss: 1200.332275390625
2024-08-03 02:15:20,788 - INFO - Step: Action=Hold, Reward=-0.07623353339711902, Portfolio Value=991203.0681374352, Budget=990114.0176603335, Position=4300
2024-08-03 02:15:20,829 - INFO - Train Step: 490, Actor Loss: 16.414592742919922, Critic1 Loss: 1488.2987060546875, Critic2 Loss: 1488.2666015625
2024-08-03 02:15:20,830 - INFO - Step: Action=Hold, Reward=-0.019058383349282667, Portfolio Value=991012.4843039424, Budget=990114.0176603335, Position=4300
2024-08-03 02:15:20,869 - INFO - Train Step: 491, Actor Loss: 16.12432861328125, Critic1 Loss: 1176.091552734375, Critic2 Loss: 1176.012451171875
2024-08-03 02:15:20,871 - INFO - Step: Action=Hold, Reward=-0.08576272507176036, Portfolio Value=990154.8570532248, Budget=990114.0176603335, Position=4300
2024-08-03 02:15:20,911 - INFO - Train Step: 492, Actor Loss: 16.446748733520508, Critic1 Loss: 1550.020751953125, Critic2 Loss: 1549.895263671875
2024-08-03 02:15:20,912 - INFO - Step: Action=Hold, Reward=-0.07623353339711902, Portfolio Value=989392.5217192536, Budget=990114.0176603335, Position=4300
2024-08-03 02:15:20,951 - INFO - Train Step: 493, Actor Loss: 16.04116439819336, Critic1 Loss: 1420.153564453125, Critic2 Loss: 1420.00439453125
2024-08-03 02:15:20,952 - INFO - Step: Action=Hold, Reward=-0.06670434172247769, Portfolio Value=988725.4783020288, Budget=990114.0176603335, Position=4300
2024-08-03 02:15:20,993 - INFO - Train Step: 494, Actor Loss: 16.06311798095703, Critic1 Loss: 1436.5047607421875, Critic2 Loss: 1436.45166015625
2024-08-03 02:15:20,994 - INFO - Step: Action=Buy, Reward=0.038116766698565334, Portfolio Value=989106.6459690145, Budget=990114.0176603335, Position=4300
2024-08-03 02:15:21,032 - INFO - Train Step: 495, Actor Loss: 15.850090980529785, Critic1 Loss: 1343.0703125, Critic2 Loss: 1342.912109375
2024-08-03 02:15:21,033 - INFO - Step: Action=Buy, Reward=-16.29086548278899, Portfolio Value=990821.9004704496, Budget=990097.5552694006, Position=4400
2024-08-03 02:15:21,073 - INFO - Train Step: 496, Actor Loss: 15.982187271118164, Critic1 Loss: 1675.282958984375, Critic2 Loss: 1675.239013671875
2024-08-03 02:15:21,074 - INFO - Step: Action=Buy, Reward=-31.90677293732768, Portfolio Value=991504.4565252843, Budget=990065.5802408578, Position=4500
2024-08-03 02:15:21,114 - INFO - Train Step: 497, Actor Loss: 16.065969467163086, Critic1 Loss: 2357.64892578125, Critic2 Loss: 2357.568603515625
2024-08-03 02:15:21,115 - INFO - Step: Action=Hold, Reward=-0.08975168902858859, Portfolio Value=990606.9396349984, Budget=990065.5802408578, Position=4500
2024-08-03 02:15:21,155 - INFO - Train Step: 498, Actor Loss: 16.06355094909668, Critic1 Loss: 1251.36767578125, Critic2 Loss: 1251.31494140625
2024-08-03 02:15:21,156 - INFO - Step: Action=Hold, Reward=-0.06980686924444744, Portfolio Value=989908.870942554, Budget=990065.5802408578, Position=4500
2024-08-03 02:15:21,194 - INFO - Train Step: 499, Actor Loss: 15.686049461364746, Critic1 Loss: 2345.32958984375, Critic2 Loss: 2345.35302734375
2024-08-03 02:15:21,195 - INFO - Step: Action=Buy, Reward=-42.846063370705416, Portfolio Value=992003.0770198875, Budget=990022.5247568793, Position=4600
2024-08-03 02:15:21,233 - INFO - Train Step: 500, Actor Loss: 15.459585189819336, Critic1 Loss: 1018.0079345703125, Critic2 Loss: 1018.069580078125
2024-08-03 02:15:21,234 - INFO - Step: Action=Buy, Reward=-67.32035172781097, Portfolio Value=993124.419109973, Budget=989955.0922709425, Position=4700
2024-08-03 02:15:21,272 - INFO - Train Step: 501, Actor Loss: 15.262916564941406, Critic1 Loss: 1222.0064697265625, Critic2 Loss: 1222.0447998046875
2024-08-03 02:15:21,273 - INFO - Step: Action=Hold, Reward=-0.10415628109489335, Portfolio Value=992082.8562990241, Budget=989955.0922709425, Position=4700
2024-08-03 02:15:21,314 - INFO - Train Step: 502, Actor Loss: 15.577718734741211, Critic1 Loss: 1568.093505859375, Critic2 Loss: 1567.807861328125
2024-08-03 02:15:21,315 - INFO - Step: Action=Buy, Reward=-29.831846852452077, Portfolio Value=991353.7623313597, Budget=989925.3333334868, Position=4800
2024-08-03 02:15:21,354 - INFO - Train Step: 503, Actor Loss: 15.351980209350586, Critic1 Loss: 1560.15185546875, Critic2 Loss: 1560.1461181640625
2024-08-03 02:15:21,355 - INFO - Step: Action=Hold, Reward=-0.042548948872799516, Portfolio Value=990928.2728426317, Budget=989925.3333334868, Position=4800
2024-08-03 02:15:21,398 - INFO - Train Step: 504, Actor Loss: 15.40958023071289, Critic1 Loss: 1537.888916015625, Critic2 Loss: 1537.89697265625
2024-08-03 02:15:21,400 - INFO - Step: Action=Buy, Reward=-23.10002695709087, Portfolio Value=991034.6452148136, Budget=989902.2226692925, Position=4900
2024-08-03 02:15:21,448 - INFO - Train Step: 505, Actor Loss: 15.310893058776855, Critic1 Loss: 1907.241455078125, Critic2 Loss: 1906.779052734375
2024-08-03 02:15:21,464 - INFO - Step: Action=Buy, Reward=-12.084502990316029, Portfolio Value=990491.7028984679, Budget=989890.1924605338, Position=5000
2024-08-03 02:15:21,510 - INFO - Train Step: 506, Actor Loss: 15.438637733459473, Critic1 Loss: 1180.985107421875, Critic2 Loss: 1181.3013916015625
2024-08-03 02:15:21,511 - INFO - Step: Action=Buy, Reward=-0.144045920663164, Portfolio Value=989051.2436918363, Budget=989890.1924605338, Position=5000
2024-08-03 02:15:21,552 - INFO - Train Step: 507, Actor Loss: 15.430517196655273, Critic1 Loss: 1723.8011474609375, Critic2 Loss: 1723.5758056640625
2024-08-03 02:15:21,553 - INFO - Step: Action=Buy, Reward=0.0664827326137689, Portfolio Value=989716.0710179739, Budget=989890.1924605338, Position=5000
2024-08-03 02:15:21,593 - INFO - Train Step: 508, Actor Loss: 15.78799057006836, Critic1 Loss: 1651.157958984375, Critic2 Loss: 1651.206787109375
2024-08-03 02:15:21,594 - INFO - Step: Action=Hold, Reward=0.0, Portfolio Value=989716.0710179739, Budget=989890.1924605338, Position=5000
2024-08-03 02:15:21,634 - INFO - Train Step: 509, Actor Loss: 15.668737411499023, Critic1 Loss: 1244.9798583984375, Critic2 Loss: 1244.968505859375
2024-08-03 02:15:21,636 - INFO - Step: Action=Hold, Reward=-0.04432182174250483, Portfolio Value=989272.8528005489, Budget=989890.1924605338, Position=5000
2024-08-03 02:15:21,676 - INFO - Train Step: 510, Actor Loss: 15.662142753601074, Critic1 Loss: 1470.6966552734375, Critic2 Loss: 1470.656494140625
2024-08-03 02:15:21,677 - INFO - Step: Action=Buy, Reward=-25.13838753902892, Portfolio Value=991156.5302246056, Budget=989864.8657052524, Position=5100
2024-08-03 02:15:21,717 - INFO - Train Step: 511, Actor Loss: 15.681076049804688, Critic1 Loss: 1976.8912353515625, Critic2 Loss: 1976.9796142578125
2024-08-03 02:15:21,718 - INFO - Step: Action=Buy, Reward=-49.57943452982761, Portfolio Value=992399.7573244829, Budget=989815.1619480125, Position=5200
2024-08-03 02:15:21,757 - INFO - Train Step: 512, Actor Loss: 15.436235427856445, Critic1 Loss: 1214.5169677734375, Critic2 Loss: 1214.49755859375
2024-08-03 02:15:21,758 - INFO - Step: Action=Buy, Reward=-47.49918982634286, Portfolio Value=992284.5205879525, Budget=989767.6742818599, Position=5300
2024-08-03 02:15:21,799 - INFO - Train Step: 513, Actor Loss: 15.29374885559082, Critic1 Loss: 1494.1051025390625, Critic2 Loss: 1493.967041015625
2024-08-03 02:15:21,800 - INFO - Step: Action=Buy, Reward=-76.14416160941866, Portfolio Value=993811.4073469819, Budget=989691.3774315745, Position=5400
2024-08-03 02:15:21,838 - INFO - Train Step: 514, Actor Loss: 15.30575942993164, Critic1 Loss: 1616.115966796875, Critic2 Loss: 1616.06884765625
2024-08-03 02:15:21,839 - INFO - Step: Action=Buy, Reward=-76.29685028532163, Portfolio Value=993811.4073469818, Budget=989615.0805812891, Position=5500
2024-08-03 02:15:21,878 - INFO - Train Step: 515, Actor Loss: 15.387361526489258, Critic1 Loss: 1212.1702880859375, Critic2 Loss: 1212.1136474609375
2024-08-03 02:15:21,880 - INFO - Step: Action=Buy, Reward=-54.25782442385828, Portfolio Value=992592.5572490628, Budget=989560.9446418751, Position=5600
2024-08-03 02:15:21,918 - INFO - Train Step: 516, Actor Loss: 15.327215194702148, Critic1 Loss: 1820.25, Critic2 Loss: 1820.0419921875
2024-08-03 02:15:21,919 - INFO - Step: Action=Buy, Reward=-62.95066332221687, Portfolio Value=993088.9616525789, Budget=989497.9443381125, Position=5700
2024-08-03 02:15:21,955 - INFO - Train Step: 517, Actor Loss: 15.517769813537598, Critic1 Loss: 2057.340576171875, Critic2 Loss: 2057.290771484375
2024-08-03 02:15:21,956 - INFO - Step: Action=Buy, Reward=-67.40722249842628, Portfolio Value=993341.5960365112, Budget=989430.5118521757, Position=5800
2024-08-03 02:15:21,997 - INFO - Train Step: 518, Actor Loss: 15.35272216796875, Critic1 Loss: 1400.9432373046875, Critic2 Loss: 1400.7947998046875
2024-08-03 02:15:21,997 - INFO - Step: Action=Buy, Reward=-65.22924817799932, Portfolio Value=993213.0627534579, Budget=989365.295457326, Position=5900
2024-08-03 02:15:22,036 - INFO - Train Step: 519, Actor Loss: 15.548394203186035, Critic1 Loss: 1222.758544921875, Critic2 Loss: 1222.624267578125
2024-08-03 02:15:22,036 - INFO - Step: Action=Buy, Reward=-74.02845944853993, Portfolio Value=993736.0602500195, Budget=989291.2146981278, Position=6000
2024-08-03 02:15:22,074 - INFO - Train Step: 520, Actor Loss: 15.773723602294922, Critic1 Loss: 1606.666259765625, Critic2 Loss: 1606.616943359375
2024-08-03 02:15:22,075 - INFO - Step: Action=Buy, Reward=-104.91988276663487, Portfolio Value=995597.576763205, Budget=989186.1086637098, Position=6100
2024-08-03 02:15:22,115 - INFO - Train Step: 521, Actor Loss: 15.902867317199707, Critic1 Loss: 1592.289794921875, Critic2 Loss: 1592.3193359375
2024-08-03 02:15:22,116 - INFO - Step: Action=Buy, Reward=-118.32147200691773, Portfolio Value=996408.6661010929, Budget=989067.7060827691, Position=6200
2024-08-03 02:15:22,156 - INFO - Train Step: 522, Actor Loss: 15.869325637817383, Critic1 Loss: 1437.3515625, Critic2 Loss: 1437.188232421875
2024-08-03 02:15:22,157 - INFO - Step: Action=Buy, Reward=-111.79552697355052, Portfolio Value=995996.4731588875, Budget=988955.9517750897, Position=6300
2024-08-03 02:15:22,195 - INFO - Train Step: 523, Actor Loss: 16.009342193603516, Critic1 Loss: 1461.870849609375, Critic2 Loss: 1461.9947509765625
2024-08-03 02:15:22,196 - INFO - Step: Action=Buy, Reward=-116.15856710588324, Portfolio Value=996275.7006358653, Budget=988839.7652852362, Position=6400
2024-08-03 02:15:22,235 - INFO - Train Step: 524, Actor Loss: 16.506040573120117, Critic1 Loss: 2231.76513671875, Critic2 Loss: 2231.635986328125
2024-08-03 02:15:22,237 - INFO - Step: Action=Buy, Reward=-118.38839795774892, Portfolio Value=996417.5304654414, Budget=988721.3627042954, Position=6500
2024-08-03 02:15:22,276 - INFO - Train Step: 525, Actor Loss: 16.836734771728516, Critic1 Loss: 1733.424072265625, Critic2 Loss: 1733.391845703125
2024-08-03 02:15:22,277 - INFO - Step: Action=Buy, Reward=-118.40258094070654, Portfolio Value=996417.5304654413, Budget=988602.9601233547, Position=6600
2024-08-03 02:15:22,316 - INFO - Train Step: 526, Actor Loss: 16.6114444732666, Critic1 Loss: 1916.2208251953125, Critic2 Loss: 1916.06884765625
2024-08-03 02:15:22,317 - INFO - Step: Action=Buy, Reward=-109.59672139690454, Portfolio Value=995832.4824184402, Budget=988493.4219067625, Position=6700
2024-08-03 02:15:22,356 - INFO - Train Step: 527, Actor Loss: 16.83370018005371, Critic1 Loss: 1633.669189453125, Critic2 Loss: 1633.47021484375
2024-08-03 02:15:22,356 - INFO - Step: Action=Buy, Reward=-94.12951365431196, Portfolio Value=994793.1356985783, Budget=988399.3963277802, Position=6800
2024-08-03 02:15:22,395 - INFO - Train Step: 528, Actor Loss: 16.76035499572754, Critic1 Loss: 1901.39990234375, Critic2 Loss: 1901.5504150390625
2024-08-03 02:15:22,396 - INFO - Step: Action=Buy, Reward=-85.22149231139352, Portfolio Value=994190.3589228801, Budget=988314.2351131464, Position=6900
2024-08-03 02:15:22,433 - INFO - Train Step: 529, Actor Loss: 16.873905181884766, Critic1 Loss: 2176.953125, Critic2 Loss: 2177.033935546875
2024-08-03 02:15:22,435 - INFO - Step: Action=Buy, Reward=-115.9724154545647, Portfolio Value=996331.1029130435, Budget=988198.0486232928, Position=7000
2024-08-03 02:15:22,473 - INFO - Train Step: 530, Actor Loss: 17.400968551635742, Critic1 Loss: 1553.1268310546875, Critic2 Loss: 1553.1739501953125
2024-08-03 02:15:22,475 - INFO - Step: Action=Hold, Reward=0.0, Portfolio Value=996331.1029130435, Budget=988198.0486232928, Position=7000
2024-08-03 02:15:22,513 - INFO - Train Step: 531, Actor Loss: 17.364089965820312, Critic1 Loss: 1629.5899658203125, Critic2 Loss: 1629.42333984375
2024-08-03 02:15:22,514 - INFO - Step: Action=Hold, Reward=0.015512637609883678, Portfolio Value=996486.2292891423, Budget=988198.0486232928, Position=7000
2024-08-03 02:15:22,552 - INFO - Train Step: 532, Actor Loss: 17.826204299926758, Critic1 Loss: 1298.2867431640625, Critic2 Loss: 1298.2193603515625
2024-08-03 02:15:22,553 - INFO - Step: Action=Buy, Reward=-100.79795334458139, Portfolio Value=995245.218280352, Budget=988097.3747710491, Position=7100
2024-08-03 02:15:22,595 - INFO - Train Step: 533, Actor Loss: 17.952377319335938, Critic1 Loss: 1214.7901611328125, Critic2 Loss: 1214.6168212890625
2024-08-03 02:15:22,596 - INFO - Step: Action=Buy, Reward=-113.87599328614394, Portfolio Value=996189.2730834675, Budget=987983.4043722827, Position=7200
2024-08-03 02:15:22,635 - INFO - Train Step: 534, Actor Loss: 17.996845245361328, Critic1 Loss: 2078.326416015625, Critic2 Loss: 2077.78173828125
2024-08-03 02:15:22,636 - INFO - Step: Action=Hold, Reward=-0.22338198158225278, Portfolio Value=993955.453267645, Budget=987983.4043722827, Position=7200
2024-08-03 02:15:22,680 - INFO - Train Step: 535, Actor Loss: 18.542579650878906, Critic1 Loss: 1861.7650146484375, Critic2 Loss: 1861.623046875
2024-08-03 02:15:22,681 - INFO - Step: Action=Hold, Reward=0.07977927913651801, Portfolio Value=994753.2460590102, Budget=987983.4043722827, Position=7200
2024-08-03 02:15:22,720 - INFO - Train Step: 536, Actor Loss: 18.351463317871094, Critic1 Loss: 2124.727783203125, Critic2 Loss: 2124.754150390625
2024-08-03 02:15:22,721 - INFO - Step: Action=Buy, Reward=-89.62530851972934, Portfolio Value=994434.1289424641, Budget=987893.8109754747, Position=7300
2024-08-03 02:15:22,759 - INFO - Train Step: 537, Actor Loss: 18.46996307373047, Critic1 Loss: 1268.628173828125, Critic2 Loss: 1268.78759765625
2024-08-03 02:15:22,760 - INFO - Step: Action=Buy, Reward=-113.79244665215931, Portfolio Value=996213.6500854259, Budget=987779.8405767082, Position=7400
2024-08-03 02:15:22,798 - INFO - Train Step: 538, Actor Loss: 18.661029815673828, Critic1 Loss: 1129.239990234375, Critic2 Loss: 1128.949462890625
2024-08-03 02:15:22,800 - INFO - Step: Action=Buy, Reward=-122.76916681877867, Portfolio Value=996869.613047215, Budget=987657.0058135933, Position=7500
2024-08-03 02:15:22,838 - INFO - Train Step: 539, Actor Loss: 18.692955017089844, Critic1 Loss: 1532.22998046875, Critic2 Loss: 1532.25048828125
2024-08-03 02:15:22,839 - INFO - Step: Action=Buy, Reward=-133.832115134818, Portfolio Value=997700.6472048871, Budget=987523.0905950427, Position=7600
2024-08-03 02:15:22,877 - INFO - Train Step: 540, Actor Loss: 19.094890594482422, Critic1 Loss: 2145.578369140625, Critic2 Loss: 2145.51513671875
2024-08-03 02:15:22,878 - INFO - Step: Action=Hold, Reward=-0.11789604583507171, Portfolio Value=996521.6867465364, Budget=987523.0905950427, Position=7600
2024-08-03 02:15:22,917 - INFO - Train Step: 541, Actor Loss: 19.084117889404297, Critic1 Loss: 1787.6776123046875, Critic2 Loss: 1787.77880859375
2024-08-03 02:15:22,919 - INFO - Step: Action=Buy, Reward=-125.00032732529665, Portfolio Value=997026.955514401, Budget=987398.0397408406, Position=7700
2024-08-03 02:15:22,958 - INFO - Train Step: 542, Actor Loss: 19.598896026611328, Critic1 Loss: 2306.080078125, Critic2 Loss: 2306.53662109375
2024-08-03 02:15:22,959 - INFO - Step: Action=Buy, Reward=-129.44890857359238, Portfolio Value=997368.2335418183, Budget=987268.5567044643, Position=7800
2024-08-03 02:15:22,998 - INFO - Train Step: 543, Actor Loss: 19.652973175048828, Critic1 Loss: 2141.085693359375, Critic2 Loss: 2141.162109375
2024-08-03 02:15:22,999 - INFO - Step: Action=Hold, Reward=-0.06914204191832105, Portfolio Value=996676.8131226351, Budget=987268.5567044643, Position=7800
2024-08-03 02:15:23,037 - INFO - Train Step: 544, Actor Loss: 19.906509399414062, Critic1 Loss: 1596.55908203125, Critic2 Loss: 1596.6121826171875
2024-08-03 02:15:23,038 - INFO - Step: Action=Hold, Reward=0.0864275523978984, Portfolio Value=997541.0886466141, Budget=987268.5567044643, Position=7800
2024-08-03 02:15:23,076 - INFO - Train Step: 545, Actor Loss: 20.190631866455078, Critic1 Loss: 1304.831787109375, Critic2 Loss: 1304.36328125
2024-08-03 02:15:23,077 - INFO - Step: Action=Buy, Reward=-162.48240553650285, Portfolio Value=999961.0601137552, Budget=987105.832301781, Position=7900
2024-08-03 02:15:23,116 - INFO - Train Step: 546, Actor Loss: 20.18856430053711, Critic1 Loss: 2189.8828125, Critic2 Loss: 2189.7861328125
2024-08-03 02:15:23,117 - INFO - Step: Action=Buy, Reward=-167.12157061829146, Portfolio Value=1000311.202505521, Budget=986938.6757169235, Position=8000
2024-08-03 02:15:23,155 - INFO - Train Step: 547, Actor Loss: 20.009233474731445, Critic1 Loss: 1331.3046875, Critic2 Loss: 1330.77783203125
2024-08-03 02:15:23,156 - INFO - Step: Action=Hold, Reward=0.15955855827303603, Portfolio Value=1001906.7880882514, Budget=986938.6757169235, Position=8000
2024-08-03 02:15:23,195 - INFO - Train Step: 548, Actor Loss: 20.214866638183594, Critic1 Loss: 1495.503173828125, Critic2 Loss: 1495.2939453125
2024-08-03 02:15:23,196 - INFO - Step: Action=Hold, Reward=0.12410110087903449, Portfolio Value=1003147.7990970417, Budget=986938.6757169235, Position=8000
2024-08-03 02:15:23,233 - INFO - Train Step: 549, Actor Loss: 19.891794204711914, Critic1 Loss: 1385.3592529296875, Critic2 Loss: 1385.177734375
2024-08-03 02:15:23,235 - INFO - Step: Action=Buy, Reward=-233.39111526947565, Portfolio Value=1005629.8211146223, Budget=986705.0363994524, Position=8100
2024-08-03 02:15:23,273 - INFO - Train Step: 550, Actor Loss: 20.231889724731445, Critic1 Loss: 2414.6005859375, Critic2 Loss: 2414.83740234375
2024-08-03 02:15:23,274 - INFO - Step: Action=Hold, Reward=0.08975168902858859, Portfolio Value=1006527.3380049082, Budget=986705.0363994524, Position=8100
2024-08-03 02:15:23,313 - INFO - Train Step: 551, Actor Loss: 20.4348201751709, Critic1 Loss: 2184.95947265625, Critic2 Loss: 2185.1064453125
2024-08-03 02:15:23,313 - INFO - Episode: 3, Total Reward: -6969.904279993439
2024-08-03 02:15:23,313 - INFO - --------------------------------------------------
2024-08-03 02:15:23,315 - INFO - Step: Action=Hold, Reward=0.0, Portfolio Value=986705.0363994524, Budget=986705.0363994524, Position=0
2024-08-03 02:15:23,356 - INFO - Train Step: 552, Actor Loss: 20.47154998779297, Critic1 Loss: 1650.3629150390625, Critic2 Loss: 1650.350830078125
2024-08-03 02:15:23,357 - INFO - Step: Action=Buy, Reward=0.0, Portfolio Value=986705.0363994524, Budget=986705.0363994524, Position=0
2024-08-03 02:15:23,397 - INFO - Train Step: 553, Actor Loss: 20.77159309387207, Critic1 Loss: 1446.219482421875, Critic2 Loss: 1446.13671875
2024-08-03 02:15:23,398 - INFO - Step: Action=Hold, Reward=0.0, Portfolio Value=986705.0363994524, Budget=986705.0363994524, Position=0
2024-08-03 02:15:23,439 - INFO - Train Step: 554, Actor Loss: 20.756038665771484, Critic1 Loss: 1969.19775390625, Critic2 Loss: 1969.2701416015625
2024-08-03 02:15:23,440 - INFO - Step: Action=Hold, Reward=0.0, Portfolio Value=986705.0363994524, Budget=986705.0363994524, Position=0
2024-08-03 02:15:23,477 - INFO - Train Step: 555, Actor Loss: 20.83591079711914, Critic1 Loss: 1677.99609375, Critic2 Loss: 1678.050048828125
2024-08-03 02:15:23,478 - INFO - Step: Action=Buy, Reward=0.0, Portfolio Value=986705.0363994524, Budget=986705.0363994524, Position=0
2024-08-03 02:15:23,519 - INFO - Train Step: 556, Actor Loss: 20.409507751464844, Critic1 Loss: 1351.995361328125, Critic2 Loss: 1351.9190673828125
2024-08-03 02:15:23,520 - INFO - Step: Action=Hold, Reward=0.0, Portfolio Value=986705.0363994524, Budget=986705.0363994524, Position=0
2024-08-03 02:15:23,560 - INFO - Train Step: 557, Actor Loss: 20.38140869140625, Critic1 Loss: 1224.5557861328125, Critic2 Loss: 1224.141845703125
2024-08-03 02:15:23,561 - INFO - Step: Action=Buy, Reward=0.0, Portfolio Value=986705.0363994524, Budget=986705.0363994524, Position=0
2024-08-03 02:15:23,600 - INFO - Train Step: 558, Actor Loss: 20.784494400024414, Critic1 Loss: 2360.61962890625, Critic2 Loss: 2360.447021484375
2024-08-03 02:15:23,601 - INFO - Step: Action=Hold, Reward=0.0, Portfolio Value=986705.0363994524, Budget=986705.0363994524, Position=0
2024-08-03 02:15:23,639 - INFO - Train Step: 559, Actor Loss: 21.395366668701172, Critic1 Loss: 2367.65283203125, Critic2 Loss: 2367.415771484375
2024-08-03 02:15:23,640 - INFO - Step: Action=Hold, Reward=0.0, Portfolio Value=986705.0363994524, Budget=986705.0363994524, Position=0
2024-08-03 02:15:23,680 - INFO - Train Step: 560, Actor Loss: 21.45924949645996, Critic1 Loss: 1809.766845703125, Critic2 Loss: 1809.648681640625
2024-08-03 02:15:23,682 - INFO - Step: Action=Hold, Reward=0.0, Portfolio Value=986705.0363994524, Budget=986705.0363994524, Position=0
2024-08-03 02:15:23,721 - INFO - Train Step: 561, Actor Loss: 21.036155700683594, Critic1 Loss: 2225.78662109375, Critic2 Loss: 2225.710205078125
2024-08-03 02:15:23,722 - INFO - Step: Action=Buy, Reward=0.0, Portfolio Value=986705.0363994524, Budget=986705.0363994524, Position=0
2024-08-03 02:15:23,762 - INFO - Train Step: 562, Actor Loss: 21.782676696777344, Critic1 Loss: 1663.500732421875, Critic2 Loss: 1663.357177734375
2024-08-03 02:15:23,763 - INFO - Step: Action=Buy, Reward=0.0, Portfolio Value=986705.0363994524, Budget=986705.0363994524, Position=0
2024-08-03 02:15:23,800 - INFO - Train Step: 563, Actor Loss: 21.502283096313477, Critic1 Loss: 1600.127685546875, Critic2 Loss: 1600.08349609375
2024-08-03 02:15:23,801 - INFO - Step: Action=Buy, Reward=0.0, Portfolio Value=986705.0363994524, Budget=986705.0363994524, Position=0
2024-08-03 02:15:23,842 - INFO - Train Step: 564, Actor Loss: 21.132123947143555, Critic1 Loss: 1683.721923828125, Critic2 Loss: 1683.623779296875
2024-08-03 02:15:23,843 - INFO - Step: Action=Buy, Reward=0.0, Portfolio Value=986705.0363994524, Budget=986705.0363994524, Position=0
2024-08-03 02:15:23,881 - INFO - Train Step: 565, Actor Loss: 21.244033813476562, Critic1 Loss: 2314.865234375, Critic2 Loss: 2314.5615234375
2024-08-03 02:15:23,883 - INFO - Step: Action=Buy, Reward=0.0, Portfolio Value=986705.0363994524, Budget=986705.0363994524, Position=0
2024-08-03 02:15:23,921 - INFO - Train Step: 566, Actor Loss: 21.043140411376953, Critic1 Loss: 1329.591796875, Critic2 Loss: 1329.74755859375
2024-08-03 02:15:23,922 - INFO - Step: Action=Buy, Reward=0.0, Portfolio Value=986705.0363994524, Budget=986705.0363994524, Position=0
2024-08-03 02:15:23,960 - INFO - Train Step: 567, Actor Loss: 21.284818649291992, Critic1 Loss: 1669.1663818359375, Critic2 Loss: 1669.1229248046875
2024-08-03 02:15:23,961 - INFO - Step: Action=Hold, Reward=0.0, Portfolio Value=986705.0363994524, Budget=986705.0363994524, Position=0
2024-08-03 02:15:24,001 - INFO - Train Step: 568, Actor Loss: 21.15792465209961, Critic1 Loss: 2162.842529296875, Critic2 Loss: 2162.11865234375
2024-08-03 02:15:24,002 - INFO - Step: Action=Hold, Reward=0.0, Portfolio Value=986705.0363994524, Budget=986705.0363994524, Position=0
2024-08-03 02:15:24,041 - INFO - Train Step: 569, Actor Loss: 21.114002227783203, Critic1 Loss: 1859.0982666015625, Critic2 Loss: 1858.938232421875
2024-08-03 02:15:24,043 - INFO - Step: Action=Hold, Reward=0.0, Portfolio Value=986705.0363994524, Budget=986705.0363994524, Position=0
2024-08-03 02:15:24,083 - INFO - Train Step: 570, Actor Loss: 21.736003875732422, Critic1 Loss: 2223.05908203125, Critic2 Loss: 2223.11572265625
2024-08-03 02:15:24,084 - INFO - Step: Action=Buy, Reward=0.0, Portfolio Value=986705.0363994524, Budget=986705.0363994524, Position=0
2024-08-03 02:15:24,123 - INFO - Train Step: 571, Actor Loss: 21.563732147216797, Critic1 Loss: 1451.257568359375, Critic2 Loss: 1451.3104248046875
2024-08-03 02:15:24,124 - INFO - Step: Action=Buy, Reward=0.0, Portfolio Value=986705.0363994524, Budget=986705.0363994524, Position=0
2024-08-03 02:15:24,163 - INFO - Train Step: 572, Actor Loss: 21.572120666503906, Critic1 Loss: 1640.045166015625, Critic2 Loss: 1639.979248046875
2024-08-03 02:15:24,164 - INFO - Step: Action=Hold, Reward=0.0, Portfolio Value=986705.0363994524, Budget=986705.0363994524, Position=0
2024-08-03 02:15:24,205 - INFO - Train Step: 573, Actor Loss: 21.66158676147461, Critic1 Loss: 1561.235107421875, Critic2 Loss: 1561.187255859375
2024-08-03 02:15:24,207 - INFO - Step: Action=Buy, Reward=0.0, Portfolio Value=986705.0363994524, Budget=986705.0363994524, Position=0
2024-08-03 02:15:24,246 - INFO - Train Step: 574, Actor Loss: 21.09998321533203, Critic1 Loss: 1309.364501953125, Critic2 Loss: 1309.3336181640625
2024-08-03 02:15:24,247 - INFO - Step: Action=Hold, Reward=0.0, Portfolio Value=986705.0363994524, Budget=986705.0363994524, Position=0
2024-08-03 02:15:24,285 - INFO - Train Step: 575, Actor Loss: 21.35877227783203, Critic1 Loss: 1624.746337890625, Critic2 Loss: 1624.669189453125
2024-08-03 02:15:24,286 - INFO - Step: Action=Buy, Reward=0.0, Portfolio Value=986705.0363994524, Budget=986705.0363994524, Position=0
2024-08-03 02:15:24,324 - INFO - Train Step: 576, Actor Loss: 21.39934539794922, Critic1 Loss: 1679.311767578125, Critic2 Loss: 1679.2562255859375
2024-08-03 02:15:24,325 - INFO - Step: Action=Buy, Reward=0.0, Portfolio Value=986705.0363994524, Budget=986705.0363994524, Position=0
2024-08-03 02:15:24,365 - INFO - Train Step: 577, Actor Loss: 21.673076629638672, Critic1 Loss: 1875.545166015625, Critic2 Loss: 1875.4033203125
2024-08-03 02:15:24,366 - INFO - Step: Action=Buy, Reward=0.0, Portfolio Value=986705.0363994524, Budget=986705.0363994524, Position=0
2024-08-03 02:15:24,405 - INFO - Train Step: 578, Actor Loss: 21.53062629699707, Critic1 Loss: 1973.361328125, Critic2 Loss: 1972.9769287109375
2024-08-03 02:15:24,406 - INFO - Step: Action=Buy, Reward=0.0, Portfolio Value=986705.0363994524, Budget=986705.0363994524, Position=0
2024-08-03 02:15:24,446 - INFO - Train Step: 579, Actor Loss: 21.453659057617188, Critic1 Loss: 1823.7115478515625, Critic2 Loss: 1823.31591796875
2024-08-03 02:15:24,447 - INFO - Step: Action=Buy, Reward=0.0, Portfolio Value=986705.0363994524, Budget=986705.0363994524, Position=0
2024-08-03 02:15:24,486 - INFO - Train Step: 580, Actor Loss: 21.709800720214844, Critic1 Loss: 1810.046630859375, Critic2 Loss: 1809.9036865234375
2024-08-03 02:15:24,487 - INFO - Step: Action=Buy, Reward=0.0, Portfolio Value=986705.0363994524, Budget=986705.0363994524, Position=0
2024-08-03 02:15:24,525 - INFO - Train Step: 581, Actor Loss: 22.257713317871094, Critic1 Loss: 2311.27587890625, Critic2 Loss: 2311.367919921875
2024-08-03 02:15:24,527 - INFO - Step: Action=Buy, Reward=0.0, Portfolio Value=986705.0363994524, Budget=986705.0363994524, Position=0
2024-08-03 02:15:24,566 - INFO - Train Step: 582, Actor Loss: 22.023508071899414, Critic1 Loss: 1631.41845703125, Critic2 Loss: 1631.2322998046875
2024-08-03 02:15:24,566 - INFO - Step: Action=Buy, Reward=0.0, Portfolio Value=986705.0363994524, Budget=986705.0363994524, Position=0
2024-08-03 02:15:24,604 - INFO - Train Step: 583, Actor Loss: 22.25940704345703, Critic1 Loss: 1960.947021484375, Critic2 Loss: 1960.8804931640625
2024-08-03 02:15:24,605 - INFO - Step: Action=Buy, Reward=0.0, Portfolio Value=986705.0363994524, Budget=986705.0363994524, Position=0
2024-08-03 02:15:24,643 - INFO - Train Step: 584, Actor Loss: 22.298992156982422, Critic1 Loss: 1909.685546875, Critic2 Loss: 1909.4876708984375
2024-08-03 02:15:24,644 - INFO - Step: Action=Hold, Reward=0.0, Portfolio Value=986705.0363994524, Budget=986705.0363994524, Position=0
2024-08-03 02:15:24,683 - INFO - Train Step: 585, Actor Loss: 22.25461196899414, Critic1 Loss: 1628.00927734375, Critic2 Loss: 1627.873291015625
2024-08-03 02:15:24,684 - INFO - Step: Action=Buy, Reward=0.0, Portfolio Value=986705.0363994524, Budget=986705.0363994524, Position=0
2024-08-03 02:15:24,724 - INFO - Train Step: 586, Actor Loss: 22.3555850982666, Critic1 Loss: 2092.7998046875, Critic2 Loss: 2092.4013671875
2024-08-03 02:15:24,725 - INFO - Step: Action=Buy, Reward=0.0, Portfolio Value=986705.0363994524, Budget=986705.0363994524, Position=0
2024-08-03 02:15:24,764 - INFO - Train Step: 587, Actor Loss: 22.199186325073242, Critic1 Loss: 1984.0982666015625, Critic2 Loss: 1984.234375
2024-08-03 02:15:24,765 - INFO - Step: Action=Buy, Reward=0.0, Portfolio Value=986705.0363994524, Budget=986705.0363994524, Position=0
2024-08-03 02:15:24,803 - INFO - Train Step: 588, Actor Loss: 21.846454620361328, Critic1 Loss: 1804.2861328125, Critic2 Loss: 1804.2672119140625
2024-08-03 02:15:24,804 - INFO - Step: Action=Buy, Reward=0.0, Portfolio Value=986705.0363994524, Budget=986705.0363994524, Position=0
2024-08-03 02:15:24,841 - INFO - Train Step: 589, Actor Loss: 22.056989669799805, Critic1 Loss: 1585.6077880859375, Critic2 Loss: 1585.6435546875
2024-08-03 02:15:24,842 - INFO - Step: Action=Buy, Reward=0.0, Portfolio Value=986705.0363994524, Budget=986705.0363994524, Position=0
2024-08-03 02:15:24,881 - INFO - Train Step: 590, Actor Loss: 22.14279556274414, Critic1 Loss: 1818.28076171875, Critic2 Loss: 1818.17236328125
2024-08-03 02:15:24,883 - INFO - Step: Action=Hold, Reward=0.0, Portfolio Value=986705.0363994524, Budget=986705.0363994524, Position=0
2024-08-03 02:15:24,921 - INFO - Train Step: 591, Actor Loss: 21.50565528869629, Critic1 Loss: 2125.862060546875, Critic2 Loss: 2125.3310546875
2024-08-03 02:15:24,922 - INFO - Step: Action=Buy, Reward=0.0, Portfolio Value=986705.0363994524, Budget=986705.0363994524, Position=0
2024-08-03 02:15:24,960 - INFO - Train Step: 592, Actor Loss: 21.81561279296875, Critic1 Loss: 1757.76416015625, Critic2 Loss: 1757.685546875
2024-08-03 02:15:24,961 - INFO - Step: Action=Buy, Reward=0.0, Portfolio Value=986705.0363994524, Budget=986705.0363994524, Position=0
2024-08-03 02:15:24,997 - INFO - Train Step: 593, Actor Loss: 21.034900665283203, Critic1 Loss: 1464.3834228515625, Critic2 Loss: 1464.142578125
2024-08-03 02:15:24,999 - INFO - Step: Action=Hold, Reward=0.0, Portfolio Value=986705.0363994524, Budget=986705.0363994524, Position=0
2024-08-03 02:15:25,037 - INFO - Train Step: 594, Actor Loss: 21.185272216796875, Critic1 Loss: 1681.5986328125, Critic2 Loss: 1681.57373046875
2024-08-03 02:15:25,038 - INFO - Step: Action=Buy, Reward=0.0, Portfolio Value=986705.0363994524, Budget=986705.0363994524, Position=0
2024-08-03 02:15:25,076 - INFO - Train Step: 595, Actor Loss: 20.923933029174805, Critic1 Loss: 2270.719970703125, Critic2 Loss: 2270.54345703125
2024-08-03 02:15:25,077 - INFO - Step: Action=Buy, Reward=0.0, Portfolio Value=986705.0363994524, Budget=986705.0363994524, Position=0
2024-08-03 02:15:25,118 - INFO - Train Step: 596, Actor Loss: 20.778675079345703, Critic1 Loss: 1866.2198486328125, Critic2 Loss: 1865.78173828125
2024-08-03 02:15:25,119 - INFO - Step: Action=Buy, Reward=0.0, Portfolio Value=986705.0363994524, Budget=986705.0363994524, Position=0
2024-08-03 02:15:25,161 - INFO - Train Step: 597, Actor Loss: 20.5201416015625, Critic1 Loss: 1272.004150390625, Critic2 Loss: 1272.192138671875
2024-08-03 02:15:25,162 - INFO - Step: Action=Buy, Reward=0.0, Portfolio Value=986705.0363994524, Budget=986705.0363994524, Position=0
2024-08-03 02:15:25,201 - INFO - Train Step: 598, Actor Loss: 20.46675682067871, Critic1 Loss: 2103.111328125, Critic2 Loss: 2103.41552734375
2024-08-03 02:15:25,202 - INFO - Step: Action=Buy, Reward=0.0, Portfolio Value=986705.0363994524, Budget=986705.0363994524, Position=0
2024-08-03 02:15:25,241 - INFO - Train Step: 599, Actor Loss: 20.37555694580078, Critic1 Loss: 1423.5379638671875, Critic2 Loss: 1423.515380859375
2024-08-03 02:15:25,242 - INFO - Step: Action=Hold, Reward=0.0, Portfolio Value=986705.0363994524, Budget=986705.0363994524, Position=0
2024-08-03 02:15:25,282 - INFO - Train Step: 600, Actor Loss: 20.08567237854004, Critic1 Loss: 1511.2919921875, Critic2 Loss: 1511.577392578125
2024-08-03 02:15:25,284 - INFO - Step: Action=Buy, Reward=0.0, Portfolio Value=986705.0363994524, Budget=986705.0363994524, Position=0
2024-08-03 02:15:25,322 - INFO - Train Step: 601, Actor Loss: 20.055330276489258, Critic1 Loss: 1610.615966796875, Critic2 Loss: 1610.65966796875
2024-08-03 02:15:25,323 - INFO - Step: Action=Buy, Reward=0.0, Portfolio Value=986705.0363994524, Budget=986705.0363994524, Position=0
2024-08-03 02:15:25,361 - INFO - Train Step: 602, Actor Loss: 19.618309020996094, Critic1 Loss: 1122.545166015625, Critic2 Loss: 1123.0491943359375
2024-08-03 02:15:25,362 - INFO - Step: Action=Buy, Reward=0.0, Portfolio Value=986705.0363994524, Budget=986705.0363994524, Position=0
2024-08-03 02:15:25,403 - INFO - Train Step: 603, Actor Loss: 19.29397964477539, Critic1 Loss: 1414.62841796875, Critic2 Loss: 1414.55517578125
2024-08-03 02:15:25,404 - INFO - Step: Action=Buy, Reward=0.0, Portfolio Value=986705.0363994524, Budget=986705.0363994524, Position=0
2024-08-03 02:15:25,442 - INFO - Train Step: 604, Actor Loss: 19.491424560546875, Critic1 Loss: 1538.9569091796875, Critic2 Loss: 1539.04541015625
2024-08-03 02:15:25,442 - INFO - Step: Action=Buy, Reward=0.0, Portfolio Value=986705.0363994524, Budget=986705.0363994524, Position=0
2024-08-03 02:15:25,481 - INFO - Train Step: 605, Actor Loss: 19.105026245117188, Critic1 Loss: 1969.2255859375, Critic2 Loss: 1968.88671875
2024-08-03 02:15:25,482 - INFO - Step: Action=Buy, Reward=0.0, Portfolio Value=986705.0363994524, Budget=986705.0363994524, Position=0
2024-08-03 02:15:25,522 - INFO - Train Step: 606, Actor Loss: 19.07532501220703, Critic1 Loss: 1698.4193115234375, Critic2 Loss: 1698.34130859375
2024-08-03 02:15:25,523 - INFO - Step: Action=Buy, Reward=0.0, Portfolio Value=986705.0363994524, Budget=986705.0363994524, Position=0
2024-08-03 02:15:25,561 - INFO - Train Step: 607, Actor Loss: 19.010055541992188, Critic1 Loss: 1322.7308349609375, Critic2 Loss: 1322.97314453125
2024-08-03 02:15:25,562 - INFO - Step: Action=Buy, Reward=0.0, Portfolio Value=986705.0363994524, Budget=986705.0363994524, Position=0
2024-08-03 02:15:25,604 - INFO - Train Step: 608, Actor Loss: 18.781475067138672, Critic1 Loss: 1299.7313232421875, Critic2 Loss: 1299.85400390625
2024-08-03 02:15:25,605 - INFO - Step: Action=Buy, Reward=0.0, Portfolio Value=986705.0363994524, Budget=986705.0363994524, Position=0
2024-08-03 02:15:25,644 - INFO - Train Step: 609, Actor Loss: 18.72357177734375, Critic1 Loss: 1054.51318359375, Critic2 Loss: 1054.5897216796875
2024-08-03 02:15:25,645 - INFO - Step: Action=Buy, Reward=0.0, Portfolio Value=986705.0363994524, Budget=986705.0363994524, Position=0
2024-08-03 02:15:25,684 - INFO - Train Step: 610, Actor Loss: 19.03740882873535, Critic1 Loss: 2102.252685546875, Critic2 Loss: 2101.58642578125
2024-08-03 02:15:25,685 - INFO - Step: Action=Buy, Reward=0.0, Portfolio Value=986705.0363994524, Budget=986705.0363994524, Position=0
2024-08-03 02:15:25,727 - INFO - Train Step: 611, Actor Loss: 18.70047950744629, Critic1 Loss: 1250.425537109375, Critic2 Loss: 1250.3153076171875
2024-08-03 02:15:25,728 - INFO - Step: Action=Buy, Reward=0.0, Portfolio Value=986705.0363994524, Budget=986705.0363994524, Position=0
2024-08-03 02:15:25,768 - INFO - Train Step: 612, Actor Loss: 18.46456527709961, Critic1 Loss: 1484.1063232421875, Critic2 Loss: 1484.328369140625
2024-08-03 02:15:25,769 - INFO - Step: Action=Buy, Reward=0.0, Portfolio Value=986705.0363994524, Budget=986705.0363994524, Position=0
2024-08-03 02:15:25,807 - INFO - Train Step: 613, Actor Loss: 18.25344467163086, Critic1 Loss: 1838.287353515625, Critic2 Loss: 1838.191650390625
2024-08-03 02:15:25,809 - INFO - Step: Action=Buy, Reward=0.0, Portfolio Value=986705.0363994524, Budget=986705.0363994524, Position=0
2024-08-03 02:15:25,848 - INFO - Train Step: 614, Actor Loss: 18.462202072143555, Critic1 Loss: 1520.083251953125, Critic2 Loss: 1520.0709228515625
2024-08-03 02:15:25,849 - INFO - Step: Action=Buy, Reward=0.0, Portfolio Value=986705.0363994524, Budget=986705.0363994524, Position=0
2024-08-03 02:15:25,888 - INFO - Train Step: 615, Actor Loss: 18.32268714904785, Critic1 Loss: 1356.847412109375, Critic2 Loss: 1356.581298828125
2024-08-03 02:15:25,889 - INFO - Step: Action=Buy, Reward=0.0, Portfolio Value=986705.0363994524, Budget=986705.0363994524, Position=0
2024-08-03 02:15:25,928 - INFO - Train Step: 616, Actor Loss: 18.13150405883789, Critic1 Loss: 1714.739501953125, Critic2 Loss: 1714.4326171875
2024-08-03 02:15:25,929 - INFO - Step: Action=Buy, Reward=0.0, Portfolio Value=986705.0363994524, Budget=986705.0363994524, Position=0
2024-08-03 02:15:25,969 - INFO - Train Step: 617, Actor Loss: 18.68112564086914, Critic1 Loss: 1858.7783203125, Critic2 Loss: 1858.63623046875
2024-08-03 02:15:25,970 - INFO - Step: Action=Buy, Reward=0.0, Portfolio Value=986705.0363994524, Budget=986705.0363994524, Position=0
2024-08-03 02:15:26,009 - INFO - Train Step: 618, Actor Loss: 18.489152908325195, Critic1 Loss: 1462.5341796875, Critic2 Loss: 1462.4962158203125
2024-08-03 02:15:26,010 - INFO - Step: Action=Buy, Reward=0.0, Portfolio Value=986705.0363994524, Budget=986705.0363994524, Position=0
2024-08-03 02:15:26,049 - INFO - Train Step: 619, Actor Loss: 18.756704330444336, Critic1 Loss: 1717.82861328125, Critic2 Loss: 1717.754150390625
2024-08-03 02:15:26,050 - INFO - Step: Action=Buy, Reward=0.0, Portfolio Value=986705.0363994524, Budget=986705.0363994524, Position=0
2024-08-03 02:15:26,089 - INFO - Train Step: 620, Actor Loss: 18.69341278076172, Critic1 Loss: 1505.9974365234375, Critic2 Loss: 1505.9696044921875
2024-08-03 02:15:26,090 - INFO - Step: Action=Hold, Reward=0.0, Portfolio Value=986705.0363994524, Budget=986705.0363994524, Position=0
2024-08-03 02:15:26,129 - INFO - Train Step: 621, Actor Loss: 18.802303314208984, Critic1 Loss: 1923.50732421875, Critic2 Loss: 1923.586669921875
2024-08-03 02:15:26,130 - INFO - Step: Action=Buy, Reward=0.0, Portfolio Value=986705.0363994524, Budget=986705.0363994524, Position=0
2024-08-03 02:15:26,169 - INFO - Train Step: 622, Actor Loss: 18.930849075317383, Critic1 Loss: 1421.024658203125, Critic2 Loss: 1420.989501953125
2024-08-03 02:15:26,171 - INFO - Step: Action=Buy, Reward=0.0, Portfolio Value=986705.0363994524, Budget=986705.0363994524, Position=0
2024-08-03 02:15:26,209 - INFO - Train Step: 623, Actor Loss: 19.146150588989258, Critic1 Loss: 2040.30224609375, Critic2 Loss: 2040.43896484375
2024-08-03 02:15:26,210 - INFO - Step: Action=Buy, Reward=0.0, Portfolio Value=986705.0363994524, Budget=986705.0363994524, Position=0
2024-08-03 02:15:26,249 - INFO - Train Step: 624, Actor Loss: 19.5355167388916, Critic1 Loss: 2716.70947265625, Critic2 Loss: 2716.83251953125
2024-08-03 02:15:26,250 - INFO - Step: Action=Buy, Reward=0.0, Portfolio Value=986705.0363994524, Budget=986705.0363994524, Position=0
2024-08-03 02:15:26,292 - INFO - Train Step: 625, Actor Loss: 19.180299758911133, Critic1 Loss: 1381.185546875, Critic2 Loss: 1381.1435546875
2024-08-03 02:15:26,293 - INFO - Step: Action=Buy, Reward=0.0, Portfolio Value=986705.0363994524, Budget=986705.0363994524, Position=0
2024-08-03 02:15:26,338 - INFO - Train Step: 626, Actor Loss: 19.44758415222168, Critic1 Loss: 1828.572998046875, Critic2 Loss: 1828.540771484375
2024-08-03 02:15:26,339 - INFO - Step: Action=Buy, Reward=-20.894573107183547, Portfolio Value=986705.0363994524, Budget=986684.1418263452, Position=100
2024-08-03 02:15:26,379 - INFO - Train Step: 627, Actor Loss: 19.596956253051758, Critic1 Loss: 1539.44091796875, Critic2 Loss: 1539.441650390625
2024-08-03 02:15:26,381 - INFO - Step: Action=Buy, Reward=-23.110442585200346, Portfolio Value=986707.2524905396, Budget=986661.0311621509, Position=200
2024-08-03 02:15:26,419 - INFO - Train Step: 628, Actor Loss: 20.04067611694336, Critic1 Loss: 1626.3875732421875, Critic2 Loss: 1626.41162109375
2024-08-03 02:15:26,420 - INFO - Step: Action=Buy, Reward=-20.895016325400977, Portfolio Value=986702.8203083653, Budget=986640.1365890438, Position=300
2024-08-03 02:15:26,460 - INFO - Train Step: 629, Actor Loss: 19.826717376708984, Critic1 Loss: 1429.862060546875, Critic2 Loss: 1429.963134765625
2024-08-03 02:15:26,463 - INFO - Step: Action=Buy, Reward=-23.10999936698293, Portfolio Value=986709.4685816267, Budget=986617.0259248494, Position=400
2024-08-03 02:15:26,504 - INFO - Train Step: 630, Actor Loss: 20.247928619384766, Critic1 Loss: 1938.4849853515625, Critic2 Loss: 1938.526123046875
2024-08-03 02:15:26,506 - INFO - Step: Action=Hold, Reward=0.002659309304552153, Portfolio Value=986736.0616746722, Budget=986617.0259248494, Position=400
2024-08-03 02:15:26,552 - INFO - Train Step: 631, Actor Loss: 20.275257110595703, Critic1 Loss: 2038.527587890625, Critic2 Loss: 2038.85107421875
2024-08-03 02:15:26,553 - INFO - Step: Action=Buy, Reward=-62.98700721604573, Portfolio Value=986869.0271398997, Budget=986554.0256210868, Position=500
2024-08-03 02:15:26,597 - INFO - Train Step: 632, Actor Loss: 20.57617950439453, Critic1 Loss: 1263.1304931640625, Critic2 Loss: 1262.914306640625
2024-08-03 02:15:26,598 - INFO - Step: Action=Buy, Reward=-107.29996459420767, Portfolio Value=987090.6362486122, Budget=986446.7034955818, Position=600
2024-08-03 02:15:26,643 - INFO - Train Step: 633, Actor Loss: 20.304244995117188, Critic1 Loss: 1282.403076171875, Critic2 Loss: 1282.055419921875
2024-08-03 02:15:26,644 - INFO - Step: Action=Buy, Reward=-87.38927261281968, Portfolio Value=986970.9673299075, Budget=986359.3261898608, Position=700
2024-08-03 02:15:26,688 - INFO - Train Step: 634, Actor Loss: 20.32257652282715, Critic1 Loss: 1369.221923828125, Critic2 Loss: 1369.0809326171875
2024-08-03 02:15:26,689 - INFO - Step: Action=Hold, Reward=-0.007756318804936018, Portfolio Value=986893.4041418581, Budget=986359.3261898608, Position=700
2024-08-03 02:15:26,730 - INFO - Train Step: 635, Actor Loss: 20.784076690673828, Critic1 Loss: 1767.7420654296875, Critic2 Loss: 1767.8414306640625
2024-08-03 02:15:26,732 - INFO - Step: Action=Buy, Reward=-105.08586798906057, Portfolio Value=987095.0684307865, Budget=986254.2201554428, Position=800
2024-08-03 02:15:26,772 - INFO - Train Step: 636, Actor Loss: 20.705883026123047, Critic1 Loss: 1635.901123046875, Critic2 Loss: 1635.802490234375
2024-08-03 02:15:26,773 - INFO - Step: Action=Hold, Reward=-0.008864364348503295, Portfolio Value=987006.4247873015, Budget=986254.2201554428, Position=800
2024-08-03 02:15:26,811 - INFO - Train Step: 637, Actor Loss: 20.775100708007812, Critic1 Loss: 1491.50244140625, Critic2 Loss: 1491.174072265625
2024-08-03 02:15:26,813 - INFO - Step: Action=Buy, Reward=-78.52535148253503, Portfolio Value=986882.3236864224, Budget=986175.7072140704, Position=900
2024-08-03 02:15:26,852 - INFO - Train Step: 638, Actor Loss: 20.955062866210938, Critic1 Loss: 2410.5478515625, Critic2 Loss: 2410.53857421875
2024-08-03 02:15:26,853 - INFO - Step: Action=Buy, Reward=-76.29884476730004, Portfolio Value=986862.3788666382, Budget=986099.410363785, Position=1000
2024-08-03 02:15:26,896 - INFO - Train Step: 639, Actor Loss: 21.17382049560547, Critic1 Loss: 2031.33447265625, Critic2 Loss: 2031.10498046875
2024-08-03 02:15:26,897 - INFO - Step: Action=Buy, Reward=-100.64947524174397, Portfolio Value=987106.148886222, Budget=985998.7365115413, Position=1100
2024-08-03 02:15:26,941 - INFO - Train Step: 640, Actor Loss: 21.003629684448242, Critic1 Loss: 1426.7177734375, Critic2 Loss: 1426.74365234375
2024-08-03 02:15:26,942 - INFO - Step: Action=Buy, Reward=-78.53731837440552, Portfolio Value=986862.3788666382, Budget=985920.2235701688, Position=1200
2024-08-03 02:15:26,983 - INFO - Train Step: 641, Actor Loss: 21.02976417541504, Critic1 Loss: 1575.147705078125, Critic2 Loss: 1575.4169921875
2024-08-03 02:15:26,984 - INFO - Step: Action=Hold, Reward=0.026593093045509886, Portfolio Value=987128.3097970933, Budget=985920.2235701688, Position=1200
2024-08-03 02:15:27,026 - INFO - Train Step: 642, Actor Loss: 21.20929718017578, Critic1 Loss: 1842.279296875, Critic2 Loss: 1842.3494873046875
2024-08-03 02:15:27,028 - INFO - Step: Action=Buy, Reward=-98.46042046588137, Portfolio Value=987101.7167040478, Budget=985821.7658090122, Position=1300
2024-08-03 02:15:27,066 - INFO - Train Step: 643, Actor Loss: 21.389476776123047, Critic1 Loss: 1577.06103515625, Critic2 Loss: 1577.1182861328125
2024-08-03 02:15:27,067 - INFO - Step: Action=Buy, Reward=-89.6049204817278, Portfolio Value=986986.4799675172, Budget=985732.1724122042, Position=1400
2024-08-03 02:15:27,108 - INFO - Train Step: 644, Actor Loss: 21.548809051513672, Critic1 Loss: 1764.7838134765625, Critic2 Loss: 1764.862548828125
2024-08-03 02:15:27,109 - INFO - Step: Action=Hold, Reward=0.009307582565932535, Portfolio Value=987079.5557931765, Budget=985732.1724122042, Position=1400
2024-08-03 02:15:27,148 - INFO - Train Step: 645, Actor Loss: 21.692428588867188, Critic1 Loss: 1895.5657958984375, Critic2 Loss: 1895.530517578125
2024-08-03 02:15:27,149 - INFO - Step: Action=Hold, Reward=-0.018615165131853427, Portfolio Value=986893.404141858, Budget=985732.1724122042, Position=1400
2024-08-03 02:15:27,186 - INFO - Train Step: 646, Actor Loss: 22.014835357666016, Critic1 Loss: 1478.0384521484375, Critic2 Loss: 1477.98193359375
2024-08-03 02:15:27,187 - INFO - Step: Action=Hold, Reward=0.006205055043951142, Portfolio Value=986955.4546922975, Budget=985732.1724122042, Position=1400
2024-08-03 02:15:27,226 - INFO - Train Step: 647, Actor Loss: 21.97867202758789, Critic1 Loss: 1631.74169921875, Critic2 Loss: 1631.365966796875
2024-08-03 02:15:27,227 - INFO - Step: Action=Buy, Reward=-67.46040868451729, Portfolio Value=986676.2272153198, Budget=985664.7399262674, Position=1500
2024-08-03 02:15:27,266 - INFO - Train Step: 648, Actor Loss: 22.368907928466797, Critic1 Loss: 1651.634765625, Critic2 Loss: 1651.922607421875
2024-08-03 02:15:27,267 - INFO - Step: Action=Buy, Reward=-85.13462154077821, Portfolio Value=986942.1581457747, Budget=985579.5787116336, Position=1600
2024-08-03 02:15:27,305 - INFO - Train Step: 649, Actor Loss: 22.436080932617188, Critic1 Loss: 1629.131591796875, Critic2 Loss: 1629.28662109375
2024-08-03 02:15:27,306 - INFO - Step: Action=Buy, Reward=-91.79885065798207, Portfolio Value=987048.5305179567, Budget=985487.7692237383, Position=1700
2024-08-03 02:15:27,345 - INFO - Train Step: 650, Actor Loss: 23.023651123046875, Critic1 Loss: 1648.37646484375, Critic2 Loss: 1648.3544921875
2024-08-03 02:15:27,346 - INFO - Step: Action=Buy, Reward=-109.50807775341951, Portfolio Value=987349.9189058059, Budget=985378.2310071462, Position=1800
2024-08-03 02:15:27,386 - INFO - Train Step: 651, Actor Loss: 22.818544387817383, Critic1 Loss: 1799.205810546875, Critic2 Loss: 1799.260986328125
2024-08-03 02:15:27,387 - INFO - Step: Action=Buy, Reward=-113.96242083854185, Portfolio Value=987429.6981849424, Budget=985264.2606083797, Position=1900
2024-08-03 02:15:27,426 - INFO - Train Step: 652, Actor Loss: 23.05023193359375, Critic1 Loss: 1930.9427490234375, Critic2 Loss: 1930.5087890625
2024-08-03 02:15:27,427 - INFO - Step: Action=Buy, Reward=-116.18227928051547, Portfolio Value=987471.8039155978, Budget=985148.0741185262, Position=2000
2024-08-03 02:15:27,509 - INFO - Train Step: 653, Actor Loss: 23.0286922454834, Critic1 Loss: 1523.255859375, Critic2 Loss: 1523.0810546875
2024-08-03 02:15:27,511 - INFO - Step: Action=Buy, Reward=-109.55151313872719, Portfolio Value=987338.8384503704, Budget=985038.535901934, Position=2100
2024-08-03 02:15:27,551 - INFO - Train Step: 654, Actor Loss: 23.282634735107422, Critic1 Loss: 1595.12158203125, Critic2 Loss: 1595.144775390625
2024-08-03 02:15:27,553 - INFO - Step: Action=Buy, Reward=-105.11534200051935, Portfolio Value=987245.762624711, Budget=984933.429867516, Position=2200
2024-08-03 02:15:27,591 - INFO - Train Step: 655, Actor Loss: 22.964319229125977, Critic1 Loss: 1394.5225830078125, Critic2 Loss: 1394.3634033203125
2024-08-03 02:15:27,592 - INFO - Step: Action=Buy, Reward=-122.79575991182416, Portfolio Value=987635.7946560452, Budget=984810.5951044011, Position=2300
2024-08-03 02:15:27,631 - INFO - Train Step: 656, Actor Loss: 22.893245697021484, Critic1 Loss: 1604.385009765625, Critic2 Loss: 1604.38818359375
2024-08-03 02:15:27,633 - INFO - Step: Action=Buy, Reward=-122.83476311495758, Portfolio Value=987635.7946560452, Budget=984687.7603412862, Position=2400
2024-08-03 02:15:27,671 - INFO - Train Step: 657, Actor Loss: 23.098766326904297, Critic1 Loss: 1586.66943359375, Critic2 Loss: 1586.580078125
2024-08-03 02:15:27,672 - INFO - Step: Action=Buy, Reward=-100.72703842979337, Portfolio Value=987103.9327951351, Budget=984587.0864890425, Position=2500
2024-08-03 02:15:27,711 - INFO - Train Step: 658, Actor Loss: 22.975055694580078, Critic1 Loss: 1489.6856689453125, Critic2 Loss: 1489.598388671875
2024-08-03 02:15:27,711 - INFO - Step: Action=Hold, Reward=-0.022160910871252416, Portfolio Value=986882.3236864225, Budget=984587.0864890425, Position=2500
2024-08-03 02:15:27,755 - INFO - Train Step: 659, Actor Loss: 22.93659210205078, Critic1 Loss: 1491.973388671875, Critic2 Loss: 1491.97119140625
2024-08-03 02:15:27,756 - INFO - Step: Action=Hold, Reward=-0.09418387120283442, Portfolio Value=985940.4849743942, Budget=984587.0864890425, Position=2500
2024-08-03 02:15:27,795 - INFO - Train Step: 660, Actor Loss: 22.916221618652344, Critic1 Loss: 1722.0152587890625, Critic2 Loss: 1722.0091552734375
2024-08-03 02:15:27,796 - INFO - Step: Action=Hold, Reward=-0.02216091087126406, Portfolio Value=985718.8758656816, Budget=984587.0864890425, Position=2500
2024-08-03 02:15:27,836 - INFO - Train Step: 661, Actor Loss: 22.657289505004883, Critic1 Loss: 1400.30908203125, Critic2 Loss: 1400.28125
2024-08-03 02:15:27,837 - INFO - Step: Action=Buy, Reward=-89.48259225371845, Portfolio Value=986826.9214092444, Budget=984497.4930922345, Position=2600
2024-08-03 02:15:27,876 - INFO - Train Step: 662, Actor Loss: 22.848031997680664, Critic1 Loss: 2479.53564453125, Critic2 Loss: 2479.71142578125
2024-08-03 02:15:27,878 - INFO - Step: Action=Buy, Reward=-98.43471380927072, Portfolio Value=987057.3948823054, Budget=984399.0353310779, Position=2700
2024-08-03 02:15:27,917 - INFO - Train Step: 663, Actor Loss: 22.33380126953125, Critic1 Loss: 1201.1922607421875, Critic2 Loss: 1201.3814697265625
2024-08-03 02:15:27,919 - INFO - Step: Action=Buy, Reward=-98.45776115657682, Portfolio Value=987057.3948823054, Budget=984300.5775699213, Position=2800
2024-08-03 02:15:27,956 - INFO - Train Step: 664, Actor Loss: 22.3134765625, Critic1 Loss: 1362.5958251953125, Critic2 Loss: 1362.984375
2024-08-03 02:15:27,957 - INFO - Step: Action=Buy, Reward=-131.6060516378004, Portfolio Value=987988.1531388981, Budget=984168.8784424578, Position=2900
2024-08-03 02:15:27,995 - INFO - Train Step: 665, Actor Loss: 22.44637107849121, Critic1 Loss: 1951.36572265625, Critic2 Loss: 1951.40625
2024-08-03 02:15:27,996 - INFO - Step: Action=Buy, Reward=-129.48946304048678, Portfolio Value=987923.8864973715, Budget=984039.3954060815, Position=3000
2024-08-03 02:15:28,036 - INFO - Train Step: 666, Actor Loss: 21.857215881347656, Critic1 Loss: 1559.84033203125, Critic2 Loss: 1559.560302734375
2024-08-03 02:15:28,037 - INFO - Step: Action=Buy, Reward=-100.76027979610025, Portfolio Value=987059.6109733925, Budget=983938.7215538378, Position=3100
2024-08-03 02:15:28,074 - INFO - Train Step: 667, Actor Loss: 21.876428604125977, Critic1 Loss: 1988.753173828125, Critic2 Loss: 1988.6317138671875
2024-08-03 02:15:28,076 - INFO - Step: Action=Buy, Reward=-94.04618862943605, Portfolio Value=986853.5145022898, Budget=983844.6959748555, Position=3200
2024-08-03 02:15:28,113 - INFO - Train Step: 668, Actor Loss: 22.198326110839844, Critic1 Loss: 1481.7685546875, Critic2 Loss: 1481.690185546875
2024-08-03 02:15:28,114 - INFO - Step: Action=Buy, Reward=-78.56258181279874, Portfolio Value=986357.1100987737, Budget=983766.183033483, Position=3300
2024-08-03 02:15:28,153 - INFO - Train Step: 669, Actor Loss: 22.038578033447266, Critic1 Loss: 1497.913818359375, Critic2 Loss: 1498.220947265625
2024-08-03 02:15:28,154 - INFO - Step: Action=Buy, Reward=-63.05149546668108, Portfolio Value=985845.1930576477, Budget=983703.1827297204, Position=3400
2024-08-03 02:15:28,193 - INFO - Train Step: 670, Actor Loss: 21.635112762451172, Critic1 Loss: 1312.238037109375, Critic2 Loss: 1312.3587646484375
2024-08-03 02:15:28,195 - INFO - Step: Action=Buy, Reward=-65.20886013999777, Portfolio Value=985920.54015461, Budget=983637.9663348707, Position=3500
2024-08-03 02:15:28,232 - INFO - Train Step: 671, Actor Loss: 22.011194229125977, Critic1 Loss: 1857.70654296875, Critic2 Loss: 1857.238037109375
2024-08-03 02:15:28,233 - INFO - Step: Action=Hold, Reward=-0.03102527521975571, Portfolio Value=985610.2874024124, Budget=983637.9663348707, Position=3500
2024-08-03 02:15:28,269 - INFO - Train Step: 672, Actor Loss: 22.18956756591797, Critic1 Loss: 2274.526611328125, Critic2 Loss: 2273.65234375
2024-08-03 02:15:28,271 - INFO - Step: Action=Buy, Reward=-51.93536096455073, Portfolio Value=985455.1610263136, Budget=983586.0464865437, Position=3600
2024-08-03 02:15:28,310 - INFO - Train Step: 673, Actor Loss: 22.268383026123047, Critic1 Loss: 2385.496337890625, Critic2 Loss: 2384.3212890625
2024-08-03 02:15:28,311 - INFO - Step: Action=Buy, Reward=-93.87399835196639, Portfolio Value=986970.9673299075, Budget=983492.0209075614, Position=3700
2024-08-03 02:15:28,351 - INFO - Train Step: 674, Actor Loss: 22.511566162109375, Critic1 Loss: 1764.806640625, Critic2 Loss: 1764.758056640625
2024-08-03 02:15:28,352 - INFO - Step: Action=Buy, Reward=-69.73877193119105, Portfolio Value=986069.0182574473, Budget=983422.3723305374, Position=3800
2024-08-03 02:15:28,391 - INFO - Train Step: 675, Actor Loss: 22.596473693847656, Critic1 Loss: 1919.69140625, Critic2 Loss: 1919.857421875
2024-08-03 02:15:28,392 - INFO - Step: Action=Buy, Reward=-51.98721749598947, Portfolio Value=985395.3265669611, Budget=983370.4524822105, Position=3900
2024-08-03 02:15:28,428 - INFO - Train Step: 676, Actor Loss: 23.107864379882812, Critic1 Loss: 1726.136474609375, Critic2 Loss: 1726.104248046875
2024-08-03 02:15:28,430 - INFO - Step: Action=Buy, Reward=-80.61667664145538, Portfolio Value=986518.8847481338, Budget=983289.7234497509, Position=4000
2024-08-03 02:15:28,467 - INFO - Train Step: 677, Actor Loss: 22.841379165649414, Critic1 Loss: 2351.96435546875, Critic2 Loss: 2351.9482421875
2024-08-03 02:15:28,468 - INFO - Step: Action=Buy, Reward=-54.24231178624839, Portfolio Value=985455.1610263137, Budget=983235.5875103369, Position=4100
2024-08-03 02:15:28,510 - INFO - Train Step: 678, Actor Loss: 23.547168731689453, Critic1 Loss: 1387.3519287109375, Critic2 Loss: 1387.19482421875
2024-08-03 02:15:28,511 - INFO - Step: Action=Hold, Reward=-0.09994570802936796, Portfolio Value=984455.70394602, Budget=983235.5875103369, Position=4100
2024-08-03 02:15:28,550 - INFO - Train Step: 679, Actor Loss: 23.61644172668457, Critic1 Loss: 2225.138916015625, Critic2 Loss: 2225.14794921875
2024-08-03 02:15:28,552 - INFO - Step: Action=Buy, Reward=-18.72391188734409, Portfolio Value=984001.4052731593, Budget=983216.9090283168, Position=4200
2024-08-03 02:15:28,591 - INFO - Train Step: 680, Actor Loss: 23.470251083374023, Critic1 Loss: 1758.6292724609375, Critic2 Loss: 1758.66357421875
2024-08-03 02:15:28,593 - INFO - Step: Action=Buy, Reward=-23.092049029177215, Portfolio Value=984187.5569244778, Budget=983193.7983641225, Position=4300
2024-08-03 02:15:28,631 - INFO - Train Step: 681, Actor Loss: 22.937196731567383, Critic1 Loss: 1265.0390625, Critic2 Loss: 1265.029296875
2024-08-03 02:15:28,632 - INFO - Step: Action=Hold, Reward=-0.08576272507176036, Portfolio Value=983329.9296737602, Budget=983193.7983641225, Position=4300
2024-08-03 02:15:28,671 - INFO - Train Step: 682, Actor Loss: 23.423175811767578, Critic1 Loss: 1372.47314453125, Critic2 Loss: 1372.2509765625
2024-08-03 02:15:28,672 - INFO - Step: Action=Hold, Reward=0.12387949177031406, Portfolio Value=984568.7245914633, Budget=983193.7983641225, Position=4300
2024-08-03 02:15:28,712 - INFO - Train Step: 683, Actor Loss: 23.544269561767578, Critic1 Loss: 1882.9764404296875, Critic2 Loss: 1883.259033203125
2024-08-03 02:15:28,714 - INFO - Step: Action=Buy, Reward=-12.115971483753203, Portfolio Value=983711.0973407459, Budget=983181.7681553639, Position=4400
2024-08-03 02:15:28,750 - INFO - Train Step: 684, Actor Loss: 23.439319610595703, Critic1 Loss: 2182.795654296875, Critic2 Loss: 2182.968017578125
2024-08-03 02:15:28,751 - INFO - Step: Action=Hold, Reward=-0.0487540039167623, Portfolio Value=983223.5573015782, Budget=983181.7681553639, Position=4400
2024-08-03 02:15:28,790 - INFO - Train Step: 685, Actor Loss: 23.637409210205078, Critic1 Loss: 1682.5609130859375, Critic2 Loss: 1682.6829833984375
2024-08-03 02:15:28,790 - INFO - Step: Action=Hold, Reward=-0.019501601566700263, Portfolio Value=983028.5412859112, Budget=983181.7681553639, Position=4400
2024-08-03 02:15:28,827 - INFO - Train Step: 686, Actor Loss: 23.588584899902344, Critic1 Loss: 1316.9193115234375, Critic2 Loss: 1316.91064453125
2024-08-03 02:15:28,828 - INFO - Step: Action=Hold, Reward=-0.02925240235006204, Portfolio Value=982736.0172624106, Budget=983181.7681553639, Position=4400
2024-08-03 02:15:28,865 - INFO - Train Step: 687, Actor Loss: 22.98007583618164, Critic1 Loss: 1254.37841796875, Critic2 Loss: 1254.3154296875
2024-08-03 02:15:28,866 - INFO - Step: Action=Hold, Reward=-0.02925240235006204, Portfolio Value=982443.49323891, Budget=983181.7681553639, Position=4400
2024-08-03 02:15:28,904 - INFO - Train Step: 688, Actor Loss: 23.22439956665039, Critic1 Loss: 2047.25732421875, Critic2 Loss: 2046.9161376953125
2024-08-03 02:15:28,906 - INFO - Step: Action=Hold, Reward=-0.03900320313340053, Portfolio Value=982053.461207576, Budget=983181.7681553639, Position=4400
2024-08-03 02:15:28,942 - INFO - Train Step: 689, Actor Loss: 23.523191452026367, Critic1 Loss: 2462.0712890625, Critic2 Loss: 2462.0439453125
2024-08-03 02:15:28,943 - INFO - Step: Action=Buy, Reward=0.0292524023500504, Portfolio Value=982345.9852310765, Budget=983181.7681553639, Position=4400
2024-08-03 02:15:28,981 - INFO - Train Step: 690, Actor Loss: 23.40560531616211, Critic1 Loss: 1680.61669921875, Critic2 Loss: 1680.507568359375
2024-08-03 02:15:28,982 - INFO - Step: Action=Buy, Reward=0.0, Portfolio Value=982345.9852310765, Budget=983181.7681553639, Position=4400
2024-08-03 02:15:29,020 - INFO - Train Step: 691, Actor Loss: 23.28333854675293, Critic1 Loss: 1971.092041015625, Critic2 Loss: 1971.018310546875
2024-08-03 02:15:29,021 - INFO - Step: Action=Buy, Reward=0.0487540039167623, Portfolio Value=982833.5252702441, Budget=983181.7681553639, Position=4400
2024-08-03 02:15:29,059 - INFO - Train Step: 692, Actor Loss: 23.23078155517578, Critic1 Loss: 1247.248046875, Critic2 Loss: 1247.302001953125
2024-08-03 02:15:29,060 - INFO - Step: Action=Buy, Reward=-16.355132124315624, Portfolio Value=983906.1133564129, Budget=983165.3057644309, Position=4500
2024-08-03 02:15:29,098 - INFO - Train Step: 693, Actor Loss: 23.379060745239258, Critic1 Loss: 1948.8358154296875, Critic2 Loss: 1948.826904296875
2024-08-03 02:15:29,100 - INFO - Step: Action=Buy, Reward=-0.1096965088127181, Portfolio Value=982809.1482682857, Budget=983165.3057644309, Position=4500
2024-08-03 02:15:29,137 - INFO - Train Step: 694, Actor Loss: 23.860565185546875, Critic1 Loss: 2546.83349609375, Critic2 Loss: 2547.016357421875
2024-08-03 02:15:29,137 - INFO - Step: Action=Hold, Reward=-0.029917229676188435, Portfolio Value=982509.9759715238, Budget=983165.3057644309, Position=4500
2024-08-03 02:15:29,175 - INFO - Train Step: 695, Actor Loss: 24.297325134277344, Critic1 Loss: 1994.0975341796875, Critic2 Loss: 1994.1900634765625
2024-08-03 02:15:29,176 - INFO - Step: Action=Buy, Reward=0.0, Portfolio Value=982509.9759715238, Budget=983165.3057644309, Position=4500
2024-08-03 02:15:29,214 - INFO - Train Step: 696, Actor Loss: 23.949161529541016, Critic1 Loss: 2218.68310546875, Critic2 Loss: 2218.681640625
2024-08-03 02:15:29,215 - INFO - Step: Action=Hold, Reward=0.029917229676188435, Portfolio Value=982809.1482682857, Budget=983165.3057644309, Position=4500
2024-08-03 02:15:29,255 - INFO - Train Step: 697, Actor Loss: 24.24068832397461, Critic1 Loss: 1723.4501953125, Critic2 Loss: 1723.695068359375
2024-08-03 02:15:29,256 - INFO - Step: Action=Buy, Reward=-0.019944819784129503, Portfolio Value=982609.7000704444, Budget=983165.3057644309, Position=4500
2024-08-03 02:15:29,296 - INFO - Train Step: 698, Actor Loss: 24.499717712402344, Critic1 Loss: 1508.9649658203125, Critic2 Loss: 1508.9349365234375
2024-08-03 02:15:29,297 - INFO - Step: Action=Hold, Reward=0.40886880557466065, Portfolio Value=986698.388126191, Budget=983165.3057644309, Position=4500
2024-08-03 02:15:29,335 - INFO - Train Step: 699, Actor Loss: 24.820972442626953, Critic1 Loss: 1677.6209716796875, Critic2 Loss: 1677.5604248046875
2024-08-03 02:15:29,336 - INFO - Step: Action=Buy, Reward=-82.92517872691403, Portfolio Value=986897.8363240324, Budget=983082.3606408843, Position=4600
2024-08-03 02:15:29,374 - INFO - Train Step: 700, Actor Loss: 24.984455108642578, Critic1 Loss: 2168.2353515625, Critic2 Loss: 2168.6005859375
2024-08-03 02:15:29,375 - INFO - Step: Action=Buy, Reward=-71.91563820607445, Portfolio Value=986388.1353739935, Budget=983010.4959727732, Position=4700
2024-08-03 02:15:29,416 - INFO - Train Step: 701, Actor Loss: 25.376203536987305, Critic1 Loss: 1909.7918701171875, Critic2 Loss: 1909.635009765625
2024-08-03 02:15:29,417 - INFO - Step: Action=Buy, Reward=-56.424939897958346, Portfolio Value=985659.0414063291, Budget=982954.1439422719, Position=4800
2024-08-03 02:15:29,456 - INFO - Train Step: 702, Actor Loss: 25.368194580078125, Critic1 Loss: 2265.24658203125, Critic2 Loss: 2265.333984375
2024-08-03 02:15:29,458 - INFO - Step: Action=Buy, Reward=-65.17384590082119, Portfolio Value=986084.5308950573, Budget=982888.9275474222, Position=4900
2024-08-03 02:15:29,498 - INFO - Train Step: 703, Actor Loss: 25.785531997680664, Critic1 Loss: 1895.7760009765625, Critic2 Loss: 1895.832275390625
2024-08-03 02:15:29,500 - INFO - Step: Action=Hold, Reward=-0.01085884632691741, Portfolio Value=985975.9424317881, Budget=982888.9275474222, Position=4900
2024-08-03 02:15:29,537 - INFO - Train Step: 704, Actor Loss: 25.90923309326172, Critic1 Loss: 1676.5521240234375, Critic2 Loss: 1676.28955078125
2024-08-03 02:15:29,538 - INFO - Step: Action=Buy, Reward=-74.02646496656152, Portfolio Value=986518.8847481338, Budget=982814.8467882241, Position=5000
2024-08-03 02:15:29,573 - INFO - Train Step: 705, Actor Loss: 25.841537475585938, Critic1 Loss: 1537.922119140625, Critic2 Loss: 1537.89990234375
2024-08-03 02:15:29,575 - INFO - Step: Action=Buy, Reward=-67.4657273031264, Portfolio Value=986186.471085065, Budget=982747.4143022873, Position=5100
2024-08-03 02:15:29,612 - INFO - Train Step: 706, Actor Loss: 26.05640411376953, Critic1 Loss: 2038.06591796875, Critic2 Loss: 2038.1246337890625
2024-08-03 02:15:29,614 - INFO - Step: Action=Hold, Reward=0.04520825817736331, Portfolio Value=986638.5536668387, Budget=982747.4143022873, Position=5100
2024-08-03 02:15:29,652 - INFO - Train Step: 707, Actor Loss: 26.152551651000977, Critic1 Loss: 1458.226318359375, Critic2 Loss: 1458.1566162109375
2024-08-03 02:15:29,653 - INFO - Step: Action=Buy, Reward=-93.93516246597106, Portfolio Value=987542.718830386, Budget=982653.388723305, Position=5200
2024-08-03 02:15:29,691 - INFO - Train Step: 708, Actor Loss: 25.919368743896484, Critic1 Loss: 1654.2996826171875, Critic2 Loss: 1654.6182861328125
2024-08-03 02:15:29,692 - INFO - Step: Action=Hold, Reward=0.0345710209591547, Portfolio Value=987888.4290399775, Budget=982653.388723305, Position=5200
2024-08-03 02:15:29,733 - INFO - Train Step: 709, Actor Loss: 26.044214248657227, Critic1 Loss: 1580.5126953125, Critic2 Loss: 1580.2763671875
2024-08-03 02:15:29,734 - INFO - Step: Action=Hold, Reward=-0.2074261257549515, Portfolio Value=985814.167782428, Budget=982653.388723305, Position=5200
2024-08-03 02:15:29,772 - INFO - Train Step: 710, Actor Loss: 26.352108001708984, Critic1 Loss: 1170.20458984375, Critic2 Loss: 1170.106689453125
2024-08-03 02:15:29,774 - INFO - Step: Action=Buy, Reward=-51.96594302155306, Portfolio Value=985353.2208363059, Budget=982601.468874978, Position=5300
2024-08-03 02:15:29,812 - INFO - Train Step: 711, Actor Loss: 25.98887825012207, Critic1 Loss: 1521.6907958984375, Critic2 Loss: 1521.751953125
2024-08-03 02:15:29,813 - INFO - Step: Action=Hold, Reward=-0.023490565523528493, Portfolio Value=985118.3151810706, Budget=982601.468874978, Position=5300
2024-08-03 02:15:29,853 - INFO - Train Step: 712, Actor Loss: 26.42200469970703, Critic1 Loss: 1755.6715087890625, Critic2 Loss: 1755.6341552734375
2024-08-03 02:15:29,854 - INFO - Step: Action=Buy, Reward=-32.05724552214352, Portfolio Value=984296.145387747, Budget=982569.4938464352, Position=5400
2024-08-03 02:15:29,892 - INFO - Train Step: 713, Actor Loss: 26.229145050048828, Critic1 Loss: 1875.847900390625, Critic2 Loss: 1875.60009765625
2024-08-03 02:15:29,894 - INFO - Step: Action=Buy, Reward=-29.770904347556108, Portfolio Value=984176.4764690422, Budget=982539.7349089795, Position=5500
2024-08-03 02:15:29,931 - INFO - Train Step: 714, Actor Loss: 26.138771057128906, Critic1 Loss: 1821.427734375, Critic2 Loss: 1821.3994140625
2024-08-03 02:15:29,932 - INFO - Step: Action=Hold, Reward=0.07313100587513763, Portfolio Value=984907.7865277936, Budget=982539.7349089795, Position=5500
2024-08-03 02:15:29,970 - INFO - Train Step: 715, Actor Loss: 25.855167388916016, Critic1 Loss: 2426.623046875, Critic2 Loss: 2426.56298828125
2024-08-03 02:15:29,972 - INFO - Step: Action=Hold, Reward=-0.0975080078335246, Portfolio Value=983932.7064494584, Budget=982539.7349089795, Position=5500
2024-08-03 02:15:30,010 - INFO - Train Step: 716, Actor Loss: 26.107315063476562, Critic1 Loss: 1612.8646240234375, Critic2 Loss: 1613.0206298828125
2024-08-03 02:15:30,011 - INFO - Step: Action=Hold, Reward=-0.02437700195837533, Portfolio Value=983688.9364298746, Budget=982539.7349089795, Position=5500
2024-08-03 02:15:30,049 - INFO - Train Step: 717, Actor Loss: 26.077360153198242, Critic1 Loss: 1622.2177734375, Critic2 Loss: 1622.2498779296875
2024-08-03 02:15:30,050 - INFO - Step: Action=Buy, Reward=-1.0594498318665595, Portfolio Value=982591.9713417474, Budget=982538.7851556564, Position=5600
2024-08-03 02:15:30,090 - INFO - Train Step: 718, Actor Loss: 25.853702545166016, Critic1 Loss: 2189.134765625, Critic2 Loss: 2188.85302734375
2024-08-03 02:15:30,091 - INFO - Step: Action=Hold, Reward=-0.09928088070322992, Portfolio Value=981599.1625347151, Budget=982538.7851556564, Position=5600
2024-08-03 02:15:30,129 - INFO - Train Step: 719, Actor Loss: 25.547256469726562, Critic1 Loss: 1610.6297607421875, Critic2 Loss: 1610.8382568359375
2024-08-03 02:15:30,130 - INFO - Step: Action=Hold, Reward=-0.08687077061531599, Portfolio Value=980730.454828562, Budget=982538.7851556564, Position=5600
2024-08-03 02:15:30,168 - INFO - Train Step: 720, Actor Loss: 25.796234130859375, Critic1 Loss: 2252.07568359375, Critic2 Loss: 2252.01806640625
2024-08-03 02:15:30,169 - INFO - Step: Action=Hold, Reward=0.04964044035160914, Portfolio Value=981226.8592320781, Budget=982538.7851556564, Position=5600
2024-08-03 02:15:30,208 - INFO - Train Step: 721, Actor Loss: 26.22174072265625, Critic1 Loss: 2337.8671875, Critic2 Loss: 2337.853759765625
2024-08-03 02:15:30,209 - INFO - Step: Action=Buy, Reward=-16.239008951350247, Portfolio Value=983460.6790479006, Budget=982522.3227647234, Position=5700
2024-08-03 02:15:30,249 - INFO - Train Step: 722, Actor Loss: 25.792259216308594, Critic1 Loss: 1928.427001953125, Critic2 Loss: 1928.36962890625
2024-08-03 02:15:30,250 - INFO - Step: Action=Hold, Reward=0.08842203437631252, Portfolio Value=984344.8993916637, Budget=982522.3227647234, Position=5700
2024-08-03 02:15:30,291 - INFO - Train Step: 723, Actor Loss: 25.733989715576172, Critic1 Loss: 1527.02978515625, Critic2 Loss: 1526.997314453125
2024-08-03 02:15:30,292 - INFO - Step: Action=Buy, Reward=-12.143894231451, Portfolio Value=983208.0446639683, Budget=982510.2925559648, Position=5800
2024-08-03 02:15:30,330 - INFO - Train Step: 724, Actor Loss: 25.557682037353516, Critic1 Loss: 2637.831787109375, Critic2 Loss: 2637.69775390625
2024-08-03 02:15:30,331 - INFO - Step: Action=Hold, Reward=-0.08997329813729739, Portfolio Value=982308.3116825953, Budget=982510.2925559648, Position=5800
2024-08-03 02:15:30,370 - INFO - Train Step: 725, Actor Loss: 24.871395111083984, Critic1 Loss: 1298.924560546875, Critic2 Loss: 1299.06689453125
2024-08-03 02:15:30,372 - INFO - Step: Action=Hold, Reward=0.2699198944118922, Portfolio Value=985007.5106267142, Budget=982510.2925559648, Position=5800
2024-08-03 02:15:30,409 - INFO - Train Step: 726, Actor Loss: 25.43682289123535, Critic1 Loss: 1303.359375, Critic2 Loss: 1303.6514892578125
2024-08-03 02:15:30,410 - INFO - Step: Action=Hold, Reward=0.14138661135861186, Portfolio Value=986421.3767403003, Budget=982510.2925559648, Position=5800
2024-08-03 02:15:30,451 - INFO - Train Step: 727, Actor Loss: 25.334373474121094, Critic1 Loss: 1843.703857421875, Critic2 Loss: 1843.743896484375
2024-08-03 02:15:30,452 - INFO - Step: Action=Buy, Reward=-45.40010834861757, Portfolio Value=985136.0439097675, Budget=982465.0209808992, Position=5900
2024-08-03 02:15:30,490 - INFO - Train Step: 728, Actor Loss: 25.13376808166504, Critic1 Loss: 2621.767578125, Critic2 Loss: 2621.49755859375
2024-08-03 02:15:30,491 - INFO - Step: Action=Buy, Reward=-29.85046201758392, Portfolio Value=984220.7982907847, Budget=982435.2620434435, Position=6000
2024-08-03 02:15:30,531 - INFO - Train Step: 729, Actor Loss: 25.082748413085938, Critic1 Loss: 1405.7471923828125, Critic2 Loss: 1406.113037109375
2024-08-03 02:15:30,532 - INFO - Step: Action=Buy, Reward=-20.947759293274554, Portfolio Value=983688.9364298746, Budget=982414.3674703364, Position=6100
2024-08-03 02:15:30,571 - INFO - Train Step: 730, Actor Loss: 25.188737869262695, Critic1 Loss: 2136.866455078125, Critic2 Loss: 2137.1123046875
2024-08-03 02:15:30,572 - INFO - Step: Action=Buy, Reward=-23.097146038677607, Portfolio Value=983824.1179861892, Budget=982391.256806142, Position=6200
2024-08-03 02:15:30,610 - INFO - Train Step: 731, Actor Loss: 25.38098907470703, Critic1 Loss: 1733.731689453125, Critic2 Loss: 1733.1126708984375
2024-08-03 02:15:30,611 - INFO - Step: Action=Buy, Reward=-12.098907582382346, Portfolio Value=983137.1297491803, Budget=982379.2265973834, Position=6300
2024-08-03 02:15:30,650 - INFO - Train Step: 732, Actor Loss: 25.524505615234375, Critic1 Loss: 2274.31201171875, Critic2 Loss: 2274.2421875
2024-08-03 02:15:30,651 - INFO - Step: Action=Buy, Reward=-0.18149786003557966, Portfolio Value=981322.1511488245, Budget=982379.2265973834, Position=6300
2024-08-03 02:15:30,690 - INFO - Train Step: 733, Actor Loss: 25.177696228027344, Critic1 Loss: 2300.862548828125, Critic2 Loss: 2300.85986328125
2024-08-03 02:15:30,691 - INFO - Step: Action=Buy, Reward=0.08376824309334624, Portfolio Value=982159.833579758, Budget=982379.2265973834, Position=6300
2024-08-03 02:15:30,730 - INFO - Train Step: 734, Actor Loss: 25.35095977783203, Critic1 Loss: 1558.6922607421875, Critic2 Loss: 1558.636474609375
2024-08-03 02:15:30,732 - INFO - Step: Action=Buy, Reward=0.0, Portfolio Value=982159.833579758, Budget=982379.2265973834, Position=6300
2024-08-03 02:15:30,771 - INFO - Train Step: 735, Actor Loss: 25.431875228881836, Critic1 Loss: 1466.859619140625, Critic2 Loss: 1466.9281005859375
2024-08-03 02:15:30,772 - INFO - Step: Action=Buy, Reward=-0.05584549539556028, Portfolio Value=981601.3786258023, Budget=982379.2265973834, Position=6300
2024-08-03 02:15:30,810 - INFO - Train Step: 736, Actor Loss: 25.33032989501953, Critic1 Loss: 1523.8634033203125, Critic2 Loss: 1523.924072265625
2024-08-03 02:15:30,811 - INFO - Step: Action=Buy, Reward=-25.089411926003446, Portfolio Value=983974.8121801137, Budget=982353.899842102, Position=6400
2024-08-03 02:15:30,853 - INFO - Train Step: 737, Actor Loss: 25.60248565673828, Critic1 Loss: 1734.793212890625, Critic2 Loss: 1734.8009033203125
2024-08-03 02:15:30,854 - INFO - Step: Action=Buy, Reward=-49.5477444272817, Portfolio Value=985534.9403054501, Budget=982304.1960848621, Position=6500
2024-08-03 02:15:30,893 - INFO - Train Step: 738, Actor Loss: 25.35446548461914, Critic1 Loss: 1364.4013671875, Critic2 Loss: 1364.527099609375
2024-08-03 02:15:30,894 - INFO - Step: Action=Buy, Reward=-47.502070744756125, Portfolio Value=985390.894384787, Budget=982256.7084187095, Position=6600
2024-08-03 02:15:30,934 - INFO - Train Step: 739, Actor Loss: 25.79726791381836, Critic1 Loss: 1940.1064453125, Critic2 Loss: 1940.002685546875
2024-08-03 02:15:30,935 - INFO - Step: Action=Buy, Reward=-76.10670967004624, Portfolio Value=987292.3005375406, Budget=982180.4115684241, Position=6700
2024-08-03 02:15:30,977 - INFO - Train Step: 740, Actor Loss: 25.828351974487305, Critic1 Loss: 1810.6300048828125, Critic2 Loss: 1810.5733642578125
2024-08-03 02:15:30,978 - INFO - Step: Action=Hold, Reward=0.0, Portfolio Value=987292.3005375406, Budget=982180.4115684241, Position=6700
2024-08-03 02:15:31,027 - INFO - Train Step: 741, Actor Loss: 26.12482261657715, Critic1 Loss: 1631.428955078125, Critic2 Loss: 1631.445556640625
2024-08-03 02:15:31,029 - INFO - Step: Action=Hold, Reward=-0.14847810283740984, Portfolio Value=985807.5195091665, Budget=982180.4115684241, Position=6700
2024-08-03 02:15:31,076 - INFO - Train Step: 742, Actor Loss: 25.808929443359375, Critic1 Loss: 1828.8431396484375, Critic2 Loss: 1828.9122314453125
2024-08-03 02:15:31,077 - INFO - Step: Action=Buy, Reward=-62.94091252143352, Portfolio Value=986401.4319205161, Budget=982117.4112646615, Position=6800
2024-08-03 02:15:31,119 - INFO - Train Step: 743, Actor Loss: 25.949077606201172, Critic1 Loss: 1642.0936279296875, Critic2 Loss: 1642.0015869140625
2024-08-03 02:15:31,120 - INFO - Step: Action=Buy, Reward=-67.4023470980346, Portfolio Value=986702.8203083653, Budget=982049.9787787247, Position=6900
2024-08-03 02:15:31,159 - INFO - Train Step: 744, Actor Loss: 25.660781860351562, Critic1 Loss: 2005.2626953125, Critic2 Loss: 2005.31640625
2024-08-03 02:15:31,160 - INFO - Step: Action=Buy, Reward=-65.23168587819518, Portfolio Value=986549.9100233535, Budget=981984.762383875, Position=7000
2024-08-03 02:15:31,199 - INFO - Train Step: 745, Actor Loss: 26.24462890625, Critic1 Loss: 2561.0751953125, Critic2 Loss: 2561.00146484375
2024-08-03 02:15:31,200 - INFO - Step: Action=Hold, Reward=0.06205055043951142, Portfolio Value=987170.4155277486, Budget=981984.762383875, Position=7000
2024-08-03 02:15:31,242 - INFO - Train Step: 746, Actor Loss: 25.566852569580078, Critic1 Loss: 1182.697509765625, Critic2 Loss: 1182.2642822265625
2024-08-03 02:15:31,244 - INFO - Step: Action=Buy, Reward=-104.88885749141511, Portfolio Value=989342.1847931317, Budget=981879.656349457, Position=7100
2024-08-03 02:15:31,293 - INFO - Train Step: 747, Actor Loss: 26.04566764831543, Critic1 Loss: 1856.996826171875, Critic2 Loss: 1856.913818359375
2024-08-03 02:15:31,294 - INFO - Step: Action=Buy, Reward=-118.30817546039499, Portfolio Value=990286.2395962471, Budget=981761.2537685162, Position=7200
2024-08-03 02:15:31,338 - INFO - Train Step: 748, Actor Loss: 25.797149658203125, Critic1 Loss: 2318.42529296875, Critic2 Loss: 2318.40966796875
2024-08-03 02:15:31,340 - INFO - Step: Action=Hold, Reward=-0.04786756748190382, Portfolio Value=989807.563921428, Budget=981761.2537685162, Position=7200
