,Date,Open,High,Low,Close,Volume,volume_adi,volume_obv,volume_cmf,volume_fi,volume_em,volume_sma_em,volume_vpt,volume_vwap,volume_mfi,volume_nvi,volatility_bbm,volatility_bbh,volatility_bbl,volatility_bbw,volatility_bbp,volatility_bbhi,volatility_bbli,volatility_kcc,volatility_kch,volatility_kcl,volatility_kcw,volatility_kcp,volatility_kchi,volatility_kcli,volatility_dcl,volatility_dch,volatility_dcm,volatility_dcw,volatility_dcp,volatility_atr,volatility_ui,trend_macd,trend_macd_signal,trend_macd_diff,trend_sma_fast,trend_sma_slow,trend_ema_fast,trend_ema_slow,trend_vortex_ind_pos,trend_vortex_ind_neg,trend_vortex_ind_diff,trend_trix,trend_mass_index,trend_dpo,trend_kst,trend_kst_sig,trend_kst_diff,trend_ichimoku_conv,trend_ichimoku_base,trend_ichimoku_a,trend_ichimoku_b,trend_stc,trend_adx,trend_adx_pos,trend_adx_neg,trend_cci,trend_visual_ichimoku_a,trend_visual_ichimoku_b,trend_aroon_up,trend_aroon_down,trend_aroon_ind,trend_psar_up,trend_psar_down,trend_psar_up_indicator,trend_psar_down_indicator,momentum_rsi,momentum_stoch_rsi,momentum_stoch_rsi_k,momentum_stoch_rsi_d,momentum_tsi,momentum_uo,momentum_stoch,momentum_stoch_signal,momentum_wr,momentum_ao,momentum_roc,momentum_ppo,momentum_ppo_signal,momentum_ppo_hist,momentum_pvo,momentum_pvo_signal,momentum_pvo_hist,momentum_kama,others_dr,others_dlr,others_cr
0,2023-01-01,20881980.0,20983694.0,20848310.0,20976934.0,11664205615481,10499370332720.09,11664205615481,0.9001359097086805,0.0,0.0,0.0,0.0,20936312.666666668,50.0,1000.0,20976934.0,20976934.0,20976934.0,0.0,0.0,0.0,0.0,20936312.666666668,21071696.666666668,20800928.666666668,1.2932936391951093,0.6500226516181088,0.0,0.0,20848310.0,20983694.0,20916002.0,0.6453946034248856,0.9500679548543403,0.0,0.0,0.0,0.0,0.0,20976934.0,20976934.0,20976934.0,20976934.0,0.0,0.0,0.0,-42.578330827997924,1.0,17538759.994750656,-455.3665837396317,-455.3665837396317,0.0,20916002.0,20916002.0,20916002.0,20916002.0,0.0,0.0,0.0,0.0,0.0,37770532.36351706,36241687.27821522,0.0,0.0,0.0,20848310.0,29246858.0,0.0,0.0,100.0,0.0,0.0,0.0,0.0,0.0,95.00679548543403,95.00679548543403,-4.993204514565975,0.0,0.0,0.0,0.0,0.0,0.0,0.0,0.0,20976934.0,0.0,0.0,0.0
1,2023-01-02,20977476.0,21355044.0,20930146.0,21196110.0,15365444804389,14369860561936.879,27029650419870,0.5316332375269391,3.3677367304467635e+18,626593.7220802016,626593.7220802016,160544755036.498,21063717.708156142,100.0,1000.0,21086522.0,21305698.0,20867346.0,2.0788255170767376,0.75,0.0,0.0,21048373.0,21328514.0,20768232.0,2.6618779513266895,0.7636832880585134,0.0,0.0,20848310.0,21355044.0,21101677.0,2.403117972703132,0.686356155300414,0.0,0.0,17484.12535612285,3496.8250712245704,13987.300284898281,21086522.0,21086522.0,21010653.384615384,20993169.25925926,0.028008296584533958,0.0029597150882092467,0.02504858149632471,0.002040708737511402,2.3151932683634744,17429171.994750656,-452.52130202109555,-453.94394288036364,1.4226408592680855,21101677.0,21101677.0,21101677.0,21101677.0,0.0,0.0,0.0,0.0,66.66666666666667,37770532.36351706,36241687.27821522,4.0,0.0,4.0,20848310.0,29246858.0,0.0,0.0,100.0,0.0,0.0,0.0,100.0,47.46966706051595,68.6356155300414,81.82120550773772,-31.364384469958598,0.0,0.0,0.08328483012831087,0.016656966025662173,0.06662786410264869,2.4731643532365952,0.4946328706473191,1.9785314825892761,21075734.596530553,1.0448428736058446,1.0394221166865947,1.0448428736058446
2,2023-01-03,21196588.0,21310532.0,21286596.0,21340292.0,17787669052216,76388899182497.48,44817319472086,1.7044504241284557,3.253011725995313e+18,20987.98877492555,323790.8554275636,281541565266.6123,21162447.01164081,100.0,1000.0,21171112.0,21469891.446165003,20872332.553834997,2.8225201034787673,0.7831185380579514,0.0,0.0,21136406.444444444,21331145.777777776,20941667.11111111,1.8426910349703254,1.0234832431272842,1.0,0.0,20848310.0,21355044.0,21101677.0,2.3935162215381034,0.9708880793473499,0.0,0.0,42484.96288179606,11294.45263333887,31190.51024845719,21171112.0,21171112.0,21061367.01775148,21018882.054869685,0.048724909256270314,0.006700608744733467,0.04202430051153685,0.0066991766726496324,3.3818465459365146,17344581.994750656,-450.32505443403323,-452.73764673158684,2.4125922975536014,21101677.0,21101677.0,21101677.0,21101677.0,0.0,0.0,0.0,0.0,87.99218588617369,37770532.36351706,36241687.27821522,4.0,0.0,4.0,20848310.0,29246858.0,1.0,0.0,100.0,0.0,0.0,0.0,100.0,60.789027484645125,97.08880793473499,86.9104063167368,-2.911192065265011,0.0,0.0,0.20212760493583476,0.05375109380769669,0.14837651112813807,5.790998683900335,1.5539060332979222,4.2370926506024125,21217049.3821808,0.6802285891137627,0.6779254728510153,1.73217878265719
3,2023-01-04,21340738.0,21612098.0,21267144.0,21440006.0,23421496568532,76441180218107.36,68238816040618,1.120200857128105,3.1219316378294973e+18,207750.07367964176,285110.59484492295,390980138498.6258,21257625.03131954,100.0,1000.0,21238335.5,21586444.47074767,20890226.52925233,3.278119142130213,0.7896657612224875,0.0,0.0,21212242.166666664,21444535.166666664,20979949.166666664,2.1901786541455746,0.990251177033608,0.0,0.0,20848310.0,21612098.0,21230204.0,3.5962705269440725,0.7746861694606356,0.0,0.0,69542.74769100174,22944.111644871446,46598.6360461303,21238335.5,21238335.5,21119619.168866638,21050076.421175636,0.06536461594662436,0.008914782713588013,0.05644983323303635,0.013825655696071484,4.618867962611982,17277358.494750656,-448.5797009682704,-451.69816029075776,3.118459322487354,21230204.0,21230204.0,21230204.0,21230204.0,0.0,0.0,0.0,0.0,92.55642628180765,37770532.36351706,36241687.27821522,12.0,0.0,12.0,20866798.88,29246858.0,0.0,0.0,100.0,0.0,0.0,0.0,100.0,57.17681810960145,77.46861694606356,81.06434680361332,-22.531383053936434,0.0,0.0,0.33036814831248873,0.1090745047086551,0.22129364360383363,11.278782180345965,3.498881262707531,7.779900917638434,21331286.219417438,0.4672569616198219,0.466168704932457,2.207529470226688
4,2023-01-05,21440302.0,21411704.0,21411510.0,21458506.0,17451489256812,8514146279756519.0,85690305297430,99.3595045577679,2.7220631968897157e+18,-31.141846521084826,213825.16067206196,406038555518.24084,21292168.42328725,76.33798202077767,1000.8628728928528,21282369.6,21640095.63458088,20924643.565419123,3.3617124531178035,0.746188958830414,0.0,0.0,21255241.73333333,21441114.93333333,21069368.53333333,1.7489634070687172,1.046782071505387,1.0,0.0,20848310.0,21612098.0,21230204.0,3.5888296949790774,0.7989075502626384,0.0,0.0,91425.1403741017,36640.31739071749,54784.822983384205,21282369.6,21282369.6,21171755.604425617,21080330.464051515,0.07304471213658599,0.019696930396992187,0.0533477817395938,0.02244233383001315,5.610740570485911,17233324.394750655,-447.4364241521756,-450.84581306304136,3.4093889108657436,21230204.0,21230204.0,21230204.0,21230204.0,0.0,0.0,0.0,0.0,69.28639557043958,37770532.36351706,36241687.27821522,12.0,0.0,12.0,20911516.8272,29246858.0,0.0,0.0,100.0,0.0,0.0,0.0,100.0,60.10605311814867,79.89075502626383,84.8160599690208,-20.109244973736168,0.0,0.0,0.4336988005477896,0.17399936387648202,0.25969943667130757,11.8374889618011,5.166602802526246,6.670886159274854,21398121.47735266,0.08628728928528062,0.08625008320493066,2.2957215768519834
5,2023-01-06,21458170.0,21287234.0,21289376.0,21255736.0,18073003494409,9063744459783976.0,67617301803021,87.35018731878412,1.8096737518252836e+18,1461.3668618041545,171352.4019100104,235259521853.86084,21289604.60553762,61.397803959597994,1000.8628728928528,21277930.666666668,21605091.196728323,20950770.136605013,3.075116045698693,0.4660798528134105,0.0,0.0,21258942.888888888,21413480.22222222,21104405.555555556,1.4538571756933591,0.48962422600508154,0.0,0.0,20848310.0,21612098.0,21230204.0,3.589578385066016,0.533428124034418,0.0,0.0,91352.19856884703,47582.6936263434,43769.50494250363,21277930.666666668,21277930.666666668,21184675.665283214,21093323.466714367,0.07900508475540606,0.026040686192969884,0.05296439856243618,0.029752510632002037,6.4360690081759895,17237763.32808399,-447.5516741418016,-450.29678990950134,2.745115767699758,21230204.0,21230204.0,21230204.0,21230204.0,0.0,0.0,0.0,0.0,8.788425484493064,37770532.36351706,36241687.27821522,12.0,0.0,12.0,20953551.697568,29246858.0,0.0,0.0,65.29792245899043,0.0,0.0,0.0,97.87402051877359,48.90530462693103,53.34281240344179,70.23406145858972,-46.65718759655821,66689.39999999851,0.0,0.43308584686999374,0.2258166604751844,0.20726918639480935,12.403255019235578,6.613933245868113,5.789321773367465,21325396.276457895,-0.9449399692597393,-0.9494328527555496,1.329088416829638
6,2023-01-07,21255920.0,21284634.0,21208366.0,21259632.0,9673392179652,9067075633699726.0,77290693982673,79.93070634149058,1.5565328638405181e+18,-32960.34814660747,137300.27690057407,237032574357.52057,21286302.11094044,55.582663269443174,1001.0463227509424,21275316.57142857,21578478.975231938,20972154.167625204,2.8498979348725224,0.47413173396206476,0.0,0.0,21257790.666666664,21401146.666666664,21114434.666666664,1.3487384672085398,0.5064222402038834,0.0,0.0,20848310.0,21612098.0,21230204.0,3.590019436071376,0.538529015904937,0.0,0.0,90564.79175767675,56179.11325261008,34385.67850506667,21275316.57142857,21275316.57142857,21196207.409085795,21105642.61732812,0.07893691072387128,0.03012413523175658,0.0488127754921147,0.035849014296565354,7.234982217037223,17240377.423322085,-447.6195450527724,-449.9143263585401,2.2947813057676854,21230204.0,21230204.0,21230204.0,21230204.0,0.0,0.0,0.0,0.0,-3.788881181332688,37770532.36351706,36241687.27821522,12.0,0.0,12.0,20993064.47571392,29246858.0,0.0,0.0,65.54532466524812,0.0,0.0,0.0,96.12892063480466,49.98325221850221,53.852901590493694,62.36215634006644,-46.147098409506306,87891.68571428582,0.0,0.42910227089376274,0.2664737825589001,0.16262848833486265,8.276516134144957,6.946449823523482,1.3300663106214756,21298572.210833117,0.018329170064967926,0.018327490477787478,1.3476611977708552
7,2023-01-08,21258464.0,21428022.0,21220728.0,21428022.0,12247667948565,9079323301648292.0,89538361931238,72.23908095861444,1.6287974269859955e+18,131804.8490357007,136515.21577702073,334042005464.2715,21293378.95582292,60.360317051811116,1001.0463227509424,21294404.75,21595438.05780455,20993371.44219545,2.8273465385741856,0.7219310065296037,0.0,0.0,21270432.333333332,21421780.583333332,21119084.083333332,1.4230857899659994,1.020619388287172,1.0,0.0,20848310.0,21612098.0,21230204.0,3.586801363865313,0.7589959517562465,0.0,0.0,102348.6207032539,65413.014742738844,36935.60596051505,21294404.75,21294404.75,21231871.192303363,21129522.57160011,0.0896168676581477,0.033153370003387105,0.0564634976547606,0.04236444751838305,8.174696612594536,17221289.244750656,-447.1239502291654,-449.5655293423682,2.441579113202806,21230204.0,21230204.0,21230204.0,21230204.0,0.0,0.0,0.0,0.0,50.89307302573731,37770532.36351706,36241687.27821522,12.0,0.0,12.0,21030206.487171084,29246858.0,0.0,0.0,74.13003974666692,0.0,0.0,0.0,94.72349477471587,60.09929087531791,75.89959517562465,61.03176972318672,-24.10040482437535,83635.47500000149,0.0,0.48438681165858055,0.3100563883788362,0.17433042327974435,6.288697749116699,6.814899408642125,-0.5262016595254257,21350450.852858976,0.7920645098654644,0.7889441449652423,2.1504000536970658
8,2023-01-09,21431594.0,21517602.0,21431594.0,21317794.0,23088248179392,8995137419694953.0,66450113751846,60.46231890699412,1.0325447345139932e+18,55960.849362024834,126445.91997514626,215273627294.88007,21313391.06402534,67.05944132266065,1001.0463227509424,21297003.555555556,21581200.96559788,21012806.145513233,2.6688957373835547,0.5365774699377941,0.0,0.0,21287309.85185185,21431398.074074075,21143221.629629627,1.3537475916402766,0.6057829282574334,0.0,0.0,20848310.0,21612098.0,21230204.0,3.5863636779116637,0.614678418618779,0.0,0.0,101621.4824617207,72654.70828653523,28966.774175185477,21297003.555555556,21297003.555555556,21245090.085795153,21143468.603333432,0.10472027397166371,0.03318485417156605,0.07153541980009766,0.047768850448654025,9.070018788106466,17218690.4391951,-447.0564762909855,-449.2867456699924,2.230269379006927,21230204.0,21230204.0,21230204.0,21230204.0,0.0,0.0,0.0,0.0,77.27692312040615,37770532.36351706,36241687.27821522,12.0,0.0,12.0,21065119.97794082,29246858.0,0.0,0.0,63.05473374747047,0.0,0.0,0.0,92.3645827143774,46.54082003011992,61.4678418618779,63.74011287599874,-38.5321581381221,66614.0,0.0,0.4806282468038347,0.34417076006383596,0.13645748673999875,10.490197540108245,7.54995903493535,2.9402385051728945,21338277.283945516,-0.514410522819142,-0.5157381687400431,1.624927646719021
9,2023-01-10,21313326.0,21704814.0,21289256.0,21635552.0,19604287140972,9008206724301800.0,86054400892818,53.500251503847984,1.7749553543464202e+18,47560.38706714083,117680.86076314567,507490498953.40985,21340148.79634917,71.21356543827258,1015.9676826920645,21330858.4,21668427.309723865,20993289.49027613,3.1650757170078703,0.95130577968398,0.0,0.0,21312899.6,21484134.8,21141664.4,1.6068691094476992,1.4421322251499642,1.0,0.0,20848310.0,21704814.0,21276562.0,4.015328328277685,0.9191340612536544,200812.6,0.0,125241.9242102392,83172.15147127603,42069.77273896318,21330858.4,21330858.4,21305161.149518974,21179919.225308735,0.11647570750625769,0.044165119520305954,0.07231058798595173,0.05505363179707994,10.306931739365945,17184835.594750658,-446.177487989514,-448.2657350310904,2.0882470415763805,21317480.0,21276562.0,21297021.0,21276562.0,0.0,0.0,0.0,0.0,122.44823018714375,37770532.36351706,36241687.27821522,36.0,0.0,36.0,21097938.65926437,29246858.0,0.0,0.0,74.76108279475777,0.0,0.0,0.0,90.57511393930908,52.460971932657465,91.91340612536544,76.426947720956,-8.086593874634561,62242.400000002235,0.0,0.5913238991987402,0.39360138789081683,0.19772251130792334,11.616410281234222,8.363249284195124,3.253160997039098,21458268.438983407,1.4905763701441144,1.4795764539613288,3.1397248043970594
10,2023-01-11,21635636.0,22281418.0,21622532.0,22281418.0,22824806756427,9031031531058228.0,108879207649245,47.23300583438373,3.6273569666607145e+18,1313279.8890207272,237240.76358890385,1188858214486.9224,21426295.02233425,74.97617103383932,1015.9676826920645,21417272.90909091,22051537.933705848,20783007.884475973,5.922929845524017,1.1812176750828352,1.0,0.0,21425447.26666667,21649032.666666668,21201861.866666667,2.087101353985273,2.414191922489865,1.0,0.0,20848310.0,22281418.0,21564864.0,6.691365451068674,1.0,246619.94000000003,0.0,193842.783993721,105306.27797576503,88536.50601795598,21417272.90909091,21417272.90909091,21455354.51113144,21261511.72713772,0.16179563638307265,0.04679803151984161,0.11499760486323105,0.06916780488791947,11.906910285856844,17098421.085659746,-438.41106424435543,-446.69793083367483,8.286866589319402,21744892.0,21564864.0,21654878.0,21564864.0,0.0,0.0,0.0,0.0,252.30087521284935,37770532.36351706,36241687.27821522,40.0,0.0,40.0,21146488.68652322,29246858.0,0.0,0.0,85.09725240700652,0.0,0.0,0.0,89.5067615470901,68.59538884583569,100.0,84.46041599574778,-0.0,136062.3272727281,0.0,0.9117074386874588,0.49722259805014524,0.4144848406373136,13.779400648289547,9.446479557014008,4.332921091275539,21641192.911165483,2.9852069408721427,2.9415169993647794,6.218659028054341
11,2023-01-12,22508394.0,23570480.0,22431928.0,23388006.0,43345400621155,9060483128615588.0,152224608270400,38.62969390717568,9.96137742607528e+18,2756005.8490380337,466219.4077206429,3341571304047.1377,21741173.154718786,80.14360207738315,1015.9676826920645,21581500.666666668,22828689.929675117,20334311.40365822,11.557947542867339,1.2242306307928397,1.0,0.0,21622417.73333333,21917368.53333333,21327466.93333333,2.728194447425754,3.4930216610137435,1.0,0.0,20848310.0,23570480.0,22209395.0,12.613441678800772,0.9329674487633028,350864.14600000007,0.0,333655.6879950948,150976.15997963102,182679.5280154638,21581500.666666668,21581500.666666668,21752685.50941891,21419029.821423814,0.24274209039275632,0.050994984486170805,0.1917471059065855,0.09736185807591845,13.872612527124861,-604566.6666666679,-428.32917565029504,-444.2539443021484,15.924768651853356,22389423.0,22209395.0,22299409.0,22209395.0,0.0,0.0,0.0,0.0,297.627089262478,37770532.36351706,36241687.27821522,44.0,0.0,44.0,21259981.6178709,29246858.0,0.0,0.0,91.51151983982253,0.0,0.0,0.0,89.3316612443312,74.69649837790163,93.29674487633028,95.07005033389858,-6.703255123669719,350472.3166666664,0.0,1.5577535060031737,0.709328779640751,0.8484247263624227,23.273128511959477,12.211809348003104,11.061319163956373,22137254.58598781,4.966416410302066,4.847026929711262,11.493919940826425
12,2023-01-13,23387160.0,24709542.0,23186890.0,24641782.0,36171380876276,9093435162236974.0,188395989146676,33.5900036914884,1.501701054085507e+19,3986493.412447396,759575.5747812056,5280633968454.437,22066951.419330943,83.17454164955771,1070.4313209062384,21816906.923076924,23840715.643150344,19793098.203003503,18.552664016114296,1.1979105902905176,1.0,0.0,21909110.866666667,22353933.266666666,21464288.466666665,4.060615720163885,3.5716428998779426,1.0,0.0,20848310.0,24709542.0,22778926.0,17.698347495426887,0.9824511969236762,468042.9314000001,0.0,539409.6875631772,228662.86549634027,310746.82206683693,21886904.666666668,21816906.923076924,22197161.89258523,21657752.205022052,0.32566004226505074,0.06429062691622522,0.2613694153488255,0.14514525060359654,15.975273472728578,-620796.9230769239,-415.5920962876995,-440.588654893196,24.99655860549649,22958954.0,22778926.0,22868940.0,22778926.0,0.0,0.0,0.0,0.0,253.90702779066538,37770532.36351706,36241687.27821522,48.0,0.0,48.0,21537241.42372639,29246858.0,0.0,0.0,94.43440166591478,0.0,0.0,0.0,89.8469326412884,83.56588399058421,98.24511969236762,97.1806215228993,-1.7548803076323827,686867.3692307696,17.470846788191256,2.4906079008425333,1.0655846038811074,1.4250232969614258,26.30030619449174,15.029508717300832,11.270797477190907,22952949.115910586,5.3607648296310595,5.222013062361697,17.470846788191263
13,2023-01-14,24642972.0,26084576.0,24639620.0,25962156.0,48230037370163,9133492879931168.0,236626026516839,28.636259536336688,2.1969107229674574e+19,4235943.803053901,1026988.5154175668,7864931133431.855,22595475.512917142,86.15381679839672,1070.4313209062384,22112996.14285714,25004712.48860594,19221279.797108345,26.15399855422006,1.1655493480198411,1.0,0.0,22321347.666666668,22876170.26666667,21766525.06666667,4.971228514383454,3.781056263149097,1.0,0.0,20848310.0,26084576.0,23466443.0,23.67958627664935,0.9766207446298565,565734.2382600001,0.3965940830870765,799794.8246884532,342889.25733476283,456905.5673536904,22284075.166666668,22112996.14285714,22776391.755264428,21976596.930575974,0.4249057540996189,0.06335116723927602,0.36155458686034286,0.21578451048919045,17.943389798393376,-772704.1428571418,-400.1039215274757,-435.32948793489606,35.22556640742039,23646471.0,23466443.0,23556457.0,23466443.0,0.0,0.0,0.0,0.0,240.07143794717743,37770532.36351706,36241687.27821522,52.0,0.0,52.0,21981363.504404698,29246858.0,0.0,0.0,95.99746908081218,0.891663227114684,0.0,0.0,90.74034048401418,85.50065602648341,97.66207446298564,96.40131301056118,-2.3379255370143532,1201913.1000000015,22.485474929126145,3.639302423459845,1.5803281677968548,2.05897425566299,31.230549697194594,18.269716913279584,12.96083278391501,24012730.799361072,5.358273196313479,5.21964817559919,23.765255685125375
14,2023-01-15,25963622.0,25983752.0,25505062.0,25847394.0,23888622666063,9143771839518834.0,212737403850776,26.670889581330485,1.8439019609092104e+19,766086.4243545809,1008352.6517702107,7759334891178.219,22883532.02870622,87.27895246674929,1065.69963224179,22361956.0,25719855.906523004,19004056.093476996,30.03225573400649,1.0189907527066608,1.0,0.0,22756497.26666667,23359169.46666667,22153825.06666667,5.296704435113424,3.0643266217799114,1.0,0.0,20848310.0,26084576.0,23466443.0,23.415956994101947,0.954703981806883,557029.814434,0.41381601339652085,985530.999647703,471417.60579735093,514113.3938503521,22659667.0,22361956.0,23248853.6390699,22263322.639422197,1.6149045519271532,0.2929425506138169,1.3219620013133362,0.29690083121353256,19.49755541333373,-921950.0,-385.3469238043173,-428.41784900850894,43.07092520419161,23646471.0,23466443.0,23556457.0,23466443.0,0.0,0.0,0.0,0.0,182.97463176222237,37770532.36351706,36241687.27821522,52.0,0.0,52.0,22637877.503699947,29246858.0,0.0,0.0,93.53856062979303,0.8251077871237542,0.0,0.0,90.46924816790926,84.63615905030511,95.39848247041866,97.10189220859064,-4.601517529581351,1798439.8666666672,21.120151495584032,4.4267022295342375,2.1496029801443317,2.277099249389906,27.29408292976639,20.074590116576946,7.219492813189444,24605550.153830387,-0.4420357076661885,-0.4430155741395936,23.21816906131278
15,2023-01-16,25849158.0,26535110.0,25689514.0,26286438.0,33268373823986,9157473155183704.0,246005777674762,24.348148361299337,1.7891485367390106e+19,935119.3359373108,1030390.195617147,8324431701989.324,23272626.232270144,88.13314721514476,1065.69963224179,22607236.125,26372938.44051021,18841533.80948979,33.314132649288716,0.9885147001458492,0.0,0.0,23245787.8,23933233.8,22558341.8,5.914585523317906,2.7115556712818165,1.0,0.0,20848310.0,26535110.0,23691710.0,25.15477773822739,0.9562720686502075,585886.4329906001,0.41381601339652085,1154843.1253320388,608102.7097042885,546740.4156277503,23063536.333333332,22607236.125,23716174.30998222,22561331.184650183,1.5946028492839068,0.30822018485146246,1.2863826644324443,0.38460190866155086,20.921497761957102,-1148730.125,-356.87959476357116,-418.3356323097088,61.45603754613762,23877919.0,23691710.0,23784814.5,23691710.0,0.0,0.0,74.20509048521424,2.4847936150448686,158.89539248900735,37770532.36351706,36241687.27821522,60.0,0.0,60.0,23189349.263107955,29246858.0,0.0,0.0,94.1553484924688,0.8418024255778362,0.8528578132720915,0.0,90.43602181378714,84.8684059856563,95.33163223162217,96.1307297216755,-4.668367768377831,2386184.0249999985,22.604620539751714,5.118683449484343,2.7434190740123343,2.3752643754720086,26.571927495384926,21.374057592338545,5.1978699030463815,25245919.399360098,1.6986006403585607,1.684335728993247,25.31115367002632
16,2023-01-17,26294138.0,26538080.0,25995042.0,26184206.0,30933729413275,9148090580535778.0,215072048261487,22.47471331304514,1.4883785025566102e+19,270782.3144856683,1048232.6474536287,8204125670971.431,23622221.11851691,88.73307748611764,1061.5549624769726,22817646.11764706,26840058.0074499,18795234.22784422,35.25702755721087,0.9184752798299274,0.0,0.0,23744611.0,24478734.0,23010488.0,6.1834914878159095,2.161571017390819,1.0,0.0,20848310.0,26538080.0,23693195.0,24.93583242839216,0.9378052188401289,581601.5896915401,0.4266704041854768,1266179.2109783776,739718.0099591063,526461.2010192713,23457344.666666668,22817646.11764706,24095871.493061878,22829692.2820835,1.568076939473174,0.350051045414525,1.218025894058649,0.4707230575397123,22.176015461759654,-1561910.1176470593,-329.12646318325835,-405.22480041571913,76.09833723246078,23913668.0,23693195.0,23803431.5,23693195.0,0.0,0.0,68.93670967291105,2.307069413369566,135.3008468775647,37770532.36351706,36241687.27821522,64.0,0.0,64.0,23791586.195748523,29246858.0,0.0,0.0,91.95423827077852,0.7822248275536351,0.8163783467517418,0.0,89.72960566834254,81.12870338006799,93.36035667204656,94.69682379136248,-6.639643327953433,2814602.623529412,22.022502405339868,5.546194820909004,3.303974223391668,2.2422205975173357,24.98071865247943,22.095389804366725,2.885328848112703,25579249.256683875,-0.38891537910157314,-0.38967362154807006,24.823799321673977
17,2023-01-18,26183626.0,26441842.0,25347618.0,25617986.0,37154615701698,9129296774207730.0,177917432559789,20.552505022202535,9.752146235825883e+18,-1095062.8783529736,955174.579451299,7400676198315.454,23973655.442116663,78.66714292621657,1061.5549624769726,22973220.555555556,27087433.89068382,18859007.220427293,35.8174712611927,0.8214181216446318,0.0,0.0,24188966.8,25011782.8,23366150.8,6.803233943832606,1.3683710574417605,1.0,0.0,20848310.0,26538080.0,23693195.0,24.766967200965897,0.8382897726973146,632863.8307223861,0.8024641249294563,1293810.398183018,850536.4876038887,443273.91057912924,23820865.5,22973220.555555556,24330042.95566774,23036232.557484724,1.4492335068735553,0.44985185389053295,0.9993816529830224,0.5454388847379132,23.460013006321248,-1713588.555555556,-303.6271481902971,-389.28820840453153,85.66106021423445,23913668.0,23693195.0,23803431.5,23693195.0,0.0,0.0,59.674663776583024,9.946585229482496,105.08073728638999,37770532.36351706,36241687.27821522,64.0,0.0,64.0,24340884.95659882,29246858.0,0.0,0.0,80.70142685742533,0.4776442261732691,0.7005571597682468,0.7899311065973601,85.59299347212414,72.77014857043575,82.73652207229131,90.47617032532001,-17.263477927708692,3024871.3222222254,20.522695614962476,5.61641490184837,3.7664623590830084,1.8499525427653616,25.061214620235546,22.688554767540488,2.372659852695058,25588422.952704813,-2.1624486150162436,-2.1861721649823807,22.124548802031786
18,2023-01-19,25615466.0,26090184.0,25613776.0,25990632.0,26072048888354,9144472597126186.0,203989481448143,19.445322744561878,9.746931735000695e+18,-78116.00111373444,949597.0895036409,7779927117183.535,24219681.160601463,83.3718370611053,1076.996621729468,23132031.684210528,27357168.35491731,18906895.013503745,36.53061459007751,0.8382849524854878,0.0,0.0,24636553.533333335,25498409.533333335,23774697.533333335,6.996563044696217,1.2855595753041489,1.0,0.0,20848310.0,26538080.0,23693195.0,24.59693155220657,0.90378380848435,617218.2476501475,0.8569723219817686,1330441.2326233126,946517.4366077736,383923.796015539,24215115.5,23132031.684210528,24585518.193257317,23255076.960634004,1.4437443603274565,0.4955902646098925,0.948154095717564,0.6111837795199482,24.599229995762467,-1704009.6842105277,-277.0043192049105,-370.4911896506867,93.48687044577622,24080306.0,23693195.0,23886750.5,23693195.0,0.0,0.0,56.13817594413126,9.357122710343633,98.24706021306977,37770532.36351706,36241687.27821522,64.0,0.0,64.0,24780323.965279054,29246858.0,0.0,0.0,82.24166369966495,0.5824328113025629,0.614100621676489,0.7103453760654924,82.72114277511983,71.63064247518356,89.7283794214849,88.6084193886076,-10.271620578515094,2964909.3157894723,22.253442580755866,5.721078605224451,4.157385608311297,1.5636929969131543,21.837434109934108,22.518330636019215,-0.6808965260851068,25695302.335787594,1.4546264487770522,1.444148248471322,23.901004789355774
19,2023-01-20,25988882.0,27934974.0,25803722.0,27915516.0,35452622941263,9179277866176692.0,239442104389406,18.15096161255076,1.8103396723953465e+19,6115958.157252089,1386346.860245804,10405572644297.695,24616431.189069975,88.23361014702122,1076.996621729468,23371205.9,27987125.97185245,18755285.828147545,39.50091485739256,0.9922431529643327,0.0,0.0,25204039.866666667,26237465.266666666,24170614.466666665,8.200474253071993,1.8118876956833718,1.0,0.0,20848310.0,27934974.0,24391642.0,30.322200875394284,0.9972542793054673,768621.6228851328,0.8189152364777154,1497530.8808870986,1056720.1254636387,440810.7554234599,24755740.0,23371205.9,25097825.548140805,23600294.667253707,1.3876136030593613,0.42398733876295697,0.9636262642964044,0.6838206529530308,26.010134414031654,-2053411.8999999985,-245.5735224905613,-349.06479612248734,103.49127363192605,25183451.0,24391642.0,24787546.5,24391642.0,0.0,0.0,62.89461048713364,7.278913789600701,127.02807147549696,37770532.36351706,36241687.27821522,76.0,0.0,76.0,25131875.172223244,29246858.0,0.0,0.0,87.70174041738207,0.7481772967700738,0.6027514447486353,0.6391364087311237,81.68536594310463,75.95164011879794,99.71073087654283,90.72521079010635,-0.2892691234571719,2996884.5500000007,30.275748270185648,6.345390606351111,4.59498660791926,1.7504039984318505,21.565393573737314,22.327743223562834,-0.76234964982552,26358287.888865273,7.406068463437143,7.144649787437629,33.07719803094198
20,2023-01-21,27916594.0,28661268.0,27712742.0,28039940.0,39937418014968,9166893606008028.0,279379522404374,17.147070414405423,1.622707909183074e+19,3129476.0295059136,1612235.1729352698,10583580218977.473,25017149.153970394,91.13390615709548,1076.996621729468,23724356.2,28625454.608035143,18823257.791964855,41.31701924147593,0.9402670014669348,0.0,0.0,25811659.266666666,26874048.666666664,24749269.866666667,8.231856689445568,1.5487118627752392,1.0,0.0,20930146.0,28661268.0,24795707.0,32.58727838524023,0.9196328812299173,786612.0605966195,0.7805575719122126,1621301.2562403567,1169636.3516189824,451664.9046213743,25315918.833333332,23593526.57142857,25550458.54073453,23929157.284494173,1.522842034421667,0.40534189733636256,1.1175001370853046,0.7569031943840904,27.301423648497284,-2088804.1999999993,-201.35443896035358,-323.84538093471605,122.49094197436247,25924079.0,24754789.0,25339434.0,24754789.0,0.0,0.0,64.21037892219118,6.578619234588403,134.39000431278805,37770532.36351706,36241687.27821522,80.0,0.0,80.0,25613776.0,29246858.0,0.0,0.0,87.95944797033252,0.7560001915704829,0.6955367665477065,0.6374629443242769,81.02568455325667,69.06214917846182,91.64942329454583,93.69617786419117,-8.350576705454174,3174446.8000000007,31.533028229844046,6.775421453270074,5.031073576989423,1.744347876280651,22.137714200627546,22.289737418975776,-0.15202321834822996,26844847.105248667,0.4457162819415661,0.44472590866782014,33.6703447701175
21,2023-01-22,28040384.0,28383526.0,27560178.0,27967290.0,30461123025471,9166556048515346.0,248918399378903,16.667994243868815,1.359278199474057e+19,-581547.1481332914,1561281.4588517707,10504657061945.023,25316332.512629468,84.12136567216919,1074.2061805028231,24062915.2,29150583.47692158,18975246.923078418,42.28638329674686,0.8837096472770075,0.0,0.0,26295678.6,27326547.6,25264809.6,7.840596287178532,1.3107778000890504,1.0,0.0,21208366.0,28661268.0,24934817.0,30.972564787162614,0.9068848617625724,790285.6545369576,0.7827027662643689,1694000.5388534144,1274509.189065869,419491.3497875454,25843563.666666668,23792334.0,25922278.76523691,24228278.226383496,1.484679248405551,0.4670473764780074,1.0176318719275437,0.8241922100024721,28.488625801683753,-1781497.1999999993,-160.25428620227612,-295.47451314744677,135.22022694517065,26650444.0,24754789.0,25702616.5,24754789.0,0.0,0.0,58.912069343788346,7.564761691105734,114.44637284651384,37770532.36351706,36241687.27821522,80.0,0.0,80.0,25803722.0,29246858.0,0.0,0.0,86.81552435103244,0.7212755821012047,0.7418176901472538,0.6800353004811986,80.17204257431563,66.95182189951427,90.58631483508165,93.98215633539012,-9.413685164918343,3309488.0,29.265433116751538,6.991832118754211,5.423225285342381,1.5686068334118302,19.885556929192237,21.808901321019068,-1.9233443918268307,27128639.833088238,-0.2590947056234749,-0.2594309368529224,33.32401198382948
22,2023-01-23,27968120.0,28457406.0,27909200.0,28215856.0,32625524083327,9170430718568152.0,281543923462230,16.12632381907546,1.2809469712534241e+19,355300.67382193956,1582662.8748846215,10794624234999.559,25715915.38571578,84.69221415930363,1074.2061805028231,24406693.4,29639138.596333977,19174248.20366602,42.877133010848404,0.8639945051568648,0.0,0.0,26697153.53333333,27630577.93333333,25763729.133333333,6.992688556362764,1.3135112316898245,1.0,0.0,21208366.0,28661268.0,24934817.0,30.536303619071976,0.9402364340762833,766077.6890832619,0.7628300588282214,1751482.4435918108,1369903.8399710574,381578.6036207534,26338100.166666668,23984661.04347826,26275136.801354308,24523654.357762497,1.4785857495104915,0.4864532863675401,0.9921324631429513,0.8845512276657379,29.555181882752976,-1018687.3999999985,-121.63951959504628,-264.5340240438435,142.8945044487972,27004443.0,24754789.0,25879616.0,24754789.0,0.0,0.0,56.37397931302562,7.1421825309077285,108.35386039444933,37770532.36351706,36241687.27821522,80.0,0.0,80.0,26375231.2,29246858.0,0.0,0.0,87.41841781981897,0.5960211334718971,0.6910989690478616,0.7094844752476073,79.66268017728075,66.12596880154746,93.95806734986324,92.06460182649691,-6.0419326501367605,3569906.6000000015,26.634023023130755,7.142012434363855,5.766982715146677,1.3750297192171788,18.443777263947172,21.135876509604692,-2.69209924565752,27370514.820326786,0.8887739927608385,0.8848476438057418,34.50896112844708
23,2023-01-24,28209946.0,28465966.0,27807442.0,27914388.0,32561675769194,9148445243444074.0,248982247693036,15.830659091168366,9.577216429202584e+18,-94241.34093562834,1572534.1800272812,10446723988032.484,26050459.152155876,77.88587916206433,1062.7289887839604,24730412.5,29989675.182670392,19471149.817329608,42.53275340773545,0.8027016990890571,0.0,0.0,26947201.666666668,27801982.866666667,26092420.46666667,6.344118477113357,1.0657508221597134,1.0,0.0,21208366.0,28661268.0,24934817.0,30.136585873769796,0.8997866871186553,755322.3201749356,0.8145238975933123,1752509.4807105921,1446424.9681189642,306084.5125916279,26715298.666666668,24148399.666666668,26527329.293453645,24774819.812743053,1.472963080263423,0.5089904695466989,0.9639726107167241,0.9325882810153862,30.565177260655656,-88630.5,-86.88480164886083,-231.37156602657058,144.48676437770973,27004443.0,24754789.0,25879616.0,24754789.0,0.0,0.0,52.57469256620833,7.702246525991731,95.00513902070108,37770532.36351706,36241687.27821522,80.0,0.0,80.0,26832438.56,29246858.0,0.0,0.0,82.4915451907013,0.11703147174495719,0.4781093957726863,0.6370086849892673,77.79105517820652,63.5967989426322,89.38900393479739,91.31112870658076,-10.610996065202617,3847938.3583333306,19.353432695373858,7.073752680974818,6.028336708312305,1.0454159726625125,17.083691162961053,20.325439440275964,-3.2417482773149118,27433393.192564655,-1.0684347127374094,-1.0741834608285927,33.07182069600829
24,2023-01-25,27917838.0,29246858.0,27661718.0,28502934.0,37833216030232,9150767353323336.0,286815463723268,1.0727510029724578,1.138998379099206e+19,1330616.7293780365,1573772.5257670886,11244398218315.768,26424685.99956315,78.86963449290073,1062.7289887839604,25082633.9,30361735.487533763,19803532.312466234,42.09367810877122,0.8239471757918815,0.0,0.0,27216378.4,28181804.6,26250952.2,7.094450156527815,1.1663148358724873,1.0,0.0,21208366.0,29246858.0,25227612.0,32.04803782588399,0.9074547813196804,838304.088157442,0.8145238975933123,1780292.0598696284,1513198.386469097,267093.6734005313,27037061.333333332,24322581.04,26831268.47907616,25050976.41920653,1.409230763671207,0.5263996510818699,0.882831112589337,0.9730583791531926,31.711942623940804,879522.1000000015,-50.50569682522104,-197.33002181119832,146.82432498597728,27297238.0,25047584.0,26172411.0,25047584.0,0.0,0.0,52.08221280862273,6.5567524013537435,98.13971830430488,37770532.36351706,36241687.27821522,96.0,0.0,96.0,27198204.448,29246858.0,0.0,0.0,84.3463869429111,0.23829432687579866,0.3171156440308843,0.49544133628381076,76.69859852642993,64.7003684130527,89.08390841872183,90.81032656779416,-10.916091581278165,3987623.0,15.669126526644867,7.106677320987306,6.244004830847306,0.8626724901400005,17.10533634577812,19.681418821376397,-2.5760824755982767,27606077.818725433,2.1083965731220733,2.086477451925006,35.87750240335408
25,2023-01-26,28491954.0,28622834.0,28285680.0,28380988.0,32478129612784,9136651310929658.0,254337334110484,0.11994171712720518,9.197046393170258e+18,-32.18096030962936,1376912.6664814928,11105444874292.988,26860528.96890176,71.53337717502046,1058.1822446043525,25438896.5,30597192.71650976,20280600.28349024,40.55440232252023,0.7851805495953756,0.0,0.0,27442326.4,28356908.4,26527744.4,6.665484453971075,1.0131642652053077,1.0,0.0,21208366.0,29246858.0,25227612.0,31.599216577653046,0.8922845230175013,788189.0793416979,0.8225106478539548,1772042.923200842,1564967.293815446,207075.6293853959,27238630.666666668,24478673.615384616,27069686.86691059,25297643.94370975,1.4356211182943766,0.624016852866492,0.8116042654278846,1.0031701117694385,31.708558200279416,408497.5,-27.857870432140263,-163.85573372774078,135.99786329560052,27297238.0,25047584.0,26172411.0,25047584.0,0.0,0.0,50.36643121309644,6.3407486163762545,91.58620856600692,37770532.36351706,36241687.27821522,96.0,0.0,96.0,27607935.1584,29246858.0,0.0,0.0,82.39855944246611,0.11095239933673494,0.15542606598583028,0.3168837019298003,75.26951569432818,62.2331489696421,85.71164072153516,88.0615176916848,-14.288359278464837,3877409.953846153,9.316760903832485,7.004774544000409,6.396158773477927,0.6086157705224826,15.588777131141976,18.862890483329515,-3.2741133521875394,27700804.92330518,-0.4278366570964254,-0.42875449696104795,35.29616863932545
26,2023-01-27,28378450.0,28804772.0,27844194.0,28387990.0,31222772005860,9140779793118040.0,285560106116344,0.1171019387403983,7.914414315515226e+18,-399253.62600285374,1063645.0208779036,11113147983486.543,27164158.668212254,64.65556522972216,1058.4433134606136,25795314.4,30729487.595344245,20861141.20465575,38.25635244317276,0.7627264485209376,0.0,0.0,27652980.666666668,28609316.666666668,26696644.666666664,6.91669380258009,0.8842840452170223,0.0,0.0,21220728.0,29246858.0,25233793.0,31.11468181988897,0.8929910180871727,805427.971407528,0.8295420436945906,1745944.2671418115,1601162.6884807192,144781.57866109232,27450347.0,24763714.230769232,27272502.73353973,25526558.46639792,1.3617143691498053,0.681939693871528,0.6797746752782773,1.0226906699816847,31.409886215227065,491123.6000000015,-6.637730831712796,-130.85690957678696,124.21917874507416,27430317.0,25088502.0,26259409.5,25047584.0,0.0,0.0,45.74278899584747,9.977840490980189,85.51903848006631,20916002.0,20916002.0,92.0,0.0,92.0,27607935.1584,29246858.0,0.0,1.0,82.42365817149512,0.11259326359838273,0.15394666327030546,0.20882945776234005,74.13736454771583,52.471888864441276,81.35828884898066,85.38461266307922,-18.64171115101933,3801202.3703703694,9.829215277950265,6.839716640377114,6.484870346857765,0.3548462935193495,13.920442872475586,17.87440096115873,-3.9539580886831445,27795441.562829528,0.02467144554656464,0.024668402645744436,35.329548159897904
27,2023-01-28,28389510.0,28495210.0,28179026.0,28329392.0,18097637552733,9139895356538502.0,267462468563611,0.09535127211086689,6.632285789682331e+18,22074.62067001502,762654.3649933402,11075791151765.979,27386897.312922295,58.3167353109667,1056.2584930037174,26140382.9,30759845.78198416,21520920.018015835,35.34349821619608,0.7369332924545302,0.0,0.0,27906186.73333333,28784718.73333333,27027654.73333333,6.296324240893957,0.7408593350422462,0.0,0.0,21289256.0,29246858.0,25268057.0,30.441795862140953,0.8847057191349856,756503.5742667753,0.8453514236674533,1700925.3170426674,1621115.214193109,79810.10284955846,27620593.166666668,25038071.230769232,27435101.082225926,25734175.76518326,1.3013063567241923,0.794784958850308,0.5065213978738843,1.031424421471837,31.25029238160717,43823.10000000149,13.710625569337044,-98.55524904631501,112.26587461565205,27525290.0,25227612.0,26376451.0,25047584.0,0.0,78.30342731616986,44.30117103543264,9.663381439100837,80.0346891683054,21101677.0,21101677.0,88.0,16.0,72.0,27607935.1584,29218804.72,0.0,0.0,81.3778427065979,0.05027648201924326,0.0912740483181203,0.13354892585808534,72.93815203873743,52.41315622300596,76.4706455616992,81.18019171073834,-23.529354438300796,3695261.321428571,7.771893628189563,6.60959702989172,6.509815683464556,0.09978134642716441,9.118010824401669,16.12312293380732,-7.005112109405651,27924605.689386416,-0.20641827758851594,-0.206631613742303,35.05020323751793
28,2023-01-29,28329834.0,29422660.0,28272786.0,29243740.0,33732316604064,9163130199355352.0,301194785167675,0.2600927201454417,1.0090970137198098e+19,1740560.604424256,832259.6635697456,12164521761384.877,27590837.743784178,59.5262496257445,1056.2584930037174,26536680.2,30777661.623730086,22295698.776269913,31.96316488548622,0.8191548759035886,0.0,0.0,28214339.866666667,29160218.46666667,27268461.26666667,6.704949358871877,1.0441502394352358,1.0,0.0,21289256.0,29422660.0,25355958.0,30.6496665698221,0.9780018304758992,795840.6168400978,0.8370556751452555,1719209.7371411435,1640734.118782716,78475.61835842743,27875554.333333332,25342050.0,27713353.22342194,25994143.486280795,1.2228790795851072,0.7230718634452489,0.49980721613985835,1.0378988326077043,31.011838351403533,-918694.1999999993,34.235102050265255,-67.46540187511206,101.70050392537732,28491419.0,25315513.0,26903466.0,25135485.0,0.0,77.69347968408462,48.29552363292015,8.601672453782577,95.19040466890814,21101677.0,21101677.0,100.0,12.0,88.0,27844194.0,29218804.72,1.0,0.0,84.65056389672083,0.29353055164296216,0.15213343242019603,0.13245138133620726,72.65567273647521,57.42773862288112,95.60937040648906,84.4794349390563,-4.390629593510938,3692581.8689655177,11.684654482171428,6.613834912654496,6.530619529302544,0.083215383351952,9.300816933160696,14.758661733677997,-5.4578448005173,28272499.83336911,3.227559560755844,3.1765681415190983,39.40902898393064
29,2023-01-30,29243842.0,29261922.0,27885768.0,28135560.0,33513136235537,9141783308069940.0,267681648932138,0.20244870405416557,3.343890501384457e+18,-1124628.5712058805,685134.8130595178,10894554673950.186,27757413.15221687,52.19872752192967,1016.231993767407,26861680.6,30504549.550816868,23218811.649183135,27.123164816551842,0.6748456254121284,0.0,0.0,28335307.8,29205676.6,27464939.0,6.143351652597899,0.3852510567933958,0.0,0.0,21622532.0,29422660.0,25522596.0,29.038123549127448,0.8349898873454384,853871.9551560881,1.3139167822247444,1625541.1803847775,1637695.5311031283,-12154.350718350848,28085352.166666668,25599571.307692308,27778308.112126254,26152766.931741476,1.1696131090518596,0.789412763223234,0.3802003458286256,1.0309519211235556,31.1176559470319,-871048.6000000015,46.01739644366989,-39.979642385776124,85.99703882944601,28491419.0,25315513.0,26903466.0,25135485.0,0.0,76.33388940080273,42.304942609346206,11.02311957457625,68.63720565133801,21230204.0,21230204.0,96.0,8.0,88.0,27875763.32,29218804.72,0.0,0.0,68.8560993771718,0.0,0.11460234455406847,0.11933660843079492,67.27907480566046,50.987531725943185,68.41504946452086,80.16502181090304,-31.584950535479145,3590398.166666664,9.827368943054307,6.215560994473081,6.467607822336651,-0.2520468278635706,9.258616090616902,13.658652605065779,-4.4000365144488764,28271078.32402278,-3.789460581991222,-3.8631276957641347,34.12617878284787
30,2023-01-31,28136370.0,28649908.0,28008134.0,28520352.0,28148793446258,9158567212680802.0,295830442378396,0.1917459066969503,4.41353907658275e+18,-558182.6378312751,625923.0307511644,11279527659302.977,27901756.377480805,45.77583397067644,1030.130346647028,27173627.3,30212661.403774723,24134593.196225278,22.36752620637233,0.7215711726181783,0.0,0.0,28360789.26666667,29200482.866666667,27521095.666666668,5.921510802147654,0.5950124743914521,0.0,0.0,22431928.0,29422660.0,25927294.0,25.726164279878823,0.870927965769536,832662.1596404793,1.4671881589743607,1564325.1067963429,1623021.4462417713,-58696.33944542846,28296162.166666668,25871180.769230768,27892468.710260674,26328143.60346433,1.1542913018479006,0.8381411821224025,0.3161501197254981,1.0164004911180409,31.31350601268719,741888.6999999993,55.27612386113743,-16.031819045396844,71.30794290653427,28542189.0,25315513.0,26928851.0,25135485.0,0.0,75.07141270918385,39.82405380878608,10.37669076004431,62.533791388923376,21230204.0,21230204.0,92.0,4.0,88.0,27885768.0,29218804.72,0.0,0.0,70.88732240600926,0.10632811409642953,0.13328622191313055,0.13334066629579835,63.50738958948635,55.30574904782422,77.85770060774834,80.62737349291943,-22.14229939225166,3455288.5806451626,9.73319925425438,5.941646058898374,6.3624154696489965,-0.4207694107506228,7.730503802390803,12.473022844530785,-4.742519042139982,28276000.492329795,1.367635831666414,1.358368096463991,35.960536463527035
31,2023-02-01,28518566.0,29044232.0,28143746.0,28996970.0,32614276121254,9187757968796098.0,328444718499650,0.19449165051753614,6.003683645122335e+18,731581.3895759278,756397.6213175146,11824561292000.068,28137743.367021076,53.3423849612535,1030.130346647028,27454075.5,30046343.523815975,24861807.476184025,18.884394951241205,0.7975954812204886,0.0,0.0,28436587.733333338,29283995.133333337,27589180.333333336,5.959979502088222,0.830645134009134,0.0,0.0,23186890.0,29422660.0,26304775.0,22.713458335175048,0.9317341723636375,839444.5436764313,1.3196975995524025,1536557.5379530266,1605728.6645840225,-69171.12663099589,28386283.333333332,26168920.53846154,28062391.985605188,26525834.44765216,1.217536430238109,0.7975362248483072,0.4200002053898019,0.9991264868494795,31.533819718872007,585864.5,65.48761146851238,4.760084406109676,60.72752706240271,28542189.0,25315513.0,26928851.0,25135485.0,0.0,74.11098664332175,40.146890967451164,9.532032144125633,75.17195668432262,21230204.0,21230204.0,88.0,0.0,88.0,27885768.0,29218804.72,0.0,0.0,73.21738048984108,0.22829930006253868,0.11154247138632274,0.11981034595117392,61.063017968883315,60.81186938860676,88.82376045056768,78.36550350761229,-11.176239549432328,3397726.0437499993,3.8740247538322414,5.792683133061736,6.248469002331545,-0.4557858692698087,7.605796418035429,11.499577559231714,-3.8937811411962846,28308338.853066005,1.6711504822941814,1.6573404083228382,38.232641624367034
32,2023-02-02,28993370.0,29456574.0,28754896.0,28758910.0,39290014414844,9148917477147712.0,289154704084806,0.08438168477450436,3.809817291305179e+18,913924.0978550955,827257.6283867167,11501997216112.219,28338367.80852566,55.00980839773557,1030.130346647028,27659931.9,29964072.89960582,25355790.900394175,16.660496547396225,0.7384789169126385,0.0,0.0,28516185.0,29378939.6,27653430.4,6.05098192482621,0.6406686211815037,0.0,0.0,24639620.0,29456574.0,27048097.0,17.41491633968918,0.8551649029656501,825667.8893087881,1.3592196879242262,1478301.1516746096,1580243.16200214,-101942.01032753033,28446197.5,26457354.307692308,28169548.60320439,26691247.45152978,1.240167390505516,0.7426086549626046,0.4975587355429113,0.9767019806874481,31.574865636245967,307358.1000000015,73.89316470534638,22.624302889910478,51.2688618154359,28559146.0,25338651.0,26948898.5,25152442.0,0.0,73.42408279588416,41.33733864438023,8.922555354361073,87.19400869784967,21230204.0,21230204.0,100.0,0.0,100.0,27916505.84,29218804.72,0.0,0.0,70.19538488226472,0.07010736879776151,0.1349115943189099,0.1265800958727877,58.16730381398196,56.47721718043475,80.90084131522438,82.52743412451348,-19.09915868477562,3431233.6303030327,2.56409250519081,5.538524021251328,6.106480006115501,-0.5679559848641738,9.088319534799918,11.017325954345356,-1.9290064195454377,28317473.05639056,-0.8209823302227748,-0.8243709495438623,37.097776062030796
33,2023-02-03,28755898.0,29461522.0,29080760.0,29261236.0,33795603917040,9147159184792916.0,322950308001846,0.02125127478921472,5.690759183008872e+18,186356.54366941153,403714.65598795406,12092298118797.02,28494247.075928636,55.09344901927992,1048.1234227583902,27824885.9,30091286.751661442,25558485.048338555,16.290459265900843,0.8168790946550889,0.0,0.0,28636709.06666667,29471687.46666667,27801730.666666668,5.8315248309864005,0.8739778977116842,0.0,0.0,25347618.0,29461522.0,27404570.0,14.784980663658356,0.9513148581007238,813362.3003779093,1.3592196879242262,1455883.5367650315,1555371.2369547184,-99487.70018968685,28554026.333333332,26758631.769230768,28337500.510403715,26881616.973638684,1.2536590239615706,0.841342468711798,0.4123165552497726,0.9537666777473383,31.57464019016384,390970.1000000015,83.10425219273993,37.46985278079503,45.634399411944905,28652858.0,25375389.0,27014123.5,25154916.0,0.0,72.78869131437452,38.716400704967114,8.347028050215163,102.01604930319152,21230204.0,21230204.0,100.0,4.0,96.0,27978108.5664,29218804.72,0.0,0.0,72.75110046550763,0.2038910125803965,0.16743256048023225,0.13796220872848827,56.44826138599493,55.63097181393437,89.46608293922614,86.39689490167272,-10.533917060773852,3397908.052941177,4.626640621955149,5.415907600323061,5.968365524957014,-0.5524579246339529,8.729806722443884,10.559822107965061,-1.8300153855211772,28375901.831892468,1.7466795507896427,1.731600439465808,39.492434881093686
34,2023-02-04,29257492.0,29395774.0,29064668.0,29114646.0,19515498680614,9133535126273820.0,303434809321232,-0.01602720618838102,4.4691111637802895e+18,-69426.14043195808,175221.64384953465,11994531334386.709,28558114.87654764,48.518168773079125,1042.872639348484,27988248.5,30128441.211952347,25848055.788047653,15.293509430948117,0.763153288418702,0.0,0.0,28708828.333333336,29418403.333333336,27999253.333333336,4.943252937815818,0.7859582614006019,0.0,0.0,25347618.0,29461522.0,27404570.0,14.698683270587654,0.9156820382779958,765136.6703401183,1.3657981741084309,1410034.8238100596,1526303.9543257868,-116269.13051572721,28628925.5,27058510.692307692,28457061.35495699,27047026.53114693,1.0933647233191013,0.9042532923138947,0.18911143100520655,0.9282651147621959,31.16607485439361,-73860.5,87.59954487445044,50.29845448152733,37.301090392923115,28652858.0,25375389.0,27014123.5,25154916.0,0.0,72.15909179315092,37.489190616818945,8.236500628862075,96.57207605207225,21230204.0,21230204.0,96.0,0.0,96.0,28067113.372416,29218804.72,0.0,0.0,70.8420239539189,0.10698688220887363,0.12699508786234387,0.143113080887162,54.50002900455865,54.545940680551396,81.75627345709141,84.04106590384731,-18.243726542908597,3284647.3999999985,3.1854075240531423,5.213271123116938,5.817346644589,-0.6040755214720619,4.736619802163684,9.395181646804787,-4.658561844641103,28394243.16704679,-0.500969952192043,-0.502229013429556,38.79361969675836
35,2023-02-05,29115146.0,29228934.0,28503090.0,28645316.0,24413340316450,9118689163354848.0,279021469004782,-0.06157621141063246,2.193821995994609e+18,-1082846.1569344192,139414.5717923112,11600986689855.588,28613077.79814548,49.10629893728729,1042.872639348484,28106192.4,30114150.948983096,26098233.8510169,14.288371191702916,0.6342466955488283,0.0,0.0,28745089.6,29493533.6,27996645.6,5.207456371957178,0.4333459817969003,0.0,0.0,25347618.0,29461522.0,27404570.0,14.637002200269574,0.8015981899431781,761207.4033061065,1.4754936844370712,1320605.264385961,1485164.2163378217,-164558.95195186068,28689836.166666668,27328117.0,28486023.608040527,27165418.343654566,1.0567941624721522,0.8932579347972999,0.16353622767485232,0.8965691204245702,30.4350862380679,396741.6000000015,91.01196142805286,61.14842028816796,29.863541139884894,28673645.0,25542027.0,27107836.0,25154916.0,0.0,70.2581393744782,34.87913047791693,13.049618492254655,63.193161468057504,21297021.0,21276562.0,92.0,0.0,92.0,28150777.890071042,29218804.72,0.0,0.0,64.96420072376004,0.0,0.10362596492975672,0.13268453775744427,51.07462288276899,47.380287191043,54.65028414205102,75.29088017945618,-45.34971585794898,3164886.2764705904,2.6184632813730326,4.861347054110192,5.626146726493238,-0.7647996723830461,2.7472307245369554,8.06559146235122,-5.318360737814265,28396828.817149937,-1.6120065481819656,-1.6251407140732255,36.55625745878783
36,2023-02-06,28643264.0,29159236.0,28625336.0,28713130.0,30056556127903,9098517549308582.0,309078025132685,-0.07881541751428647,2.171598181889324e+18,46670.977673910544,117369.59349602343,11672141614355.555,28660505.811552126,48.8850281883774,1042.872639348484,28232638.6,30050002.425478622,26415274.77452138,12.874204577383146,0.6321946088239806,0.0,0.0,28793781.133333337,29499557.333333336,28088004.933333337,4.902282174972513,0.442863521514797,0.0,0.0,25347618.0,29461522.0,27404570.0,14.571447105195473,0.8180822887456781,738476.6629754958,1.5581083476012192,1240899.4014253616,1436311.2533553299,-195411.85192996822,28707352.5,27575490.53846154,28520963.052957367,27280063.651532006,1.036103443931183,0.9062650627121599,0.12983838121902302,0.860894685155643,29.329438391566473,148349.3999999985,96.03343796511228,70.2953994432541,25.738038521858186,28673645.0,25946725.0,27310185.0,25154916.0,0.0,68.49296927142497,33.056086285897756,12.367547842143894,64.67102808436789,21654878.0,21564864.0,88.0,0.0,88.0,28229422.53666678,29218804.72,0.0,0.0,65.41077339455632,0.022684366171281403,0.043223749460051676,0.0912816007507174,48.42423150840557,49.3016342055648,58.418138864009634,64.94156548771736,-41.581861135990366,3001200.9117647074,0.7374539056224878,4.548740858072282,5.410665552809047,-0.8619246947367651,2.667164896103626,6.985906149101702,-4.318741252998075,28400611.10873186,0.23673678447115876,0.23645700442003204,36.8795363516899
37,2023-02-07,28709544.0,29261650.0,28708214.0,29212970.0,34139926985940,9126651608784366.0,343217952118625,-0.004225762879571021,4.299155742284028e+18,150186.70566318507,134828.73968165295,12266451642717.219,28737781.590360355,56.624461158082,1042.872639348484,28412387.8,29826071.096068665,26998704.503931336,9.951175564826443,0.7831547215088244,0.0,0.0,28866421.333333332,29595922.73333333,28136919.93333333,5.05432517301764,0.7375243328297036,0.0,0.0,25613776.0,29461522.0,27537649.0,13.542494305951996,0.935403220482849,719972.5966779462,1.5323529532424254,1204183.7606280223,1389885.7548098685,-185701.99418184627,28776684.333333332,27799527.615384616,28627425.660194695,27423241.899566673,1.053524989090156,0.896676935480292,0.15684805360986387,0.8262478631285155,28.0891827481611,-24397.800000000745,104.36784725498865,78.08792668822338,26.27992056676527,28673645.0,26324206.0,27498925.5,25154916.0,0.0,66.94419255902349,32.25387797179994,11.685713384466094,91.24961256868039,22299409.0,22209395.0,84.0,0.0,84.0,28303348.504466772,29218804.72,0.0,0.0,68.588822865699,0.18411842299634984,0.06893426305587708,0.07192799248189514,46.974025820601284,50.967681139868496,86.19005180564106,66.41949160390057,-13.809948194358942,2755119.3999999985,2.9314765222408745,4.391106511178206,5.20675374448288,-0.8156472333046736,3.659496681735671,6.320624255628496,-2.661127573892825,28425539.99748056,1.7408063836997112,1.7258279301003654,39.2623440584787
38,2023-02-08,29211870.0,29351004.0,28690422.0,28923026.0,31989362180342,9117190422063228.0,311228589938283,-0.0431762686811441,2.359972975098156e+18,73887.95190335147,45062.39843346117,11948951449206.695,28780620.426353693,48.47378636256758,1032.5219401712604,28559007.5,29448772.165045936,27669242.834954064,6.231061531434071,0.7045588650012343,0.0,0.0,28867263.53333333,29547835.73333333,28186691.333333332,4.715183337098339,0.5409673409130352,0.0,0.0,25803722.0,29461522.0,27632622.0,12.807868060540969,0.8527814533326042,714033.5370101515,1.563179449464083,1138565.617432069,1339621.7273343087,-201056.10990223964,28821270.666666668,27964190.846153848,28672902.63554936,27534337.01811729,1.071461746117471,0.9569325235493352,0.11452922256813569,0.7898832123475209,27.01411552109137,-229615.5,110.28536045690012,85.22881157858228,25.05654887831784,28734828.0,27050571.0,27892699.5,25154916.0,0.0,65.58715738309695,31.014568437421623,10.912393167120827,75.2238792785477,22868940.0,22778926.0,80.0,0.0,80.0,28372838.914198767,29218804.72,0.0,0.0,64.86573774786743,0.0,0.06893426305587708,0.0603640918572686,44.68063631476881,43.46255720616536,66.70458929790371,70.43759332251814,-33.2954107020963,2481236.564705882,1.884726604454912,4.135075475697509,4.992418090725806,-0.8573426150282968,3.8107884288080283,5.818657090264403,-2.0078686614563748,28431634.017003156,-0.9925180493458918,-0.997476345003534,37.88014015775614
39,2023-02-09,28932062.0,29077606.0,27530416.0,27598904.0,41201046557480,9079636991217624.0,270027543380803,-0.15626819049698082,-5.770767759884941e+18,-2691373.787879389,-147176.2877750445,10062730686213.793,28739095.343746997,47.563019813818755,1032.5219401712604,28543176.9,29487752.048734535,27598601.751265462,6.618570539949505,0.00015999189420896792,0.0,0.0,28831386.06666667,29529061.866666667,28133710.26666667,4.839696561148788,-0.3832770655558572,0.0,1.0,27530416.0,29461522.0,28495969.0,6.765560844069885,0.035465686502967726,797349.1833091364,2.176172633008239,968552.3187180646,1265407.8456110598,-296855.5268929952,28760396.666666668,28027142.692307692,28507672.076234072,27539119.757516008,0.9029749226178541,0.9300428648716135,-0.027067942253759414,0.742437411277639,26.574179668192542,700563.1000000015,112.54021106053456,91.59148793407086,20.948723126463705,28495969.0,27404570.0,27950269.5,25154916.0,0.0,61.89784459823847,26.57816769744588,20.076069980374903,-95.74085287474,23556457.0,23466443.0,76.0,12.0,64.0,28372838.914198767,29461522.0,0.0,1.0,51.19788739175287,0.0,0.06137280766544995,0.06641377792573468,37.891174794155845,38.42466944159742,3.546568650296773,52.14706991794717,-96.45343134970322,2089650.2705882378,-2.5785516328765543,3.5170053627212474,4.697335545124894,-1.180330182403647,6.215489257968369,5.898023523805197,0.31746573416317236,28415782.813709937,-4.578089443338329,-4.686196349880234,31.567864016733814
40,2023-02-10,27598862.0,27762404.0,27289442.0,27452944.0,34334471816609,9069041233339806.0,235693071564194,-0.15482372095443808,-5.662295152237414e+18,-1071826.7594784445,-195217.22588044385,9881148855777.62,28669634.544295684,47.33707314061005,1027.0613283155362,28513827.1,29551058.34148421,27476595.85851579,7.275286041726821,-0.01140143951022307,0.0,1.0,28742265.93333333,29423060.53333333,28061471.333333332,4.737236803661052,-0.4469243244095447,0.0,1.0,27289442.0,29461522.0,28375482.0,7.617637549608344,0.07527439136680049,764910.4649782227,2.7298317920402035,812669.8502815291,1174860.2465451537,-362190.39626362454,28611163.666666668,28088894.615384616,28345406.218351908,27532736.36807038,0.9174090818899427,1.0678851327453305,-0.15047605085538773,0.6873367168260224,26.166041052011707,-378267.1000000015,113.81893815142676,96.96163534328355,16.857302808143217,28375482.0,27404570.0,27890026.0,25154916.0,0.0,58.07399994710213,25.382878012319722,21.464550005905025,-180.95701211518514,23556457.0,23466443.0,72.0,8.0,64.0,28372838.914198767,29422899.88,0.0,0.0,49.94849797462197,0.0,0.0,0.043435690240442325,32.12866942209301,34.387900750423775,7.527439136680049,25.92619902829351,-92.47256086331996,1636943.5588235296,-6.123690061531118,2.951649408970405,4.3481983178939965,-1.3965489089235916,6.2479858114592375,5.968015981336006,0.27996983012323184,28369604.700449172,-0.5288615808801689,-0.5302650040363233,30.87205213116464
41,2023-02-11,27453778.0,27757652.0,27411438.0,27731612.0,20739204175472,9086660697257926.0,256432275739666,-0.12838667837467188,-4.0277740520362947e+18,97861.79323121542,-189803.85641178666,10091667354237.033,28634381.01724356,51.68405309996029,1037.4867721673515,28502043.2,29568778.75266165,27435307.64733835,7.485326895172554,0.13888369611490453,0.0,0.0,28632791.06666667,29258158.46666667,28007423.666666668,4.3681902930380545,-0.22051970303110438,0.0,1.0,27289442.0,29461522.0,28375482.0,7.620786989755176,0.2035698500976023,723040.8184804005,3.0622533526529643,703508.4422440007,1080589.8856849233,-377081.44344092254,28577501.333333332,28144478.230769232,28250976.338605464,27547467.896361463,0.89764588100579,1.0390563080219757,-0.14141042701618567,0.6304297514920106,25.835130028206002,18308.800000000745,114.92055614200672,101.52023439180137,13.40032175020535,28375482.0,27404570.0,27890026.0,25154916.0,0.0,54.52328705676125,24.513794065592613,20.729625627952327,-149.45425929592207,23784814.5,23691710.0,68.0,4.0,64.0,28372838.914198767,29337561.564799998,0.0,0.0,52.33982695134882,0.06891027704503347,0.02297009234834449,0.028114300004598133,28.09595283364362,37.68183204164625,20.35698500976023,10.47699759891235,-79.64301499023978,1191272.7117647082,-1.4357204903687717,2.5538043819153406,3.9893195306982654,-1.4355151487829247,2.7758682952655938,5.329586444121923,-2.5537181488563294,28327533.00636453,1.0150751045133743,1.0099578175761792,32.20050175111386
42,2023-02-12,27731648.0,27972680.0,27493236.0,27626850.0,22596601860256,9076658777408316.0,233835673879410,-0.15315366228428035,-3.7905585023288443e+18,314895.67684578337,-291637.06552453473,10006303935619.893,28557407.012703113,50.28846324614381,1037.4867721673515,28472592.9,29600097.872675717,27345087.92732428,7.919931821001932,0.12494937029282506,0.0,0.0,28503537.266666662,29106681.266666662,27900393.266666662,4.232064212643138,-0.22676447636606015,0.0,1.0,27289442.0,29461522.0,28375482.0,7.628669463398256,0.1553386615594269,698681.1366323604,3.406730059062745,601608.8497103937,984793.6784900174,-383184.8287796237,28503042.833333332,28199964.53846154,28154956.90189693,27553348.052186538,0.8895660469036482,1.1131140870769816,-0.2235480401733334,0.5728802237100604,25.445247860977886,524377.1000000015,116.03065626888932,105.17872373359575,10.851932535293571,28342608.0,27404570.0,27873589.0,25154916.0,0.0,51.54154728064362,25.501729645295978,19.72255046106946,-127.62351641536564,23803431.5,23693195.0,64.0,0.0,64.0,28372838.914198767,29255636.782208,0.0,0.0,51.34662968077483,0.060085898204969936,0.042998725083334466,0.02198960581055964,24.538244482385686,36.846022651242826,15.533866155942691,14.472763434127657,-84.46613384405731,756808.5,-3.132857546779226,2.183432839344735,3.628142192427559,-1.4447093530828243,0.4067226894338573,4.34501369318431,-3.9382910037504524,28286318.976104867,-0.3777710433854331,-0.37848640036770576,31.701086536287914
43,2023-02-13,27625322.0,27915644.0,27326242.0,27768038.0,30455495774412,9091860120976668.0,264291169653822,-0.09273704630699028,-2.6347714966536264e+18,-216781.44896748007,-226790.84250750608,10161947830504.678,28503822.074183937,50.7469436518959,1037.4867721673515,28465275.4,29608959.910487693,27321590.889512304,8.035646902525272,0.1951793114244942,0.0,0.0,28343750.8,28967758.8,27719742.8,4.403143425887021,0.03869758080024555,0.0,0.0,27289442.0,29461522.0,28375482.0,7.630630547140253,0.22033995064638504,687753.2229691243,3.5270569785814065,526179.9057058804,893070.9239331901,-366891.0182273097,28400631.833333332,28282658.846153848,28095430.916989714,27569251.011283834,0.9040588333262578,1.1115129269383877,-0.20745409361212985,0.5173927762654071,25.209415143610908,293634.6000000015,115.81680412386173,108.31397476130812,7.502829362553612,28320223.0,27537649.0,27928936.0,25154916.0,0.0,48.460763454601114,23.960642199456306,20.24287297096348,-123.72583632836474,23803431.5,23693195.0,60.0,0.0,60.0,28372838.914198767,29176988.99091968,0.0,0.0,52.650683858060006,0.11612873465971812,0.08170830330324051,0.049225706911639806,21.947196388071426,42.490130590319374,22.033995064638503,19.308282076780475,-77.9660049353615,296739.55882352963,-4.23813936421633,1.90857526557584,3.2842288070572154,-1.3756535414813755,0.6391119202670368,3.603833338600855,-2.964721418333818,28231990.964541793,0.5110535584042397,0.5097521118823778,32.374149625488634
44,2023-02-14,27760044.0,28240970.0,27563498.0,28278196.0,34096258408506,9129703448830154.0,298387428062328,-0.03473424651328098,2.2655000246354893e+17,558908.1771636833,-146998.64143643764,10788368717611.166,28473270.83376424,57.916595943927035,1037.4867721673515,28454038.5,29600435.156569235,27307641.843430765,8.057883639745796,0.4233064319437937,0.0,0.0,28227336.666666668,28885981.26666667,27568692.06666667,4.666714453282341,0.5386090870048356,0.0,0.0,27289442.0,29461522.0,28375482.0,7.6336439904655355,0.4552106736400133,686725.1006722118,3.578999527649313,501783.16717577726,814813.3725817075,-313030.2054059303,28360572.333333332,28370642.076923076,28123548.62206822,27621765.45489244,0.9168880135254353,1.0094431687964254,-0.09255515527099012,0.46842999081799935,24.73268159419613,807197.5,120.22309103279147,111.55965582850129,8.663435204290181,28320223.0,27632622.0,27976422.5,25154916.0,0.0,46.091711223588845,25.635151386937654,18.834021723299475,-63.58098051962616,23886750.5,23693195.0,56.00000000000001,0.0,56.00000000000001,28372838.914198767,29101487.111282893,0.0,0.0,57.12268480456837,0.3083167756446445,0.16151046950311085,0.09540583262989526,20.91220915608482,45.28115709577423,45.521067364001325,27.696309528194174,-54.478932635998675,41376.54117647186,-1.671530666496053,1.816622358897411,2.9907075174252546,-1.1740851585278436,1.7803182674028213,3.2391303243612484,-1.458812056958427,28233765.271820895,1.8372129856635944,1.820540128862902,34.806144692069864
45,2023-02-15,28277916.0,31213578.0,28250184.0,31213578.0,41711659690059,9171415108520212.0,340099087752387,0.056465538219511884,1.7685565008443724e+19,12998679.46326336,729222.6495412362,15118194249774.7,28621061.784578588,59.002808567068996,1037.4867721673515,28595668.0,30255768.60189559,26935567.39810441,11.61085379712472,1.2884793237863819,1.0,0.0,28370670.0,29253069.6,27488270.4,6.220505895701452,2.110896015818681,1.0,0.0,27289442.0,31213578.0,29251510.0,13.722833822241887,1.0,914391.9906049907,3.571886885176126,711112.1137157194,794073.12080851,-82961.00709279056,28523267.5,28497490.615384616,28598937.757134646,27887825.643418927,0.9809120518170821,0.7808846886321208,0.20002736318496128,0.44628029450669104,24.882859072179567,518978.0,118.19435469131803,114.0219799091908,4.172374782127221,29251510.0,29251510.0,29251510.0,26030944.0,6.151071009584566,46.464138327300155,44.072833173775535,14.183843064903744,202.9520830420589,24787546.5,24391642.0,100.0,80.0,20.0,27289442.0,29101487.111282893,1.0,0.0,72.95213371179403,1.0,0.4748151701014542,0.2393446476359352,25.95178310315138,63.226118494814784,100.0,55.85168747621327,-0.0,284607.05294117704,6.672110501415593,2.549901605123992,2.902546334965002,-0.35264472984101003,4.563963349543982,3.5040969293977953,1.0598664201461871,28520261.02307256,10.380372213276967,9.876214412554063,48.79952427747545
46,2023-02-16,31212946.0,32437838.0,30446276.0,30468364.0,50708647718427,9121831258935918.0,289390440033960,-0.029833171218343658,9.760656549974643e+18,6716648.31967965,1143702.951100133,13907541815092.592,28870287.251859006,60.38859818726471,1037.4867721673515,28699686.7,30545066.46578311,26854306.934216887,12.859929692424918,0.9792177016337442,0.0,0.0,28599162.53333334,29627328.333333336,27570996.733333338,7.190181172624444,1.408998075342841,1.0,0.0,27289442.0,32437838.0,29863640.0,17.938857848228707,0.6174587191816636,1022108.9915444918,3.6012760968627315,807565.1617032476,796771.5289874575,10793.632715790067,28636077.333333332,28590891.53846154,28886541.794498548,28078976.6327953,1.1089079070418413,0.7387948584188461,0.3701130486229952,0.43644845777114777,25.17148887176789,-54370.699999999255,113.0225547778003,114.98361407839212,-1.9610593005918275,29863640.0,29863640.0,29863640.0,26643074.0,21.616514760504977,47.36175986648855,46.71068856616573,12.033500425863025,247.78001820091112,25339434.0,24754789.0,100.0,76.0,24.0,27367924.72,29101487.111282893,0.0,0.0,66.26383249426716,0.7092502553098986,0.6725223436515143,0.4362826610853598,27.28787640268254,58.28452549111494,61.74587191816636,69.08897976072257,-38.25412808183364,835702.364705883,4.649611745236401,2.8760491248104767,2.8972468929340973,-0.02119776812362062,8.654211123499213,4.534119768218079,4.120091355281134,28611185.38601465,-2.3874674028078413,-2.416429305450052,45.246984139817584
47,2023-02-17,30465536.0,32305764.0,30263404.0,31834562.0,53596414168316,9150696736786504.0,342986854202276,0.01610587100628156,1.8826750449110405e+19,-600071.0332411128,1087529.5527493812,16310798972054.645,29138174.69866926,62.407803552651835,1037.4867721673515,28874945.2,31159814.848144747,26590075.55185525,15.825966991928686,1.1476555024491504,1.0,0.0,28839859.066666663,30016917.266666662,27662800.866666663,8.162718113698777,1.7721133642046498,1.0,0.0,27289442.0,32437838.0,29863640.0,17.829976695505557,0.8828225334647918,1124134.0923900427,3.6012760968627315,982915.2230985649,834000.267809679,148914.95528888586,28901847.833333332,28739632.769230768,29340083.364575695,28357168.14147713,1.0849913919413392,0.7969212499895795,0.28807014195175973,0.4440628879675843,25.5665077621308,-161815.19999999925,111.74297632382635,115.14557139693949,-3.402595073113133,29863640.0,29863640.0,29863640.0,26643074.0,60.808257380252485,47.912585029350176,40.01150623271795,11.591836313941888,229.02203195847207,25702616.5,24754789.0,96.0,72.0,24.0,27570721.251199998,29101487.111282893,0.0,0.0,71.43440288971398,0.9340221328740865,0.8810907960613283,0.676142769938099,30.461294761322478,61.42084004580691,88.28225334647918,83.34270842154851,-11.717746653520825,1371836.8000000007,11.133568922751628,3.466196688592772,3.0110368520658324,0.4551598365269398,12.046654432588655,6.036626701092194,6.010027731496461,28838960.852076184,4.483988703824071,4.386365553245142,51.75984250129213
48,2023-02-18,31834166.0,32135324.0,31707098.0,31931152.0,25431413528167,9151877485652212.0,368418267730443,-0.016989133241148636,1.6488131846764012e+19,1071982.2293796402,1169058.7220216382,16387961027329.215,29285011.017999325,67.1530609110878,1040.6346354023992,29009315.8,31653041.49613557,26365590.10386443,18.22673595173568,1.0525982147601307,1.0,0.0,29133496.46666667,30287319.06666667,27979673.866666667,7.920934593759847,1.71234214572211,1.0,0.0,27289442.0,32437838.0,29863640.0,17.747388581980964,0.9015837165594877,1054543.2831510385,3.5987863278441217,1116801.6219342314,890560.5386345895,226241.08329964185,29170016.333333332,28882528.769230768,29738709.30848713,28621907.686552897,1.18858351862705,0.8058004331719382,0.38278308545511175,0.46254496101146736,25.75186206761935,203654.19999999925,109.73420903439863,114.83379339403547,-5.099584359636836,29863640.0,29863640.0,29863640.0,26643074.0,80.40412869012624,48.42406553772168,38.756417099023075,11.228221215010636,210.66883011794698,25879616.0,24754789.0,92.0,68.0,24.0,27765405.921152,29101487.111282893,0.0,0.0,71.76389926226335,0.9483457978944351,0.8638727286928066,0.805828622801883,32.88806461357078,60.82016138916232,90.15837165594877,80.0621656401981,-9.841628344051234,2050219.6941176467,11.207492878693476,3.901911899670215,3.189211861586709,0.712700038083506,8.381076517483724,6.505516664370501,1.8755598531132227,29119763.962407414,0.3034123730051741,0.3029530066132935,52.220300640694205
49,2023-02-19,31929532.0,32516584.0,31526666.0,31526666.0,33117360120155,9118760125532056.0,335300907610288,-0.034780746059747,1.2219040365003295e+19,300149.6064038777,1267844.1336886592,15968448805359.865,29485745.82809306,65.49689802063372,1040.6346354023992,29178871.1,32005354.8030587,26352387.396941304,19.37349593390333,0.9153207919542075,0.0,0.0,29512262.8,30610358.2,28414167.4,7.441621182635988,1.4172259532277434,1.0,0.0,27289442.0,32516584.0,29903013.0,17.914133765099635,0.8106196464530713,1048080.7548359346,3.5706313537168715,1176704.5996894166,947789.3508455551,228915.2488438615,29362824.333333332,29021462.53846154,30013779.56871988,28837074.969030462,1.2117934203423886,0.7709997336800583,0.4407936866623303,0.4834321091175787,25.720542145644174,-255845.1000000015,111.53068557478886,114.57954310774238,-3.0488575329535195,29921413.0,29903013.0,29912213.0,26682447.0,90.20206434506312,49.08114383660264,38.73887956648729,10.414911213065142,164.97907257478622,25879616.0,24754789.0,100.0,64.0,36.0,27952303.20430592,29101487.111282893,0.0,0.0,68.21539181570746,0.7940872499370885,0.89215172690187,0.8790384172186684,33.56000626601819,57.18620653006472,81.06196464530713,86.50086321591169,-18.93803535469287,2700294.5705882385,7.920098504191802,4.080526894468794,3.3674748681631264,0.7130520263056677,7.089160838908487,6.622245499278098,0.4669153396303889,29536324.8008173,-1.2667441500388121,-1.2748357597004656,50.292058887156735
50,2023-02-20,31538306.0,32424808.0,31031604.0,32189996.0,37580974231783,9143673229557734.0,372881881842071,-0.022183996506119026,1.4034689975312628e+19,-1087764.5745816664,1186813.022813261,16759163168786.96,29708831.51609286,66.28001696677686,1040.6346354023992,29362353.3,32457671.11961983,26267035.48038017,21.083581332834317,0.956761286688695,0.0,0.0,29950316.73333333,31140436.333333336,28760197.133333333,7.947292248001189,1.4409471395423883,1.0,0.0,27289442.0,32516584.0,29903013.0,17.8021902624542,0.9375207331272041,1082593.0793523411,3.5353625350301856,1263142.6067661047,1010860.002029665,252282.60473643965,29635071.833333332,29163272.615384616,30348582.096609127,29085439.489843022,1.1589831392250443,0.7854598296466699,0.3735233095783743,0.5085659794263265,25.844355058332276,-1763449.3000000007,115.92349371180836,114.69098061549812,1.2325130963102424,29921413.0,29903013.0,29912213.0,26682447.0,95.10103217253155,48.86342863410274,34.906634241882465,12.899824473981186,136.37165330087026,26172411.0,25047584.0,96.0,60.0,36.0,28226160.052047566,29101487.111282893,0.0,0.0,70.76813456886717,0.9050585234490697,0.8824971904268644,0.8795072153405137,34.974688292643194,59.812145052689196,93.75207331272041,88.3241365379921,-6.2479266872795876,2938922.9529411793,11.295394887104827,4.342869246336157,3.562553743797733,0.7803155025384241,7.001154569970742,6.6980273134166275,0.30312725655411477,30093386.788558632,2.104028380292422,2.082199364701509,53.45424645946828
51,2023-02-21,32195054.0,32630364.0,31610516.0,31918278.0,40820866298092,9127489586558866.0,332061015543979,-0.08868335121742103,1.0445196529012972e+19,979937.7051699101,1246080.9513494556,16414591390996.59,29945221.420827802,66.99466388632304,1040.6346354023992,29508418.7,32791024.55867046,26225812.841329537,22.248605674491547,0.8670649788238748,0.0,0.0,30392265.26666667,31649748.26666667,29134782.26666667,8.275019903693522,1.106772709187055,1.0,0.0,27289442.0,32630364.0,29959903.0,18.09965506555592,0.8666735818272575,1076318.571417107,3.5422787670926974,1294794.3945695981,1067646.8805376517,227147.51403194643,29995019.666666668,29299322.230769232,30590073.774053875,29295279.379484277,1.1860237980568624,0.7852625514861191,0.4007612465707433,0.5322707100200467,25.893120010873087,-2055474.6999999993,118.25778446768918,114.93843930425366,3.3193451634355142,29978303.0,29959903.0,29969103.0,26739337.0,97.55051608626577,48.7839715638617,33.8394908654077,11.966607332894675,121.49947945949869,26172411.0,25047584.0,100.0,56.00000000000001,43.99999999999999,28483585.488924712,29101487.111282893,0.0,0.0,68.34665446998845,0.799793419856519,0.8329797310808923,0.8692095494698755,35.30900938748438,55.68317992898017,86.66735818272575,87.1604653802511,-13.332641817274245,2891490.435294118,15.650527281808003,4.41980558641251,3.734004112320689,0.685801474091821,7.55647224244452,6.8697162992222065,0.6867559432223134,30404306.805681966,-0.8441069703767567,-0.847689729054224,52.1589284687648
52,2023-02-22,31919668.0,31941288.0,30804096.0,31521952.0,39355451572227,9137820638310322.0,292705563971752,-0.016327136552772823,6.724798639180485e+18,-2160648.6767288856,1086471.1921614388,15925918765868.93,30120710.54118982,65.63426078475607,1027.713181353077,29646570.8,33022614.020133097,26270527.579866905,22.775269645237323,0.7777483991934891,0.0,0.0,30764750.93333333,32088008.733333338,29441493.133333333,8.602428167661614,0.7861124516578187,0.0,0.0,27289442.0,32630364.0,29959903.0,18.015311234579613,0.7924680420346899,1082405.9142753961,3.5721075908716142,1273221.5628535934,1108761.81700084,164459.7458527533,30334103.666666668,29419859.230769232,30733439.654968664,29460218.09211507,1.1314605668180169,0.8400426709443758,0.2914178958736411,0.5499600401007355,26.031087245620665,-1914958.8000000007,119.08301546946251,115.30135167598708,3.781663793475431,30096931.0,29959903.0,30028417.0,26780255.0,98.77525804313288,47.459100445781175,31.134740505188883,16.6781439153395,80.13811051204651,26259409.5,25047584.0,96.0,52.0,44.0,28815327.769810736,29101487.111282893,0.0,0.0,64.86053305991172,0.6482468795657841,0.7843662742904575,0.8332810652660713,34.48439104371223,48.58841695939306,79.24680420346898,86.55541189963839,-20.75319579653101,2746738.1529411785,14.821754635859818,4.321833459862834,3.851569981829118,0.4702634780337158,7.561465388134855,7.008066117004737,0.5533992711301181,30562290.509066395,-1.241689792914269,-1.2494631751803098,50.269586584960415
53,2023-02-23,31524396.0,31850744.0,30740446.0,31094142.0,39571295551176,9123460968739322.0,253134268420576,-0.03457413920888107,3.3456851264763295e+18,-216320.0464217707,1263260.7451226972,15388864590107.586,30375350.458691772,65.29445095365114,1027.713181353077,29738216.1,33166549.262683284,26309882.93731672,23.056750621186602,0.6977529364355511,0.0,0.0,31120597.866666663,32495945.26666667,29745250.46666667,8.838823764842498,0.49038211485088457,0.0,0.0,27289442.0,32630364.0,29959903.0,17.959792820255952,0.7123676398943852,1085195.1228478565,3.3589432790889084,1207682.8307358846,1128546.019747849,79136.81098803552,30614314.5,29526195.769230768,30788932.323435023,29581249.49269914,1.205225254668735,0.8238844928899384,0.3813407617787966,0.5586669214128037,26.059240837905215,-2111366.1000000015,118.86230261892017,115.1501529633347,3.7121496555854634,30440274.0,29959903.0,30200088.5,26919365.0,98.97035271226531,46.13606132060976,28.72098569206582,15.82958603039366,63.98886326873345,26376451.0,25047584.0,92.0,48.0,44.0,29120530.668225877,29101487.111282893,0.0,0.0,61.229982938695784,0.49042182257493416,0.6461540406657457,0.7545000153456985,32.678549434910124,54.556056319699636,71.23676398943853,79.05030879187775,-28.76323601056147,2491431.2176470608,12.125259793768931,4.082595736985177,3.89777513286033,0.18482060412484724,7.513817299621484,7.109216353528087,0.4046009460933968,30616998.123951662,-1.3571811796426858,-1.366475069159634,48.230156037102454
54,2023-02-24,31092214.0,31293192.0,30279458.0,30500962.0,35252156150698,9103614221889296.0,217882112269878,-0.04267291563522713,-1.1953760380186624e+17,-1464490.0356535437,1235213.368253047,14716362548228.73,30592768.25746616,64.71261224340716,1008.1075943934812,29807531.9,33238688.830469072,26376374.969530925,23.02208007009848,0.6010490213726836,0.0,0.0,31386962.8,32795936.4,29977989.2,8.978081816823638,0.18558644391917667,0.0,0.0,27289442.0,32630364.0,29959903.0,17.918028295392013,0.6013044189748512,1078049.010563071,3.2436380931897832,1095252.8516609184,1121887.386130463,-26634.534469544655,30853823.833333332,29574550.46153846,30744629.196752712,29649376.345091794,1.1847711334406277,0.7829500784438869,0.4018210549967408,0.5557303052637745,25.962022692056664,-2039493.8999999985,118.12152220317897,115.14206046465259,2.979461738526382,31446884.0,29959903.0,30703393.5,26919365.0,94.69976157461504,44.242656710301766,26.686700130987568,17.929295485656972,37.30628158144404,26903466.0,25135485.0,88.0,44.0,44.0,29401317.334767807,29101487.111282893,0.0,0.0,56.507019586730685,0.23884607822835507,0.4591715934563578,0.629897302804187,29.67753522293835,47.464566518225816,59.85382689161373,70.11246502817374,-40.14617310838627,2167920.6294117644,10.403328645864441,3.694016490981701,3.857023404484605,-0.16300691350290375,6.459076967652743,6.979188476353018,-0.5201115087002748,30610648.041005675,-1.9076905225428042,-1.9261217215007065,45.40238339883227
55,2023-02-25,30503590.0,30516850.0,30058378.0,30470984.0,21169228713656,9120547868738932.0,196712883556222,0.0026631901770193143,-1.931195373127396e+17,-1080082.00338685,1151074.525637471,14695556281909.066,30703964.19883874,60.73069313580604,1007.116771564197,29898815.3,33298431.722951274,26499198.877048727,22.740810221676398,0.5841519496342603,0.0,0.0,31399258.53333334,32557739.93333333,30240777.133333333,7.379036665914636,0.09935716994103982,0.0,0.0,27289442.0,32630364.0,29959903.0,17.863323166520246,0.5956915304136626,1016091.3095067639,3.256728505820068,992293.7643325403,1095968.6617708786,-103674.89743833826,31079069.333333332,29664374.46153846,30702529.93571383,29710236.17138129,1.1624435101702253,0.8317981142869697,0.3306453958832556,0.5438819071570401,25.843675096718094,-1620619.3000000007,111.98934578841349,115.02725946583183,-3.037913677418345,31344371.0,29959903.0,30652137.0,26919365.0,83.79833157762496,42.17735248867848,25.796778944552408,18.939434303342136,19.968152205503404,26903466.0,25135485.0,84.0,40.0,44.0,29659641.067986384,29101487.111282893,0.0,0.0,56.27079000087592,0.22791230942964485,0.31906007007764464,0.4747952347332493,27.21368185136538,49.02661689095059,59.28864381324562,63.459744898099295,-40.71135618675438,1811691.58235294,9.734018658430243,3.339905339723883,3.753599791532461,-0.41369445180857767,2.408295557453703,6.065009892573156,-3.6567143351194527,30607334.07477475,-0.09828542457119838,-0.09833375636603137,45.25947404897208
56,2023-02-26,30469374.0,31100762.0,30351134.0,30978638.0,21884484860535,9135301827981140.0,218597368416757,0.05332969181349206,1.421575579073371e+18,1501462.9855169787,1235829.3333996995,15060157119131.455,30843157.993177228,60.85276161893838,1007.116771564197,30012090.7,33397072.242753107,26627109.15724689,22.55745243868071,0.642769951296969,0.0,0.0,31368527.06666667,32402815.066666663,30334239.066666663,6.594431404457443,0.31151813292493835,0.0,0.0,27289442.0,32630364.0,29959903.0,17.79590116992416,0.690741411314376,989444.9785560876,3.0642108311522778,940816.2370600812,1064938.1768287192,-124121.939768638,31304106.166666668,29758923.923076924,30745008.099450164,29804191.862390082,1.1725293108059243,0.812272354903889,0.3602569559020352,0.5290524353444542,25.707520244567984,1201487.3000000007,110.52199410697689,114.8915947750708,-4.369600668093909,31344371.0,29959903.0,30652137.0,26919365.0,58.88352232696196,40.82055425622145,28.686160059177663,17.889019407928973,36.189338902831125,26928851.0,25135485.0,80.0,36.0,44.0,29897298.902547475,29101487.111282893,0.0,0.0,59.368525354734594,0.3309045188927224,0.26588763551690736,0.34803976635030326,25.988673715473166,55.63894766141,68.85957751348856,62.66734940611597,-31.140422486511433,1458009.5058823526,9.549555424256909,3.1566574306190045,3.63421131934977,-0.4775538887307653,-0.7961941841653555,4.692769077225454,-5.4889632613908095,30613522.906660642,1.6660243069275271,1.652298363873328,47.67953219474303
57,2023-02-27,30978950.0,31444266.0,30541950.0,31019684.0,29882818252455,9137062111025832.0,248480186669212,0.015186834371512574,1.393717661775785e+18,806693.4668727092,1308934.6845311413,15099751182562.852,31044250.29617668,66.44620656906035,1007.116771564197,30102426.4,33493707.568379954,26711145.231620044,22.531613387683294,0.6352376217802936,0.0,0.0,31321932.73333333,32242216.333333332,30401649.133333333,5.876288719697161,0.3357850051150903,0.0,0.0,27289442.0,32630364.0,29959903.0,17.74249666465425,0.6984266012497468,980732.0807004789,2.910925151135018,893037.6132761315,1030558.0641182017,-137520.45084207028,31287948.333333332,29836720.615384616,30787265.930303983,29894228.317027852,1.1905308472329992,0.7920208436922164,0.3985100035407828,0.512099363577596,25.62386368671364,365937.6000000015,107.13142772537832,114.60239685184631,-7.470969126467992,31344371.0,29959903.0,30652137.0,26919365.0,29.44176116348098,39.86521055952663,29.315493403160353,16.689171527230204,40.99424405440561,26928851.0,25135485.0,76.0,32.0,44.0,30058378.0,29101487.111282893,0.0,0.0,59.61761310933841,0.20063270480254877,0.25314984437497196,0.2793658499898413,25.060089619829572,51.98343167471345,68.21151378386561,65.45324503686659,-31.78848621613439,1298080.823529411,-0.6211847933614019,2.9873245223308014,3.504833959945976,-0.5175094376151748,-1.420116545815713,3.4701919526172205,-4.890308498432933,30631007.81756564,0.13249775538872743,0.1324100545719631,47.87520426006966
58,2023-02-28,31018320.0,31092330.0,30533116.0,30600802.0,27147750459806,9116486165412194.0,221332436209406,-0.0010346770385467876,-4.299140053499635e+17,-371573.392570225,1242471.7152644338,14733154797889.672,31234614.439693417,60.81097087628822,993.516920337268,30186315.2,33539540.099552337,26833090.30044766,22.21685473921201,0.5618042052674928,0.0,0.0,31203688.53333333,32137070.933333337,30270306.133333337,5.982513246810004,0.1770420497893807,0.0,0.0,27289442.0,32630364.0,29959903.0,17.693189660989162,0.6199978206010124,938580.272630431,3.0672873060729717,812012.0634365529,986848.863981872,-174836.8005453191,31298984.833333332,29907562.615384616,30758579.171795677,29946567.108359125,1.1771915476993582,0.8309642500796272,0.34622729761973103,0.490598051474252,25.58332317937005,1648246.8000000007,104.25609972276516,113.79410953495477,-9.538009812189614,31344371.0,29959903.0,30652137.0,26925546.0,14.72088058174049,38.964133928339706,28.05939955874462,16.04177009160918,26.527815801503557,26948898.5,25152442.0,72.0,28.000000000000004,44.0,30264136.88,29101487.111282893,0.0,0.0,55.854449421796694,0.0,0.17717907456509033,0.23207218481898986,23.200944547223802,50.629181613634216,53.66487221986311,63.57865450573909,-46.33512778013689,1132140.688235294,0.43467381445226266,2.7115363857845733,3.346174445113696,-0.6346380593291228,-2.588270954035705,2.2584993712866357,-4.846770325322341,30628675.33667628,-1.350374813618349,-1.3595752955151141,45.87833474615499
59,2023-03-01,30605530.0,31204412.0,30567020.0,30883694.0,32211027062696,9116281799192596.0,253543463272102,0.05455827745255659,9.332511193886308e+17,144438.59292484768,324311.65309739707,15030932675339.426,31297805.300519396,60.128261016772996,993.516920337268,30350554.7,33496114.565603826,27204994.834396172,20.72818699161256,0.5847447390573917,0.0,0.0,31106528.866666667,32004658.666666668,30208399.06666667,5.774542083108621,0.3759450656983716,0.0,0.0,27289442.0,32630364.0,29959903.0,17.5974444381407,0.6729647053448824,908461.4453673878,3.2533904262812463,761843.6917566992,941847.8295368374,-180004.13778013818,31219745.833333332,29969964.846153848,30777827.606904037,30015983.915147338,1.160519474184951,1.0006350563874091,0.1598844177975418,0.46797151747759835,25.59689295310894,1580597.3000000007,102.86639872303147,112.34332120286847,-9.476922479837,31344371.0,29959903.0,30652137.0,26959810.0,7.360440290870245,38.234155210555556,27.53600609780281,15.240222273153204,29.294270382021356,27014123.5,25154916.0,68.0,24.0,44.0,30453435.049599998,29101487.111282893,0.0,0.0,57.792144614815236,0.12179523569004223,0.10747598016419696,0.17926829970141975,22.146605955599775,46.00529843392496,32.0886661124905,51.32168403873974,-67.9113338875095,1080505.3882352933,-2.9869046101529526,2.538126665813679,3.184564889253693,-0.6464382234400139,-2.2092173714928847,1.3649560227307318,-3.5741733942236165,30636140.253130127,0.9244594308345233,0.920212458927594,47.22692076926018
60,2023-03-02,30884308.0,30978886.0,30576728.0,30785962.0,26734926878347,9117366066215472.0,226808536393755,0.07277134477112261,4.2666412037959654e+17,-162321.2504730934,-167043.31619922744,14946329522825.525,31287700.783115614,52.38214399951338,990.3729183387245,30517205.6,33370649.681779437,27663761.518220566,18.70055941019341,0.5470933356844335,0.0,0.0,30996367.8,31795393.0,30197342.6,5.1556053609610295,0.3683359423457477,0.0,0.0,27326242.0,32630364.0,29978303.0,17.380759134774777,0.6522700646779995,857831.100830649,3.3965128735885837,706059.7231555954,894690.208260589,-188630.48510499368,31124313.333333332,30034246.230769232,30779079.051995724,30073019.32884013,1.010156680649893,1.1135905125833465,-0.10343383193345357,0.44399838652087953,25.522996143753847,1009460.3999999985,94.8580128325678,109.74334657674386,-14.885333744176066,30999833.0,29959903.0,30479868.0,26959810.0,3.6802201454351224,37.55631782975599,26.631830153183998,14.73979231533414,18.224742174305902,27014123.5,25154916.0,64.0,20.0,44.0,30453435.049599998,32630364.0,0.0,1.0,56.86353498629432,0.06342680448515282,0.06174068005839831,0.11546524492922854,21.01711316291923,50.36822117234795,28.28880094992741,38.01411309409367,-71.7111990500726,1106387.3999999985,-3.586434964826825,2.3478178743378844,3.0172154862705316,-0.6693976119326472,-3.281702810544805,0.4356242560756245,-3.7173270666204297,30653475.286408767,-0.3164517819662427,-0.31695354946563725,46.761018554951825
61,2023-03-03,30787492.0,30790148.0,28770418.0,28977148.0,33771183538035,9090508199579020.0,193037352855720,0.005682358538207384,-8.360829265412809e+18,-5965823.336487154,-550311.3378596589,12962120304995.422,31130904.343755722,42.793220033003045,990.3729183387245,30579482.4,33234492.50731795,27924472.292682048,17.364650405710925,0.1982432579854373,0.0,0.0,30742319.666666668,31641333.066666663,29843306.266666662,5.848702438513669,-0.4817271170077452,0.0,1.0,27326242.0,32630364.0,29978303.0,17.34536226159276,0.31124962811941354,974020.990747584,4.318782527749439,510015.21529825404,817755.2096681221,-307739.9943698681,30911853.5,30047009.0,30501858.890150227,29991843.674851973,0.8835545142352627,1.1182105132618847,-0.23465599902662204,0.4071932470089363,25.72072762716966,1610513.6000000015,83.15918883869432,105.75181028443629,-22.59262144574197,30310581.0,29959903.0,30135242.0,27126448.0,1.8401100727175612,35.371618951634936,22.615420879513014,26.004487928153807,-70.87073637831469,27107836.0,25154916.0,60.0,16.0,44.0,30453435.049599998,32589291.28,0.0,0.0,43.069868406288926,0.0,0.06174068005839831,0.07698578009366452,15.370605244575097,41.73170691523409,5.355774407206733,21.91108048987488,-94.64422559279326,874808.3705882356,-8.086862086844198,1.7005130489056914,2.753874998797564,-1.0533619498918725,-2.290956346393288,-0.10969186441815798,-2.1812644819751297,30315291.067392122,-5.875450635585144,-6.055128750855232,38.1381473574737
62,2023-03-04,28977464.0,29032216.0,28765030.0,28965060.0,14468713731951,9097703621002370.0,178568639123769,0.031458664103436604,-7.191410486295525e+18,-1628114.379233319,-743175.3813320132,12956084589831.465,31010431.97989942,38.00031916647336,989.9597780311664,30646392.9,33056545.37010181,28236240.429898188,15.728783990769832,0.15119781406838242,0.0,0.0,30492152.0,31304164.8,29680139.2,5.326044550742111,-0.4403127635426428,0.0,1.0,27326242.0,32630364.0,29978303.0,17.307492001774865,0.30897064584864375,903337.4916728257,5.081447561571332,349642.6668026373,724132.7010950252,-374490.0342923879,30643108.833333332,30056698.615384616,30265428.291665576,29915785.62486294,0.7676144859240981,1.2451056018464033,-0.4774911159223052,0.362688361051437,25.779379815480404,1271885.1000000015,69.84557403034982,100.30550710792846,-30.45993307757864,30104648.0,29959903.0,30032275.5,27531146.0,0.9200550363587806,33.348886255624976,22.139741248502894,25.499940048478653,-125.58353506422938,27310185.0,25154916.0,56.00000000000001,12.0,44.00000000000001,30453435.049599998,32436536.3488,0.0,0.0,42.99480865623422,0.0,0.021142268161717572,0.04820787609283806,10.906586477631974,40.52956052969231,5.174973236465465,12.939849531199869,-94.82502676353454,454414.3117647059,-10.018441754388538,1.1687564257448417,2.4368512841870196,-1.2680948584421778,-6.577093360953781,-1.4031721637252828,-5.173921197228498,30066385.56542315,-0.04171563053755323,-0.04172433392710673,38.080522158290634
63,2023-03-05,28966088.0,29302396.0,28905186.0,29071516.0,17255920179088,9094899387353770.0,195824559302857,0.004634663208449732,-5.901638097026881e+18,472271.4316838426,-730880.9652405871,13019505699215.84,30863921.25062945,43.53229298381762,989.9597780311664,30711566.8,32863520.898983743,28559612.70101626,14.013964920759056,0.1189391770078849,0.0,0.0,30278610.866666667,31019314.866666667,29537906.866666667,4.892589050810329,-0.3148294505407472,0.0,1.0,27563498.0,32630364.0,30096931.0,16.49823349292619,0.2976234224469327,852724.7425055432,5.692997003556052,228502.3434308283,625006.6295621858,-396504.28613135754,30405878.666666668,30051258.076923076,30081749.47756318,29853247.13413235,0.7827667547649563,1.2663489670092982,-0.48358221224434195,0.31507345810689935,25.73975888608643,810385.1999999993,57.9659731358256,93.62155721155587,-35.65558407573027,30104648.0,29959903.0,30032275.5,27908627.0,0.4600275181793903,31.11984784704649,23.6343852239855,24.669216733119956,-132.59510250214834,27498925.5,25154916.0,52.0,8.0,44.0,30453435.049599998,32216245.967872,0.0,0.0,43.92169991243741,0.03337343388829015,0.011124477962763347,0.03133580872762642,7.534862987775664,38.0018161624974,7.929094872525893,6.153280838732697,-92.0709051274741,97041.26470588148,-8.91890846993688,0.7654187244829823,2.102564772246212,-1.3371460477632295,-9.3642314348031,-2.9953840179408466,-6.368847416862254,29925055.46949501,0.3675324684291992,0.36685871818171734,38.58801290979892
64,2023-03-06,29073204.0,29314794.0,28955092.0,29144106.0,22547871188344,9096048150183550.0,218372430491201,-0.052241920593060494,-4.824725516085628e+18,49696.20684099255,-649633.76656754,13075806511652.38,30671962.877091378,41.05441365858744,989.9597780311664,30754862.3,32737420.350777008,28772304.249222994,12.892647877516309,0.09376818767836057,0.0,0.0,30123290.2,30798591.0,29447989.4,4.4835792870992615,-0.22499854879484682,0.0,1.0,28250184.0,32630364.0,30440274.0,14.242235771610007,0.20408339383313015,803422.4682549888,6.148663624209306,136778.4736274928,527360.9983752472,-390582.52474775445,30207724.833333332,30059761.153846152,29937496.634861153,29800718.16123366,0.8118092310369328,1.2818553064686862,-0.47004607543175336,0.26736791101848983,25.427257688937026,339279.69999999925,49.18814480902315,86.64364599162361,-37.455501182600464,30104648.0,29959903.0,30032275.5,28634992.0,0.23001375908969515,29.033524025000933,23.01276218897779,23.909595947968747,-146.3034078251024,27892699.5,25154916.0,48.0,4.0,44.0,30453435.049599998,32009173.00979968,0.0,0.0,44.583376509519006,0.06266083601782299,0.03201142330203768,0.0214260564755062,4.938636661848146,35.365114872467,9.807069712475041,7.637045940488799,-90.19293028752496,-276816.9235294126,-7.543460506506704,0.4589771054760063,1.7738472388921709,-1.3148701334161645,-10.026810418622881,-4.401669298077254,-5.625141120545628,29851751.09364419,0.24969458077108708,0.24938336180966303,38.934059667633036
65,2023-03-07,29142240.0,29261052.0,29011220.0,29290100.0,30009419095109,9133035967609336.0,248381849586310,-0.060676764242026435,-3.5095939950203464e+18,993.1867559828132,-719558.3750256776,13226135196682.945,30414012.0234861,38.91186533342297,989.9597780311664,30658688.4,32727639.93373656,28589736.866263438,13.496673482852323,0.16925556793292654,0.0,0.0,30007162.2,30661599.0,29352725.4,4.36187064700174,-0.04784678978932606,0.0,1.0,28765030.0,32630364.0,30697697.0,12.607630011987075,0.13584078374598418,748063.42142949,6.429303327175503,75002.55883995071,436889.31046818796,-361886.75162823725,30057388.0,30124807.153846152,29837897.152574822,29762894.59373487,0.7467576195939543,1.3282629570509303,-0.5815053374569761,0.22213679374371106,25.156605384025735,-157726.3999999985,37.93081185514696,78.57795907475362,-40.64714721960666,30104648.0,29959903.0,30032275.5,28988991.0,0.11500687954484758,27.096223333101495,22.494665386587748,23.37130831846318,-125.82981950339695,27950269.5,25154916.0,44.0,0.0,44.0,30453435.049599998,31814524.429211702,0.0,0.0,45.96431548128889,0.13580646907610547,0.07728024632740617,0.040138715864069065,3.1165544685832463,40.088827814586146,16.531087839841724,11.42241747494755,-83.46891216015827,-621096.6235294119,-5.801870976211532,0.252000216590959,1.4694778344319286,-1.2174776178409696,-8.24139189017495,-5.169613816496794,-3.071778073678157,29811405.277721453,0.5009383372404752,0.49968781564118103,39.63003363599276
66,2023-03-08,29285714.0,29323934.0,28585160.0,28598368.0,29676162861424,9104420921568682.0,218705686724886,-0.02847220272585907,-5.940787922654375e+18,-452057.2033265985,-597516.1269255143,12525285712097.418,30187267.065179244,40.198601161805485,966.5803133937272,30565188.6,32820699.839882188,28309677.360117815,14.758693423420826,0.06399671940833777,0.0,0.0,29809726.46666666,30463077.866666667,29156375.06666667,4.383477994879144,-0.4270344156809578,0.0,1.0,28585160.0,32630364.0,30607762.0,13.234677046946144,0.003265101092553058,747134.479286541,6.755003882522712,-29433.004698321223,343624.84743488615,-373057.8521332074,29898838.5,30168861.923076924,29647200.359871004,29676633.364569325,0.7750845712485528,1.2652998090545717,-0.49021523780601894,0.17552765967795822,25.050766793404907,-94204.60000000149,24.490846366695944,69.39567225712226,-44.90482589042631,29894786.0,29978303.0,29936544.5,28988991.0,0.05750343977242379,25.87668207594127,20.98979666609391,25.665935405723783,-128.62398589247834,27890026.0,25154916.0,40.0,8.0,32.0,30453435.049599998,31631554.763459,0.0,0.0,40.77917631450376,0.0,0.06615576836464278,0.05848247933136221,-0.03039388249250678,34.02304975682299,0.4044605804046076,8.914206044240457,-99.5955394195954,-781797.1176470593,-6.237816367890298,-0.09917905557798558,1.1557464564299458,-1.2549255120079315,-6.84848909898262,-5.50538887299396,-1.3431002259886604,29561177.868368443,-2.361658034626035,-2.3899921707737803,36.332449727877304
67,2023-03-09,28601000.0,28785904.0,26793164.0,26999330.0,40260508224273,9072491001317316.0,178445178500613,-0.13074612821743692,-1.428897286940733e+19,-5766365.373948087,-993947.9360345369,10274175349788.453,29799220.655518282,40.648649311213845,966.5803133937272,30323427.0,32983190.901854813,27663663.098145187,17.54263396320484,-0.12488572720343853,0.0,1.0,29462143.06666667,30224536.866666667,28699749.26666667,5.175413059904441,-1.115184348735963,0.0,1.0,26793164.0,32630364.0,29711764.0,19.249803130760913,0.03531933118618516,871695.031357887,7.536625686092185,-238478.9077018276,227204.09640754343,-465683.004109371,29609534.0,30140697.230769232,29239835.68912162,29478314.596823446,0.6327456567158736,1.2851521126362195,-0.652406455920346,0.11916498182569239,25.294768650587404,655211.0,6.567818734253707,58.541418813954316,-51.97360007970061,28998788.0,29711764.0,29355276.0,28988991.0,0.028751719886211894,26.495568489506752,17.574517508815234,36.12181813063833,-180.69248171306572,27890026.0,25154916.0,36.0,100.0,-64.0,30453435.049599998,31387843.182382282,0.0,0.0,31.838058817224677,0.0,0.04526882302536845,0.06290161257247247,-6.16258797254928,28.372404361573604,4.432626934434033,7.1227251182267866,-95.56737306556597,-960038.2411764711,-11.393311092283728,-0.8089977699319548,0.7627976111575656,-1.5717953810895204,-2.7264795627739495,-4.949607010949959,2.223127448176009,28850095.050656587,-5.591361017523799,-5.753760237897154,28.70961027955754
68,2023-03-10,28601000.0,28787264.0,26793164.0,26999330.0,40260508224273,9040555399505526.0,218705686724886,-0.18160843006265345,-1.2247691030920569e+19,3368.0349797037006,-889100.9309893051,10274175349788.453,29481771.79094668,50.261276173571666,966.5803133937272,30076835.9,32996439.22394144,27157232.576058555,19.41429832345791,-0.027041785910386633,0.0,1.0,29140593.4,30046475.8,28234711.0,6.2173229457983545,-0.6818661009420205,0.0,1.0,26793164.0,32630364.0,29711764.0,19.40762658481639,0.03531933118618516,983935.5282220982,8.175123032618968,-399543.6019900255,101854.55672802965,-501398.1587180551,29277925.0,30116561.846153848,28895142.506179832,29294686.108169857,0.702749057974734,1.2136622610277534,-0.5109132030530195,0.05850397813254145,25.699530020941975,942848.1000000015,-10.051642599684401,45.99496977809699,-56.046612377781386,28886025.0,29711764.0,29298894.5,28988991.0,0.014375859943105947,27.06810891443155,14.962791998179753,30.732890374323134,-151.56307678802594,27873589.0,25154916.0,32.0,96.0,-64.0,30453435.049599998,30928375.264144056,0.0,0.0,31.83805881722469,5.115580532995192e-16,1.3351191694566786e-16,0.03714153046333712,-10.935152720950745,27.229869732632185,4.432626934434033,3.089904816424223,-95.56737306556597,-1180400.4941176474,-12.845329094197105,-1.3638773957663217,0.33746260977278825,-1.70134000553911,0.3795126891965873,-3.8837830709206496,4.263295760117237,28359820.81155389,0.0,0.0,28.70961027955754
69,2023-03-11,27004608.0,27009566.0,25917352.0,26659880.0,52268234460373,9059354973363654.0,166437452264513,-0.09397623750230011,-1.3032656910442433e+19,-2772430.33083245,-1009982.9543782764,9617031184078.654,29069006.185681194,47.18588848883088,966.5803133937272,29833496.6,33027544.747759793,26639448.45224021,21.412496098494813,0.0031983781731844026,0.0,0.0,28704982.46666667,29656347.066666663,27753617.866666667,6.628567713669632,-0.5748258168669875,0.0,1.0,25917352.0,32630364.0,29273858.0,22.501593058320893,0.11061025959733127,994763.3753998885,8.882892868326634,-548259.3185749091,-28168.2183325581,-520091.100242351,28914608.0,30073940.384615384,28551255.96676755,29099515.28534246,0.6650250489476142,1.2837104346185741,-0.61868538567096,-0.004792044644284157,25.99372227039535,767305.3999999985,-26.555065533689415,32.50462773740175,-59.05969327109116,28353750.0,29273858.0,28813804.0,29122070.0,0.0071879299715529735,28.22547565172214,13.752577504251878,34.73280553202998,-174.7498577204402,27928936.0,25154916.0,28.000000000000004,100.0,-72.0,30453435.049599998,30514854.13772965,0.0,0.0,30.207435655008325,0.0,1.3351191694566786e-16,0.015089607675122905,-15.40692962885181,30.6783370541573,13.43476667087637,7.43334017991481,-86.56523332912363,-1644033.970588237,-14.054959425118579,-1.8840840240767498,-0.10684671699711934,-1.7772373070796306,5.575191288423204,-1.9919881990518793,7.567179487475083,27775366.773092534,-1.2572534207330288,-1.2652237266468802,27.09140430150565
70,2023-03-12,26660716.0,27459442.0,26503476.0,27247986.0,39857295776273,9081579708283856.0,206294748040786,-0.09787665720426736,-7.822232381836255e+18,1242408.3931323464,-1028486.8538343215,10496266754148.771,28799115.072692588,48.88667460701891,987.9026780025977,29586396.1,32777644.14268004,26395148.05731996,21.57240126099738,0.13362138123926856,0.0,0.0,28333960.06666667,29340705.46666667,27327214.666666668,7.106280926712961,-0.03934890920120811,0.0,1.0,25917352.0,32630364.0,29273858.0,22.689522499835657,0.19821713412697609,990883.6378598996,9.405021931635838,-611612.0729525238,-144856.98925655126,-466755.0836959726,28635206.666666668,30034316.923076924,28350752.89495716,28962364.967909683,0.6938658080568505,1.2897171619219872,-0.5958513538651367,-0.0633280710012603,25.701767002039787,1297297.8999999985,-39.52045223002452,18.873556507544095,-58.39400873756861,27620643.0,29273858.0,28447250.5,29217043.0,0.0035939649857764868,28.595095681078316,16.11196782516648,32.272433316485056,-129.9506742217999,27976422.5,25154916.0,24.0,96.0,-72.0,30453435.049599998,29963153.88120209,0.0,0.0,36.29501870777725,0.20698899427662745,0.06899633142554261,0.022998777141847625,-17.401694553486475,34.321124097793316,24.075532928502234,13.980975511270877,-75.92446707149776,-2018768.5764705874,-10.956627868772852,-2.1117476892173355,-0.5078269114411627,-1.6039207777761728,6.434976088294793,-0.3065953415825451,6.741571429877338,27662965.40685446,2.2059589165442706,2.181979650586996,29.89498846685603
71,2023-03-13,27242200.0,29298412.0,27005512.0,29270572.0,38667029076825,9119307760441060.0,244961777117611,-0.012940767764782061,4.467713911623089e+18,6940916.829600849,-590328.0422108831,13366474910904.99,28627407.929711424,49.59480418310386,1061.233533570806,29454010.8,32461730.02436312,26446291.575636882,20.42315557488095,0.46950533172875475,0.0,0.0,28235186.133333337,29269248.53333334,27201123.733333338,7.324636679332724,1.0006399355912472,1.0,0.0,25917352.0,31941288.0,28929320.0,20.452005809680767,0.5566493402320344,1121085.2740739095,9.458277702845756,-492931.59193268046,-214471.90979177709,-278459.6821409034,28500779.833333332,29959585.923076924,28492263.52650221,28985195.11843489,0.7466574893915218,1.1537241822871618,-0.40706669289564,-0.10283850867402057,25.527594967371662,1331951.1999999993,-43.41131083654004,6.289458189000777,-49.700769025540815,27620643.0,29273858.0,28447250.5,29273858.0,0.0017969824928882434,26.720851414829916,26.02506077965781,27.2807734996415,-51.262840593811674,29251510.0,26030944.0,20.0,92.0,-72.0,30453435.049599998,29477657.65545784,0.0,0.0,51.84996242537417,0.7845841985101496,0.3305243975955923,0.13317357634037835,-13.689056688548249,46.45032596281119,63.42315010610812,33.644483235162234,-36.57684989389188,-2154786.458823528,-5.223215849762013,-1.7006323052804664,-0.7463879902090234,-0.954244315071443,6.734228765991379,1.1015694799322397,5.632659286059139,27677840.217495106,7.422882557264976,7.160303258519818,39.53694090852362
72,2023-03-14,29260610.0,31896214.0,28671798.0,31377062.0,64143279829966,9162796067705274.0,309105056947577,0.03801204867407043,2.3131922999823372e+19,10717563.561650576,201753.16880488847,17982618986566.543,28777204.441487554,59.72003444558826,1061.233533570806,29446766.3,32435162.86399804,26458369.73600196,20.296942173905457,0.8229651183605874,0.0,0.0,28407945.06666667,29737730.46666666,27078159.666666668,9.362066822357672,1.6163895066577445,1.0,0.0,25917352.0,31896214.0,28906783.0,20.303967977631554,0.9131687602088826,1331418.3466665186,9.365792892693168,-226291.76672416925,-216835.88117825554,-9455.885545913712,28550038.166666668,29994535.846153848,28936078.6762711,29162370.44299527,0.88803644299436,0.9516440973224769,-0.06360765432811688,-0.11388854859307396,25.542485380271827,-469618.30000000075,-40.2378340656961,-4.622075944501635,-35.61575812119446,28906783.0,29273858.0,29090320.5,29273858.0,50.000898491246446,26.55556391186394,36.37626920733613,22.103269685782557,65.75830956475188,29863640.0,26643074.0,16.0,88.0,-72.0,25917352.0,29477657.65545784,1.0,0.0,62.201534476410494,1.0,0.6638577309289256,0.3544594866500202,-6.050909047758135,54.0425829454178,91.31687602088826,59.60518635183286,-8.683123979111745,-1693047.7352941185,1.920030954368098,-0.775971785855028,-0.7523047493382243,-0.023667036516803686,12.207580834656628,3.3227717508771173,8.884809083779512,27916152.587601244,7.196613718378986,6.949447370172734,49.57887554015281
73,2023-03-15,31382550.0,34635788.0,31345508.0,32291258.0,71276781541479,9132494532126360.0,380381838489056,0.013115971006486251,2.913606951100488e+19,12494405.397047067,1083893.6548136184,20059325485667.5,29191266.651663292,63.26769519576749,1061.233533570806,29506622.1,32667577.718705267,26345666.481294736,21.425398054664242,0.9404737421053371,0.0,0.0,28774393.6,30393486.0,27155301.2,11.253703014613661,1.58606043731661,1.0,0.0,25917352.0,34635788.0,30276570.0,29.547387601510643,0.7310836484892473,1527304.5119998667,9.302783382461389,58120.219028644264,-161844.6611368756,219964.88016551986,28826214.0,30012101.076923076,29452260.11069093,29394139.891662285,1.0403838564173815,0.8219982893788353,0.21838556703854617,-0.09910134560192106,25.86994582493158,-541562.1000000015,-32.73077076700213,-13.724177675171111,-19.006593091831014,30276570.0,30276570.0,30276570.0,30276570.0,75.00044924562323,27.63834130594164,44.46739144996134,18.28893616053861,166.6276164642342,29863640.0,26643074.0,100.0,84.0,16.0,26036929.24,29477657.65545784,0.0,0.0,65.65270788103473,1.0,0.9281947328367165,0.6408589537870781,1.2487135784959564,50.137855580297746,73.10836484892474,75.94946365864037,-26.891635151075263,-790803.1999999993,11.436977855791742,0.19772723149191446,-0.5622983531721967,0.7600255846641111,17.02977555980447,6.064172512662589,10.965603047141881,28292109.227269646,2.9135806277847065,2.871942703350072,53.93697668114892
74,2023-03-16,32323686.0,33353132.0,31608280.0,32002478.0,57314278792364,9101077205134370.0,323067559696692,-0.0035692040821992204,2.2609314233767203e+19,-1552446.1571041262,984599.0186256876,19546765168888.918,29439386.185431354,59.25773743765818,1051.7429457521284,29581697.9,32900916.465838708,26262479.33416129,22.44102807796377,0.864661147192082,0.0,0.0,29092723.53333333,30850330.933333337,27335116.133333333,12.082797253314581,1.3277600750505094,1.0,0.0,25917352.0,34635788.0,30276570.0,29.472398878091443,0.6979607351593795,1549059.26079988,9.232551740870717,257251.20252126455,-78025.48840524757,335276.6909265121,29079332.166666668,30014844.384615384,29844601.324430786,29587350.12190952,1.0500270078878164,0.8848565817626097,0.16517042612520672,-0.06926888852411893,26.105724284468856,-510181.8999999985,-27.60356897936806,-21.00577554567278,-6.59779343369528,30276570.0,30276570.0,30276570.0,30276570.0,87.50022462281161,28.643777457585223,40.478125782198646,16.648196221762554,130.85261852564358,29863640.0,26643074.0,96.0,80.0,16.0,26380883.5904,29477657.65545784,0.0,0.0,63.67494744230312,0.9442024192642708,0.9814008064214237,0.8578177567290219,5.980842554015587,50.97264658367285,69.79607351593795,78.07377146191698,-30.20392648406205,266917.28823529184,10.486489584347487,0.8694634749692209,-0.2759459875439132,1.1454094625131341,17.71446274610044,8.39423055935016,9.320232186750282,28547648.905587632,-0.8942977693839005,-0.8983206139852484,52.56032173243239
75,2023-03-17,31999190.0,32856160.0,31767496.0,32617354.0,44091749760662,9125825292583530.0,367159309457354,0.007192597070941662,2.325240630406286e+19,-416974.60406987404,1380945.3566554934,20393917027749.246,29668296.242408685,66.29090603893536,1071.950490165167,29689016.4,33246546.228968713,26131486.571031284,23.96529262565071,0.9115689454175134,0.0,0.0,29415344.8,31256835.4,27573854.2,12.52061203103762,1.3694068815773488,1.0,0.0,25917352.0,34635788.0,30276570.0,29.36586339721245,0.768486687291161,1503019.7347198918,8.838802454309864,459383.8055138141,29456.370378564774,429927.43513524934,29374818.666666668,30056793.923076924,30271178.65913374,29811794.853619926,1.1522222034862803,0.8950668287348221,0.2571553747514582,-0.02640551806159072,26.161706976357895,-544910.3999999985,-20.045746683283156,-25.954285884559347,5.9085392012761915,30276570.0,30276570.0,30276570.0,30276570.0,93.75011231140581,29.57739674125426,38.17683660661795,15.701701960535312,120.43372856908331,29912213.0,26682447.0,92.0,76.0,16.0,26711079.766783997,29477657.65545784,0.0,0.0,66.02200582464128,1.0,0.9814008064214237,0.9636654485598545,10.565888255287206,57.155042348173204,76.8486687291161,73.25103569799292,-23.151331270883905,1193953.3529411778,12.196949068634742,1.5409464870178153,0.08743250736843253,1.4535139796493828,15.73817758377849,9.863019964235827,5.875157619542664,28873850.860807303,1.9213387163331541,1.9031140721370576,55.49152225964005
76,2023-03-18,32620392.0,36369324.0,32640056.0,35891172.0,66393421739082,9175193310199666.0,433552731196436,0.051258660045406156,5.098205957076787e+19,12317139.064098297,2377034.888322037,27057853629442.863,30258836.40042629,71.99593409249132,1071.950490165167,29934643.1,34381598.30823805,25487687.89176195,29.7110955582968,1.169731155484256,1.0,0.0,30028447.8,32168987.8,27887907.8,14.256747563222365,1.8694498117297502,1.0,0.0,25917352.0,36369324.0,31143338.0,34.91597332590212,0.9542524606839743,1727914.7612479024,8.423491083114449,873673.9325818941,198299.88281923067,675374.0497626634,29937074.166666668,30199146.846153848,31135793.019267008,30262119.086685114,1.1662374717458903,0.6824056837041429,0.4838317880417474,0.04500531392908748,26.414092234070946,-644543.1000000015,1.4879963988079448,-26.518710588497765,28.00670698730571,31143338.0,31143338.0,31143338.0,31143338.0,96.87505615570291,31.56139883243598,47.84002682022235,12.96580122042181,195.13326110873862,29912213.0,26682447.0,100.0,72.0,28.0,27028068.09611264,29477657.65545784,0.0,0.0,75.20730108686797,1.0,0.9814008064214237,0.9814008064214237,18.912655618652916,62.353943147969616,95.42524606839743,80.68999610448382,-4.574753931602572,2265330.364705883,23.1507049830247,2.8870216592541853,0.647350337745583,2.2396713215086024,17.702314643338113,11.430878900056285,6.2714357432818275,30222135.871947717,10.037043470785513,9.564688193912119,71.09827394222626
77,2023-03-19,35922828.0,36286448.0,34861272.0,35291596.0,46752524434104,9156674117402610.0,386800206762332,0.024665821374619253,3.96943808335007e+19,3259193.8988613943,2576100.778834719,26276834508916.445,30669405.332615305,73.63724467312144,1054.0431399373374,30148238.7,35157913.78191371,25138563.618086286,33.23361694037346,1.0133424040382295,1.0,0.0,30823811.73333333,32907595.333333332,28740028.133333337,13.520609443293239,1.5720365268895173,1.0,0.0,25917352.0,36369324.0,31143338.0,34.668599064793796,0.8968875921213719,1697640.885123112,8.028126494171557,1140474.3918793164,386734.78463124787,753739.6072480686,30437198.833333332,30328889.846153848,31775147.32399516,30634672.932115845,1.245165089593715,0.710483684829581,0.534681404764134,0.12834169366432405,26.542486241205406,-1549870.6999999993,24.485998295417744,-22.681194933486413,47.167193228904154,31143338.0,31143338.0,31143338.0,31143338.0,98.43752807785145,33.403686488533296,44.657022713481005,12.103130330062916,180.52595529872048,29969103.0,26739337.0,96.0,68.0,28.0,27588543.45034588,29477657.65545784,0.0,0.0,71.40040975916483,0.9154021619582915,0.9718007206527638,0.9782007778318703,23.605390164212746,59.91043337941642,89.6887592121372,87.32089133655023,-10.311240787862808,3089391.841176469,20.48984469155107,3.722822157776983,1.2624447017518632,2.4603774560251197,15.749767205393983,12.294656561123825,3.4551106442701585,31641265.98206746,-1.6705389280684435,-1.6846498021259038,68.24001067076819
78,2023-03-20,35296340.0,37221584.0,35215472.0,36682620.0,49413257901324,9179536547502168.0,436213464663656,0.07713772987175381,4.384304466570507e+19,2617265.6200864413,2759498.594066537,28224466111038.7,31141335.01149176,75.07722409841449,1054.0431399373374,30452329.6,36216496.87820701,24688162.32179299,37.85698732360372,1.0404328239705405,1.0,0.0,31708475.666666664,33793460.46666667,29623490.866666667,13.15096204509022,1.692849063775748,1.0,0.0,25917352.0,37221584.0,31569468.0,37.121074638572146,0.952321926867743,1728487.996610801,7.684722865871143,1447474.1090852208,598882.6495220425,848591.4595631784,31110886.5,30527377.076923076,32530143.120303597,31082669.011218376,1.2413215322379345,0.6932260435199696,0.5480954887179649,0.2247720762857246,26.648022354315398,-3452999.6000000015,51.85630641889634,-13.968820272087997,65.82512669098433,31862530.0,31569468.0,31715999.0,31569468.0,99.21876403892571,35.34739970020866,44.836350630898224,10.994254472042574,173.89678140872724,30028417.0,26780255.0,100.0,64.0,36.0,28115390.28332513,29477657.65545784,0.0,0.0,74.61130358084526,0.9867555713710924,0.9673859111097945,0.9735291460613272,28.623544448518583,58.20683883626267,95.2321926867743,93.44873265576963,-4.767807313225702,3490370.958823528,28.268228452756468,4.65685269357917,1.9413263001173247,2.715526393461845,14.478161885341395,12.73135762596734,1.7468042593740556,33137882.818621017,3.941516274866119,3.8658211467964776,74.87121807219302
79,2023-03-21,36686448.0,37385268.0,35725508.0,36244296.0,58443090568895,9157628346399288.0,377770374094761,0.04901167069999637,3.3920179823387156e+19,956668.6979719237,2827761.130581961,27526124246948.285,31669352.700740848,76.48991356114786,1054.0431399373374,30720359.7,37014040.958195135,24426678.441804864,40.97400759402655,0.9388477961770916,0.0,0.0,32700751.46666667,34842490.86666666,30559012.066666663,13.099022523584319,1.3272585668763766,1.0,0.0,25917352.0,37385268.0,31651310.0,37.33001863256178,0.9005074679654089,1721615.196949721,7.454943384073305,1636539.5045133792,806414.0205203099,830125.4839930693,31881300.333333332,30725459.923076924,33101551.255641505,31465011.751128126,1.2454914027935509,0.7011174438669651,0.5443739589265858,0.3221061398523953,26.71950816123917,-3721029.6999999993,78.0118921714292,-0.9096708941486958,78.92156306557789,32195390.0,31651310.0,31923350.0,31651310.0,99.60938201946286,37.192263957491136,42.19679190190811,10.164506291187383,147.85149146351748,30200088.5,26919365.0,100.0,60.0,40.0,28843885.780659117,29477657.65545784,0.0,0.0,71.87302658464594,0.925904789487184,0.9426875076055227,0.9606247131226936,31.426254412135062,52.872486987288696,90.05074679654089,91.65723289848411,-9.949253203459111,4104615.976470586,34.24146451041563,5.201140611220982,2.5932891623380563,2.6078514488829256,14.750787241666997,13.135243549107273,1.615543692559724,34030709.542864755,-1.1949091967803804,-1.2021056213328052,72.78166580492649
80,2023-03-22,36245804.0,37143704.0,35912020.0,36735800.0,47070257213731,9173521538394164.0,424840631308492,0.06499916134337598,3.237947123455723e+19,-72027.08417346393,2854906.1390928994,28164437643946.742,32110621.64005016,81.09703157118162,1068.3368765145842,31017851.6,37836404.35888615,24199298.841113847,43.965345161985056,0.9192934044946848,0.0,0.0,33653438.8,35822750.0,31484127.6,12.892062608472568,1.2104469842777745,1.0,0.0,25917352.0,37385268.0,31651310.0,36.971986802593385,0.9433665192524954,1672622.077254749,7.139636299195396,1805225.9367774576,1006176.4037717396,799049.533005718,32692672.833333332,30965261.384615384,33660666.447081275,31855440.510303818,1.2632049905238885,0.7173968897655473,0.5458081007583412,0.417973385452358,26.811035463882043,-4357971.6000000015,103.41198643422511,15.404028802602987,88.00795763162213,33028533.0,31651310.0,32339921.5,31651310.0,99.80469100973144,38.90535219639629,39.796499832880414,9.58631579999945,127.01280562056394,30703393.5,26919365.0,96.0,56.00000000000001,39.99999999999999,29698024.002593204,29477657.65545784,0.0,0.0,73.06668233037523,0.9524305520483357,0.955030304302204,0.9550345743391736,34.020950730124895,57.71205503539813,94.33665192524954,93.20653046952157,-5.66334807475046,4798240.27647059,36.06189486924305,5.666931324316634,3.2080175947337723,2.4589137295828616,12.966407743144595,13.101476387914738,-0.13506864477014346,34805180.46912058,1.3560864859949229,1.346973923594419,75.12473462518403
81,2023-03-23,36713508.0,37384188.0,34686948.0,35470928.0,43361494613109,9155366954954540.0,381479136695383,0.07424887729785858,1.9918583856153e+19,-3062244.695224528,3048057.6161445826,26671432444270.336,32592475.974332344,79.55363159742927,1031.5523393146116,31342540.6,38357100.7135828,24327980.4864172,44.760635094034456,0.7942727222485346,0.0,0.0,34385691.06666666,36595436.266666666,32175945.866666667,12.852701989997906,0.7455570292297352,0.0,0.0,25917352.0,37385268.0,31651310.0,36.58898028196221,0.8330699317992911,1775083.869529274,6.310526780214623,1815913.8260239288,1168123.8882221775,647789.9378017513,33426926.833333332,31157566.923076924,33939168.22445339,32123254.39842946,1.2766118296133864,0.6970344470389981,0.5795773825743883,0.49910465141999794,27.000538802297648,-4094554.6000000015,123.62429938908343,33.61093251980071,90.01336686928272,34365388.0,31651310.0,33008349.0,31651310.0,99.90234550486572,39.231635046037006,35.08928375235337,13.8247382923986,96.2803984145698,30652137.0,26919365.0,92.0,52.0,40.0,30466748.402333885,29477657.65545784,0.0,0.0,65.37736620016508,0.7815563492831392,0.8866305636062197,0.9281161251713156,33.53820717460347,57.002297749630756,83.30699317992912,89.23146396723985,-16.693006820070885,4964681.052941181,33.049841184581474,5.652957211311413,3.6970055180493,1.9559516932621124,10.827081624612358,12.646597435254263,-1.8195158106419047,34907741.03658059,-3.443158989323769,-3.5038325033514894,69.09491158240762
82,2023-03-24,35463812.0,36746844.0,35135016.0,36455624.0,31162978801676,9175269076286778.0,412642115497059,0.08713006549289577,2.1456794815859024e+19,-489491.64723558497,3012853.353129205,27536536976469.07,33034101.784804694,79.5685677193464,1060.188902257474,31717068.8,38979383.14647947,24454754.453520525,45.79436007957629,0.8262427770217007,0.0,0.0,34932104.733333334,36980591.13333333,32883618.333333336,11.728388058136487,0.8718646281143645,0.0,0.0,25917352.0,37385268.0,31651310.0,36.15692254638613,0.91893522763857,1758758.2825763463,5.278809352409117,1882144.6016327105,1310928.0309042842,571216.5707284263,34194230.0,31368220.230769232,34326315.266845174,32444170.665212464,1.2963392450741569,0.715660443452873,0.5806788016212838,0.5718810502172006,27.129084926257764,-2446496.8000000007,145.2750833707183,53.38936075732521,91.8857226133931,34496774.0,31651310.0,33074042.0,31651310.0,99.95117275243285,39.53461197784624,32.60719935728618,12.846828129751037,90.79012968498607,30652137.0,26919365.0,88.0,48.0,40.0,31158600.362100497,29477657.65545784,0.0,0.0,68.18440642792477,0.8439352075490645,0.8593073696268464,0.9003227458450901,34.09550568280155,59.29215104930025,91.893522763857,89.8457226230119,-8.106477236142993,4919868.023529414,33.7919947551353,5.80117957415012,4.117840329269464,1.6833392448806554,6.962160864345337,11.509710121072478,-4.547549256727141,35111169.6414456,2.7760649509930957,2.7382308707558423,73.78909615675961
83,2023-03-25,36442936.0,36473116.0,35039324.0,35626672.0,33666113583432,9169185379791740.0,378976001913627,0.08193582796645317,1.4404739529705861e+19,-786653.676741389,3154694.5427071378,26771014702396.54,33656129.86807591,80.19857021797263,1060.188902257474,32044826.6,39391167.08203667,24698486.117963336,45.85039934050799,0.7437843310392677,0.0,0.0,35227656.666666664,37090494.266666666,33364819.06666667,10.575994978188055,0.6070987973759314,0.0,0.0,25917352.0,37385268.0,31651310.0,35.78710580384292,0.8466507777001506,1726261.654318712,3.7956299180347672,1846458.644042641,1418034.1535319558,428424.49051068514,34723905.0,31545412.076923076,34526370.14886899,32679911.504826352,1.3202317537719992,0.6661491400207781,0.6540826137512211,0.6289807151835808,27.254018248814578,-667764.6000000015,161.75670398057292,74.42939108620754,87.32731289436538,34576382.0,31651310.0,33113846.0,31651310.0,99.97558637621643,39.71498647307817,30.537855256158654,12.455086381393313,74.9383512453675,30652137.0,26919365.0,84.0,44.0,40.0,31781267.12589045,29477657.65545784,0.0,0.0,63.515850704914094,0.6995434431716551,0.775011666667953,0.8403165333003396,32.9814742547627,52.662326241444134,83.83909561954502,86.34653718777706,-16.160904380454983,4717565.39411765,21.714983909436413,5.6501335499943,4.424298973414432,1.2258345765798682,4.19612007033962,10.046992110925906,-5.850872040586286,35146522.40413053,-2.2738658924066124,-2.3001169284640355,69.83736517452932
84,2023-03-26,35618968.0,36013532.0,35241744.0,35628516.0,17342124978869,9169224837222360.0,396318126892496,0.08117840045028744,1.2351488008099457e+19,-572236.935997863,3025077.019197837,26771912312997.414,34099545.27503943,77.09036991766021,1060.2437765476059,32369047.1,39746985.34118983,24991108.85881017,45.586378977401715,0.7208929373929233,0.0,0.0,35558320.06666667,37323851.266666666,33792788.86666666,9.930340897375856,0.5198795505095966,0.0,0.0,25917352.0,37385268.0,31651310.0,35.42864874758701,0.8468115741343065,1630814.288886841,2.1202789330481093,1797604.3964259997,1493948.2021107648,303656.1943152349,35078192.833333336,31738785.692307692,34695931.04904299,32898326.652616993,1.3087291309649838,0.6961866228048269,0.6125425081601569,0.6716006888794527,27.30270698593013,-77789.10000000149,178.50091520205416,96.49013129568945,82.01078390636471,35012662.0,31651310.0,33331986.0,31651310.0,99.98779318810821,39.88247707579353,29.454267729866867,12.013137327389508,67.20413099384646,30652137.0,26925546.0,80.0,40.0,40.0,32341667.213301405,29477657.65545784,0.0,0.0,63.52183408640121,0.4997089707085908,0.6810625404764368,0.7717938589237453,32.120177533554134,53.71462465960953,83.07520908969344,86.26927582436515,-16.924790910306562,4417326.217647061,13.54956050378458,5.464121064294327,4.632263391590412,0.8318576727039151,-1.2264120027613032,7.792311288188466,-9.018723290949769,35185754.29016041,0.005175897428766341,0.005175763483933338,69.84615578234646
85,2023-03-27,35629576.0,36514136.0,35564164.0,36275932.0,17984018291327,9178189926338790.0,414302145183823,0.05076871966168718,1.2250295604956359e+19,2173734.875773164,2684564.0224958593,27098705076021.777,34487967.46337007,76.62585454284334,1060.2437765476059,32718338.7,40141459.41024976,25295217.98975024,45.375902354417285,0.7396292232650693,0.0,0.0,35928760.8,37680422.8,34177098.8,9.750750991667935,0.5990976569680689,0.0,0.0,25917352.0,37385268.0,31651310.0,35.0504226548642,0.9032661208889218,1562730.059998157,1.6305836172698152,1790488.477108959,1553256.2571104039,237232.21999855526,35410249.0,31946179.46153846,34939008.11842099,33148519.64131203,1.3174686826988298,0.7307887737120109,0.5866799089868189,0.7052641949569388,27.356365961835014,-715860.6999999993,194.24460105710736,117.90753181327828,76.33706924382908,36036108.0,31651310.0,33843709.0,31651310.0,99.9938965940541,40.27142434278105,30.49837094345682,11.473479981122194,70.35744609853235,30652137.0,26959810.0,76.0,36.0,40.0,32846027.291971266,29477657.65545784,0.0,0.0,65.65171222928984,0.26528061407046793,0.48817767598357137,0.6480839610426536,32.046840588304605,51.823102385049765,87.26872302308954,84.727675910776,-12.731276976910461,4204327.641176473,12.339791778939055,5.401413084153314,4.786093330102993,0.6153197540503212,-5.722024659509519,5.089444098648869,-10.811468758158387,35275269.064896725,1.8171287291337102,1.800816261032523,72.93247907439667
86,2023-03-28,36275592.0,36473020.0,34586468.0,35232324.0,23612368997242,9170744819299960.0,390689776186581,0.07508297921673758,6.979959492180632e+18,-4069989.369657277,1628310.2416881558,26419410132352.96,34929734.02118298,71.44265476967654,1060.2437765476059,33050036.5,40297920.33328479,25802152.666715212,43.86006552994147,0.650546528490025,0.0,0.0,35975136.13333333,37542526.53333334,34407745.733333334,8.71374270379876,0.26304176249473793,0.0,0.0,25917352.0,37385268.0,31651310.0,34.698648517377585,0.8122637103376062,1595112.2539983413,1.963473773039634,1681258.1189305522,1578856.6294744336,102401.48945611855,35679402.833333336,32117193.384615384,34984133.63866391,33302875.51973336,1.2306083796777023,0.8199777922767691,0.41063058740093317,0.7232170048831744,27.213707824958142,-432682.5,195.19594528601948,136.87530370112293,58.32064158489655,35985868.0,31651310.0,33818589.0,31651310.0,98.69582590280892,39.531768742917855,27.82511085838256,15.010349258325807,51.08153393669497,30479868.0,26959810.0,72.0,32.0,40.0,33299951.36277414,29477657.65545784,0.0,0.0,59.60975364175363,0.0,0.2549965282596863,0.4747455815732315,30.09675596965229,50.40956885270573,64.35381538339271,78.23258249872522,-35.64618461660728,3980896.6058823504,10.092487213021442,5.048387241919502,4.838552112466295,0.20983512945320726,-8.22563689079204,2.426427900760687,-10.652064791552728,35274690.261531875,-2.8768606138086295,-2.91905343827068,67.9574526954225
87,2023-03-29,35223240.0,35649124.0,34701044.0,35375764.0,23071198287251,9180511775827438.0,413760974473832,0.1247134147967766,6.455584233629582e+18,-1457427.7790582185,631750.7291092068,26513339010911.277,35219243.59631821,65.11307293522833,1064.5603060875812,33468858.2,40220877.56062466,26716838.83937534,40.348071154842444,0.6412100364463102,0.0,0.0,35951356.666666664,37471037.46666667,34431675.86666667,8.454094314660546,0.3106205373303829,0.0,0.0,25917352.0,37385268.0,31651310.0,34.264437500290946,0.8247716498795422,1530409.0285985072,2.198693754944066,1587961.6489169225,1580677.6333629314,7284.0155539910775,35909270.333333336,32363294.0,35044384.463484846,33456422.814567924,1.1436103978589653,0.9553575637499477,0.1882528341090176,0.7293072345539902,27.163427349372164,2422313.8000000007,195.6297340519897,152.85012899368886,42.77960505830083,35985868.0,31651310.0,33818589.0,31651310.0,90.79013409165344,38.844945685902026,26.564926517877513,14.330538594600991,42.180031440010445,30135242.0,27126448.0,68.0,28.000000000000004,40.0,33708483.02649672,29477657.65545784,0.0,0.0,60.15256585278082,0.03480112581399561,0.1000272466281545,0.2810671502904707,28.688681034803064,51.58087377214355,65.21536828534177,72.279302230608,-34.784631714658225,3713624.7882352956,8.456878507067128,4.7463581439001805,4.820113318753072,-0.07375517485289151,-10.372508024808164,-0.1333592843530833,-10.23914874045508,35275207.272929765,0.40712613791811236,0.4062996220060455,68.64125138592702
88,2023-03-30,35374340.0,37294480.0,35379048.0,37064312.0,27044635949376,9201056771207798.0,440805610423208,0.1881751343294156,1.2057095906403492e+19,8227579.953100977,1330324.0226952855,27804227483116.344,35602454.56848983,73.34368785468293,1064.5603060875812,33972107.3,40200367.522495106,27743847.077504892,36.66690539679949,0.7482398446384463,0.0,0.0,35971962.13333334,37482574.93333333,34461349.33333333,8.398834594569946,0.8615585233577626,0.0,0.0,25917352.0,37385268.0,31651310.0,33.75685793857127,0.9720127004767039,1569239.7257386565,2.1856641797353613,1631468.6806849688,1590835.8428273392,40632.83785762964,36007032.0,32674803.692307692,35355142.54602564,33723673.86534067,1.1601611781432146,0.830320459901903,0.32984071824131167,0.7362517176811719,27.252386907099424,1319488.700000003,196.3773278059776,166.00184406419422,30.37548374178337,35985328.0,31651310.0,33818319.0,31651310.0,87.16619470306179,39.065625501338445,31.8823312117839,13.04309495320502,68.60527309881985,30032275.5,27531146.0,64.0,24.0,40.0,34076161.52384705,29477657.65545784,0.0,0.0,65.95321996054466,0.406696395129608,0.14716584031453453,0.16739653840079174,29.22733204881523,61.01863811210095,94.28677418734686,74.61865261869377,-5.71322581265313,3666485.3823529407,3.268603209725222,4.83775488755898,4.823641632514254,0.014113255044726714,-11.098711057304929,-2.3264296389434524,-8.772281418361477,35291362.735581376,4.773177478230584,4.662761304737373,76.69079761608633
89,2023-03-31,37066536.0,38039220.0,35958512.0,36356028.0,29095844467110,9183078357643234.0,411709765956098,0.14910676091133684,7.390636333696916e+18,4734837.408734736,1698310.595038472,27248217672316.605,35942636.69977647,72.82626271991727,1064.5603060875812,34456914.7,39776120.89097816,29137708.50902185,30.874535560075284,0.6785147286846167,0.0,0.0,36005251.733333334,37557959.333333336,34452544.13333333,8.624895120855488,0.6129563179399217,0.0,0.0,26503476.0,38039220.0,32271348.0,33.47874904191581,0.8540889950401118,1620386.5531647909,2.2445419035123275,1590461.8630595356,1590761.0468737786,-299.18381424294785,36095734.666666664,32954977.230769232,35509124.92356016,33918663.06050062,1.1708843969022267,0.7862813271102594,0.38460306979196723,0.7373530966235962,27.458629115671258,2225705.299999997,197.57816998349122,176.46475334744602,21.1134166360452,36312844.0,31978286.0,34145565.0,31978286.0,86.02795287420528,39.59048926666445,32.25363555913302,11.804579684839714,72.4266945569731,30032275.5,27908627.0,100.0,20.0,80.0,34407072.17146234,29477657.65545784,0.0,0.0,61.88380198216578,0.14579525072221888,0.19576425722194082,0.14765244805487657,28.399026508148665,52.860307142034266,68.82495141840478,76.10903129703114,-31.175048581595224,3743341.2176470608,3.0161061573979255,4.689046440959755,4.796722594203354,-0.1076761532435988,-11.082756355253801,-4.077694982205522,-7.005061373048279,35297057.84007343,-1.9109595235438315,-1.9294543532744513,73.31430799181615
90,2023-04-01,36354340.0,37327296.0,36011936.0,37206284.0,24824664466770,9203335326123426.0,436534430422868,0.14944270060734005,9.350162559005643e+18,-1744564.485774697,693903.1986189726,27828790443106.03,36127208.25577625,70.5883961210423,1089.4571069045683,34954829.6,39246723.49673045,30662935.703269556,24.556800567155076,0.7622914794929053,0.0,0.0,36030384.8,37591460.0,34469309.6,8.665326272063568,0.8766311834304971,0.0,0.0,27005512.0,38039220.0,32522366.0,31.565618045524673,0.9245098746495738,1589883.8978483118,2.2445419035123275,1608035.7824349403,1594215.993986011,13819.788448929321,36139373.333333336,33265061.0,35770226.319935516,34162190.537500575,1.1535593575133767,0.9561806005333147,0.19737875698006202,0.7381506242258395,27.687660667183607,1289466.3999999985,201.48201134057285,185.11561023094484,16.366401109628015,36312844.0,31978286.0,34145565.0,31978286.0,88.77669606109626,40.07786276303859,30.29518549627736,11.087802198364622,76.2504469822881,30032275.5,28634992.0,96.0,16.0,80.0,34842929.91088686,29477657.65545784,0.0,0.0,64.69960829252494,0.33928858494201125,0.29726007693127937,0.2133967248225849,28.576915495919593,55.93745587753426,75.87617066038916,79.66263208871361,-24.12382933961084,3694620.652941175,1.4275534299349393,4.707062858483167,4.778790647059317,-0.07172778857615025,-12.046361771163568,-5.6714283399971315,-6.374933431166436,35315855.8431076,2.3386933248043418,2.3117649326145795,77.36759814375161
91,2023-04-02,37199552.0,37629548.0,36969408.0,37118164.0,14209781631123,9195529611133680.0,422324648791745,0.09644991943488196,7.835544199528473e+18,2926132.937675127,670113.1299628105,27795135753018.34,36231836.85949953,68.50579306156898,1086.8768180409872,35347209.2,38851257.212145455,31843161.18785455,19.826447923053863,0.7527012749057168,0.0,0.0,36169553.333333336,37526918.53333334,34812188.13333333,7.505567942687724,0.8494308925360183,0.0,0.0,28671798.0,38039220.0,33355509.0,26.501164340861173,0.901674548237498,1496909.5080634807,2.2005997669316204,1596449.81291499,1594662.7577718068,1787.0551431830972,36212195.666666664,33566140.384615384,35977601.34763774,34381151.53472275,1.0994180353312615,0.936406525455735,0.16301150987552648,0.736498360404663,27.755471674164557,1388590.799999997,199.77145438797902,191.17076256619603,8.600691821782988,36312844.0,31978286.0,34145565.0,31978286.0,93.41983334196988,40.66453267306266,30.78740829574157,10.735486763493258,98.19808696402534,30032275.5,28988991.0,92.0,12.0,80.0,35226484.72158044,29477657.65545784,0.0,0.0,64.17050782400767,0.3040188647687297,0.26303423347765326,0.2520195225436244,28.562974918638428,55.038039548637904,73.3240035774362,72.67504188541004,-26.6759964225638,3863085.982352942,2.4110497276592158,4.643386686169246,4.7517098548813035,-0.10832316871205716,-15.587203623573199,-7.654583396712345,-7.932620226860854,35392721.33903897,-0.23684171200757387,-0.23712262562476383,76.94751768776122
92,2023-04-03,37185852.0,37259164.0,36429820.0,36841856.0,16049648673576,9195427586222658.0,406275000118169,0.04396710797735265,6.082659838781772e+18,-2351078.935486289,315231.3759933299,27675662000876.438,36238796.96353282,61.92039929628402,1086.8768180409872,35620448.9,38665788.41969441,32575109.38030559,17.098827295769485,0.7005370980971222,0.0,0.0,36242665.2,37521782.0,34963548.4,7.0586243751190825,0.7342205184077014,0.0,0.0,31345508.0,38039220.0,34692364.0,18.791767669160397,0.8211210760188069,1430152.9572571325,2.2161151847248672,1547137.662289217,1585157.7386752889,-38020.07638607174,36221033.666666664,33883197.615384616,36110563.60184732,34563425.9395581,1.060568451135996,0.9979562853926619,0.06261216574333417,0.7299900420115732,27.462734042402044,-149520.8999999985,193.95523479187474,194.74837710078515,-0.7931423089104044,36312844.0,31978286.0,34145565.0,31978286.0,96.70991667098494,40.54082197977475,29.518405899603582,12.974730367226181,79.7604848798882,29936544.5,28988991.0,88.0,8.0,80.0,35564012.95499079,29477657.65545784,0.0,0.0,62.44607880844474,0.21077061730209978,0.28469268900428024,0.28166233313773764,28.059695141552798,53.04524244325432,65.3214595198265,71.50721125255062,-34.678540480173496,4019562.6117647104,0.2886993069430909,4.476227747199406,4.696613433344924,-0.22038568614551757,-17.998437977973452,-9.723354312964567,-8.275083665008886,35407670.86186381,-0.7444010431119419,-0.7471855348068601,75.63031852033286
93,2023-04-04,36820652.0,37455128.0,35690360.0,36360724.0,25587726336231,9189279344937902.0,380687273781938,0.0815298376834363,3.454983583583877e+18,-1874227.3860610612,113024.51284811662,27341502018610.52,36223544.75293152,51.665742947246365,1086.8768180409872,35823922.2,38469935.48227363,33177908.917726375,14.772325975370881,0.6014359609598675,0.0,0.0,36321568.53333334,37633782.93333333,35009354.13333333,7.225538174628896,0.5149196147621413,0.0,0.0,31608280.0,38039220.0,34823750.0,17.95152402379882,0.7389967874058847,1463614.4615314193,2.275543200102748,1452490.687727265,1558624.328485684,-106133.64075841894,36295183.333333336,34243251.23076923,36149049.816947736,34696559.12922047,0.9980879575354632,0.9963609899556078,0.001726967579855354,0.7160969034140269,27.080749898050616,631701.799999997,186.2964099692685,195.61454318603114,-9.318133216762646,36312844.0,31978286.0,34145565.0,31978286.0,48.35495833549247,39.5804050247666,26.970861690224396,15.471193396462807,53.87523434424042,29355276.0,28988991.0,84.0,4.0,80.0,35564012.95499079,38039220.0,0.0,1.0,59.45023683335569,0.0,0.1715964940236098,0.2397744721685144,26.7849770037002,53.5932769449654,51.386719926597685,63.34406100795346,-48.613280073402315,3899493.0823529437,2.5085219084203265,4.1862672385401405,4.5945441943839676,-0.40827695584382706,-17.06449831291611,-11.191583112954877,-5.872915199961234,35426102.600881,-1.3059385498928155,-1.3145409037555567,73.33669448547629
94,2023-04-05,36367336.0,37391192.0,36146992.0,36977236.0,20064549118532,9195992599256706.0,400751822900470,0.14397667827045507,4.728562401095381e+18,1217551.3147931313,205137.25563144483,27681705236405.754,36208422.49131423,47.883147960471334,1105.305290500559,36072660.1,38097318.962103486,34048001.23789652,11.225448062276309,0.7233897070097539,0.0,0.0,36442622.8,37802078.4,35083167.2,7.460799994889489,0.6966276794917025,0.0,0.0,31767496.0,38039220.0,34903358.0,17.38636402919451,0.8306711200939327,1441673.0153782773,2.281483533256791,1410964.9191932306,1529092.4466271934,-118127.5274339628,36338651.0,34627016.84615385,36276463.07587885,34865498.15668562,1.0115196091105187,0.9875315276757406,0.023988081434778152,0.7001417825097305,26.777641863267018,-445988.1000000015,180.38367910928517,194.07444074738427,-13.690761638099104,36312844.0,31978286.0,34145565.0,31978286.0,24.177479167746235,38.688589280830456,25.312242407310197,14.519765889555647,76.71296878864024,29298894.5,28988991.0,80.0,0.0,80.0,35564012.95499079,37992242.8,0.0,0.0,61.968054331882875,0.2882721100461306,0.16634757578274345,0.20754558627021114,26.390687728924373,53.722744097146105,69.24238983859831,61.98352309500749,-30.757610161401686,3677324.017647058,1.4308135282501269,4.046880135922199,4.485011382691614,-0.43813124676941495,-17.806084719387588,-12.51448343424142,-5.291601285146168,35481291.9376413,1.6955437961026387,1.6813298958958,76.27569405519414
95,2023-04-06,36979388.0,37723772.0,36616780.0,37116604.0,22461652857017,9193814513358810.0,423213475757487,0.10663113268765827,4.5002585774212905e+18,1977180.7593814775,565096.216674731,27766363690471.297,36321426.69324086,57.83662138331744,1105.305290500559,36297622.6,37611756.050833344,34983489.14916666,7.240878915487666,0.8116051111402158,0.0,0.0,36546053.6,37921211.2,35170896.0,7.525614749276246,0.7074490952891501,0.0,0.0,32640056.0,38039220.0,35339638.0,14.874704218231635,0.8291187302330509,1408204.9138404496,2.088661454562659,1373468.788071774,1497967.7149161096,-124498.92684433563,36462812.0,35029198.538461536,36405715.52574364,35032246.73767187,1.104012689609896,0.9814888480011057,0.12252384160879037,0.6828728200939054,26.539726444421785,-669106.6000000015,173.4173312496674,191.65459474334514,-18.237263493677744,36370132.0,32271348.0,34320740.0,31978286.0,12.088739583873117,38.08206694428905,25.575517548071563,13.711813526735014,108.95386563184928,28813804.0,29122070.0,76.0,0.0,76.0,35564012.95499079,37946205.143999994,0.0,0.0,62.53439133053937,0.35311364907562753,0.21379525304058603,0.1839131076156464,26.217055889644257,50.05387757497067,73.27882222644429,64.63597733054677,-26.721177773555702,3560103.2823529392,4.182068984720212,3.920584364333152,4.372125979019922,-0.4515416146867697,-17.53691693841443,-13.518970135076023,-4.017946803338406,35517299.553563066,0.3769021567755937,0.37619366026433454,76.94008094795932
96,2023-04-07,37112976.0,37117132.0,36619020.0,36992692.0,18253290942742,9202947608341950.0,404960184814745,0.04708338100505636,3.5342499538900997e+18,-824670.1752149224,541154.8932476355,27705425955238.38,36376482.8481069,50.25338571482616,1101.615281868398,36352698.6,37686264.17379469,35019133.026205316,7.336817486197216,0.7399557294280197,0.0,0.0,36693954.66666667,37930268.266666666,35457641.06666667,6.738513802782251,0.6208177817235581,0.0,0.0,34586468.0,38039220.0,36312844.0,9.49792486657373,0.6969003276227195,1317195.6224564048,2.0843460312982747,1318554.6934544295,1462085.1106237737,-143530.41716934415,36576493.333333336,35403994.92307692,36496019.598706156,35177464.90525173,1.0850571823320576,0.978540857340921,0.10651632499113661,0.6633261475222039,26.070563514191175,-76766.60000000149,169.70585803147355,188.7741640743989,-19.068306042925343,36709134.0,32522366.0,34615750.0,31978286.0,6.044369791936559,37.518867631786314,24.903992338807402,13.35178841949623,75.09713220792946,28447250.5,29217043.0,72.0,0.0,72.0,35564012.95499079,37901088.241119996,0.0,0.0,61.65530440761537,0.33908554445425104,0.3268237678586697,0.23565553222733304,25.839944228416638,55.25948027110407,69.69003276227195,70.73708160910485,-30.30996723772805,3239427.2058823556,3.828888073811438,3.748293678938699,4.247359519003677,-0.4990658400649779,-18.500999377396766,-14.51537598354017,-3.9856233938565957,35626226.67325275,-0.3338451976910406,-0.33440370414865583,76.34937498492391
97,2023-04-08,36985872.0,37072288.0,36606008.0,36759868.0,14297641772215,9198085649691778.0,390662543042530,0.07434527383871838,2.5538093679094876e+18,-94341.0672535709,590605.7939253368,27615439691249.42,36473702.6391811,53.42239571297521,1094.6819536211394,36426112.2,37677035.27975527,35175189.120244734,6.868276652127969,0.6334038061178362,0.0,0.0,36851029.06666667,38039162.66666667,35662895.46666667,6.44830622151998,0.46163686193763476,0.0,0.0,34586468.0,38039220.0,36312844.0,9.478782640986868,0.6294688990115711,1232104.0602107644,1.948387859732526,1241931.71113652,1418054.4307263228,-176122.7195898029,36616821.333333336,35692044.76923077,36536611.66044367,35294679.94930715,1.0950914700384624,0.9633565135771448,0.1317349564613176,0.6403970813563893,25.369371423138716,-1193788.200000003,165.09864488751742,185.29875486123666,-20.200109973719236,36864790.0,33355509.0,35110149.5,31978286.0,3.0221848959682793,36.97797516317818,24.261799632927932,13.079449775581441,57.821173864078716,28447250.5,29273858.0,68.0,0.0,68.0,35564012.95499079,37856873.6762976,0.0,0.0,59.95000294607259,0.07685182368494489,0.2563503390716078,0.26565645332362114,25.07531570183049,50.38593917346823,62.94688990115711,68.63858162995778,-37.05311009884289,3010847.9058823586,1.334041534756433,3.5187504545168697,4.101637706106316,-0.5828872515894461,-20.490851548716382,-15.710471096575414,-4.780380452140967,35683429.06063822,-0.629378364786215,-0.6313673000938991,75.2394701723331
98,2023-04-09,36752828.0,37067896.0,36703960.0,36791596.0,12339328544076,9191688956096092.0,403001871586606,0.023372605038544315,2.244908346214767e+18,137972.87282842887,641335.0659843577,27626089952998.09,36540737.302454434,58.55567494957126,1095.6267902300328,36431561.0,37687843.70110631,35175278.29889369,6.896672372102364,0.6432937823958514,0.0,0.0,36878549.46666666,37911533.46666667,35845565.46666667,5.602085846319314,0.45791151331159596,0.0,0.0,34586468.0,38039220.0,36312844.0,9.477364969346223,0.6386580907056169,1145287.254189688,1.7988879920152596,1170277.4006465673,1368499.0247103716,-198221.62406380428,36746760.666666664,35900296.07692308,36575840.020375416,35405562.61972885,1.0909946635597725,0.9340337151254026,0.15696094843436992,0.6151256964291527,24.569680431359636,-1055797.0,157.30872390937054,180.82437196411215,-23.515648054741604,36707066.0,34692364.0,35699715.0,31978286.0,1.5110924479841397,36.47571787089919,23.747081404905764,12.801967011984,58.573941856955564,29090320.5,29273858.0,64.0,0.0,64.0,35564012.95499079,37813543.402771644,0.0,0.0,60.111912904522995,0.10174962140080594,0.17256232984666728,0.2519121455923149,24.469096882990282,50.85140631450542,63.86580907056169,65.50091057799692,-36.13419092943831,2845514.558823526,4.425685912743082,3.3053489735945054,3.942379959603954,-0.6370309860094485,-22.74869189728077,-17.118115256716486,-5.630576640564286,35697032.26818574,0.08631151776714585,0.08627429079588467,75.39072201876596
99,2023-04-10,36797616.0,37585124.0,36634528.0,37299024.0,16028194560346,9198069168835106.0,419030066146952,0.08468794204087803,3.086086398093693e+18,1327888.443122352,580917.4636521566,27847150075243.598,36602539.03994369,58.343638917617476,1095.6267902300328,36484297.4,37792198.95928798,35176395.84071202,7.169668336756735,0.8114632726806815,0.0,0.0,36917380.0,37837352.8,35997407.2,4.98395498272086,0.7074213498486049,0.0,0.0,34586468.0,38039220.0,36312844.0,9.46366586738765,0.7856214405204892,1125818.1287707193,1.7675023901881874,1141280.07589636,1323055.2349475694,-181775.15905120946,36907032.333333336,36092902.461538464,36687099.09416381,35545819.01826745,1.0665519755037238,0.9329994716156835,0.1335525038880403,0.5911049034443888,23.994710428982387,580014.6000000015,151.87521185574678,175.312505354687,-23.43729349894022,36707066.0,34823750.0,35765408.0,31978286.0,0.7555462239920698,36.41760884006224,25.473934622000378,12.081016174177025,92.33331083314623,30276570.0,30276570.0,60.0,0.0,60.0,35564012.95499079,37771079.734716214,0.0,0.0,62.70846895301068,0.5010365329155361,0.22654599266709563,0.21848622052845687,24.58489742081709,52.22166035721415,78.56214405204892,68.45828100792257,-21.437855947951082,2679141.0647058785,5.436659968672338,3.2107294399654753,3.7960498556762587,-0.5853204157107834,-23.16136603938074,-18.326765413249337,-4.8346006261314045,35784854.73665389,1.3791954010367036,1.3697710558219,77.80970279069382
100,2023-04-11,37302944.0,39329012.0,37288424.0,39178424.0,25476497701686,9219785520112426.0,444506563848638,0.10147084144168934,9.48529259558726e+18,9602750.96342657,1557541.7731581458,29130843980492.934,36874436.71594009,66.77345655932348,1095.6267902300328,36606428.6,38364255.46420999,34848601.735790014,9.603924400371508,1.2315838244274186,1.0,0.0,37092391.46666666,38084887.06666667,36099895.86666667,5.351478083541282,1.550902660592817,1.0,0.0,34586468.0,39329012.0,36957740.0,12.955494926374762,0.9682474216369948,1217295.1158936475,1.3883941712695187,1255478.9801416844,1309539.9839863926,-54061.003844708204,37083208.333333336,36368900.384615384,37070379.84890784,35814900.86876616,1.1667100326047608,0.8233686808971189,0.3433413517076419,0.5785366869287565,23.799052329120666,-250400.6000000015,148.690015940256,169.63678997160667,-20.946774031350685,37509686.0,35548254.0,36528970.0,32623182.0,11.612996932215074,37.41395696552057,32.383853658070215,10.689380614457173,230.29099258733444,30276570.0,30276570.0,100.0,0.0,100.0,35690360.0,37771079.734716214,1.0,0.0,70.3952620468831,1.0,0.5342620514387807,0.3111234579841811,27.011773270552947,63.454352056560474,96.7461313474942,79.72469482336827,-3.2538686525058083,2631706.7882352993,5.703901909740021,3.5054654618256276,3.7379329769061327,-0.23246751508050512,-19.814271205423747,-18.62426657168422,-1.1900046337395267,36167617.26544197,5.038737742842825,4.915902701538499,86.76906739564514
101,2023-04-12,39179348.0,40359556.0,39121000.0,39984052.0,26609158866798,9230260009911184.0,471115722715436,0.17052874221456565,1.1192691287580615e+19,6663371.947364983,2137598.8964740885,29678009518329.29,37271514.052083276,74.98737062598174,1095.6267902300328,36832084.8,39047952.13494358,34616217.46505641,12.032266688002332,1.2112265139465694,1.0,0.0,37350641.06666666,38400978.266666666,36300303.86666667,5.624199049891895,1.753602620821835,1.0,0.0,34586468.0,40359556.0,37473012.0,15.674073382889258,0.9349561274659246,1219421.2043042828,0.9739678661021797,1394910.2244348377,1326614.0320760817,68296.19235875597,37385543.666666664,36652234.92307692,37518637.10292202,36123726.878487185,1.2680296554935049,0.7139439660508586,0.5540856894426462,0.5773885017259354,23.482294841833003,374199.200000003,152.8840440544502,165.07332433411506,-12.189280279664871,38024958.0,36499806.0,37262382.0,33138454.0,36.43436224201931,38.78931276696208,35.94251140487491,9.940880441786879,302.12684974607197,30276570.0,30276570.0,100.0,0.0,100.0,35763133.04,37771079.734716214,0.0,0.0,72.96755440483982,1.0,0.8336788443051786,0.5314956294703516,29.913568813601294,64.16760273961064,92.46052812283406,89.2562678407924,-7.539471877165944,2854654.7176470608,9.979153938378527,3.8614792685345836,3.7626422352318234,0.09883703330276017,-16.560812435753956,-18.21157574449817,1.6507633087442137,36788272.923708566,2.0563052765981693,2.0354487508985386,90.60960958355497
102,2023-04-13,39979452.0,40298036.0,39371688.0,39878616.0,24679381322594,9232591361952510.0,446436341392842,0.13247648321202726,9.222007496622096e+18,355023.8885112809,1575273.4632891105,29612931190371.707,37555477.598725624,74.97401793835563,1092.737675683696,37003234.4,39576330.82793982,34430137.972060174,13.907413606740416,1.05873957321961,1.0,0.0,37651224.4,38711262.0,36591186.8,5.630826709582393,1.5506191478490945,1.0,0.0,34586468.0,40359556.0,37473012.0,15.60157670973757,0.916692764773376,1190113.8838738545,0.976514310594781,1479843.9659814984,1357260.0188571652,122583.94712433312,37608238.0,36805598.15384615,37881710.77939556,36401866.81341406,1.257823748115063,0.8060461084411603,0.4517776396739026,0.5819028375680457,23.278769500103643,114929.60000000149,156.34192976194657,161.74504875552373,-5.403118993577152,38253274.0,37473012.0,37863143.0,33138454.0,61.586221863476496,40.06642886830061,34.02356692564006,9.410144082615458,237.35790237234698,31143338.0,31143338.0,96.0,36.0,60.0,35946989.958399996,37771079.734716214,0.0,0.0,72.08479605702023,0.9346942658444425,0.9782314219481475,0.7820574392307021,32.00961408910309,64.44367214772805,89.69972560586447,92.96879502539757,-10.30027439413552,3099543.16470588,7.182474874405624,4.065296907894232,3.823173169764305,0.24212373812992682,-14.49647195300754,-17.468554986200044,2.9720830331925043,37375534.94280468,-0.2636951352504191,-0.2640434232858979,90.1069813157633
103,2023-04-14,39552708.0,39723572.0,39632624.0,39573656.0,22765602638214,9180304669100762.0,423670738754628,0.026361688504828954,6.912778114168977e+18,-62626.816863032596,1232597.4471749843,29438837932457.5,37802121.7166611,66.16549429418356,1084.381285342153,37200583.6,39922249.82359258,34478917.37640742,14.63238454997023,0.9359594830970053,0.0,0.0,37965345.733333334,38858001.33333333,37072690.13333334,4.702475811862543,1.400857098004357,1.0,0.0,34586468.0,40359556.0,37473012.0,15.518810301674943,0.8638683491400097,1095701.695486469,0.8763500545024083,1505195.8835353628,1386847.191792805,118348.6917425578,37812862.333333336,36970292.76923077,38142010.044103935,36636814.16056857,1.2577842905084178,0.8652576782193405,0.39252661228907726,0.5869056752566563,22.97283133667709,-358727.6000000015,158.47336220947395,159.31056909998915,-0.8372068905152048,38482782.0,37473012.0,37977897.0,33138454.0,80.79311093173825,41.25232239097211,33.51190325452826,9.268629558946467,175.9263727446986,31143338.0,31143338.0,92.0,32.0,60.0,36123492.600063995,37771079.734716214,0.0,0.0,69.46703823268018,0.7410347020666099,0.8919096559703507,0.9012733074078921,33.02982684134895,63.14004788106265,83.16840843691291,88.44288738853714,-16.83159156308709,3269311.311764702,6.615337978462513,4.108424594285202,3.8802234546684846,0.22820113961671717,-13.37243206297061,-16.64933040155416,3.2768983385835497,37865356.078848936,-0.7647206211970792,-0.7676596022566429,88.65319402730638
104,2023-04-15,39587320.0,40285604.0,39266396.0,39764632.0,29557017781788,9179645325417936.0,453227756536416,0.024009666360990105,6.731621387558373e+18,337593.2658452521,1381323.0008621232,29581475272507.527,38086133.47413116,66.96889053440486,1084.381285342153,37407389.4,40245871.74250359,34568907.057496406,15.176051512985786,0.9152293929580818,0.0,0.0,38258719.46666666,39128875.86666667,37388563.06666666,4.5488004414687,1.3653114160473514,1.0,0.0,34586468.0,40359556.0,37473012.0,15.433014953991952,0.8969487386992888,1088052.325937822,0.8885380867215541,1523139.820268035,1414105.7174878512,109034.10278018378,38056427.0,37088831.692307696,38391644.191164866,36868504.37089683,1.2320780288519857,0.7668784715306408,0.4651995573213449,0.5917660976215215,22.775750090032304,-1046665.3999999985,160.88138159634548,157.9176858051756,2.9636957911698687,38482782.0,37473012.0,37977897.0,33138454.0,90.39655546586914,42.59990172665628,34.872170041117435,8.68580060351967,147.67634820821232,31715999.0,31569468.0,88.0,28.000000000000004,60.0,36292935.13606144,37771079.734716214,0.0,0.0,70.19694464483939,0.7950325761491873,0.8235871813534131,0.8979094197573038,34.08522848124081,61.37961542017924,87.25853444575897,86.70888949617877,-12.74146555424103,3426236.0823529437,7.933302817317347,4.131276400434532,3.9304340438216947,0.20084235661283767,-10.018872787424923,-15.323238878728313,5.30436609130339,38254920.17973495,0.48258366626525717,0.4814229640324186,89.56360352756985
105,2023-04-16,39771220.0,39915992.0,39451820.0,39546536.0,15575071786106,9170426554741302.0,437652684750310,-0.017987286882018377,5.28469535272681e+18,-274460.7328624551,1152709.167252296,29496051098174.35,38211102.95477712,61.655859623242605,1078.4338086797766,37570919.6,40505057.28748365,34636781.912516356,15.619195477364073,0.8366604792316874,0.0,0.0,38507292.53333334,39313166.93333333,37701418.13333333,4.185567704103859,1.144792455664723,1.0,0.0,34586468.0,40359556.0,37473012.0,15.365841617568499,0.8591706899323205,1025664.2933440398,0.9332828453073706,1502442.7698988467,1431773.1279700503,70669.64192879642,38321911.333333336,37215840.92307692,38569319.85406258,37066877.08416373,1.176863874802304,0.8144637943104281,0.3624000804918758,0.5937779799591513,22.60416321500743,-593683.6000000015,161.0253126327472,156.95318076087267,4.072131871874518,38482782.0,37473012.0,37977897.0,33138454.0,95.19827773293457,43.851225395505864,33.82885914006067,8.425937496538587,115.72871638675554,31923350.0,31651310.0,84.0,24.0,60.0,36455599.97061898,37771079.734716214,0.0,0.0,68.19207678770044,0.6467141064131223,0.7275937948763066,0.8143635440666901,34.44093202330347,61.09311239806016,82.58758038857225,84.33817442374804,-17.412419611427747,3362098.858823523,8.761684723329491,4.053329786826695,3.9550131924226952,0.09831659440399987,-12.036594671913116,-14.665910037365274,2.6293153654521575,38458520.01594509,-0.5484672912350885,-0.5499768954031481,88.52390916613457
106,2023-04-17,39543252.0,39855728.0,39336972.0,39542696.0,16767545859566,9166958080523946.0,420885138890744,-0.008915040825087596,4.520540677180018e+18,-270881.62284695625,1301294.6895836766,29494422956177.27,38365597.991641544,61.25580387761325,1078.4338086797766,37786438.2,40633743.14671357,34939133.253286436,15.070512503152871,0.808407043303724,0.0,0.0,38774177.6,39582116.4,37966238.8,4.1674065061279375,0.9756043403287487,0.0,0.0,34701044.0,40359556.0,37530300.0,14.974981156069903,0.8556404934724888,974973.4640096358,0.9431443066952875,1468798.952431269,1439178.292862294,29620.65956897498,38535699.666666664,37323798.461538464,38719070.03036065,37250271.07792938,1.2141967656312362,0.7858421494050981,0.42835461622613813,0.592498228897554,22.33068255458833,-669834.200000003,159.63400879706322,156.34599897304443,3.2880098240187863,38497042.0,37473012.0,37985027.0,33138454.0,97.59913886646729,44.80138925666019,32.65307464314612,8.90256439959105,96.33931544817179,32339921.5,31651310.0,80.0,20.0,60.0,36611758.21179422,37771079.734716214,0.0,0.0,68.1551675954546,0.6439835948267328,0.6952434257963475,0.7488081340086891,34.72826401572672,59.2472806616227,82.5053392489842,84.11715136110513,-17.494660751015807,3059420.7882352993,6.937944198966088,3.9430557414158685,3.95262170222133,-0.009565960805461682,-13.190947953914126,-14.370917620675046,1.17996966676092,38652738.18597034,-0.009710079284819262,-0.009710550743591284,88.5056033450837
107,2023-04-18,39545032.0,39547708.0,38650936.0,38804056.0,23552802078114,9151448359751226.0,397332336812630,-0.06834590707181959,1.3894574765859983e+18,-1892432.128193264,1299994.350859948,29054467073377.117,38582798.21856844,61.340707859110985,1078.4338086797766,37957852.8,40610107.08209158,35305598.51790842,13.97473295481867,0.6595252773675764,0.0,0.0,38992995.46666667,39843983.46666666,38142007.46666667,4.364824963126862,0.38898817217947507,0.0,0.0,35379048.0,40359556.0,37869302.0,13.121153154374424,0.6876824613071598,967153.3176086722,1.0689730801728348,1366778.537578538,1424698.341805543,-57919.80422700499,38676320.666666664,37451995.692307696,38732144.79492055,37365366.25734201,1.2341747111224333,0.812393264125361,0.4217814469970723,0.583748918268279,22.160522050656155,-965160.799999997,157.7586155668404,156.3959869349855,1.3626286318549035,38497042.0,37473012.0,37985027.0,33138454.0,94.83343225636254,44.488874110857935,30.668632765484784,13.010734391873408,57.41904016654334,33008349.0,31651310.0,76.0,16.0,60.0,36761670.12332245,37771079.734716214,0.0,0.0,61.28395066848314,0.10247301319574596,0.4643902381452003,0.6290758196059514,33.1202232728584,48.14257695493425,63.0747449771683,76.05588820490824,-36.9252550228317,2732645.9058823586,4.546353432550025,3.6578753923226333,3.893672440241591,-0.23579704791895795,-11.542341166221325,-13.805202329784304,2.262861163562979,38668398.05777829,-1.8679555890675714,-1.885622228720507,84.98440239169365
108,2023-04-19,38809388.0,40227280.0,38491144.0,40030536.0,25653909293269,9171287917254088.0,422986246105899,-0.07023452251153847,5.685821647074936e+18,1758813.36400603,1338655.9258037268,29865310317959.81,38789105.392152764,62.27734141414051,1078.4338086797766,38106164.0,40871301.97593372,35341026.02406628,14.512812026598759,0.8479703394095884,0.0,0.0,39265845.733333334,40254053.733333334,38277637.733333334,5.033422719129649,0.8869075471290789,0.0,0.0,35690360.0,40359556.0,38024958.0,12.253125242414848,0.9295339069081701,1044051.585847805,1.056235385293525,1369111.049730055,1413580.8833904455,-44469.83366039046,38929474.333333336,37589492.307692304,38931897.288009696,37562786.23827964,1.1755155605429057,0.7601807632890555,0.41533479725385025,0.5759679104310474,22.227107511261423,-1346296.0,158.13644678522448,157.0916797049275,1.0447670802969924,38823990.0,37473012.0,38148501.0,33138454.0,92.4900713397947,44.6325867438946,31.621617628240443,11.54757547629401,78.46754673805965,33074042.0,31651310.0,72.0,12.0,60.0,36905585.55838955,37771079.734716214,0.0,0.0,67.19756830935793,0.5567533484497319,0.4344033188240702,0.5313456609218726,33.34395745359792,53.89456791057359,91.2344267343857,78.9381703201794,-8.765573265614293,2466559.7058823556,8.212011172368856,3.6448602109680985,3.843909994386893,-0.1990497834187943,-9.371268908829675,-12.91841564559338,3.547146736763704,38876227.82365201,3.160700520584747,3.111778562418266,90.83120536108851
109,2023-04-20,40026108.0,40091324.0,38069928.0,38269604.0,32625141702891,9145108279346264.0,390361104403008,-0.08884412460547109,-3.33367516381509e+18,-1726069.5177489433,1074138.0488658394,28430139526613.043,38912237.630806364,52.9556545974582,1078.4338086797766,38201842.8,40847994.2729686,35555691.3270314,13.853527887762528,0.5128037265992156,0.0,0.0,39429585.06666667,40524873.06666666,38334297.06666667,5.555665869413069,-0.02953244565204328,0.0,1.0,35690360.0,40359556.0,38024958.0,12.222436557432252,0.5523957443636978,1141786.0272630244,1.5791435316351632,1214862.9034130946,1373837.2873949755,-158974.38398188096,39055285.666666664,37691143.538461536,38830006.01293128,37615143.109518185,1.0969686067997486,0.811561616296831,0.2854069905029176,0.5583330923338978,22.53938107734101,-1410246.799999997,152.92742368190096,157.56250278733248,-4.635079105431515,39214742.0,37473012.0,38343877.0,33138454.0,74.77417447133172,44.09917194356766,27.71376987085966,12.695685040144905,33.79781416994753,33113846.0,31651310.0,68.0,8.0,60.0,37043744.37605397,37771079.734716214,0.0,0.0,54.35938579512945,0.0,0.2197421205484926,0.37284522583925434,29.210375335585013,44.8579509269469,44.32062677765144,66.20993282973514,-55.67937322234856,2128402.6117647067,4.107022364715782,3.2297176163226777,3.72107151877405,-0.49135390245137245,-5.209482370615873,-11.376628990597878,6.167146619982005,38863420.40031157,-4.398971824908859,-4.498661101899515,82.43659440412026
110,2023-04-21,38270932.0,38429144.0,37155900.0,37396276.0,28253570098491,9127522704017032.0,362107534304517,-0.1759779477357933,-6.382383549980785e+18,-5804826.376485408,718412.6059179476,27785381512734.066,38916014.778423876,51.26511636531786,1053.8235085244185,38211342.4,40844461.60681427,35578223.193185724,13.781872299855525,0.34522797184975895,0.0,0.0,39335767.06666667,40354320.666666664,38317213.46666667,5.178765667763603,-0.4520810032317743,0.0,1.0,35690360.0,40359556.0,38024958.0,12.21939797645005,0.3653554059414083,1154931.824536722,2.3586739779887234,1010501.433752656,1301170.1166665119,-290668.6829138559,39105675.666666664,37759134.307692304,38609432.16478801,37598930.73103535,1.0269620490920055,0.8964088354876931,0.13055321360431238,0.5291315420221707,22.85890982709313,-912318.3999999985,142.00533757946195,156.3537576234449,-14.34842004398294,38726968.0,37473012.0,38099990.0,33138454.0,37.38708723566586,42.33390771053508,25.570222980725678,17.266183169000506,-30.365370896991518,33331986.0,31651310.0,64.0,4.0,60.0,37043744.37605397,40359556.0,0.0,1.0,49.32615617301401,0.0,0.18558444948324393,0.27990996295193554,24.02168838333172,42.680254079981204,21.053893542855985,52.20298235163104,-78.94610645714401,1653424.8705882356,1.6435275055749143,2.687580242590665,3.5143732635373737,-0.8267930209467087,-3.41488537878984,-9.784280268236271,6.369394889446431,38781142.134771585,-2.2820408593723585,-2.308482458304084,78.2733167773708
111,2023-04-22,37400568.0,37624840.0,36156236.0,36289080.0,27618352409106,9104900841345712.0,334489181895411,-0.20401955935912844,-9.83903294483389e+18,-4796293.7495838795,382558.8428943541,26967681661712.74,38820121.2295805,49.301457338593906,1022.6228303246908,38169888.2,40895040.25053757,35444736.14946244,14.27906750084515,0.15491683305726106,0.0,0.0,39022618.66666667,40064177.06666666,37981060.266666666,5.338229137808751,-0.8122349484516029,0.0,1.0,35690360.0,40359556.0,38024958.0,12.232668787329589,0.12822764347437973,1186299.0420830497,3.420571565721708,750550.1577081159,1191046.1248748326,-440495.9671667167,39021513.666666664,37759640.0,38252454.908666775,37501904.75095866,0.9601158088099526,0.9533380496724413,0.00677775913751133,0.48660933606926104,23.111558271577582,1008535.799999997,125.53198524359807,152.93043045473954,-27.398445211141464,38220920.0,37473012.0,37846966.0,33138454.0,18.69354361783293,39.56527546300225,23.32887668794795,21.719280687551258,-80.26987439111028,33843709.0,31651310.0,60.0,0.0,60.0,37043744.37605397,40295482.88,0.0,0.0,43.79033245191096,0.0,0.0,0.13510885667724548,17.666235925282827,37.86380206736227,3.160454117221625,22.844991479243017,-96.83954588277838,1073536.6470588222,-2.7076955150354602,2.0013654311490128,3.2117716970597017,-1.210406265910689,-2.191394015344105,-8.265703017657838,6.074309002313733,38371884.0444373,-2.960711916876424,-3.005425770315995,72.99515744293232
112,2023-04-23,36274424.0,37080264.0,36146276.0,37007568.0,17462083543005,9119644638090080.0,351951265438416,-0.17005856866263905,-6.641128598336682e+18,-1483013.0903121051,266774.1312414588,27313413696822.1,38784085.11408966,50.035885856469434,1042.8697539753957,38178173.8,40888089.45154672,35468258.14845327,14.196151265604664,0.28401434758091887,0.0,0.0,38712144.266666666,39754466.66666667,37669821.86666666,5.384989231389614,-0.3176818739895909,0.0,1.0,35690360.0,40359556.0,38024958.0,12.23001399820753,0.2821059557148597,1161067.9378747446,3.960425465287008,595646.6319443509,1071966.2262887363,-476319.59434438543,38840609.0,37827918.615384616,38060933.84579496,37465287.21385061,0.9547024358670924,0.9893600983732668,-0.034657662506174414,0.4401330674840996,23.324917164784473,1805878.200000003,109.65836489641903,147.50654186440008,-37.84817696798105,38215940.0,37530300.0,37873120.0,33138454.0,9.346771808916465,36.9839038842553,22.007672810250217,20.54962844884553,-76.76794733655214,33818589.0,31651310.0,56.00000000000001,0.0,56.00000000000001,37043744.37605397,40129913.0048,0.0,0.0,47.878263390503584,0.1401069281094552,0.04670230936981836,0.0774289196176874,13.86894310914794,42.98778116580147,20.442315725515513,14.885554461864373,-79.55768427448449,564716.1882352978,-5.540947742053126,1.5898627135684822,2.887389900361458,-1.2975271867929759,-4.495584905732431,-7.511679395272757,3.0160944895403254,38243678.74317215,1.9799013918236463,1.9605562702029289,76.42029097293246
113,2023-04-24,37005764.0,37011220.0,36452556.0,36707036.0,17009506860590,9118131312497240.0,334941758577826,-0.1627914052077152,-6.422667529406705e+18,389591.57896304474,199752.92665865115,27175282460642.875,38756437.946956605,45.31606664178849,1034.4007907378834,38195489.4,40862822.90908697,35528155.890913025,13.966746079116735,0.22098475969930456,0.0,0.0,38420176.266666666,39509270.266666666,37331082.266666666,5.669385754197581,-0.2864978902953582,0.0,1.0,36146276.0,40359556.0,38252916.0,11.030831300200594,0.13309345687920102,1100827.5440872703,4.53966347183839,443521.4122497365,946277.2634809364,-502755.8512311999,38567524.333333336,37879121.384615384,37852641.86951882,37409120.45726908,0.9780337187917633,1.027300770725669,-0.04926705193390568,0.3906530605037334,23.35735929875055,1683126.6000000015,94.74949838296914,140.1585548406916,-45.40905645772247,38186778.0,37869302.0,38028040.0,33138454.0,4.673385904458232,34.58691598970455,21.23306344552287,19.82633822295989,-79.18975919021844,33818589.0,31651310.0,52.0,0.0,52.0,37043744.37605397,39890894.784512,0.0,0.0,46.359510013699655,0.08805422140372052,0.07605371650439187,0.04091867529140337,10.365277251125743,42.68554518564713,13.3093456879201,12.30403851021908,-86.6906543120799,34060.21176470071,-8.195807668517437,1.1855970063673456,2.5470313215626357,-1.3614343151952901,-6.506662095493963,-7.310675935316998,0.8040138398230345,38099490.20828337,-0.8120825448459601,-0.8153978962706532,74.9876125843748
114,2023-04-25,36707492.0,37209632.0,36122852.0,36694096.0,23600294939362,9119341056171656.0,311341463638464,-0.17397632961338114,-5.548770427565083e+18,-302296.05207607057,-507750.43159153743,27166962861737.77,38620515.5172017,38.0572067668422,1034.4007907378834,38181332.4,40877231.97622546,35485432.82377454,14.121558399179698,0.22416695096590272,0.0,0.0,38110507.86666667,39206359.06666666,37014656.66666667,5.750913652654212,-0.14626103738658722,0.0,1.0,36122852.0,40359556.0,38241204.0,11.09627070007646,0.1348321714238238,1099422.7896785433,5.056731491961211,318248.3607824445,820671.4829412381,-502423.1221587936,38302147.666666664,37864882.307692304,37674404.043439,37356155.68265656,0.9082179967830123,1.1365201489844472,-0.2283021522014349,0.3405541369848822,23.332041730326676,1392323.6000000015,77.46729592704631,130.8743307622804,-53.4070348352341,38175066.0,38024958.0,38100012.0,33138454.0,2.336692952229116,32.25339791943458,19.774923933905292,20.5481852821809,-80.80972783792504,33818319.0,31651310.0,48.0,16.0,32.0,37043744.37605397,39666217.65744128,0.0,0.0,46.2914209100884,0.08572058238486176,0.10462724396601246,0.07579442328007419,7.58566015818073,43.308411549158734,13.48321714238238,15.744959518605997,-86.51678285761761,-452886.5882352963,-7.985532898132673,0.8519301704543396,2.2080110913409765,-1.356080920886637,-5.7824681190674525,-7.005034372067089,1.2225662529996368,37946305.24225947,-0.03525209717286648,-0.035258312185249,74.92592578114609
115,2023-04-26,36680140.0,38049312.0,36411472.0,37970484.0,23786715937967,9140838098827790.0,335128179576431,-0.11988025079112807,-4.187919689658112e+17,3884468.2822532216,-706243.5505280917,27994373319884.22,38440657.68707026,37.233350651261965,1034.4007907378834,38224026.4,40877843.558538206,35570209.24146179,13.88559714126928,0.45223062011181353,0.0,0.0,37894405.2,39107623.2,36681187.2,6.403151038243503,0.5313541342116573,0.0,0.0,36122852.0,40359556.0,38241204.0,11.083876815237865,0.43610127117683933,1153264.510710689,5.240439295176899,318293.322045587,720195.850762108,-401902.528716521,38168550.0,37926976.76923077,37719954.805986844,37401661.48394126,0.8062894663880605,1.1457407745521677,-0.3394513081641072,0.2983587183415014,23.425990798100496,1540605.6000000015,62.094621763708155,120.03662109190762,-57.941999328199465,38175066.0,38024958.0,38100012.0,33138454.0,1.168346476114558,30.716166349757806,22.932962452242574,18.487638920042972,-39.26850658062726,34145565.0,31978286.0,44.0,12.0,32.0,37043744.37605397,39382748.404845975,0.0,0.0,53.539974340016066,0.34457772460986197,0.17278417613281472,0.11782171220107296,7.40425581574546,44.95634413640589,44.25270838363052,23.681757071311,-55.74729161636948,-600454.470588237,-4.051109152007588,0.8510138571845242,1.9366116445096861,-1.0855977873251619,-5.084258007868414,-6.620879099227354,1.5366210913589402,37947113.780252896,3.4784560437188583,3.4193250883280513,81.01064721851152
116,2023-04-27,37960372.0,40160132.0,36573920.0,38035400.0,42627505941527,9132954354483972.0,377755685517958,-0.15010820694918336,3.63507659864713e+16,9562394.985058283,-48574.18648902034,28067251168259.816,38317785.33257398,40.290373335002506,1034.4007907378834,38276161.8,40871494.57520434,35680829.02479565,13.561092090504987,0.4536163912581421,0.0,0.0,37762207.06666666,39282170.66666667,36242243.46666666,8.050184128891676,0.5898682485992864,0.0,0.0,36122852.0,40359556.0,38241204.0,11.068779628787127,0.45142355944621104,1396559.25963962,5.406622445247381,319879.7581116408,640132.6322320146,-320252.87412037374,38024447.333333336,37958865.84615385,37768484.835835025,37448605.077723384,0.8307627269603143,0.9990176391656833,-0.16825491220536903,0.2629994826920478,23.904915285209775,1270374.200000003,48.279560506854764,107.87228164079809,-59.59272113394333,38175066.0,38024958.0,38100012.0,33138454.0,0.584173238057279,30.89239978338577,29.803506488640963,14.952069335498432,-0.6720857924738648,34145565.0,31978286.0,40.0,8.0,32.0,36122852.0,39382748.404845975,1.0,0.0,53.880886392810126,0.38212224526103233,0.2708068507519186,0.18273942361691523,7.364046113397488,47.27728072668878,45.94431760527651,34.56008104376314,-54.05568239472349,-376512.63529411703,-4.348668434804074,0.8541833733132131,1.7201259902703916,-0.8659426169571784,1.6220705520125198,-4.97228916897938,6.5943597209919,37949874.93357763,0.17096437327477343,0.1708183955461351,81.32011093708928
117,2023-04-28,38043112.0,40006136.0,38008884.0,39487160.0,36378508813545,9150427314082878.0,414134194331503,-0.09758729518649208,7.575852650152989e+18,3516383.6883047437,207069.4210229637,29455769862822.047,38319815.183014736,49.08201428969486,1073.882476009016,38412526.4,40961024.96739496,35864027.832605034,13.269101547014959,0.7108366105731179,0.0,0.0,37778856.4,39408868.0,36148844.8,8.6292267968175,1.0240157800104,1.0,0.0,36122852.0,40359556.0,38241204.0,11.029485423275883,0.794086157541334,1456628.533675658,5.411832125132659,433287.2535125464,598763.5564881209,-165476.3029755745,38019499.333333336,38049981.07692308,38032896.39955272,37599609.14604017,0.9154259091503818,0.9852823768541568,-0.06985646770377496,0.24085326008701052,24.3688178514871,1130169.6000000015,41.83035986750411,94.94938309438471,-53.11902322688061,38141492.0,38024958.0,38083225.0,33138454.0,0.8320710580610233,31.05604511461174,26.736820634061427,13.413549042748931,46.44103574878212,34145565.0,31978286.0,36.0,4.0,32.0,36203597.6,39382748.404845975,0.0,0.0,60.80712963592296,0.6444142497222352,0.4570380731977098,0.300209700027481,9.603288544073408,53.409180761090624,80.81932337069324,57.005449786533426,-19.180676629306767,6709.188235297799,-0.1501421009415338,1.1523716957525298,1.6065751313668193,-0.45420343561428944,4.563282671414818,-3.0651748009005404,7.628457472315358,37968916.89418267,3.816865341234754,3.7458250748027666,88.24085540813542
118,2023-04-29,39496840.0,39621140.0,38719420.0,39261964.0,23477301133519,9155201507573376.0,390656893197984,-0.07304733615023566,5.738303084979142e+18,625169.6630940656,227610.59225502182,29321878382501.254,38257046.851649545,48.12351531422306,1067.7581044900887,38536044.8,40996256.89296878,36075832.70703121,12.768368449523832,0.6475318331445202,0.0,0.0,37740641.86666667,39287211.86666667,36194071.86666667,8.195780058345873,0.9918374639794296,0.0,0.0,36122852.0,40359556.0,38241204.0,10.994132952637631,0.7409325740009215,1401137.6803080922,5.434125590257383,499237.18006866425,578858.2812042297,-79621.10113556543,37996105.0,38143062.15384615,38221983.72269845,37722746.542629786,0.971334802397459,1.0348223539237094,-0.06348755152625041,0.22677380853455062,24.584490331615623,268011.200000003,33.76262367046236,81.70884975978043,-47.946226089318074,38141492.0,38024958.0,38083225.0,33138454.0,1.6485550728581804,31.20800149360728,25.46292530933657,12.774450712869099,43.77016759223116,34145565.0,31978286.0,32.0,0.0,32.0,36282728.288,39382748.404845975,0.0,0.0,59.31893189962111,0.6363725164079647,0.5543030037970773,0.4273826425822352,10.936758184911717,57.25472558227882,76.48110772073478,67.74824956556819,-23.518892279265224,390192.2352941185,-0.7099465347532197,1.3234380468677842,1.5499477144670124,-0.2265096675992282,2.98840519758261,-1.8544588012039105,4.8428639987865205,37988770.68646143,-0.5703018398892201,-0.5719342703113028,87.16731434631964
119,2023-04-30,39257020.0,39412096.0,38924456.0,39139156.0,14268310758925,9153497409430074.0,376388582439059,-0.08954750711099145,4.668222257456113e+18,-6848.957641245166,246725.71905653682,29277248350552.723,38232556.622075826,48.332561356389824,1064.4182502409174,38628051.4,41033355.37592532,36222747.42407468,12.453664571469007,0.6062453238999407,0.0,0.0,37775470.266666666,39168664.66666667,36382275.86666666,7.3761856049181755,0.9894097095614685,0.0,0.0,36122852.0,40359556.0,38241204.0,10.967946470113686,0.7119458900126135,1309787.912277283,5.458788313401055,535421.3882813677,570170.9026196573,-34749.51433828962,38024030.0,38249924.92307692,38363087.14997561,37827665.761694245,0.9723965511862755,1.0263750795341366,-0.0539785283478611,0.21756613589029458,24.646882870936523,1402484.6000000015,28.19046260929934,69.06275254087348,-40.87228993157414,38141492.0,38241204.0,38191348.0,33138454.0,3.1314913884248634,31.349103845531715,24.775448874023475,12.429551855708098,37.092803018932095,34145565.0,31978286.0,28.000000000000004,80.0,-52.0,36360276.36224,39382748.404845975,0.0,0.0,58.478403649049156,0.6028389320348158,0.6278752327216718,0.546405436572153,11.76694336217287,55.446780832651065,73.4890221000344,76.92981773048747,-26.5109778999656,798565.9176470563,0.8635695196399057,1.4154227534270858,1.5230427222590273,-0.10761996883194147,-1.148660496839016,-1.7132991403309317,0.5646386434919157,38014518.349773794,-0.31279128063995687,-0.3132814950649987,86.58187130683636
120,2023-05-01,39135180.0,40080608.0,38959220.0,39166628.0,19607128620925,9141143212591920.0,395995711059984,-0.15988273819200097,4.0782829403158185e+18,2011118.7169097946,409725.7433248762,29291010707550.766,38233581.62716169,53.62288571510219,1064.4182502409174,38627461.6,41032231.18900294,36222692.010997064,12.451087849909024,0.6121035467317988,0.0,0.0,37949641.46666667,39327650.266666666,36571632.666666664,7.262302075820054,0.9415742966711586,0.0,0.0,36122852.0,40359556.0,38241204.0,10.968113938918522,0.7184301759103303,1290947.9210495546,5.481242232136191,559860.6694932431,568108.8559943745,-8248.186501131393,37952037.666666664,38334132.307692304,38486708.819210134,37926848.14971689,0.9808322012848217,0.9885891945639751,-0.007756993279153357,0.21170307064527666,24.69832293268836,-357857.6000000015,24.353688909705113,57.82071961488537,-33.46703070518026,38141492.0,38241204.0,38191348.0,33138454.0,3.1037210599500726,31.941973473268497,26.958935479035752,11.650552149927536,49.29383223846981,34145565.0,31978286.0,24.0,76.0,-52.0,36436273.4749952,39382748.404845975,0.0,0.0,58.61965784980569,0.6335359496613439,0.6242491327013747,0.6021424564067078,12.482025757336066,52.8506983884073,74.15834800854103,74.70949260977007,-25.84165199145898,1139112.3764705881,-2.158122489291675,1.4761592296918093,1.5136660237455837,-0.03750679405377433,-2.825944677168442,-1.9358282476984336,-0.8901164294700084,38095645.2446101,0.07019057845805143,0.07016595639264267,86.7128342016045
121,2023-05-02,39110824.0,39327888.0,37174268.0,37730208.0,25056616162211,9129022931706332.0,370939094897773,-0.2064704465421605,-1.646018135118316e+18,-10905664.869628891,-234076.59534909722,28372069598101.082,38172073.57821086,53.48331610068191,1064.4182502409174,38514769.4,40865314.85803696,36164223.94196304,12.205943302555301,0.3331107791773533,0.0,0.0,38088381.733333334,39534892.13333334,36641871.33333333,7.595546642687008,0.37619386167796204,0.0,0.0,36122852.0,40298036.0,38210444.0,10.840475134715463,0.38497848238544696,1377215.128944599,5.637428108093447,458041.8650923595,546095.4578139716,-88053.59272161208,37907088.0,38357732.461538464,38370324.07779319,37912282.21270083,0.929563351046465,1.0104853522748283,-0.08092200122836324,0.20038635147152983,24.935390385747187,-1118493.3999999985,21.84431364472607,48.06360280914171,-26.219289164415642,38141492.0,38241204.0,38191348.0,33431516.0,1.5518605299750363,30.32111324539481,23.865442283473453,19.824182454308215,-31.433876966619092,34320740.0,31978286.0,20.0,72.0,-52.0,36510750.645495296,39382748.404845975,0.0,0.0,49.19575484352745,0.2309295477918109,0.4891014764959902,0.5804086139730121,10.26643780862681,49.510686777217764,39.16151044676627,62.26962685178057,-60.83848955323373,1025452.364705883,-1.4094632387625439,1.2081622059114998,1.4525652601787669,-0.24440305426726705,-2.347275907956571,-2.018117779750061,-0.3291581282065099,38078204.64537661,-3.6674589397892476,-3.7364010866060227,79.86521767194385
122,2023-05-03,37724308.0,38757504.0,37446464.0,38507192.0,22063248407190,9142661271895160.0,393002343304963,-0.18439397253234016,1.038097455671745e+18,-885944.7808977239,-422987.891413651,28826421479766.09,38073830.49280471,52.89002481856976,1086.337979645674,38446198.2,40712086.96296968,36180309.43703032,11.787322903462949,0.5134591337837914,0.0,0.0,38237616.8,39721832.4,36753401.2,7.763117705599257,0.590814029983245,0.0,0.0,36122852.0,40285604.0,38204228.0,10.82747370323862,0.572779738019464,1370597.616050139,5.676312716394219,435031.07685700804,523882.5816225789,-88851.50476557086,37999664.333333336,38415982.461538464,38391380.681209624,37956349.604352616,0.9491377250383507,1.0715588994180352,-0.12242117437968447,0.18959406563053777,25.19651107763291,-2157118.200000003,20.06641737767317,39.76548269744215,-19.699065319768984,38141492.0,38241204.0,38191348.0,33682534.0,0.7759302649875182,28.81602874808353,22.195709379862272,18.4371941329532,-16.292572699791084,34615750.0,31978286.0,16.0,68.0,-52.0,36583738.27258539,39382748.404845975,0.0,0.0,53.54611199390789,0.5733029216075336,0.4792561396868961,0.5308689162947536,9.719923307631703,47.561827610858394,59.05807870645583,57.45931238725438,-40.94192129354417,792428.9294117615,2.970659431436435,1.1461351826286297,1.3912792446687394,-0.24514406204010974,-2.9290935232831408,-2.200312928456677,-0.7287805948264636,38099550.11576068,2.0593154429469296,2.0383982227112796,83.56920987595231
123,2023-05-04,38507136.0,39033340.0,37548212.0,38738068.0,25538825413222,9158044878286974.0,418541168718185,-0.04538373722188762,1.732126655733359e+18,1097858.9689987898,-221278.713788813,28979543573324.695,38031498.19199078,61.47531437435583,1086.337979645674,38404418.8,40615770.23995002,36193067.36004997,11.516130221713064,0.5754401118637983,0.0,0.0,38409243.733333334,39986105.733333334,36832381.733333334,8.210846383478911,0.6042653912221443,0.0,0.0,36122852.0,40285604.0,38204228.0,10.839252695577834,0.628242086004643,1382050.6544451253,5.576322510228095,430462.5210958943,505198.569517242,-74736.04842134775,38203746.666666664,38492067.07692308,38444717.19179276,38014254.67069686,0.973918268750075,1.0528909490119542,-0.0789726802618792,0.18044605664877272,25.507244296910965,-1396850.799999997,19.13489108615478,33.28410438178754,-14.149213295632762,38285802.0,38241204.0,38263503.0,34515677.0,0.3879651324937591,27.66184824037486,21.910838755455085,16.98730550739252,1.8254174079630756,35110149.5,31978286.0,12.0,64.0,-52.0,36655266.147133686,39382748.404845975,0.0,0.0,54.78507439595712,0.6461111233303162,0.4834478642432202,0.48393516014203547,9.647382123498259,53.95969248696158,64.77668133000437,54.332090161075485,-35.22331866999564,578530.7764705867,6.748553559362762,1.1323713297152045,1.3394976616780325,-0.20712633196282804,-2.2087345922781223,-2.201997261220966,-0.006737331057156126,38150294.00723158,0.5995659200494385,0.5977756758191788,84.66982829807255
124,2023-05-05,38771452.0,38838332.0,37995404.0,38112156.0,20542136618190,9143193228957014.0,397999032099995,-0.07571085859559437,-3.521156972234834e+17,517407.11957822175,230309.39307287493,28647633117311.13,38079615.60017719,62.79413194466287,1068.785427011506,38321795.0,40445427.722630076,36198162.277369924,11.083158931517044,0.4506414179424664,0.0,0.0,38573220.8,40125697.6,37020744.0,8.04950568193155,0.35150670206472634,0.0,0.0,36122852.0,40227280.0,38175066.0,10.710427316883251,0.48467265109779,1328138.3890006128,5.372921369301094,372047.31050133705,478568.31771406106,-106521.00721272401,38295795.666666664,38542857.84615385,38393553.931516945,38021506.62101561,1.0428913506720856,0.9790940531566147,0.06379729751547092,0.16917962097452582,25.68835605598576,-1614759.0,18.846975567810755,28.478810360021164,-9.631834792210409,38367026.0,38241204.0,38304115.0,35852532.0,0.19398256624687954,26.59010919750252,20.905943349189336,16.208217793784954,-2.0688539707747435,35699715.0,31978286.0,8.0,60.0,-52.0,36725363.46419101,39382748.404845975,0.0,0.0,50.82728954919567,0.41353005628440026,0.5443147004074166,0.5023395681125109,8.396804734228096,48.95769300975816,49.2733721713629,57.70271073594103,-50.7266278286371,376859.4117647037,2.984762468044374,0.9785180640256257,1.2673017421475512,-0.2887836781219255,-3.2747983433713346,-2.4165574776510397,-0.8582408657202949,38148747.29176444,-1.6157543014277298,-1.6289499437313282,81.68601760390723
125,2023-05-06,38117132.0,39096880.0,38109292.0,38924988.0,23639587525597,9158603765544466.0,421638619625592,-0.02415135154828183,2.4431884320378793e+18,777960.5375299609,628470.4135810063,29151803314547.047,38238658.69573643,70.41794207119783,1068.785427011506,38290717.6,40359225.02737265,36222210.17262735,10.804223879954913,0.6533159590356482,0.0,0.0,38696550.53333333,40184002.13333333,37209098.93333334,7.687773610305147,0.5767882016015397,0.0,0.0,36122852.0,40227280.0,38175066.0,10.719120082513157,0.6827104775622815,1294083.3501005515,4.772134117764494,386881.8513688296,460231.02444501483,-73349.17307618522,38480625.0,38605394.92307692,38475313.018975876,38088431.16760705,1.102298223717967,0.9228966925465546,0.17940153117141244,0.16087591260619272,25.63279494434032,-1596621.6000000015,20.589233533204858,25.40210736294895,-4.812873829744092,38627438.0,38241204.0,38434321.0,35983918.0,0.09699128312343977,25.83959261823826,21.194429102973793,15.321600882986566,34.07779652203888,35765408.0,31978286.0,4.0,56.00000000000001,-52.00000000000001,36794058.83490719,39382748.404845975,0.0,0.0,55.339465630597765,0.6233277955216865,0.5609896583788009,0.5295840743431458,8.697332132885153,52.106534965046706,69.40653112986962,61.15219487707896,-30.593468870130383,155152.3999999985,6.042307529270411,1.0157463552813901,1.2169906647743192,-0.20124430949292904,-3.0482282639513825,-2.5428916349111086,-0.5053366290402739,38169634.68406775,2.1327368622231724,2.110312307134521,85.56090227485103
126,2023-05-07,38930888.0,39301584.0,37520816.0,38094992.0,20973760205596,9151155214394522.0,400664859419996,-0.032006757310151214,-3.9271521191094016e+17,-1629199.748154029,618028.5094494403,28704580644225.25,38319870.201650016,64.59427061310845,1045.995757062787,38218332.4,40206280.14268979,36230384.65731021,10.403110852056896,0.46897795717881574,0.0,0.0,38701481.86666667,40008389.06666667,37394574.66666667,6.753783767259981,0.2679675088381672,0.0,0.0,36122852.0,40227280.0,38175066.0,10.739422005759728,0.48049082600547505,1342751.8150904963,4.425802693715456,327884.93778787553,433761.807113587,-105876.86932571145,38597366.333333336,38563724.461538464,38416802.09297959,38088917.15519171,1.068938752271477,0.8885917985684829,0.18034695370299414,0.1502881201196879,25.633133622242664,-247848.3999999985,21.191678467639388,23.108920540741757,-1.9172420731023685,38627438.0,38241204.0,38434321.0,36063526.0,0.048495641561719885,24.41551889087989,19.15928033765432,17.02356596732005,6.509326399968011,36528970.0,32623182.0,0.0,52.0,-52.0,36861380.29820905,39382748.404845975,0.0,0.0,50.26715239974776,0.2738916552233849,0.4369165023431571,0.5140736203764581,7.37171435457946,49.23750926792538,48.84823445488051,55.84271258537101,-51.15176554511949,141097.1529411748,3.817769485314477,0.8608407964235947,1.1457606911041744,-0.28491989468057977,-3.7398540765445145,-2.78228412323779,-0.9575699533067246,38169268.90705802,-2.1322960973038763,-2.1553579511213172,81.60419439752253
127,2023-05-08,38091040.0,38428296.0,37484596.0,37502532.0,14894738093303,9136826656278842.0,385770121326693,-0.030143041544632074,-1.5972611146034194e+18,-2881227.901502718,384398.5465590288,28472935063862.395,38377782.75411744,64.90218839077312,1029.728247511153,38153256.2,40145455.03441596,36161057.365584046,10.443139238091858,0.33668191428523436,0.0,0.0,38565256.66666667,39766808.66666667,37363704.666666664,6.231266709232345,0.05777000634734718,0.0,0.0,36122852.0,40227280.0,38175066.0,10.757739728647328,0.33614428124942136,1302846.6335814467,4.058139349814007,230663.93782800436,393142.23325647047,-162478.2954284661,38558370.333333336,38468281.384615384,38276145.15559811,38045481.21777011,1.0507803635615023,0.9302743745646688,0.12050598899683351,0.1352809940775668,25.614238757991664,-117856.20000000298,17.87987672255454,21.344170879863114,-3.4642941573085757,38627438.0,38210444.0,38418941.0,36499806.0,0.024247820780859942,23.049446875764627,18.163887444759087,16.338533196146646,-32.51738549001635,37262382.0,33138454.0,0.0,48.0,-48.0,36927355.332244866,39382748.404845975,0.0,0.0,46.95848652017502,0.04595473928871301,0.31439139667792804,0.4374325191332953,5.228818101241759,47.71923133975064,34.17350295248286,50.809422845744336,-65.82649704751714,71292.4352941215,-1.2324098897448872,0.6062847161997964,1.037865496123299,-0.4315807799235025,-6.403702534612429,-3.506567805512718,-2.897134729099711,38118892.41250287,-1.5552175467053564,-1.5674379226645385,78.77985410069937
128,2023-05-09,37496576.0,37980296.0,36119800.0,36643956.0,25302661329101,9125780990666600.0,360467459997592,-0.09388175402701333,-4.472546348702105e+18,-6664713.373326077,-70059.83353025738,27893660636383.895,38387108.16521471,64.55976731867108,1029.728247511153,37983927.2,39882592.12149898,36085262.27850103,9.997201771695563,0.1471280464427316,0.0,0.0,38336640.93333334,39634070.53333333,37039211.333333336,6.768613881723244,-0.15232245870347666,0.0,1.0,36119800.0,40160132.0,38139966.0,10.636951726255415,0.12973092310235892,1358611.570223302,3.899961263474253,83374.59668761492,331188.7059426994,-247814.10925508448,38442416.666666664,38343871.384615384,38025039.13165994,37941664.534972325,0.9998553370759888,0.9634710001080706,0.03638433696791821,0.11328521011119014,25.817441221860246,1503232.799999997,12.06021358315025,19.55192098806877,-7.491707404918518,38100204.0,38202702.0,38151453.0,37473012.0,0.012123910390429971,22.453882089774538,16.359368867683937,22.003075109176322,-98.36120176320335,37863143.0,33138454.0,4.0,100.0,-96.0,36927355.332244866,40160132.0,0.0,1.0,42.58406947995238,0.0,0.10661546483736589,0.2859744546194836,1.9923344104686609,47.238665315454355,12.973092310235891,31.998276572533097,-87.0269076897641,-185116.57647058368,-3.658286753918718,0.21974417229577597,0.8742412313577944,-0.6544970590620185,-4.766291382977723,-3.758512521005719,-1.007778861972004,37973306.717985235,-2.289381420966452,-2.3159947287027194,74.68690133648701
129,2023-05-10,36645008.0,36832016.0,36300896.0,36686600.0,18740166094398,9134259370374558.0,379207626091990,-0.023041554444253723,-3.719446064183303e+18,-1370560.8677437434,-445419.0585300406,27915469298170.562,38351917.26452509,58.62006627477709,1030.92658241219,37904777.0,39879658.96949866,35929895.03050134,10.420227347590815,0.19158232775064368,0.0,0.0,38081434.4,39383212.0,36779656.8,6.836809697483462,-0.035742203583775334,0.0,1.0,36119800.0,40160132.0,38139966.0,10.659163091765452,0.140285501290488,1275862.413200972,4.112294606584035,-29571.372544169426,259036.69024532562,-288608.06278949504,38209036.666666664,38232830.76923077,37819125.41909687,37848696.79164104,0.9944686002421138,1.0608934199073565,-0.06642481966524272,0.0875852758050605,25.862541000929177,1357187.0,7.560505034877162,17.68601166864344,-10.12550663376628,37723844.0,38202702.0,37963273.0,37473012.0,0.006061955195214986,21.900857645640883,15.874525015390434,21.350968308203708,-109.3649946060628,37977897.0,33138454.0,0.0,96.0,-96.0,36927355.332244866,40079325.36,0.0,0.0,42.86874083147261,0.01562148997389742,0.020525409754203403,0.14717742375649903,-0.4977601410896528,44.165630967006734,14.028550129048801,20.39171513058919,-85.9714498709512,-537439.5647058785,-7.092330772838563,-0.07813049074572184,0.6837668869370912,-0.7618973776828131,-5.764073244008044,-4.159624665606184,-1.6044485784018594,37856415.63731151,0.11637389805838616,0.11630623612646218,74.8901912929697
130,2023-05-11,36681112.0,37303792.0,35486976.0,36416524.0,27232903393723,9134893120383082.0,351974722698267,0.015687733261283022,-4.2388042860089933e+18,-1141289.792933495,-1209967.9712437391,27714988642646.117,38197621.872689895,48.27116732116004,1030.92658241219,37855789.4,39925046.367763415,35786532.43223658,10.932314452084396,0.1522265184020022,0.0,0.0,37781462.266666666,39152782.66666667,36410141.86666667,7.259223533070465,0.002327002986804844,0.0,0.0,35486976.0,40160132.0,37823554.0,12.344627001755246,0.19891225544364452,1329957.7718808749,4.410892471430524,-139269.33279649168,179375.48563696217,-318644.81843345385,37971916.666666664,38104057.384615384,37603340.58538966,37742609.91818615,0.9403473008699096,1.1567591252477059,-0.21641182437779627,0.058962193376043935,26.04714470619761,1283366.6000000015,1.8560723381731785,15.465095967915342,-13.609023629742165,37394280.0,37857128.0,37625704.0,37473012.0,0.003030977597607493,22.09482086909293,14.311962143645014,23.659032287500743,-111.47294362826891,37977897.0,33138454.0,12.0,100.0,-88.0,36927355.332244866,40000134.8528,0.0,0.0,41.466503535179704,0.0,0.005207163324632399,0.044116012638733826,-2.972165017427655,41.97997001814867,20.235578296215284,15.745740245166663,-79.76442170378472,-965077.2588235289,-7.2473195686288125,-0.36899762125190294,0.4732139852992924,-0.8422116065511953,-3.4632238177699683,-4.020344496038941,0.5571206782689728,37708790.72032005,-0.7361706999285844,-0.7388938091452246,73.6027009476218
131,2023-05-12,36415640.0,36365160.0,35675312.0,35884832.0,22227138507707,9126167593999016.0,329747584190560,0.04579116790813172,-5.321545349070531e+18,-1164320.3528617318,-1544303.9741842018,27390465859322.816,37918672.57103497,38.51467651487482,1015.8747499952384,37835577.0,39972446.01327519,35698707.98672481,11.29555398758788,0.04355063696438694,0.0,0.0,37571226.93333334,38796170.13333333,36346283.733333334,6.520645185069668,-0.1883563798441163,0.0,1.0,35486976.0,40160132.0,37823554.0,12.351221708605104,0.08513646880181187,1271083.1946927872,4.9607566497517,-266042.08988538384,90291.97053249297,-356334.0604178768,37700723.0,37963222.615384616,37338954.64917587,37604996.73906125,0.8594215770622671,1.2115872266251007,-0.3521656495628336,0.02676398306218926,26.174285491538207,1331051.0,-2.7428798170993125,12.930729612940622,-15.673609430039935,37394280.0,37857128.0,37625704.0,37473012.0,0.0015154887988037464,22.27492957658412,13.71867477643565,22.67827193922066,-135.22991764783293,37977897.0,33138454.0,8.0,96.0,-88.0,36927355.332244866,39819608.498688,0.0,0.0,38.77733765958117,0.0,0.005207163324632399,0.01031324546782266,-5.885085104859219,41.72928960705435,8.661033360965789,14.308387262076629,-91.33896663903421,-1419184.4117647037,-8.314752622667694,-0.7074647332944435,0.23707824158054522,-0.9445429748749887,-3.388353284557266,-3.893946253742606,0.50559296918534,37581726.773664825,-1.4600295184680423,-1.47079284305498,71.06805026892873
132,2023-05-13,35867388.0,36089628.0,34729020.0,35986932.0,25929395322050,9148182790401182.0,355676979512610,0.06034757145323523,-4.1831258331488404e+18,-3205673.499794841,-1817935.6286762666,27464240518833.03,37623997.68630683,30.51185620971529,1015.8747499952384,37784545.2,40043343.57255111,35525746.8274489,11.956202519283497,0.10208639650077234,0.0,0.0,37307707.6,38537607.6,36077807.6,6.593275647952167,-0.036944304414993696,0.0,1.0,34729020.0,40160132.0,37444576.0,14.373898034903435,0.23161223705200704,1280035.6752235084,5.3901320890440845,-354188.92703609914,1395.7910187745583,-355584.7180548737,37435748.333333336,37826462.461538464,37130951.164687276,37485140.091723375,0.7680353571029288,1.199732415858263,-0.43169705875533415,-0.005976749927557691,26.2775900122089,-54337.20000000298,-10.919674787958494,9.591333404705814,-20.511008192664306,37015302.0,37478150.0,37246726.0,37473012.0,0.0007577443994018732,23.171190155975314,12.6796001443435,26.22835201018915,-147.60587698717663,37985027.0,33138454.0,4.0,100.0,-96.0,36927355.332244866,39646303.198740475,0.0,0.0,39.587546445519465,0.04083236124460129,0.013610787081533689,0.00800837124359942,-8.061701970657952,44.667925881333694,23.50539690275111,17.467336186644065,-76.4946030972489,-1885179.2823529392,-8.118380780699324,-0.9448782268638317,0.0006869478916698424,-0.9455651747555016,-2.0041155707497897,-3.515980117144043,1.511864546394253,37358170.044063754,0.2845213264478952,0.28411733064324096,71.55477535468245
133,2023-05-14,35990660.0,36288692.0,35860576.0,35956644.0,13423521620146,9140783668126092.0,342253457892464,0.048267314125764384,-3.6436180888177183e+18,2121871.3242322924,-1665884.1799710135,27452942761557.39,37482367.28232082,34.940790268622735,1015.0197503407011,37747025.6,40099168.994965166,35394882.20503484,12.46266882000453,0.11941486989433368,0.0,0.0,37067250.66666667,38191449.46666667,35943051.86666666,6.06572529540724,0.006045253443314578,0.0,0.0,34729020.0,40160132.0,37444576.0,14.388185330289971,0.2260354785539315,1194843.7077011575,5.787675409310079,-421629.6350369677,-83209.2941923739,-338420.3408445938,37287951.333333336,37716946.615384616,36950288.523966156,37371918.15900312,0.8205972543566977,1.1769146849254988,-0.35631743056880105,-0.037838011577891115,26.0934406194278,760166.3999999985,-17.227280640359638,5.583082714909103,-22.81036335526874,37015302.0,37478150.0,37246726.0,37473012.0,0.0003788721997009366,23.716846264739036,13.525835038159387,25.57203598175621,-111.11308594076766,37985027.0,33138454.0,0.0,96.0,-96.0,36927355.332244866,39351266.20681605,0.0,0.0,39.4208828980576,0.03243296309639612,0.0244217747803324,0.014413241728832757,-9.910460835496924,45.31101796197066,22.939434052098182,18.368621438605032,-77.06056594790182,-2049815.258823529,-4.7006472903621415,-1.1281990751534239,-0.22509025671734892,-0.9031088184360749,-5.310153698716647,-3.874814833458564,-1.4353388652580827,37109615.817224026,-0.08416388482352932,-0.08419932250625095,71.41038819114367
134,2023-05-15,35963216.0,36450456.0,35793136.0,36155000.0,13445177994154,9142142013194302.0,355698635886618,0.049658480789298305,-2.742110972385414e+18,230569.84335558154,-1793066.242367743,27527113524718.95,37295798.93770057,33.26790107073309,1015.0197503407011,37720070.8,40131470.65469144,35308670.94530855,12.785765262622178,0.17548500988852844,0.0,0.0,36849007.333333336,37954645.33333333,35743369.333333336,6.000910635114148,0.18615074132160145,0.0,0.0,34729020.0,40160132.0,37444576.0,14.398467141795503,0.26255764933590026,1141091.336931042,6.064791336797842,-453839.629795067,-157335.36131291254,-296504.26848215447,37091935.333333336,37567887.538461536,36827936.44335598,37281776.073151045,0.809623643380121,1.2117568397546576,-0.4021331963745366,-0.06667404065618514,25.719185056107865,1017997.200000003,-23.225981130935832,0.7147255300045825,-23.940706660940414,37015302.0,37444576.0,37229939.0,37473012.0,0.0001894360998504683,23.986366349056244,13.966210521770272,24.556021085274143,-99.79694644605338,38148501.0,33138454.0,28.000000000000004,92.0,-64.0,36927355.332244866,39073931.434407085,0.0,0.0,41.16773850094727,0.14432933047910615,0.07253155160670112,0.03685470448952233,-11.038757512173952,49.60882450632973,31.007195683807407,25.817342212885574,-68.99280431619259,-2074426.0235294178,-6.108448520473786,-1.217322986181191,-0.42353680261011734,-0.7937861835710736,-8.025370675106902,-4.704926001788232,-3.3204446733186703,36998888.3999768,0.5516532633023319,0.550137229631531,72.35597919123929
135,2023-05-16,36156000.0,36935200.0,35870528.0,36322640.0,19252474366191,9139240630414342.0,374951110252809,-0.003513845686520091,-1.889311575937747e+18,1554320.8836652206,-903067.2599895924,27616381531986.22,37168612.8462727,40.468744897871105,1015.0197503407011,37637678.6,40120764.698936865,35154592.50106314,13.19468251656128,0.23520076477351368,0.0,0.0,36615580.93333333,37728927.333333336,35502234.53333333,6.081271260052341,0.3684412446416798,0.0,0.0,34729020.0,40160132.0,37444576.0,14.429986657041063,0.2934242563953754,1133449.4032379377,6.133157816792544,-460530.4276278168,-217974.3745758934,-242556.0530519234,36890649.666666664,37493004.307692304,36750198.52899352,37210728.956621334,0.914296368367554,1.148077173138154,-0.23378080477060004,-0.09128041593672188,25.41894995440526,474477.3999999985,-30.825111704199614,-5.0649178224219735,-25.76019388177764,36578658.0,37444576.0,37011617.0,37473012.0,9.471804992523415e-05,23.547188630512704,16.01192432103071,22.964489597389452,-76.16223121341503,38343877.0,33138454.0,24.0,88.0,-64.0,36927355.332244866,38813236.74834266,0.0,0.0,42.672319023530775,0.2351739686328802,0.13731208740279408,0.0780884712632758,-11.620938200855045,53.33253914581011,34.85178118884722,29.599470308250943,-65.14821881115277,-1974770.7882352993,-6.23528256494361,-1.2376280727117261,-0.5863550566304392,-0.651273016081287,-7.917923468834317,-5.347525495197449,-2.570397973636868,36831893.82900411,0.4636703083944038,0.4625986689259065,73.15514269149152
136,2023-05-17,36294352.0,36419024.0,35867976.0,36304736.0,17096813511241,9149245645669994.0,357854296741568,0.03796703598734574,-1.6631386863902487e+18,-835957.0242608662,-899496.7059441025,27607954243961.305,37029212.850870706,33.41683626160794,1014.5194311565751,37551145.4,40092695.18871158,35009595.61128841,13.536470121689472,0.2547934324293025,0.0,0.0,36404725.733333334,37395100.13333333,35414351.333333336,5.440911200675137,0.44951922559118324,0.0,0.0,34729020.0,40080608.0,37404814.0,14.25146408450167,0.2944389590529017,1075209.262914144,6.3570735774481255,-461952.5350166932,-266770.00666405336,-195182.5283526398,36740031.333333336,37451022.0,36681665.83222528,37143618.36724197,0.8917151224593928,1.1519524938345098,-0.26023737137511704,-0.1119364582176608,25.075195499130718,1373842.6000000015,-35.951649834014916,-11.046198550929692,-24.905451283085224,36354658.0,37444576.0,36899617.0,37473012.0,4.7359024962617075e-05,23.141898786031057,15.453651316435085,22.179955001281655,-77.02110147245166,38099990.0,33138454.0,20.0,84.0,-64.0,36927355.332244866,38568183.7434421,0.0,0.0,42.54716994079927,0.22761762786854653,0.2023736423268442,0.13740576044544642,-12.145195373286999,53.009556298735355,34.46022844076103,33.439735104471886,-65.53977155923897,-1841548.5176470578,-4.7423714365568825,-1.2436928746395437,-0.7178226202322602,-0.5258702544072835,-8.605909213214112,-5.999202238800782,-2.6067069744133295,36726133.43758313,-0.04929157131750017,-0.04930372360583135,73.06979180084181
137,2023-05-18,36303152.0,36627128.0,35585364.0,36574660.0,20210395244517,9167420265023446.0,378064691986085,0.04115290195594139,-6.46223056051498e+17,-192029.2779357146,-991631.5807251387,27758217579466.098,36847090.029037654,31.827491906278922,1014.5194311565751,37405520.4,39817101.41812895,34993939.381871045,12.894251930412679,0.32773533342773015,0.0,0.0,36250450.0,37250630.8,35250269.2,5.518170395126113,0.6620756967140345,0.0,0.0,34729020.0,40080608.0,37404814.0,14.306947056937618,0.34487707200180584,1071864.7366227296,6.539075812449496,-436269.90650351346,-300669.98663194536,-135599.9198715681,36544170.666666664,37462005.84615385,36665203.396498315,37101473.30300183,0.8621172994045244,1.1612009072192273,-0.2990836078147029,-0.12746921904823308,24.864320826471108,689471.6000000015,-40.91166521701645,-16.931962862059322,-23.979702354957126,36016406.0,37444576.0,36730491.0,37473012.0,2.3679512481308538e-05,23.05111829876083,14.429379212889376,22.507927126788726,-65.97926584701588,37846966.0,33138454.0,16.0,80.0,-64.0,36927355.332244866,38337833.91883558,0.0,0.0,45.15852925942422,0.3852881472121223,0.2826932479045163,0.2074596592113848,-11.955019918145766,58.42708324285437,40.363349753005096,36.55845312753778,-59.636650246994904,-1597109.6470588222,-6.038095631525949,-1.1758829708474554,-0.8094346903552992,-0.36644828049215616,-7.830498981515858,-6.365461587343798,-1.46503739417206,36713484.567973,0.7434952839210807,0.740744981567687,74.35655754077312
138,2023-05-19,36578464.0,36703272.0,35296024.0,35823416.0,20323993096069,9162329850325672.0,357740698890016,0.017396003325087502,-2.735088029396035e+18,-738092.2715084684,-1081310.1086599021,27340762492543.53,36675251.742776334,32.00129166280169,1014.5194311565751,37233593.0,39580680.80875803,34886505.19124197,12.607366733358383,0.1995900633248567,0.0,0.0,36153072.0,37107928.0,35198216.0,5.282295236211185,0.32737920691706396,0.0,0.0,34729020.0,40080608.0,37404814.0,14.37300987847184,0.20449930002085362,1105403.0629604566,6.813840865785505,-471104.7484774813,-334756.9390010525,-136347.80947642878,36354872.666666664,37416461.538461536,36535697.64319088,37006802.391668364,0.8187017069593651,1.1373339460217304,-0.3186322390623654,-0.14255119940527172,24.85685181861824,268939.0,-46.57473642543558,-22.94698969098296,-23.62774673445262,36016406.0,37444576.0,36730491.0,37530300.0,1.1839756240654269e-05,23.2510862400901,13.160440519659394,22.336685150660728,-77.28487911600728,37873120.0,33138454.0,12.0,76.0,-64.0,36927355.332244866,38121305.08370545,0.0,0.0,39.74410670004014,0.05837227209877848,0.22375934905981568,0.23627541309705866,-13.216977421933706,57.75489632540801,23.933967900722656,32.91918203149627,-76.06603209927734,-1501037.67058824,-5.962925520498862,-1.2730220338721965,-0.9021521590586787,-0.37086987481351774,-7.08795155571349,-6.509959581017737,-0.5779919746957525,36647656.214502096,-2.054001322226917,-2.0753893092770426,70.7752715434963
139,2023-05-20,35816132.0,35991548.0,35424220.0,35634940.0,14920464016422,9158493063397426.0,342820234873594,0.012172018965440503,-2.7460967931907666e+18,-1109388.3300801923,-1216120.7420606273,27262262179341.71,36445645.272576824,24.063155966023686,1009.1817893106198,37058382.2,39332350.11924645,34784414.28075355,12.272353968255256,0.18701357043073308,0.0,0.0,36060778.53333333,37019255.333333336,35102301.733333334,5.315896322726466,0.2778566297414112,0.0,0.0,34729020.0,40080608.0,37404814.0,14.44096499172055,0.1692805948439977,1051595.556664411,7.018713340418318,-508063.4110100493,-369418.23340285185,-138645.17760719743,36199240.0,37375227.07692308,36397119.54423844,36905182.95524849,0.814506783252089,1.207017576206856,-0.392510792954767,-0.15740989102735897,24.775785120570184,-414426.200000003,-51.63000471017586,-28.88988714079952,-22.74011756937634,35832110.0,37444576.0,36638343.0,37544288.0,5.919878120327134e-06,23.43677075703871,12.676447801791976,21.515223822062516,-86.25498983936093,38028040.0,33138454.0,8.0,72.0,-64.0,36927355.332244866,37917767.97868312,0.0,0.0,38.497012919563836,0.0,0.14788680643696686,0.21811313446709954,-14.627309562413625,51.77004543238719,19.81207917483495,28.036465609520903,-80.18792082516505,-1466878.2470588237,-4.979909089871585,-1.376672245809297,-0.9970561764088024,-0.37961606940049464,-8.607498565232998,-6.9294673778607905,-1.6780311873722074,36547141.79399053,-0.5261251467475914,-0.527514058850187,69.87677989547949
140,2023-05-21,35633236.0,35986152.0,35572852.0,35952264.0,9335951759493,9166298036530132.0,352156186633087,0.06286349095855502,-1.930579886145035e+18,317050.9034593325,-1077102.8383739586,27345397482954.664,36275268.85760463,28.76447638979471,1018.1684075597653,36897664.0,39000844.48734477,34794483.51265523,11.400073930668194,0.27524515711118286,0.0,0.0,36004244.4,36822369.6,35186119.2,4.544604191165858,0.4682320016545131,0.0,0.0,34729020.0,39327888.0,37028454.0,12.463845949705652,0.26598806488901183,987766.0009979699,7.042375573746554,-505916.13623060286,-396717.81396840204,-109198.32226220082,36141599.0,37346695.07692308,36328680.22974022,36834596.36597082,0.8506263995407309,1.2438647332022985,-0.3932383336615676,-0.16956040697410643,24.541356625750794,-211064.0,-55.769277372916726,-34.7817090914459,-20.98756828147083,35832110.0,37444576.0,36638343.0,37544288.0,2.959939060163567e-06,23.609192094205273,12.320956725617881,20.91186314956006,-72.83998418135855,38100012.0,33138454.0,4.0,68.0,-64.0,36927355.332244866,37726443.09996214,0.0,0.0,41.807738293339675,0.39127054341181183,0.14988093850353004,0.1738423646667708,-14.979114227724247,55.564345554674944,33.067119079517184,25.60438871835827,-66.93288092048282,-1479290.4117647037,-1.887601873553172,-1.373480874349928,-1.0723411159970275,-0.3011397583529005,-12.20198662054417,-7.9839712263974665,-4.218015394146704,36529320.57979831,0.8904855739900297,0.8865441325660584,71.3895081140075
141,2023-05-22,35937472.0,36132932.0,35393188.0,35454384.0,11459626783399,9156734425991912.0,340696559849688,0.07168873548883903,-2.4698568999698437e+18,-106136.71001589473,-878882.0389820427,27186700412224.47,36160028.23423408,29.239012940393252,1018.1684075597653,36783872.8,38940156.627062395,34627588.9729376,11.724071789756724,0.19171757833679554,0.0,0.0,35972751.06666666,36795865.86666667,35149636.266666666,4.576323887347729,0.18511860880969097,0.0,0.0,34729020.0,39301584.0,37015302.0,12.430893356068804,0.15863397428663656,962963.8008981729,6.971120431492713,-538185.2954634503,-425011.3102674117,-113173.98519603856,36038914.333333336,37249922.0,36194173.11747249,36732358.41293594,0.8374322271377926,1.1702477362513573,-0.3328155091135646,-0.18165078073391888,24.022763394125757,-367348.799999997,-58.53897214384966,-40.07274213098937,-18.466230012860294,36115612.0,37444576.0,36780094.0,37544288.0,1.4799695300817836e-06,23.970576030853756,11.689107837804501,21.084964910102343,-79.49263521938384,38100012.0,33138454.0,0.0,64.0,-64.0,36927355.332244866,37546597.71396441,0.0,0.0,38.322097248420455,0.0,0.13042351447060388,0.1427304198037002,-16.247783513737936,52.310109991939335,22.31013300624124,25.0631104201978,-77.68986699375876,-1457253.058823526,-3.3587631451265585,-1.4651531203450276,-1.1509035168666275,-0.31424960347840014,-14.197483268238798,-9.226673634765733,-4.970809633473065,36499515.3395105,-1.3848362929244185,-1.3945146071382197,69.01604400338009
142,2023-05-23,35449176.0,35568568.0,35105516.0,35287412.0,14530586645292,9153619644001096.0,326165973204396,0.028912360627704116,-2.4636203590223944e+18,-1357608.5518881388,-499803.1231650471,27118268787144.26,36033909.53880617,30.6151534722906,1018.1684075597653,36622883.8,38720454.60513066,34525312.99486934,11.454973434564215,0.18166228364414885,0.0,0.0,35944614.93333333,36677974.13333334,35211255.733333334,4.080495514335976,0.05192289581058325,0.0,0.0,34729020.0,39301584.0,37015302.0,12.485537799183364,0.12211791896187785,912972.6208083555,6.7773381954601,-570653.9382189512,-454139.83585771965,-116514.10236123158,35944821.666666664,37144230.15384615,36054671.40709211,36625325.34531106,0.9095632243060292,1.2003135271910836,-0.29075030288505443,-0.19373012048779115,23.522945827614233,-738051.799999997,-60.94666284429777,-44.930451264760265,-16.016211579537504,36020358.0,37404814.0,36712586.0,37544288.0,7.399847650408918e-07,24.619494516609592,11.29851597313818,22.456325647503693,-99.6588694515071,38100012.0,33138454.0,12.0,60.0,-48.0,36927355.332244866,37377543.05112655,0.0,0.0,37.20189935320539,0.0,0.13042351447060388,0.1369093224815792,-17.627046312334564,53.72941137901149,21.68704646469668,25.688099516818372,-78.31295353530332,-1492794.741176471,-3.100548531210722,-1.558085649311533,-1.2323399433556088,-0.3257457059559241,-14.291445834315422,-10.239628074675672,-4.05181775963975,36437524.33402546,-0.47094881129510213,-0.472061269321955,68.22006495324817
143,2023-05-24,35293568.0,35985904.0,35170116.0,35943132.0,18082910616976,9169806370185574.0,344248883821372,0.03165397926108474,-4.1777085776726656e+17,1087097.1324685663,-324256.12314988207,27454290203216.473,35966129.23658964,38.00725970808986,1018.1684075597653,36483137.0,38359116.28347577,34607157.71652423,10.284089789075821,0.3560738370736453,0.0,0.0,35911056.266666666,36683182.66666667,35138929.86666667,4.300215478299394,0.5207710378335273,0.0,0.0,34729020.0,39301584.0,37015302.0,12.533363016453327,0.265521051208906,903254.1587275199,6.523214898063525,-537281.0066089481,-470768.0700079654,-66512.93660098274,35949680.0,37007921.384615384,36037511.4983087,36574792.50491765,0.9020432190345123,1.0658557297239248,-0.1638125106894125,-0.20152287199997257,23.235717032583576,-496205.0,-60.93034270134046,-49.119824772583,-11.810517928757456,36020358.0,37404814.0,36712586.0,37544288.0,3.699923825204459e-07,24.38894147989672,13.674828395106745,21.117521627919214,-68.14686790072159,38083225.0,33138454.0,8.0,56.00000000000001,-48.00000000000001,36927355.332244866,37218631.668058954,0.0,0.0,44.11113829952356,0.868362488610658,0.28945416287021924,0.18343373060380894,-16.91075984228955,56.14669033570046,47.1541557854443,30.38377841879408,-52.8458442145557,-1474104.2235294133,0.1624641854251958,-1.4689926307489185,-1.2796704808342707,-0.1893221499146478,-12.552201426097175,-10.702142744959973,-1.8500586811372024,36435302.75567944,1.858226383958117,1.8411723024978954,71.34597458332091
144,2023-05-25,35941648.0,35941648.0,34468484.0,34730844.0,21495559019063,9155967222624084.0,322753324802309,0.0342909595322519,-4.0807761998150636e+18,-2555912.47628762,-425300.6005323196,26729289158452.152,35835245.19752733,39.05144040418271,1018.1684075597653,36314071.4,38181778.854264304,34446363.94573569,10.286411753127222,0.07615755176614755,0.0,0.0,35802469.06666666,36656179.86666667,34948758.266666666,4.769005167829808,-0.12762768531607277,0.0,1.0,34468484.0,39301584.0,36885034.0,13.309165878877465,0.05428399991723738,960393.542854768,6.328371846837118,-601717.9974374697,-496958.05549386627,-104759.9419436034,35845006.0,36833647.538461536,35836485.72933813,36438203.7267756,0.9086343264896491,1.1116589606141918,-0.20302463412454264,-0.2120592347900711,23.26006752970449,-357427.3999999985,-63.56177776141894,-52.757232112274046,-10.804545649144892,35585878.0,37274546.0,36430212.0,37414020.0,1.8499619126022295e-07,24.943943871568823,12.252796705067082,23.869289299499627,-124.61774884196778,38083225.0,33138454.0,4.0,100.0,-96.0,36927355.332244866,37069254.967975415,0.0,0.0,36.1846602311546,0.0,0.28945416287021924,0.23644394673701405,-18.739567779759778,45.45241259163897,10.636003496146293,26.492401915429095,-89.36399650385371,-1498566.1764705852,-3.4904003486598967,-1.6513382546223427,-1.3540040355918852,-0.29733421903045754,-9.477773868136545,-10.457268969595287,0.9794951014587419,36314235.49895253,-3.372794557803138,-3.4309854583451482,65.5668268775599
145,2023-05-26,34723780.0,35363796.0,34233036.0,35245524.0,18438822300836,9170548822541454.0,341192147103145,0.032519744657650125,-2.1420805910137303e+18,-2493779.41008278,-520261.96176239447,27002535989476.31,35753384.237898804,39.764011285623525,1033.256751396237,36130098.2,37619369.227120236,34640827.17287977,8.243935673112743,0.20301772347291186,0.0,0.0,35659602.0,36519921.6,34799282.4,4.825177802040536,0.25934641033402045,0.0,0.0,34233036.0,39301584.0,36767310.0,14.028602889321789,0.1997589842298031,977430.1885692911,5.975520609344282,-604288.5401385874,-518424.1524228105,-85864.38771577686,35785746.0,36683892.461538464,35745568.54020919,36349857.08034778,0.8808326199160142,1.0825297002260594,-0.20169708031004518,-0.2209255593881267,23.346942646717586,24901.79999999702,-63.948359804168106,-55.86797766451329,-8.080382139654816,35468154.0,37156822.0,36312488.0,37296296.0,9.249809563011147e-08,25.687856684731077,11.283826251803806,23.628312926583618,-137.5189599861027,38191348.0,33138454.0,0.0,100.0,-100.0,36927355.332244866,36861193.29053738,0.0,0.0,41.029536682738076,0.5398871363423147,0.46941654165099084,0.3494416224638097,-18.721083422763876,52.9364066081978,37.46952442560851,31.753227902399704,-62.53047557439149,-1633250.3764705881,-1.9777151616263187,-1.6624234279735048,-1.4156879140682093,-0.24673551390529558,-8.351340664049275,-10.036083308486086,1.6847426444368114,36268995.40587574,1.4819104309702347,1.4710374255287206,68.02037895528488
146,2023-05-27,35242828.0,35683144.0,34915080.0,35361112.0,16822938231443,9173264799778636.0,358015085334588,0.06088006833781841,-1.5582791088266214e+18,2285965.550448398,-128002.02960216311,27057706960527.727,35738677.02270785,48.628655258031024,1036.6453258257272,35993404.2,37213770.38265919,34773038.01734082,6.78105452809149,0.24094160876277568,0.0,0.0,35571855.33333333,36453876.53333334,34689834.13333333,4.9590958454926986,0.380533861695538,0.0,0.0,34233036.0,38428296.0,36330666.0,11.655635506685416,0.2688929887539747,956493.569712362,5.637862331791175,-590195.3238487095,-532778.3867079903,-57416.93714071915,35719588.666666664,36537526.461538464,35686421.380177006,36276616.704025716,1.016018256591337,1.035147548540934,-0.019129291949597116,-0.22728247087053502,23.285379856868012,329235.799999997,-63.20355409948723,-58.34485420701003,-4.858699892477198,35468154.0,36780462.0,36124308.0,37296296.0,4.624904781505574e-08,25.75547062488838,12.94046290996002,22.336211866493905,-92.11834883452553,38191348.0,33138454.0,0.0,96.0,-96.0,36927355.332244866,36598377.561483644,0.0,0.0,42.09282282998689,0.6583740614243765,0.39942039925556366,0.38609703459225786,-18.380586080156583,53.057919802367984,41.747133038557244,29.950886986770687,-58.252866961442756,-1687388.270588234,-2.1957903471165814,-1.6269304512711458,-1.4579364215087967,-0.16899402976234912,-8.098565842642982,-9.648579815317465,1.550013972674483,36237699.03237853,0.32795086264003626,0.32741427663758316,68.57140323747979
147,2023-05-28,35362292.0,35585556.0,35231216.0,35558384.0,10444529598313,9182107485056548.0,368459614932901,0.1262302909827127,-1.0413230585773325e+18,370721.80987695296,-253084.13777040163,27115974733411.066,35708086.01035769,47.90650086127448,1042.4285460116844,35896196.8,36912981.77080462,34879411.82919537,5.665140385037249,0.3338818876656528,0.0,0.0,35491455.46666666,36304734.266666666,34678176.66666667,4.582955470867196,0.5411473490599605,0.0,0.0,34233036.0,37980296.0,36106666.0,10.439156050091636,0.3536845588510005,896278.2127411257,5.2477750208138305,-556690.9598170593,-537560.9013298042,-19130.058487255126,35655900.666666664,36453994.76923077,35666723.321688235,36223414.281505294,0.9449000076512725,1.061284596241653,-0.11638458859038059,-0.2302227226518831,23.154581534502114,408539.200000003,-61.861761518618685,-60.04341255069705,-1.8183489679216365,35182984.0,36767310.0,35975147.0,37296296.0,2.312452390752787e-08,25.818254997891586,12.598184744117038,21.745414019250013,-66.53212976886866,38191348.0,33431516.0,16.0,92.0,-76.0,36927355.332244866,36361843.40533528,0.0,0.0,43.950311613794355,0.8653626833839763,0.6878746270502224,0.5189038559855922,-17.548318222008664,53.617061576683284,49.04765217803212,42.75476988073263,-50.95234782196788,-1634192.941176474,-2.1040761354350894,-1.536826306572903,-1.4737143985216181,-0.06311190805128497,-10.792854572615697,-9.877434766777112,-0.9154198058385852,36211323.072812855,0.5578783834625956,0.556328005485085,69.51182665684128
148,2023-05-29,35562096.0,37312040.0,35471564.0,37169456.0,19249628088948,9198374527149880.0,387709243021849,0.2058439282355897,3.5377997818648054e+18,9402537.740742994,402056.4263286992,27988132951414.383,35761783.93367208,49.287984866476826,1042.4285460116844,35922471.8,37037594.75653625,34807348.84346374,6.208497915982807,1.0591240825466137,1.0,0.0,35562467.06666666,36419068.66666667,34705865.46666666,4.817447554435351,1.4380025284410651,1.0,0.0,34233036.0,37312040.0,35772538.0,8.571247594381855,0.9536915184260885,990697.9914670133,4.8910078005690485,-395578.48133280873,-509164.41733040515,113585.93599759642,35727960.666666664,36402543.384615384,35897912.96450543,36293491.445838235,0.9744260555062637,0.931677315616116,0.04274873989014771,-0.2218106933669454,23.230320223565926,652188.200000003,-55.00899818746491,-60.418856270395835,5.409858082930924,35772538.0,36767310.0,36269924.0,37296296.0,50.00000001156226,24.674968759492803,23.06464401682504,18.942772292825268,132.13624269989026,38191348.0,33682534.0,12.0,88.0,-76.0,34233036.0,36361843.40533528,1.0,0.0,56.28345592481961,1.0,0.8412455816027843,0.6428468693028567,-12.45084659812729,64.44621315792303,95.36915184260884,62.05464568639942,-4.630848157391156,-1463362.7764705867,2.3818380059284827,-1.0899433082186134,-1.3969601804610172,0.3070168722424038,-8.696564166084103,-9.64126064663851,0.9446964805544074,36254586.59172646,4.530779576484689,4.431138344973817,77.19203387873557
149,2023-05-30,37156148.0,37627812.0,36503636.0,36758300.0,20112501145272,9187374353596834.0,367596741876577,0.15002735188336036,1.8510604529004828e+18,3766845.9670919473,560093.9322877511,27765655239583.32,35814840.372206934,49.55039808223844,1042.4285460116844,35926056.8,37051397.27028895,34800716.32971104,6.264759177739511,0.8697739581809881,0.0,0.0,35690435.06666667,36602721.46666667,34778148.66666667,5.112217871796328,1.0852684712461633,1.0,0.0,34233036.0,37627812.0,35930424.0,9.449342071963768,0.7438676366275713,1004045.792320312,4.562537515411165,-297641.5083741173,-466859.8355391476,169218.3271650303,35743264.0,36326398.461538464,36030280.20073536,36327921.70910948,1.0497665567578778,0.9453111851680495,0.10445537158982832,-0.20782925513022477,23.37813607817125,-102640.79999999702,-49.23028963054457,-59.692302076798924,10.462012446254356,35930424.0,36767310.0,36348867.0,37296296.0,75.00000000578113,23.958946226736924,23.45732943650541,17.4623317449091,173.4445827212415,38263503.0,34515677.0,8.0,84.0,-76.0,34294616.08,36361843.40533528,0.0,0.0,53.07380918727658,0.8403065145562583,0.9018897326467448,0.810336647099917,-9.38882856962041,61.14483142780699,74.38676366275713,72.93452256113271,-25.61323633724287,-1086388.0,0.5020962600882688,-0.819318844489476,-1.2814319132667091,0.4621130687772331,-6.566848697538343,-9.026378256818477,2.459529559280134,36271490.38184734,-1.1061663103167252,-1.112329824472269,75.23199529540399
150,2023-05-31,36757292.0,36983484.0,36387156.0,36570288.0,17492951918180,9180625553456468.0,350103789958397,0.1328290641072442,1.1167825487660058e+18,-1296782.5989177101,527177.8198122622,27676181981134.457,35849266.66735761,49.41862295589971,1037.0967141317349,35933745.0,37074380.74086942,34793109.25913058,6.3485492028143335,0.7790299204173686,0.0,0.0,35771423.733333334,36702012.93333333,34840834.53333334,5.202975464087178,0.9292249827671918,0.0,0.0,34233036.0,37627812.0,35930424.0,9.447320339140827,0.6884848956160877,963274.0130882807,4.214933756542038,-232516.44399480522,-419991.1572302791,187474.7132354739,35805503.333333336,36267095.84615385,36113358.323699154,36345874.76769396,1.0406449987972064,0.9555669868044446,0.08507801199276177,-0.19126953648663575,23.462446427251287,-298805.0,-44.27220481547266,-58.107105706979254,13.834900891506592,35930424.0,36767310.0,36348867.0,37296296.0,87.50000000289057,23.123181819689048,22.454810901858213,17.550822530693978,117.61901404940932,38304115.0,35852532.0,4.0,80.0,-76.0,34427943.9168,36361843.40533528,0.0,0.0,51.62406200506688,0.7681754672882547,0.8694939939481708,0.8708764360658998,-7.404669700524765,56.73400688745061,68.84848956160877,79.53480168899158,-31.151510438391224,-659545.2588235289,2.084870968195774,-0.639732694510568,-1.153092069515481,0.5133593750049129,-6.023421707076403,-8.425786946870062,2.4023652397936592,36276643.17419228,-0.5114817605819666,-0.5127943060724505,74.33571560076415
151,2023-06-01,36567884.0,36709704.0,35644176.0,35986840.0,20699132241993,9173239722133024.0,329404657716404,0.1373296637034236,-7.680245736757567e+17,-2616984.7040304886,353966.71794834983,27345944841401.613,35836934.92950468,40.5705517011691,1037.0967141317349,35938845.4,37079472.9275125,34798217.8724875,6.347602516537708,0.5210386821474794,0.0,0.0,35816764.266666666,36779931.86666667,34853596.66666667,5.378306051484288,0.5882897915862884,0.0,0.0,34233036.0,37627812.0,35930424.0,9.445979586200062,0.5166184749744902,973499.4117794527,3.985544142874247,-225385.63350965083,-381070.0524861535,155684.41897650267,35834828.333333336,36154090.15384615,36093893.966206975,36319279.599716626,1.004492515347808,0.9934126283816507,0.011079886966157249,-0.17639362228888622,23.489271110506895,13418.60000000149,-39.94459981217796,-55.77354314785484,15.828943335676875,35930424.0,36767310.0,36348867.0,37296296.0,93.75000000144529,21.601209743361746,20.748475562545856,21.51581449630307,33.365715684784824,38434321.0,35983918.0,0.0,76.0,-76.0,34555938.640128,36361843.40533528,0.0,0.0,47.30562973698746,0.5533152172564303,0.7205990663669811,0.8306609309872988,-7.088456213125811,57.54666876626027,51.661847497449024,64.96570024060499,-48.338152502550976,-400727.6000000015,0.9875139399701529,-0.620567467179083,-1.0465871490482015,0.42601968186911854,-4.084052138590605,-7.55743998521417,3.4733878466235657,36272386.09180836,-1.595415382017229,-1.6082791369075977,71.55433677771977
152,2023-06-02,35985192.0,36090704.0,35192040.0,35219320.0,19276056974230,9155133959805640.0,310128600742174,0.02068098525221618,-2.771843812987936e+18,-2496857.535726524,228340.62764706017,26934829021038.918,35799946.97862711,40.79562818517336,1014.9777264676223,35900464.8,37082928.23314411,34718001.36685588,6.587454729244147,0.21198060721892056,0.0,0.0,35834783.2,36841512.0,34828054.4,5.618724100443285,0.19432522442985697,0.0,0.0,34233036.0,37627812.0,35930424.0,9.456078128548354,0.29052992008898376,966015.8706015075,3.649075865953427,-278456.9855966717,-360547.4391082572,82090.45351158548,35773749.666666664,36043487.384615384,35959344.12525205,36237801.110848725,0.991391910478742,1.0498754672223658,-0.05848355674362382,-0.1670222526010829,23.54879609651814,-446080.799999997,-38.20560894381952,-53.24857273035251,15.042963786532987,35930424.0,36330666.0,36130545.0,37296296.0,89.28784329029912,20.720416909999376,19.40888311869892,23.37499578828205,-58.63918551835154,38434321.0,36063526.0,0.0,72.0,-72.0,34678813.57452288,36361843.40533528,0.0,0.0,42.29352589487735,0.3039418757636416,0.5418108534361088,0.7106346379170868,-8.456480179675152,49.7058270508199,29.05299200889838,49.85444302265207,-70.94700799110163,-250338.98823529482,-2.0386588171470925,-0.7684157897574762,-0.9909528771900564,0.22253708743258027,-3.1620451255743385,-6.678361013286204,3.5163158877118654,36267067.21676001,-2.1327796494496343,-2.1558520398972547,67.89546079517625
153,2023-06-03,35225336.0,35665668.0,34856608.0,35594776.0,19381373343667,9171118837662992.0,329509974085841,0.08868068584118607,-1.3363157096868255e+18,-1587256.5611586082,194207.18257003048,27141444393230.082,35772284.9389388,40.05813343189107,1014.9777264676223,35882371.4,37071895.75629342,34692847.04370657,6.630132345675599,0.3791132781441525,0.0,0.0,35802046.53333333,36808102.53333333,34795990.53333334,5.620103303666244,0.3969885705500808,0.0,0.0,34233036.0,37627812.0,35930424.0,9.460846280633504,0.40112808621246293,950320.2835413568,3.4086737942334127,-286912.8997891024,-345820.5312444262,58907.63145532383,35785449.0,35970112.15384615,35903256.72136712,36190169.62115622,0.9544501937261044,1.0259642924146835,-0.07151409868857905,-0.15944237931860752,23.5029531046961,-594959.3999999985,-35.54253070505936,-50.13532305742367,14.592792352364306,35930424.0,36106666.0,36018545.0,37265536.0,80.57610679127052,20.27317126395881,18.265513988987003,24.44034463461627,-70.55168453596904,38418941.0,36499806.0,0.0,68.0,-68.0,34796773.51154197,36361843.40533528,0.0,0.0,45.34421133067114,0.4557263648589434,0.43766115262633837,0.566690357476476,-8.604113022770402,52.96339319387083,40.112808621246295,40.2758827091979,-59.887191378753705,-361555.96470588446,0.395979239125971,-0.7927923598937139,-0.951320773730788,0.15852841383707417,-2.3603098458892795,-5.81475077980682,3.4544409339175406,36260396.09168798,1.066051246872446,1.0604089847490172,69.68531244842549
154,2023-06-04,35598348.0,35675252.0,35211196.0,35364180.0,10952848135534,9167387577090884.0,318557125950307,0.07434359157793571,-1.5062253181117932e+18,771471.4909801892,226665.7959643774,27070487830147.297,35753421.65708541,40.43319837306349,1008.4023288920757,35842830.4,37045973.54451377,34639687.25548623,6.7134382585688375,0.3010833531393986,0.0,0.0,35839034.93333334,36744180.13333333,34933889.733333334,5.051169495404785,0.23769129343373085,0.0,0.0,34233036.0,37627812.0,35930424.0,9.471283272316574,0.33320136586331467,901693.8551872211,3.4761230445345217,-308663.36361748725,-338389.09771903843,29725.734101551177,35791846.333333336,35920890.0,35820321.841156796,36128985.20477428,0.9710522799936611,1.0246651091410512,-0.053612829147390184,-0.1543155992351006,23.489292062344756,100301.60000000149,-32.13349679598486,-46.60033827873664,14.466841482751782,36242210.0,35930424.0,36086317.0,37259320.0,58.25414596248014,19.843509981921166,17.69671420361604,23.582230333200503,-58.50990931946276,38151453.0,37473012.0,80.0,64.0,16.0,34856608.0,36361843.40533528,0.0,0.0,43.812256655573755,0.3795051475060923,0.37972446270955906,0.45306548959066867,-9.194499396897704,50.561011677687475,33.32013658633147,34.161979072158715,-66.67986341366853,-566153.3176470622,0.21755066650963237,-0.854337208388291,-0.9319240606622887,0.07758685227399775,-5.473462887779334,-5.746493201401323,0.27303031362198915,36242611.69960086,-0.6478366376009737,-0.649944206479347,68.58602882575691
155,2023-06-05,35364172.0,35798632.0,35224544.0,35421304.0,12226663288359,9163541922528078.0,330783789238666,0.0730747808707995,-1.1912737135695058e+18,320994.789063726,257175.1887557789,27090237642349.48,35743989.95714374,45.38798633455802,1008.4023288920757,35797763.6,36993139.194142066,34602388.00585794,6.678493145544234,0.342535015000791,0.0,0.0,35892439.06666667,36741917.06666667,35042961.06666667,4.733464886140384,0.22269142540085196,0.0,0.0,34233036.0,37627812.0,35930424.0,9.483206934189598,0.3500283965716737,868933.269668499,3.5857534905670243,-317629.8938121721,-334237.2569376652,16607.36312549311,35748360.666666664,35872224.76923077,35758934.48097883,36076564.374791004,0.9862567561847344,1.0268854711371522,-0.04062871495241782,-0.15046004002865582,23.358144445860184,-1066919.6000000015,-30.718564530746782,-42.990894993321035,12.272330462574253,36242210.0,35930424.0,36086317.0,37259320.0,38.11011925844691,19.2505053797254,17.866289001005573,22.52842265199269,-44.58199693037712,37963273.0,37473012.0,76.0,60.0,16.0,34856608.0,36361843.40533528,0.0,0.0,44.31416031329416,0.40447697494143464,0.4132361624354901,0.4102072592571291,-9.524992852678963,42.306166487778604,35.002839657167364,36.14526162158172,-64.99716034283263,-720326.4823529422,-1.451815606942656,-0.8804327665805128,-0.9216258018459336,0.04119303526542073,-7.410240699951731,-6.079242701111405,-1.330997998840326,36236273.96603835,0.16153067878288407,0.1614003583014778,68.85834698245226
156,2023-06-06,35426584.0,35554164.0,33150726.0,33508680.0,27984445939744,9143893156029130.0,302799343298922,-0.015584871182357,-8.66733788749628e+18,-9955274.224948566,-356943.7878913945,25579177436009.902,35583067.19528547,43.16546577335859,1008.4023288920757,35657960.8,37190057.42299888,34125864.17700111,8.593293551429817,-0.20141816375557667,0.0,1.0,35767580.2,36780595.6,34754564.8,5.664433514012234,-0.6149387264991205,0.0,1.0,33150726.0,37627812.0,35389269.0,12.555642273295675,0.0799524512149197,1022383.7427016491,4.329809387356102,-473609.23349390924,-362111.652248914,-111497.58124499524,35646513.666666664,35760384.615384616,35412741.48390517,35886350.717399076,0.8633830965429172,1.0009022715594367,-0.13751917501651945,-0.1575667842317247,23.61508228062451,-412436.799999997,-34.54281593200357,-39.95545659480825,5.412640662804677,35389269.0,35389269.0,35389269.0,36689003.0,23.546582761611276,20.60091987448439,14.870327926024821,33.21971171677995,-223.36618999668485,37625704.0,37473012.0,72.0,100.0,-28.0,34856608.0,37627812.0,0.0,1.0,33.51831557196421,0.0,0.2613273741491757,0.3514293330980749,-13.623972778537746,37.53618310242174,7.995245121491971,25.43940712166361,-92.00475487850802,-974944.9235294163,-3.518958537258697,-1.3197475475384164,-1.0012501509844303,-0.3184973965539861,-1.5679501805784208,-5.176984197004809,3.609034016426388,36078361.78263349,-5.399643107436136,-5.550893728870676,59.74059888828367
157,2023-06-07,33472274.0,35494864.0,33074212.0,35398160.0,28498703548972,9170114837826938.0,331298046847894,0.007660919465830092,2.6338615096198963e+17,-576795.4148564399,-475793.2555574664,27186155997436.723,35474593.491194114,45.24876917215333,1008.4023288920757,35599135.8,37075249.05655743,34123022.54344256,8.292972418490198,0.4319239905518127,0.0,0.0,35687316.2,36906962.8,34467669.6,6.8351825234759325,0.3814590226381971,0.0,0.0,33074212.0,37627812.0,35351012.0,12.79132174888358,0.5103540056219255,1162210.568431484,4.489588598069451,-439690.2633471936,-377627.37446856993,-62062.888878623664,35659233.333333336,35741666.461538464,35410498.17868899,35850188.44203618,0.8682899155616349,1.0307427438782468,-0.1624528283166119,-0.1613482726249148,23.996310501677947,-238023.79999999702,-33.67571585759228,-37.585091891489064,3.909376033896784,35351012.0,35351012.0,35351012.0,36650746.0,11.773291380805638,21.90706118462743,12.581922646566323,28.59393745340542,-127.23900041446835,37625704.0,37473012.0,68.0,100.0,-32.0,34856608.0,37538270.28,0.0,0.0,47.20264832443459,0.6011090878582689,0.33519535426656777,0.33658629695041115,-12.100531380434584,50.07996184774829,51.03540056219255,31.3444951136173,-48.96459943780745,-1128481.194117643,0.4330649191085938,-1.2264656964302991,-1.0462932600736041,-0.180172436356695,2.893349660223383,-3.5629174255591707,6.456267085782553,36074377.30333378,5.638777773400805,5.48553316408622,68.74801627349353
158,2023-06-08,35394088.0,35480880.0,34190052.0,34478012.0,25558231723931,9155959749522926.0,305739815123963,-0.017845222866810735,-3.1338626997913887e+18,2782482.3566261204,-94479.33892077065,26521789380519.02,35436453.27416803,53.981550632547254,982.1896843329974,35531865.6,37081747.08589346,33981984.11410654,8.723895915521295,0.16002123078704694,0.0,0.0,35493845.666666664,36658527.46666667,34329163.86666667,6.562725329556433,0.06390077243987703,0.0,0.0,33074212.0,37627812.0,35351012.0,12.815538737149787,0.30828355586788475,1175072.3115883355,4.699603446318555,-481506.9760431051,-398403.29478347703,-83103.6812596281,35585641.666666664,35683631.07692308,35267038.76658299,35748545.74262609,0.9823110610885656,1.029272845809188,-0.0469617847206224,-0.16736345917327508,24.378341112827997,26518.39999999851,-38.84357047804241,-36.43101198565549,-2.412558492386921,35028848.0,35351012.0,35189930.0,36650746.0,5.886645690402819,23.119906686903114,11.560274732311717,26.27211928775562,-107.59757013217232,37246726.0,37473012.0,64.0,96.0,-32.0,34856608.0,37359707.9488,0.0,0.0,42.603599926616724,0.3990875616768582,0.3333988831783756,0.309973870531373,-12.637843832901416,49.066276299112424,30.828355586788476,29.953000423491005,-69.17164441321152,-1108280.241176471,-2.497376213734455,-1.346927451286396,-1.1064200983161625,-0.2405073529702335,4.965147717513208,-1.8573043969446954,6.822452114457903,35944305.23763398,-2.5994232468580236,-2.633805386697219,64.36154110986858
159,2023-06-09,34480180.0,34767404.0,34296972.0,34372672.0,15436747567196,9145491038955070.0,290303067556767,-0.036371312648125514,-2.9184690267823944e+18,-924234.0426631431,17631.044466346262,26474625785682.74,35414634.614419244,54.628719340866716,979.1888192788394,35468752.2,37097500.341778286,33840004.05822172,9.184129921425782,0.16352065985988107,0.0,0.0,35245422.33333333,36344729.733333334,34146114.93333333,6.2380151930273975,0.1030453659579976,0.0,0.0,33074212.0,37627812.0,35351012.0,12.838342816018205,0.2851502108222066,1104608.280429502,5.018668152854296,-517185.2896818593,-422159.6937631535,-95025.5959187058,35486832.333333336,35622709.07692308,35129443.87941638,35646629.169098236,1.0042397512488288,1.0395482001812981,-0.035308448932469316,-0.17488610466537358,24.613990793647627,1700703.799999997,-41.72428899947801,-36.14791022832275,-5.576378771155262,34891958.0,35351012.0,35121485.0,36650746.0,2.9433228452014095,24.24612036758768,11.203239540125582,25.460713730686724,-123.39930253024416,37246726.0,37473012.0,60.0,92.0,-32.0,34856608.0,37188288.110847995,0.0,0.0,42.097912119402906,0.376874309336844,0.45902365295732367,0.37587263013408895,-13.215399820475529,49.62601706878356,28.51502108222066,36.792925743733896,-71.48497891777934,-1170755.1470588222,-3.334549736568456,-1.4508673098611045,-1.175309540625151,-0.27555776923595343,2.5227561001480385,-0.9812922975261488,3.5040483976741874,35830696.07315214,-0.3055280565480434,-0.30599574637335536,63.859370487603194
160,2023-06-10,34369700.0,34528180.0,34136116.0,34098248.0,14184505536091,9128566476409712.0,276118562020676,-0.10413625417073633,-3.057626129704372e+18,-552916.5776025599,-185146.25039443647,26361379752693.617,35357790.27104454,48.84224624964819,971.3711869300429,35376051.4,37092835.130223274,33659267.66977672,9.70590929333213,0.1278496302403174,0.0,0.0,35006142.86666667,36085023.86666667,33927261.86666666,6.163952447485033,0.07924235079371113,0.0,0.0,33074212.0,37627812.0,35351012.0,12.871984915761402,0.2248849262122277,1033353.8523865517,5.410847706871784,-561135.9081773907,-449954.936646001,-111180.97153138969,35230898.333333336,35543603.23076923,34970798.35950616,35531934.26768355,0.9470241353959737,1.0785469116499922,-0.13152277625401843,-0.18426263824162697,24.682838609122605,1382248.6000000015,-44.81713609524347,-36.68930314866336,-8.127832946580106,34582458.0,35351012.0,34966735.0,36617172.0,1.4716614226007048,25.42322152144512,10.901065864076156,25.88059431255988,-132.60163366035792,37229939.0,37473012.0,56.00000000000001,88.0,-31.999999999999993,34856608.0,37023725.06641407,0.0,0.0,40.74121282949996,0.31727883709839677,0.3644135693706996,0.38561203516879955,-14.117197409817411,44.543527064886504,22.48849262122277,27.27728976341064,-77.51150737877722,-1286671.029411763,-8.262719798750888,-1.5792439104215787,-1.2560964145844367,-0.3231474958371421,0.001465251332750114,-0.7847407877543691,0.7862060390871192,35700921.54769683,-0.7983784327270205,-0.801582538658252,62.55115261362789
161,2023-06-11,34100036.0,34163496.0,32838204.0,33288126.0,25589978608605,9120351528142406.0,250528583412071,-0.09664501788055763,-5.582394489798076e+18,-4305250.13665128,-519144.2465750245,25753401165337.45,35175663.39909156,42.60152814537113,971.3711869300429,35267738.5,37209665.103938,33325811.896061998,11.012481585333294,-0.00970322358877397,0.0,1.0,34737779.733333334,35842637.13333333,33632922.33333333,6.361128480182135,-0.15603657690726772,0.0,1.0,32838204.0,37627812.0,35233008.0,13.580706344411622,0.09393712387318545,1062547.6671478965,6.04271543327631,-653800.5590422377,-490724.0611252483,-163076.49791698938,34941717.166666664,35426891.15384615,34711925.688812904,35365726.24785514,0.8473365561979197,1.0907210565150474,-0.24338450031712766,-0.19852659445036186,24.85323958090105,1302549.5,-48.68756146802079,-37.853964540241286,-10.833596927779503,34318418.0,35233008.0,34775713.0,36499168.0,0.7358307113003524,27.393711936565158,9.92642387857926,32.322745422715975,-186.1099530989982,37011617.0,37473012.0,52.0,100.0,-48.0,34856608.0,36865744.54375751,0.0,0.0,36.95496644164724,0.15096111055831787,0.28170475233118614,0.36838065821973637,-16.13995796771723,43.47265469413096,9.393712387318544,20.132408696920663,-90.60628761268146,-1325943.0882352963,-9.440518195890451,-1.8486841029650547,-1.3746139522605603,-0.47407015070449443,2.710207663030699,-0.08575109759735555,2.7959587606280545,35503806.386313796,-2.3758464071233165,-2.404524784916262,58.68918689451947
162,2023-06-12,33291720.0,33741644.0,33053440.0,33402892.0,13820273147187,9120566401817472.0,264348856559258,-0.08796632776444933,-4.5583242101111997e+18,-514439.75147822016,-1227499.7817336826,25801048709930.68,34980432.09656723,36.260347782196895,974.7201404169173,35173512.5,37278510.80479033,33068514.195209663,11.969224312131663,0.0794247206825285,0.0,0.0,34527643.46666667,35611454.86666666,33443832.06666667,6.277934380585905,-0.018887080661206524,0.0,1.0,32838204.0,37627812.0,35233008.0,13.617087574065852,0.1178985837671893,1025113.300433107,6.516613949947328,-709795.2278503925,-534538.2944702771,-175256.9333801153,34677767.5,35315281.76923077,34510535.890534,35220331.11838439,0.8334947575572496,1.2458474634041208,-0.4123527058468712,-0.21451157079258504,24.91673180184816,813327.5,-49.879079938354785,-39.44691445505188,-10.432165483302903,34318418.0,35233008.0,34775713.0,36499168.0,0.3679153556501762,29.223453036319476,9.453740709709656,30.78357906030171,-155.67586004087696,36899617.0,37473012.0,48.0,96.0,-48.0,34856608.0,36624092.11113206,0.0,0.0,37.83633795909417,0.22080866236732885,0.22968287000801443,0.29193373056996663,-17.455559134712338,42.49680999304346,11.78985837671893,14.55735446175342,-88.21014162328107,-1395915.641176477,-8.66111855613497,-2.015299701370189,-1.502751102082486,-0.5125485992877032,-0.02153602464629093,-0.07290808300714263,0.0513720583608517,35394586.306456424,0.34476557797216145,0.34417262393020565,59.236292586895686
163,2023-06-13,33395318.0,33487736.0,33196210.0,33282900.0,15005271194359,9114485253753392.0,249343585364899,-0.1484448547126842,-4.1643511088315325e+18,-107960.78314192727,-1504271.692464674,25747145817296.31,34737069.985652804,29.17276527335325,974.7201404169173,35040500.9,37266858.86993816,32814142.93006184,12.707341006864198,0.10527441594470566,0.0,0.0,34322636.6,35354694.6,33290578.6,6.0138620003336225,-0.003720042865808651,0.0,1.0,32838204.0,37627812.0,35233008.0,13.668777206321273,0.09284601161514679,951754.5703897963,6.939073063445723,-755148.8717559278,-578660.4099274073,-176488.46182852052,34452439.166666664,35188675.615384616,34321668.830451846,35076817.702207774,0.7584085211568017,1.3024125357190859,-0.5440040145622842,-0.23125504127685179,24.786081509539404,178819.1000000015,-54.87543305039766,-41.97379626109775,-12.901636789299907,34318418.0,35233008.0,34775713.0,36499168.0,0.1839576778250881,30.9224983432342,9.252742321802076,30.129081549195735,-139.7474045050266,36730491.0,37473012.0,44.0,92.0,-48.0,34856608.0,36396938.82446414,0.0,0.0,37.249986538280574,0.2061042321621032,0.1926246683625832,0.23467076356726121,-18.688596966340338,48.01338371427038,10.727767484946735,10.637112749661407,-89.27223251505326,-1599776.5058823526,-7.513691115974617,-2.1528431631595755,-1.632769514297904,-0.5200736488616715,-1.7393159038005268,-0.40618964716581946,-1.3331262566347073,35228010.1412182,-0.3592263807576934,-0.35987314809133863,58.66427381618304
164,2023-06-14,33283466.0,33555664.0,32642796.0,32863522.0,17933147757519,9105224360849644.0,231410437607380,-0.13747401473013018,-4.643839184748857e+18,-1235657.676612244,-1499905.626585712,25521180903173.656,34496247.823956735,29.32790923355948,974.7201404169173,34947134.8,37365909.45731221,32528360.14268778,13.842477623156771,0.06928339857931591,0.0,0.0,34083015.06666667,35159954.266666666,33006075.866666663,6.319506639265915,-0.06618473292952066,0.0,1.0,32642796.0,37627812.0,35135304.0,14.264448369026237,0.04427789198670576,947865.9133508166,7.303804245747043,-815531.3235707358,-626034.592656073,-189496.7309146627,34256122.666666664,35074833.538461536,34097338.54884387,34912869.872414604,0.7326736490393883,1.2447271662847066,-0.5120535172453183,-0.24967611341542936,24.758200566783806,647641.200000003,-59.49437576951231,-45.17110862096059,-14.323267148551722,34098480.0,35135304.0,34616892.0,36401464.0,0.09197883891254405,32.83380898839506,8.633725438679503,32.16919665800898,-138.88304552363655,36730491.0,37530300.0,40.0,100.0,-60.0,34856608.0,36183414.7349963,0.0,0.0,35.19697111018928,0.12175362932423911,0.18288884128455699,0.20173212655171813,-20.33592707248856,33.48711443341295,5.427366441532486,9.31499743439939,-94.57263355846752,-1789422.3999999985,-6.688936640457567,-2.335904572013154,-1.773396525840954,-0.5625080461721998,-1.8253154331259878,-0.6900148043578531,-1.1353006287681346,35026601.11207731,-1.2600404411875155,-1.2680462729946385,56.665039800382644
165,2023-06-15,32865462.0,33178898.0,31733496.0,32017380.0,18179374777571,9094186021755372.0,213231062829809,-0.20702980922887879,-6.177909663076661e+18,-5112613.583458921,-1678164.8322591712,25053113830720.39,34218916.14846658,29.8477615227188,974.7201404169173,34785727.6,37514307.289270185,32057147.910729818,15.687926500466148,-0.007287291422383713,0.0,1.0,33765858.2,34929928.8,32601787.6,6.894956397110011,-0.25101896740627355,0.0,1.0,31733496.0,37627812.0,34680654.0,16.944639099628894,0.04816233130358128,997619.5220157349,7.735465576190561,-921044.2151798233,-685036.5171608231,-236007.69801900024,33958006.333333336,34935696.615384616,33777344.92594481,34698389.141124636,0.728171557731535,1.2454236846103874,-0.5172521268788525,-0.27262741933424006,24.915710561167085,578452.3999999985,-66.09610619163404,-48.677029760919524,-17.41907643071451,33614180.0,34680654.0,34147417.0,35946814.0,0.045989419456272024,35.06073371681144,7.7496680138547065,35.316909537049455,-157.95144880401068,36638343.0,37544288.0,36.0,100.0,-64.0,34856608.0,35900165.23619659,0.0,0.0,31.43278377016381,0.0,0.1092859538287807,0.16159982115864022,-22.952819038242,32.12826194212052,6.515273083130298,7.556802336536511,-93.4847269168697,-2059787.9235294163,-10.050339971236228,-2.6544293207208254,-1.9496030848169283,-0.704826235903897,-1.7659571025965357,-0.9052032640055897,-0.860753838590946,34676613.549918056,-2.574714907306652,-2.6084408488994626,52.63136166610429
166,2023-06-16,32013554.0,32692852.0,31769202.0,32491612.0,20119417218700,9105538413539998.0,233350480048509,-0.18198885909538048,-3.932312358857347e+18,-1033719.1591548413,-1573654.9482183368,25351116711232.742,33981234.11979047,37.18494898020927,974.7201404169173,34642252.6,37531748.51691662,31752756.68308339,16.681917023586475,0.1278519399510079,0.0,0.0,33590528.06666667,34606619.86666666,32574436.26666667,6.049870951616905,-0.04075629124586469,0.0,1.0,31733496.0,37627812.0,34680654.0,17.01481733321233,0.1286181467026878,990222.5698141614,7.95613494647624,-955384.3072931543,-739106.0751872894,-216278.2321058649,33718625.666666664,34802594.615384616,33579539.86041484,34534924.167707995,0.7624935815414847,1.2357726713832506,-0.4732790898417659,-0.2946297311717267,25.052723285600468,779051.3999999985,-68.41331909633959,-52.536763454113675,-15.876555642225917,33607188.0,34680654.0,34143921.0,35946814.0,0.022994709728136012,37.12859239319808,7.239520788842325,32.99205854160953,-136.51844804878291,36638343.0,37544288.0,32.0,96.0,-64.0,34856608.0,35483498.312576935,0.0,0.0,35.59043981473954,0.2636456407261759,0.12846642335013828,0.14021373948782526,-23.900257635653748,38.76907122520456,18.649216163985656,10.197285229549484,-81.35078383601434,-2220273.1999999993,-8.1228180605347,-2.766429434313019,-2.1129683547161466,-0.6534610795968723,-0.8616780357126375,-0.8964982183469993,0.03482018263436182,34615653.20306069,1.4811705392508756,1.4703083355723123,54.89209242876007
167,2023-06-17,32490200.0,33819896.0,32209518.0,33628068.0,20851471568908,9121422236410128.0,254201951617417,-0.15863237897124047,1.4700831452974592e+16,6052431.488441429,-1027962.944675477,26080436634581.414,33820342.29604795,44.84532103996707,974.7201404169173,34545736.8,37435335.420473345,31656138.17952665,16.729118485458663,0.3412117182126712,0.0,0.0,33446869.6,34381934.0,32511805.2,5.591341797798622,0.5968908665542182,0.0,0.0,31733496.0,37627812.0,34680654.0,17.062354275795908,0.3214235544887651,1052238.112832745,7.990544232528457,-880743.908723332,-767433.6418944979,-113310.26682883408,33569189.333333336,34732351.692307696,33587005.728043325,34467749.63676666,0.8259967640573993,1.1213295735363158,-0.2953328094789165,-0.3083474949199569,25.330602173873274,-1037056.799999997,-70.36974569163286,-56.03967181117928,-14.330073880453575,33250450.0,34680654.0,33965552.0,35946814.0,2.7336974114992483,36.975614387865335,14.141876410453245,29.36282181111472,-75.84995018908046,36780094.0,37544288.0,28.000000000000004,92.0,-64.0,34856608.0,35108498.08131924,0.0,0.0,44.30585420234745,0.8163082433512318,0.3599846280258025,0.19924566840157376,-21.942025575345642,47.97775383273817,46.60537802425306,23.923289090456347,-53.39462197574694,-2206842.3470588215,-5.062591710344712,-2.5552695432829906,-2.2014285924295156,-0.353840950853475,0.15857231857226461,-0.6854841109631465,0.8440564295354112,34544368.371443406,3.497690419299593,3.437911167897667,60.309738305893504
168,2023-06-18,33629624.0,34192548.0,33432678.0,33862088.0,14165610620817,9123266877165692.0,268367562238234,-0.19897715688537787,4.8617731231449165e+17,4280117.874544764,-777345.345849436,26179016077131.715,33755930.42674774,45.398709660022824,981.503283809525,34380368.4,37017997.63945459,31742739.16054541,15.343810216149922,0.4017526056643259,0.0,0.0,33358148.6,34240117.2,32476180.0,5.287874999153889,0.7856901027995769,0.0,0.0,31733496.0,37627812.0,34680654.0,17.144423618218124,0.36112621040337844,1023001.3015494706,7.971694283566606,-793559.7342458591,-772658.8603647703,-20900.873881088803,33598640.0,34677531.538461536,33629326.07757512,34422885.81182098,0.885321212130591,1.0956047099265367,-0.21028349779594568,-0.31405185918366935,25.49193996032886,1017791.6000000015,-70.821539497195,-59.27269964425894,-11.548839852936062,33130838.0,34680654.0,33905746.0,35907052.0,51.366848705749625,36.26201229654593,15.989447196663239,27.808368960562547,-35.89366193556707,36712586.0,37544288.0,24.0,88.0,-64.0,34856608.0,34770997.87318732,0.0,0.0,45.92838185234353,0.919196105476634,0.6663833298513472,0.38494479374242924,-19.860296091029124,50.39303550182125,52.362134993761586,39.205576394000104,-47.637865006238414,-2044797.1999999993,1.0546759824618577,-2.305325993247629,-2.2222080725931384,-0.08311792065449053,-1.9044479175661693,-0.9292768722837511,-0.9751710452824182,34529765.072314754,0.6959067645515571,0.6934965090536593,61.425344618999134
169,2023-06-19,33861808.0,34073160.0,33626340.0,33636124.0,12217129388686,9111584783782282.0,256150432849548,-0.20507315528333847,2.234749267170099e+16,135822.03979411814,-790571.9707972652,26097490347673.3,33678682.881145194,40.7255854834408,974.9536461137416,34224259.6,36640760.454873964,31807758.745126035,14.121566883357584,0.3783084229385314,0.0,0.0,33288101.133333337,34167708.53333333,32408493.73333333,5.284815715241851,0.6978285236496811,0.0,0.0,31733496.0,36983484.0,34358490.0,15.339960780334893,0.36240616169027434,965383.1713945236,7.9835939065727395,-734235.2472991645,-764974.1377516493,30738.890452484717,33451803.666666668,34588800.461538464,33630371.911794335,34364607.1590935,0.8960951859853808,1.1121789504014712,-0.21608376441609034,-0.3147634286000929,25.3988791634772,253752.3999999985,-72.21637113635828,-62.317059093271695,-9.899312043086582,32963022.0,34680654.0,33821838.0,35907052.0,75.68342435287481,35.59938178317792,15.470801744956402,26.906356282864024,-32.60613819565589,36712586.0,37544288.0,20.0,84.0,-64.0,34856608.0,34467247.68586858,0.0,0.0,44.57794715944383,0.8335622252202578,0.8563555246827077,0.627574494186619,-18.553675028479446,48.30718678420292,49.79830752109317,49.58860684636928,-50.20169247890683,-1819601.611764703,-4.977761555967881,-2.136603057616716,-2.205087069597854,0.06848401198113807,-4.451457806092829,-1.6337130590455669,-2.8177447470472625,34506949.98133579,-0.6673067532043553,-0.6695431995765944,60.348142392973145
170,2023-06-20,33635140.0,34629588.0,33684272.0,34465712.0,16464591244837,9122340910651526.0,272615024094385,-0.15814797906405573,1.9704160396645778e+18,1763676.7567555534,46495.956467314776,26503566485388.27,33673197.76363046,49.042955834317084,974.9536461137416,34119030.8,36288379.54600205,31949682.05399794,12.71635621022421,0.5799044415147426,0.0,0.0,33288668.73333333,34223601.33333333,32353736.133333337,5.617122195480343,1.1294802784001075,1.0,0.0,31733496.0,36709704.0,34221600.0,14.584845710212848,0.5490558272483786,968191.2542550713,7.569993278004006,-613210.6350497752,-734621.4372112744,121410.80216149916,33450778.666666668,34578603.07692308,33758885.77151828,34372096.40656806,1.0347421348535764,1.0627299242383574,-0.02798778938478108,-0.306901244929716,25.28801234187601,253641.20000000298,-70.20288648069302,-64.70765076134639,-5.495235719346638,33181542.0,34680654.0,33931098.0,35907052.0,87.8417121764374,34.13967273219925,18.39239329436941,24.96720676815504,8.542315893446737,36430212.0,37414020.0,16.0,80.0,-64.0,31733496.0,34467247.68586858,1.0,0.0,50.34987245031066,1.0,0.9175861102322972,0.8134416549221172,-15.615669262752544,53.95471921027098,72.63889095669448,58.26644449051641,-27.36110904330552,-1421026.4823529422,-0.035674910722810815,-1.7840361780569156,-2.1208768912896665,0.3368407132327509,-4.514951409364397,-2.209960729109333,-2.3049906802550644,34506478.01764812,2.4663602738531853,2.4364366273232463,64.302905276815
171,2023-06-21,34453692.0,36584580.0,34362176.0,36505352.0,28624200763665,9148924223999488.0,301239224858050,-0.06458813557074754,1.0029365869084162e+19,10220999.094953947,817766.9928823423,28197512771645.223,33802478.69289907,49.26252365141729,974.9536461137416,34144956.4,36413116.21959654,31876796.58040346,13.285474979236126,1.0203327339648987,1.0,0.0,33527411.46666666,34552055.266666666,32502767.666666668,6.112275032140262,1.9531589091415653,1.0,0.0,31733496.0,36584580.0,34159038.0,14.207322285525015,0.983667980187521,1093612.528829564,7.462082985995915,-348696.3019763231,-657436.4101642842,308740.10818796104,33628502.0,34627058.0,34181419.03743854,34530115.339414865,1.090016540815999,0.9173856594857173,0.1726308813302817,-0.2816761044328293,25.436995295735603,-46708.39999999851,-59.259268381365395,-65.74989392168091,6.490625540315513,34159038.0,34680654.0,34419846.0,35907052.0,93.9208560882187,32.760807435130225,28.685256258050167,21.27358334607303,130.17974274367467,36312488.0,37296296.0,12.0,76.0,-64.0,31791417.84,34467247.68586858,0.0,0.0,61.08158400865933,1.0,0.9445207417400859,0.9061541255516968,-8.931102737653433,62.27732704267267,98.36679801875209,73.60133216551326,-1.6332019812479026,-753942.5176470578,6.2045801967330325,-1.0098324275746018,-1.8986679985466537,0.8888355709720519,0.8690024437371595,-1.5941680945400347,2.4631705382771942,34773250.56401089,5.917881516563472,5.749390521285491,74.02615653936844
172,2023-06-22,36484504.0,39703372.0,36405516.0,38697076.0,42974971276806,9165672736816030.0,344214196134856,0.026335818496730928,2.2052210165884473e+19,19806840.450618286,2033792.5710246398,30777662552057.87,34414228.07452482,53.31421094342483,974.9536461137416,34318844.2,37308343.86395995,31329344.53604005,17.421913433552938,1.2322683211478445,1.0,0.0,34014344.4,35299953.4,32728735.4,7.559216693296021,2.3212114258689858,1.0,0.0,31733496.0,39703372.0,35718434.0,23.223031502908245,0.873737558777577,1314036.8759466077,7.206769288303551,37356.401166431606,-518477.847898141,555834.2490645726,34011737.666666664,34755364.307692304,34876135.49321723,34838779.0920508,1.1373437522773748,0.7293676961615896,0.40797605611578525,-0.23301020534882036,25.94166003092571,-1030718.200000003,-45.444775485180664,-64.70204308110125,19.257267595920588,35718434.0,35718434.0,35718434.0,35718434.0,96.96042804410935,33.36114433554165,41.283161593779525,17.205852454468356,265.452395786572,36124308.0,37296296.0,100.0,72.0,28.0,31983144.3264,34467247.68586858,0.0,0.0,68.86850296039775,1.0,1.0,0.9540356173241276,0.21497166082504182,68.48947893658081,87.3737558777577,86.12648161773477,-12.626244122242303,193569.70588235557,13.486992058946843,0.10722649340761559,-1.4974891001558,1.6047155935634154,10.067772559329095,0.7382200362337912,9.329552523095304,35528793.20119501,6.0038429433580065,5.8305161649432335,84.47441365835446
173,2023-06-23,38656664.0,39342588.0,38559424.0,38842144.0,26818851757965,9158216945078730.0,371033047892821,-0.03165281868572353,1.9457688311733043e+19,2618139.9878891725,2286819.2874926627,30878201341779.977,34831368.26581049,61.028176981846876,978.6085624576644,34481212.6,38030593.12003842,30931832.079961587,20.58733004093027,1.1143228903438052,1.0,0.0,34573588.06666667,35908360.86666667,33238815.266666662,7.721343803982515,2.098982213801977,1.0,0.0,31733496.0,39703372.0,35718434.0,23.113676692449033,0.8919395985583716,1260949.5883519468,6.920510478294221,350966.00731910765,-344589.0768546913,695555.084173799,34474572.5,34881662.76923077,35486290.64810689,35135324.64078778,1.2618724881100198,0.712710935376595,0.5491615527334248,-0.16925297867497796,26.0340125408311,-1078320.6000000015,-29.817830816224163,-61.40464919740256,31.5868183811784,35718434.0,35718434.0,35718434.0,35718434.0,98.48021402205467,33.91860002878084,39.35849394189732,16.40369616692368,244.77326218591844,35975147.0,37296296.0,96.0,68.0,28.0,32446357.986816,34467247.68586858,0.0,0.0,69.3062576283755,1.0,1.0,0.9815069139133619,7.138721591907658,66.40836435714871,89.19395985583715,91.64483791744898,-10.806040144162845,1125862.364705883,16.68468209955706,0.9988978639226216,-0.9982117073401157,1.9971095712627371,10.707887760791209,2.7321535811452753,7.975734179645934,36218948.467534296,0.3748810375233447,0.3741801097792319,85.16597325424202
174,2023-06-24,38821500.0,41146732.0,38850956.0,40165484.0,31555585189253,9162797899593402.0,402588633082074,-0.010718307304739062,2.2643556853534904e+19,7623377.344646058,2870840.2819389924,31953290505353.082,35399857.72063319,68.35308179234232,978.6085624576644,34721277.8,39042601.53919184,30399954.06080815,24.891501770662643,1.1299234364951969,1.0,0.0,35276961.06666666,36750024.66666667,33803897.46666667,8.351420051269127,2.1593047758879265,1.0,0.0,31733496.0,41146732.0,36440114.0,27.110857077961576,0.8957586955219226,1365313.429516752,6.558723609763955,698237.510631673,-136023.75935741843,834261.2699890914,35038121.833333336,34996894.615384616,36206166.54839814,35507929.037766464,1.2586922674567074,0.6292512182120493,0.629441049244658,-0.09030108316604563,26.186786799758405,-1438377.799999997,-9.85839128666334,-55.15601420796136,45.29762292129802,36457967.0,36440114.0,36449040.5,36440114.0,99.24010701102733,35.15816298832195,44.36929742202125,14.292128625997128,236.13866820052496,36269924.0,37296296.0,100.0,64.0,36.0,32881778.82760704,34467247.68586858,0.0,0.0,73.03163217612152,1.0,1.0,1.0,14.324647324565396,63.6095915777595,89.57586955219226,88.71452842859571,-10.424130447807746,2231582.8705882356,20.245528441070313,1.9664270194102929,-0.405283961990034,2.371710981400327,12.591615606228357,4.704045986161892,7.887569620066465,37327458.8686164,3.406969501992485,3.350217712220882,91.47452149108159
175,2023-06-25,40182844.0,40307692.0,39635112.0,39982424.0,15899186263938,9163318999926452.0,386689446818136,-0.0005161658948676423,1.899297658339042e+19,-116087.32707197357,3170066.1969089424,31880827665431.21,35817848.87027278,69.77740598750654,974.14841245814,34949333.8,39838477.409444965,30060190.19055503,27.978465268742653,1.0147210434028728,1.0,0.0,36043476.2,37439257.6,34647694.8,7.744987704598827,1.9110188744455237,1.0,0.0,31733496.0,41146732.0,36440114.0,26.93394973955126,0.8763116105874749,1296040.0865650768,5.93658735684207,947756.1242169365,80732.21735745257,867023.9068594839,35596415.5,35120899.384615384,36787129.23325996,35839373.109043024,1.3884075249294436,0.6426418047051151,0.7457657202243285,-0.005383097141426093,26.26443617985834,-2085811.799999997,11.423834318832647,-46.28521938405334,57.70905370288599,36678125.0,36440114.0,36559119.5,36440114.0,99.62005350551367,36.30918573646726,42.644028413909936,13.736389229363471,182.64957415821382,36348867.0,37296296.0,96.0,60.0,36.0,33542975.081398476,34467247.68586858,0.0,0.0,71.73458611861102,0.9688201450950565,0.9896067150316855,0.9965355716772284,19.368697408985106,63.8987267787648,87.6311610587475,88.80033015559229,-12.368838941252509,3270702.5058823526,20.129027218181108,2.6444550838915144,0.20466384718627562,2.439791236705239,8.669015464179216,5.497039881765358,3.1719755824138582,38317260.65250809,-0.45576445686550393,-0.45680622962471773,90.60184867817193
176,2023-06-26,39977784.0,40622628.0,39689116.0,39888604.0,16624642674876,9153799604356970.0,370064804143260,0.023557509181585837,1.6056876503512238e+19,1035841.5636821165,3280800.5765632526,31841817424937.617,36167714.231460705,74.64281194122867,974.14841245814,35268330.0,40556134.107448526,29980525.892551474,29.986132643357514,0.9368802158812741,0.0,0.0,36818365.6,38215133.2,35421598.0,7.587341682543353,1.5990512666530907,1.0,0.0,31733496.0,41146732.0,36440114.0,26.69033662779043,0.8663447936501326,1259787.2779085692,5.415271442377035,1124963.0593710095,289578.385760164,835384.6736108455,36181839.0,35248526.92307692,37264279.197373815,36139316.138002805,1.3738314209468965,0.6057556726920581,0.7680757482548384,0.07926626471828191,26.24616153748636,-3250950.0,33.40240043365635,-34.754980925687875,68.15738135934421,37289705.0,36440114.0,36864909.5,36440114.0,99.81002675275684,37.49497158537972,42.15475942963282,12.981866959251235,148.21724401734494,36348867.0,37296296.0,92.0,56.00000000000001,35.99999999999999,34151275.6348866,34467247.68586858,0.0,0.0,71.0382430501483,0.9520806656347791,0.9736336035766119,0.9877467728694324,23.080551501520493,62.25399760603636,86.63447936501326,87.94716999198435,-13.365520634986735,4065471.011764705,21.376534140193495,3.1128509877585615,0.7863012753007329,2.3265497124578287,5.658984890398122,5.52942888349191,0.1295560069062116,38872802.78469774,-0.23465310657503347,-0.23492884841971318,90.15459551905917
177,2023-06-27,39888948.0,40030800.0,39112336.0,39463264.0,21501508160868,9148728748362930.0,348563295982392,-0.05171659552144221,1.245654393427569e+19,-2495928.122998863,3110231.480859186,31612542630534.094,36546447.34987844,72.29039109715644,974.14841245814,35471585.2,41067275.02883545,29875895.371164553,31.55026648673964,0.8566744156752812,0.0,0.0,37449996.2,38777572.4,36122420.0,7.089860265459783,1.258249432311306,1.0,0.0,31733496.0,41146732.0,36440114.0,26.537398728940932,0.8211594822439382,1225654.9501177124,4.875614460776839,1217050.0534732565,475072.71930278256,741977.334170474,36802329.333333336,35382235.538461536,37602584.551624,36385534.49815074,1.3214902370477508,0.6378591628431683,0.6836310742045825,0.1573859538644306,26.193404876284465,-2979973.200000003,50.086926781556166,-21.32070689471552,71.40763367627169,37386536.0,36440114.0,36913325.0,36440114.0,99.90501337637842,37.91706096797845,39.83627031192466,15.72174533745076,111.24164151253876,36348867.0,37296296.0,88.0,52.0,36.0,34710912.144095674,34467247.68586858,0.0,0.0,67.82382456204299,0.8748088513591478,0.9319032206963277,0.9650478464348748,25.147331622928533,59.964498932021705,82.11594822439382,85.46052954938484,-17.884051775606178,4251438.223529413,23.255756717133007,3.3448733686600423,1.2980156939725949,2.0468576746874474,4.965702067927863,5.416683520379101,-0.4509814524512379,39033285.53273359,-1.0663195934357605,-1.0720455216524982,88.12693980922093
178,2023-06-28,39467420.0,40257056.0,39530476.0,39820936.0,21318032945227,9144455048730678.0,369881328927619,-0.028109300151692617,1.1766303869319911e+19,1098143.639431866,3276931.5748623363,31805756843113.8,36982707.72748652,78.12913960890916,982.977525300421,35738731.4,41621945.59186614,29855517.208133858,32.923464048117516,0.8469365951050928,0.0,0.0,38054034.66666667,39378281.86666666,36729787.46666667,6.959825477638335,1.1671342530810493,1.0,0.0,31733496.0,41146732.0,36440114.0,26.339032280256035,0.8591561924082218,1182468.6551059412,4.294618501290546,1303860.706362784,640830.3167147828,663030.3896480011,37413106.333333336,35559220.76923077,37943869.38983569,36640008.68347291,1.3735518015520207,0.6230208157056047,0.750530985846416,0.2292493073378366,26.109746058521175,-2110663.3999999985,68.13125003540372,-5.726526764519743,73.85777679992347,37415502.0,36440114.0,36927808.0,36440114.0,99.9525066881892,38.412451454504684,39.28437776159928,14.956136178815033,103.36186834825757,36130545.0,37296296.0,84.0,48.0,36.0,35225777.73256802,34467247.68586858,0.0,0.0,69.09041660953312,0.9052566184494678,0.9107153784811316,0.9387507342513569,27.2289948320783,55.05412554863831,85.91561924082218,84.8886822767431,-14.084380759177822,4302087.282352939,22.55758809381326,3.5585709534804564,1.7501267458741672,1.8084442076062892,4.2999615008403085,5.193339116471343,-0.8933776156310342,39249255.35596695,0.9063416548615866,0.9022590287038668,89.83201262872831
179,2023-06-29,39831832.0,39840548.0,39156396.0,39392976.0,19078975973117,9138571105837110.0,350802352954502,-0.016758259228784163,8.918969236923475e+18,-1417482.683919,3540869.496258045,31600712979818.996,37411875.406280115,77.00746296110641,972.4133572023238,35989746.6,42044302.88162057,29935190.31837943,33.64600673026451,0.7810469703891403,0.0,0.0,38622511.2,39970491.6,37274530.8,6.980283560640159,0.7857848674951058,0.0,0.0,31733496.0,41146732.0,36440114.0,26.155327250900957,0.8136925495121975,1132636.989595347,3.390135612521529,1322876.6799216643,777239.5893561592,545637.0905655051,37893515.333333336,35705305.384615384,38166808.86832251,36843932.18840084,1.4208046564557437,0.6087666925689205,0.8120379638868233,0.2907771981945387,26.060905915791576,-2127658.6000000015,86.2768355479928,11.660109016445348,74.61672653154746,37754454.0,36440114.0,37097284.0,36440114.0,99.9762533440946,38.42156514008061,37.58551822661858,16.673910886388274,82.04284263534844,36018545.0,37265536.0,80.0,44.0,36.0,35699454.07396258,34467247.68586858,0.0,0.0,65.75511731441179,0.8056548308751258,0.8619067668945805,0.9015084553573466,27.998276510223967,50.402187778890514,81.29831629437602,83.10996125319734,-18.701683705623974,4063775.941176474,17.14314363822507,3.590487229096927,2.1181988425187193,1.472288386578208,2.905586009481262,4.735788495073327,-1.8302024855920647,39284740.97875228,-1.0747110514931157,-1.0805277836290372,87.79186700973555
180,2023-06-30,39392896.0,40657860.0,39366508.0,40291224.0,17443485306329,9146109608336626.0,368245838260831,0.042152173130363346,9.883198744425753e+18,3803041.6913488354,3886352.4141511647,31998463477000.0,37901074.28510717,77.10546192797067,994.5865576551221,36299395.4,42565104.49185282,30033686.30814718,34.52238817097664,0.8185456379702097,0.0,0.0,39207045.2,40589629.2,37824461.2,7.05273245125853,0.8920842422594204,0.0,0.0,31733496.0,41146732.0,36440114.0,25.932211532096204,0.9091164823658942,1148508.4906358123,2.4625507795195323,1394354.828095466,900662.6371040207,493692.1909914452,38429276.666666664,35894807.07692308,38493641.965503655,37099287.13740819,1.4219154765961646,0.543304022787205,0.8786114538089596,0.3469520545315092,26.100556757340673,-2663271.3999999985,106.61633756555209,30.090731899436182,76.52560566611591,38776124.0,36440114.0,37608119.0,36440114.0,99.9881266720473,38.83830324913922,39.662593225623574,15.326621901319415,85.65480497707564,36086317.0,37259320.0,76.0,40.0,36.0,36135236.30804557,34467247.68586858,0.0,0.0,69.12420918350074,0.8639750332893278,0.8582954942046405,0.8769725465267841,29.6840698831147,53.82099598177909,90.42757619992092,85.88050391170638,-9.572423800079084,3933312.5764705837,18.986236170669688,3.758441025917992,2.446247279198574,1.312193746719418,1.1467847510750067,4.017987746273663,-2.871202995198656,39534692.615718216,2.280223763749145,2.254615218913969,92.07394178767973
181,2023-07-01,40285936.0,41252112.0,39004928.0,40117228.0,34733631544246,9145760538418544.0,333512206716585,0.05973961061453598,7.607954216054557e+18,752666.4682066867,3507797.769848683,31848467712310.086,38448507.47458693,78.41227667179595,994.5865576551221,36640850.5,42957049.08418909,30324651.915810913,34.4762662328981,0.7751953927400399,0.0,0.0,39637783.86666667,41022845.86666666,38252721.86666667,6.9885945423137645,0.6730767768278019,0.0,0.0,31733496.0,41252112.0,36492804.0,25.97815244490572,0.8807721626757503,1258376.041572231,2.0607703975874303,1420586.1199342534,1004647.3336700673,415938.78626418614,38969368.666666664,36075419.538461536,38743424.43234924,37322838.31241499,1.3635710152408809,0.5881898297266551,0.7753811855142257,0.3952544437739993,26.001697427048356,-2175138.5,121.12835322489049,48.59885731166631,72.52949591322418,39905768.0,36492804.0,38199286.0,36492804.0,99.99406333602366,39.495545747776745,37.92422719465547,13.310985586876209,77.2927976988403,36086317.0,37259320.0,100.0,36.0,64.0,36536155.96340193,34467247.68586858,0.0,0.0,67.7340896124702,0.8138187528066665,0.8278162056570401,0.8493394889187535,30.657433968657884,51.163731305422864,85.48636640452493,85.73741963294061,-14.513633595475069,3789014.7058823556,19.26828430053356,3.8062113820044408,2.718240099759748,1.087971282244693,6.094945023467491,4.433379201712429,1.6615658217550617,39634616.24887865,-0.43184590272065115,-0.4327810503745866,91.24447833987558
182,2023-07-02,40110116.0,40333152.0,39921908.0,40265744.0,11960707466607,9153800228830026.0,345472914183192,0.07847980553634613,6.774868818062563e+18,-3403.9086829660137,3201831.92818956,31892746854181.77,38719837.23144445,78.41455235202577,998.2685672196093,36983993.1,43304948.14705556,30663038.052944444,34.18211240719465,0.7595929630545871,0.0,0.0,39828278.53333333,40924679.333333336,38731877.733333334,5.505639914024374,0.6995007057029987,0.0,0.0,31733496.0,41252112.0,36492804.0,25.73712355575796,0.8963748511338203,1173662.837415008,1.6920397836590377,1436796.116446875,1091077.0902254288,345719.0262214462,39452704.666666664,36335306.615384616,38977627.44275705,37540831.32631017,1.3536030180367562,0.6519680259120597,0.7016349921246965,0.43605127169177954,25.608681558076356,-478641.1000000015,131.20323739260996,66.49008711264788,64.71315027996208,40051534.0,36492804.0,38272169.0,36492804.0,99.99703166801183,40.105842353654445,36.96611758712349,12.974699678898546,71.28225189851807,35389269.0,36689003.0,96.0,32.0,64.0,37007751.56706174,34467247.68586858,0.0,0.0,68.31972801345792,0.8344009164401099,0.8373982341787013,0.8411699780134606,31.62363581089901,52.38072679933124,87.06533581124638,87.65975947189742,-12.934664188753612,3790332.7529411763,16.82841195910881,3.8272890228723004,2.9400498843822582,0.8872391384900422,1.6300744330309898,3.8727182479761417,-2.242643814945152,39687933.04797189,0.3702050400890222,0.3695214677904346,91.95247503758175
183,2023-07-03,40262048.0,40497468.0,39836596.0,40306136.0,13865144278112,9159637053599914.0,359338058461304,0.10691126734035346,5.887036259436698e+18,188283.40492072247,3205579.1685557454,31906655473570.04,38974105.62790443,81.98690667442487,998.2685672196093,37335154.9,43574459.583248824,31095850.216751177,33.42321573305605,0.7380859126800169,0.0,0.0,39958146.666666664,41042318.266666666,38873975.06666667,5.426535965465187,0.6604862797242304,0.0,0.0,31733496.0,41252112.0,36492804.0,25.49504890362729,0.9006183251850899,1122383.7536735074,1.0455303064787318,1436344.6650941297,1160130.605199169,276214.05989496084,39769436.666666664,36524074.92307692,39182013.374640584,37745668.709546454,1.3341316660433582,0.6404823639549487,0.6936493020884095,0.46925002603594296,25.25540268554855,1361921.1000000015,139.76752115447297,83.11518849499635,56.65233265947663,40128520.0,36492804.0,38310662.0,36492804.0,99.9985158340059,40.75161408638714,36.45913287755791,12.43118240043365,66.44326363166894,35351012.0,36650746.0,92.0,28.000000000000004,64.0,37432187.61035556,34467247.68586858,0.0,0.0,68.48725265127447,0.7996460777390328,0.8159552489952698,0.8270565629436702,32.46788424230616,56.27664501237599,87.50005285524007,86.68391835700379,-12.49994714475993,3753771.011764705,10.411580197884408,3.805323138256804,3.1131045351571673,0.6922186030996365,-1.3610922570885484,2.825956146963204,-4.187048404051753,39736742.43066614,0.10031355685369281,0.10026327642762567,92.14502939276063
184,2023-07-04,40311068.0,40990328.0,40010448.0,40704332.0,19951953992592,9167942318132438.0,379290012453896,0.1477982397960366,6.181000832664908e+18,1637177.3782221135,3196543.4986605,32103766609999.348,39313570.648494564,82.33563871188346,998.2685672196093,37727195.4,43775774.62355407,31678616.176445924,32.06482305098181,0.7461021415084211,0.0,0.0,40009544.53333334,40962126.53333333,39056962.53333333,4.761773777286422,0.8646864346936373,0.0,0.0,31733496.0,41252112.0,36492804.0,25.230118218647124,0.9424517177707348,1108133.3783061565,0.7729819263573504,1451387.2867967412,1218381.9415186835,233005.34527805774,39936708.0,36763548.76923077,39416216.24008049,37964828.95328375,1.3433952469979196,0.6463519345373815,0.6970433124605381,0.49702558343839714,25.092053035934256,1114948.6000000015,147.11907794887543,98.19243778722333,48.9266401616521,40128520.0,36492804.0,38310662.0,36492804.0,99.99925791700295,41.58512848494366,37.326768418796824,11.651802199205028,69.7180315979119,35189930.0,36650746.0,88.0,24.0,64.0,37814180.049320005,34467247.68586858,0.0,0.0,70.16235207803732,0.7598938466292771,0.7979802802694733,0.817111254481148,33.64775472952476,59.07175830475495,92.0495633050873,88.87165065719125,-7.950436694912696,3841946.32941176,5.187099924552439,3.822978601016992,3.2550793483291325,0.5678992526878597,-1.3508441534857205,1.990596086873419,-3.3414402403591392,39763926.12353265,0.9879289843114814,0.983080870386388,94.0432858300455
185,2023-07-05,40704888.0,40736556.0,39744744.0,39902228.0,16608861969271,9156607903373664.0,362681150484625,0.14764696266721425,3.394852910712757e+18,-1551047.0598926118,2355683.059028603,31776478727692.37,39679626.37111719,76.40863215971311,978.5970685977643,38121437.8,43634092.090410024,32608783.509589974,28.921544456594578,0.661518399865734,0.0,0.0,40024821.2,41009326.4,39040316.0,4.919473319221219,0.4377386731933974,0.0,0.0,31769202.0,41252112.0,36510657.0,24.875530796480085,0.8576508687734039,1096501.2404755407,0.9353428881739743,1382647.2862868607,1251235.0104723189,131412.27581454185,40025048.333333336,36976224.0,39490987.28006811,38108339.993781246,1.312693144531448,0.7508610849021582,0.5618320596292898,0.5144803183833533,25.06814840507107,2044046.200000003,152.31577034286167,111.4050344438017,40.91073589905997,40128520.0,36492804.0,38310662.0,36492804.0,99.99962895850148,41.966805488558805,34.939018806592415,12.620159260120431,55.86989723815046,35121485.0,36650746.0,84.0,20.0,64.0,38157973.24438801,34467247.68586858,0.0,0.0,62.90829887772805,0.0,0.5198466414561033,0.7112607235736155,32.676981088268825,53.87921541061807,72.14779197605907,83.89913604546216,-27.85220802394093,3768118.647058822,2.7292108283209084,3.628201297963883,3.3297037382560832,0.2984975597077999,-2.668419955196147,1.0587928784595058,-3.7272128336556527,39764753.3287408,-1.9705617574070522,-1.9902362195090006,90.21954304666258
186,2023-07-06,39903712.0,40198272.0,39241632.0,39789540.0,16275653177931,9158975753669168.0,346405497306694,0.12755545070085492,2.6478638084231224e+18,-3060525.6162341144,722299.7685391456,31730514607460.42,39897053.906711444,68.61251350291451,975.8334097247273,38486334.2,43392889.516808726,33579778.88319128,25.497649588090532,0.6328025178413372,0.0,0.0,39992457.733333334,40979275.733333334,39005639.733333334,4.9350205310212605,0.39718583703715665,0.0,0.0,32209518.0,41252112.0,36730815.0,23.49559704233925,0.8382574734639198,1082515.1164279866,1.1115936631826029,1304045.1401747093,1261797.036412797,42248.10376191232,39993719.666666664,37195119.84615385,39536918.46774994,38232873.32757523,1.1886695928618556,0.9609737651371542,0.22769582772470143,0.5225962793923882,24.9926769107325,1496089.799999997,153.08229860590598,122.84896464650723,30.23333395939875,40128520.0,36492804.0,38310662.0,36492804.0,99.99981447925074,41.60286429934543,32.7620917647985,15.110636926403412,41.94888838569575,34966735.0,36617172.0,80.0,16.0,64.0,38467387.11994921,34467247.68586858,0.0,0.0,61.93940700669119,0.0,0.2532979488764257,0.5237082902006673,31.603077700632277,54.369378941814304,45.683569726607764,69.96030833591804,-54.316430273392236,3566446.811764702,-0.935987725182149,3.410795544979808,3.3459220996008283,0.06487344537897988,-3.8420363388942453,0.07862703498875545,-3.920663373883001,39764913.0583948,-0.2824102954852581,-0.282809825747421,89.6823434730738
187,2023-07-07,39780392.0,40992120.0,39281160.0,39167624.0,27669663761707,9127633879049406.0,318735833544987,0.014589801062555533,-1.8871767964100454e+17,2576599.7975973147,719332.6120897272,31298033945255.586,39981546.056063965,68.77251582007227,975.8334097247273,38763312.0,43138206.208370864,34388417.791629136,22.572344738606777,0.5462082030722474,0.0,0.0,40020274.53333333,41086342.13333333,38954206.93333334,5.327637615839233,0.10009546611615583,0.0,0.0,33432678.0,41252112.0,37342395.0,20.172254630873645,0.7334221377148269,1145359.6047851879,1.5012330078865372,1177989.8161247373,1245035.5923551852,-67045.77623044793,39925819.666666664,37421254.384615384,39480103.93424995,38302114.118125215,1.0415061176193505,0.8890819277096043,0.15242418990974627,0.5197193020094023,25.092335934116385,1125292.0,149.6464217711476,131.90620595047878,17.740215820668823,40128520.0,36492804.0,38310662.0,36492804.0,49.99990723962537,41.734737365064404,34.22314564787003,13.491547155332492,40.57067306273035,34775713.0,36499168.0,76.0,12.0,64.0,38745859.607954286,34467247.68586858,0.0,0.0,56.74502478835962,0.0,0.0,0.2577148634441762,29.179479638518053,43.24138720388093,13.188147708853569,43.67316980384013,-86.81185229114644,3424871.694117643,-2.037895451261284,3.0755216604800735,3.291842011776678,-0.21632035129660432,-0.10575045137433689,0.04175153771613699,-0.14750198909047388,39757787.2411921,-1.5630137970934044,-1.5753576507787415,86.71758227393956
188,2023-07-08,39165872.0,39460672.0,38958396.0,39404284.0,17382265609333,9141113305609376.0,336118099154320,0.04160306843932368,4.259115573226743e+17,-2678955.112767194,-16548.27772550511,31403061683958.977,39927573.30708105,60.76552598405764,981.7296247911671,39040421.8,42796791.011184424,35284052.58881557,19.243486816960708,0.5484326991761911,0.0,0.0,39960770.666666664,41004407.86666667,38917133.46666666,5.223308672925843,0.23339074792146994,0.0,0.0,33626340.0,41252112.0,37439226.0,19.533016418383063,0.7576864348947228,1081051.244306669,1.726943721065376,1084682.9973833114,1212965.0733608105,-128282.07597749913,39885459.666666664,37652077.15384615,39468439.32898073,38383756.33159742,1.0029246687682483,1.1176939988600276,-0.11476933009177936,0.5099007701661351,25.190197302753326,422842.200000003,146.06319933068193,138.54913525966646,7.5140640710154685,40105254.0,36492804.0,38299029.0,36492804.0,24.999953619812686,41.410135522057,33.1018311647998,15.154974709729274,12.718504641276507,34775713.0,36499168.0,72.0,8.0,64.0,38745859.607954286,41252112.0,0.0,1.0,58.182187640623376,0.09587757910989182,0.031959193036630605,0.09508571397101866,27.511261319339518,43.63001779521523,19.439547005819378,26.103754813760236,-80.56045299418062,3122598.270588234,-1.2141813737076383,2.8258906919185574,3.198651747805054,-0.37276105588649644,-1.2937804252682636,-0.22535485488074314,-1.0684255703875205,39751858.77172727,0.6042235291065845,0.6024054186990924,87.84577383901765
189,2023-07-09,39410332.0,39437368.0,39063900.0,39339712.0,9752129741694,9145765378681932.0,326365969412626,0.08014131507721171,2.751078317507687e+17,157396.74518864328,2986.298864538951,31387080819500.668,39900820.16773386,65.85545670850163,980.1208594769181,39325601.2,42147236.97956885,36503965.42043116,14.350121516102051,0.502500464465005,0.0,0.0,39942472.66666667,40955041.46666666,38929903.86666667,5.070135784783397,0.20236063630112544,0.0,0.0,33684272.0,41252112.0,37468192.0,19.244054176087204,0.7472990972324997,1010292.9198760021,1.9417285999135898,994067.2619319558,1169185.5110750396,-175118.2491430838,39875163.666666664,37885031.461538464,39448635.12452216,38454567.8625902,0.9525533145733734,1.0596860431724824,-0.10713272859910894,0.4945424657771253,25.163646201798393,495334.799999997,140.33938540058483,142.2961405746701,-1.9567551740852593,40105254.0,36492804.0,38299029.0,36492804.0,12.499976809906343,41.108719524978696,32.25556341539103,14.767528883058887,-0.1461106594421586,34775713.0,36499168.0,68.0,4.0,64.0,38745859.607954286,41206237.68,0.0,0.0,57.619658972339494,0.061192249916039464,0.052356609675310424,0.028105267570646898,25.96618329863417,43.42675717525272,16.624377211476922,16.41735730871662,-83.37562278852307,2762675.529411763,-0.313081046717271,2.5850433828409116,3.075930074812226,-0.4908866919713142,-5.429572243218213,-1.2661983325482373,-4.163373910669976,39749620.9119223,-0.16387050707481476,-0.16400492165438152,87.53795001690905
190,2023-07-10,39338504.0,39506272.0,39052952.0,39173472.0,10261456473988,9140960159454238.0,316104512938638,0.044299806243112055,-7888219104450400.0,128016.00818850155,-61858.38367071926,31343718414502.996,39863983.51021349,61.061900314240866,980.1208594769181,39560989.2,41299069.31374915,37822909.08625086,8.786838493660044,0.3885214792648124,0.0,0.0,39856376.13333333,40785141.733333334,38927610.53333333,4.660562199096877,0.13235926624902358,0.0,0.0,34362176.0,41252112.0,37807144.0,17.415985139218915,0.6983077926993807,954595.627888402,2.1786907365112578,898482.3152172863,1115044.871903489,-216562.55668620276,39821208.333333336,38127721.84615385,39406302.336134136,38507820.02091685,0.9457916416706794,1.08085629007964,-0.13506464840896049,0.4743218760677183,24.974118313500657,-168013.20000000298,131.8330379112851,143.4855499842695,-11.652512072984422,39975258.0,36492804.0,38234031.0,36492804.0,6.2499884049531715,40.87677927122393,31.704013006143,14.289973907057671,-29.672540166870384,34616892.0,36401464.0,64.0,0.0,64.0,38745859.607954286,41161280.8464,0.0,0.0,56.11543359160166,0.0,0.052356609675310424,0.04555747079575037,24.248865545899438,41.13259957583407,9.376749344731431,15.146891187342577,-90.62325065526856,2425551.2529411763,-1.6259386770818243,2.333246376266547,2.92739333510309,-0.5941469588365429,-8.661229353465913,-2.7452045367317726,-5.91602481673414,39694996.703900404,-0.4225755389363317,-0.4234709126773595,86.74546051391494
191,2023-07-11,39175020.0,40330312.0,39058784.0,39534708.0,19274670093906,9136114236646702.0,335379183032544,-0.031171540112106204,9.879107730593608e+17,2737285.461372489,311942.5866415202,31521458716053.04,39874825.03192477,69.07465258229891,980.1208594769181,39712457.0,40742945.67279209,38681968.32720791,5.189750273029403,0.4137549957155802,0.0,0.0,39808027.33333333,40639227.333333336,38976827.33333333,4.176042148684905,0.33558750401026777,0.0,0.0,36405516.0,41252112.0,38828814.0,12.204220957670788,0.6456473780773144,986288.8650995617,2.2623294701515766,842171.2565067261,1060470.1488241365,-218298.89231741033,39833019.333333336,38416849.84615385,39426057.05365196,38583885.79714523,0.990939401942307,0.9724856847892633,0.01845371715304367,0.45273394236659503,24.905231190475572,578767.0,123.75182235917492,142.6576149805545,-18.90579262137959,39975258.0,36510657.0,38242957.5,36492804.0,3.1249942024765858,41.198401276702036,34.649873624726695,13.01830055421202,-13.080367860751755,34147417.0,35946814.0,60.0,0.0,60.0,38745859.607954286,41117223.149472,0.0,0.0,58.64206150362694,0.179870618204634,0.08035428937355782,0.06168916957472611,23.381933204109938,38.05284056931855,25.12569123640416,17.042272597537504,-74.87430876359585,2261352.511764705,0.3597900295727847,2.182702024711667,2.7784550730248054,-0.5957530483131386,-7.091177695055709,-3.6143991683965604,-3.4767785266591487,39689610.12696634,0.9221444553089375,0.9179186620730917,88.46752342358516
192,2023-07-12,39538816.0,39827044.0,39295500.0,39557980.0,15698474926705,9135919786593804.0,351077657959249,-0.07754729765164449,8.989713638357777e+17,-451267.13565971376,201270.38842069308,31530699581281.996,39855518.579868786,62.13014090763556,980.6978049963271,39755502.2,40679119.14519657,38831885.254803434,4.64648611681514,0.3930713641476309,0.0,0.0,39746684.66666667,40589914.666666664,38903454.666666664,4.243020554150369,0.38810605252027075,0.0,0.0,38559424.0,41252112.0,39905768.0,6.773120325467803,0.37083984479449533,940814.3785896056,2.3732063409337716,790311.9682690352,1006438.5127131164,-216126.54444408114,39771915.666666664,38688633.23076923,39446352.89155166,38656040.92328262,0.982016544631995,1.0329101763997455,-0.050893631767750525,0.43040370105900405,24.685195153934487,361725.799999997,115.76008280350725,139.99012183044718,-24.230039026939934,39975258.0,36730815.0,38353036.5,36492804.0,1.5624971012382929,41.497050281788844,33.31517205498461,12.516839960927731,-44.177039953665556,34143921.0,35946814.0,56.00000000000001,0.0,56.00000000000001,38745859.607954286,41074046.60648256,0.0,0.0,58.80660639992077,0.19158456788354172,0.12381839536272522,0.08550976480386437,22.691662805788134,40.635793403955816,26.14028938194615,20.214243321027244,-73.85971061805385,2007284.6176470593,-1.819860324918399,2.044472091276757,2.6316584766751956,-0.5871863853984385,-7.402785352622944,-4.372076405241837,-3.0307089473811066,39683511.08092186,0.058864732224650496,0.05884741373698432,88.5784643265789
193,2023-07-13,39559656.0,39860944.0,38564576.0,38750108.0,18877586280494,9122445598635072.0,332200071678755,-0.09520400873533551,-1.4081207429400832e+18,-2393313.412545966,131568.19351876693,31145172479453.355,39825241.07123865,62.22751245009017,980.6978049963271,39750900.4,40693398.36518537,38808402.434814624,4.7420207124937175,-0.030925496376620253,0.0,1.0,39631198.93333333,40537978.53333333,38724419.33333333,4.576089668775173,0.014164779769346152,0.0,0.0,38564576.0,41252112.0,39908344.0,6.760943709340481,0.06903423805299724,976369.7407306449,2.6484523428838487,676229.4379600808,940396.6977625092,-264167.2598024284,39657989.0,38885634.76923077,39339238.2928514,38663008.85489132,0.9567333954846339,0.9985088951612054,-0.04177549967657157,0.40348620398538937,24.642323663347458,514843.6000000015,106.72980039514721,135.50242432447737,-28.772623929330166,39778348.0,37342395.0,38560371.5,36492804.0,0.7812485506191464,40.62499101288802,30.254311429641266,16.547031041650133,-146.4437592512482,33965552.0,35946814.0,52.0,0.0,52.0,38745859.607954286,41031733.59435291,0.0,0.0,51.1924013731612,0.0,0.12381839536272522,0.10933036003300263,19.933607865705742,35.46714871743949,6.903423805299725,19.389801474550012,-93.09657619470028,1870265.9352941215,-3.4078127232519657,1.7490346923026139,2.455133719800679,-0.7060990274980652,-6.119923161287563,-4.721645756450982,-1.3982774048365805,39584821.26011013,-2.042247859976676,-2.063390088011019,84.72722467449248
194,2023-07-14,38744808.0,40294220.0,38535336.0,39885820.0,30014526281080,9138521817974712.0,362214597959835,-0.06487590725581006,3.6627333162996326e+18,1183847.5296409524,-55517.103746081855,32024856677281.6,39777626.529771656,63.994572004514644,980.6978049963271,39736917.2,40662544.03748077,38811290.362519234,4.6587752785249705,0.5804334932667132,0.0,0.0,39531541.199999996,40516221.2,38546861.2,4.981743540016599,0.6798953974895382,0.0,0.0,38535336.0,41252112.0,39893724.0,6.8369068147037835,0.4970906692344161,1054621.1666575805,2.7024301686207512,669740.328026168,886265.4238152411,-216525.09578907304,39626328.666666664,39117316.76923077,39423327.78625888,38753587.45823271,0.9412432365944247,1.0257062430457276,-0.08446300645130289,0.3798332287928259,24.840620035095,569218.799999997,98.86233131281081,129.56315332113843,-30.70082200832762,39763728.0,37439226.0,38601477.0,36492804.0,0.3906242753095732,40.148553665377634,29.58906611865552,14.588598385512984,-39.75748075829671,33905746.0,35907052.0,48.0,0.0,48.0,38745859.607954286,40933047.29057879,0.0,0.0,59.19178291335858,0.42168699669531473,0.2044238548596188,0.15068688186168963,19.707682010294292,49.399541770312275,49.70906692344161,27.58426003689583,-50.29093307655839,1753605.6176470593,-0.9435414877718391,1.7282021406353445,2.3097474039676125,-0.581545263332268,-0.2600466910057597,-3.829325943361938,3.5692792523561785,39594388.41395327,2.930861508824689,2.888732936694538,90.14132379879729
195,2023-07-15,39884136.0,39901348.0,38029412.0,38503944.0,26551721383049,9125431712214570.0,335662876576786,-0.09844815094544414,-2.1021123771606313e+18,-3168322.996433152,-335587.7797917846,31104951143487.332,39629256.06636277,52.46436475397339,946.7207484890996,39662993.2,40724556.140091196,38601430.25990881,5.352913910144293,-0.045916382452290475,0.0,1.0,39399913.733333334,40472606.13333333,38327221.33333333,5.445151008503235,0.0823734122972584,0.0,0.0,38029412.0,41252112.0,39640762.0,8.125206243889831,0.14724671859000218,1136352.6499918224,3.0622098243696745,546788.776618965,818370.0943759859,-271581.31775702094,39476146.0,39304540.615384616,39281884.12683444,38735095.35021547,0.9291601927914943,1.0980894842772337,-0.16892929148573943,0.35146028807576457,25.112706651254783,1041338.799999997,88.6819307587424,122.40755689367577,-33.72562613493338,39510766.0,37468192.0,38489479.0,36492804.0,0.1953121376547866,38.97294301791935,26.05468865008393,16.074323688688953,-163.07545623620365,33821838.0,35907052.0,44.0,0.0,44.0,38745859.607954286,40789184.61314406,0.0,0.0,48.7271197265858,0.0,0.1405623322317716,0.15626819415137175,15.945357096797027,42.94074188954594,16.016833248501033,24.209774659080793,-83.98316675149897,1530037.7470588237,-4.471259661308144,1.4116107671229041,2.1301200765986708,-0.7185093094757666,2.6319695371230662,-2.5370668472649376,5.169036384388004,39533692.61752581,-3.4645796425897712,-3.5260194653790933,83.55372620231346
196,2023-07-16,38501040.0,38597508.0,38414324.0,38455376.0,10169450232534,9119820261271778.0,325493426344252,-0.08979981527313176,-1.8723691602653573e+18,-827640.1521365979,-394461.79718132975,31092123630054.066,39557508.210436426,48.119119674484025,945.5265764501879,39591331.8,40769407.4616224,38413256.13837759,5.951179756081886,0.01787655198835108,0.0,0.0,39274505.86666667,40269852.666666664,38279159.06666666,5.068666189609675,0.08852036965072735,0.0,0.0,38029412.0,41252112.0,39640762.0,8.139913090774078,0.13217612560896144,1041035.7849926401,3.3996067287980907,440353.63205070794,742766.8019109303,-302413.1698602224,39288733.0,39457989.23076923,39154729.03039837,38714375.39834766,0.8886789844721927,1.128161119164667,-0.23948213469247426,0.3202772238744909,24.959379555137794,310896.200000003,79.76140319489274,114.64255482964745,-34.881151634754715,39179862.0,37807144.0,38493503.0,36492804.0,0.0976560688273933,37.88130455956523,25.73078493342106,15.874492738661782,-188.57208077181542,33931098.0,35907052.0,40.0,0.0,40.0,38745859.607954286,40568402.804092534,0.0,0.0,48.40322493793189,0.0,0.1405623322317716,0.1618495064410539,12.90984907480818,41.25260561201999,14.377522185784088,26.701140785908915,-85.62247781421591,1142065.0529411808,-5.5251023404585045,1.1374421710791758,1.9315844954947718,-0.7941423244155961,-1.7490286743622254,-2.379459212684395,0.6304305383221698,39476535.59539888,-0.12613772760525777,-0.12621734819830976,83.32219570314709
197,2023-07-17,38457492.0,38635308.0,38193720.0,38396472.0,10810426070191,9118936896202264.0,314683000274061,-0.08102243124567052,-1.6958560426900966e+18,-373362.03137539123,-434579.3283453379,31075564766158.457,39471204.95043502,43.14900122226547,945.5265764501879,39537992.2,40825912.822106145,38250071.57789386,6.514850908924719,0.05683596473000413,0.0,0.0,39133992.4,40002402.0,38265582.8,4.438134454178519,0.07536144234241696,0.0,0.0,38029412.0,41252112.0,39640762.0,8.150894419975124,0.11389828404753778,981091.0064933762,3.7220324318052174,347247.1041747108,663662.8623636864,-316415.7581889756,39163253.333333336,39530724.615384616,39038074.10264477,38690826.99847006,0.8766923248050721,1.1397662516471037,-0.26307392684203157,0.2876772877337526,24.458167024609985,251547.79999999702,72.67522780965041,106.48833577175509,-33.81310796210468,39179862.0,38828814.0,39004338.0,36492804.0,0.04882803441369665,36.53804049339585,24.926328074587,16.940060130411702,-169.0228034920544,34419846.0,35907052.0,36.0,0.0,36.0,38745859.607954286,40365283.539765134,0.0,0.0,47.98661218432114,0.0,0.0,0.09370822148784762,10.35651245247346,41.63107292194535,12.389341102801897,14.261232179029006,-87.6106588971981,763521.0705882385,-3.7736138443196703,0.8974920701189506,1.7247660104196076,-0.827273940300657,-5.140132427851535,-2.931593855717823,-2.208538572133712,39444253.462858185,-0.15317494230195905,-0.1532923750502846,83.04139203565211
198,2023-07-18,38397096.0,38376928.0,37554852.0,38157452.0,16758856483480,9126747269125664.0,297924143790581,-0.048763003548688795,-2.0258340189745672e+18,-2200645.5141348494,-708709.5349422637,30971240028284.586,39284099.15591047,35.544917380733224,945.5265764501879,39454818.0,40867699.64707284,38041936.35292716,7.16202339127676,0.04087944921365438,0.0,0.0,39009521.733333334,39909911.33333333,38109132.13333334,4.616255519126851,0.026832754768968917,0.0,0.0,37554852.0,41252112.0,39403482.0,9.37087075145043,0.16298556228125693,967143.9058440386,3.901183260813263,251276.0398368314,581185.4978583155,-329909.4580214841,39027246.0,39509969.84615385,38902593.77916096,38651317.73932413,0.8122778936996289,1.1967258869235096,-0.3844479932238807,0.25378270797935876,24.166921904157345,-287194.0,64.79750275516018,98.09479325559678,-33.2972905004366,38942582.0,39403482.0,39173032.0,36492804.0,0.024414017206848326,34.40426710661256,23.42325388445971,20.49594565295057,-182.8426031968365,35718434.0,35718434.0,32.0,100.0,-68.0,38745859.607954286,40178413.816583924,0.0,0.0,46.247140800727024,0.0,0.0,0.04685411074392375,7.719776909124845,43.96959623292992,17.531365025945025,14.76607610484367,-82.46863497405498,371010.0117647052,-4.101801629272417,0.6501098915475819,1.5098347866452027,-0.8597248950976207,-5.180714262806257,-3.3814179371355104,-1.7992963256707464,39370359.215445645,-0.62250510932359,-0.6244507510611896,81.90195001805316
199,2023-07-19,38158948.0,38142956.0,37357752.0,37777212.0,16624515325755,9127884556334132.0,281299628464826,-0.029628468491984698,-2.639472831616069e+18,-1018013.0128774988,-670635.6744411843,30805576301380.99,39124167.69006204,35.687947712219355,936.1043795637339,39374029.8,40965329.61689583,37782729.98310416,8.082991885660814,-0.0017337974420577463,0.0,1.0,38857419.733333334,39798982.93333333,37915856.53333333,4.84624664458763,-0.07362465596219747,0.0,1.0,37357752.0,41252112.0,39304932.0,9.890681801637689,0.10770961082180384,950399.5152596347,4.115600719876121,142888.9547876492,493526.18924418226,-350637.23445653304,38911378.333333336,39469010.92307692,38729458.12082851,38586569.16604086,0.8136666652299974,1.1969950625782344,-0.383328397348237,0.21807523510563115,23.817549663214404,30254.20000000298,56.32553587722613,89.70507080736802,-33.37953493014189,38844032.0,39304932.0,39074482.0,36492804.0,0.012207008603424163,32.16790994137341,22.0619303524294,20.7371835907352,-175.17600309878077,35718434.0,35718434.0,28.000000000000004,100.0,-72.0,38745859.607954286,39916057.63492553,0.0,0.0,43.543032316847984,0.0,0.0,0.0,4.674347118601619,44.520568921341045,11.541483966400762,13.820730031715895,-88.45851603359924,-117585.28823529929,-3.549901316454631,0.3703074874907574,1.2819293268143137,-0.9116218393235562,-5.220280872978676,-3.7491905243041437,-1.4710903486745321,39255145.77663558,-0.9965025966618524,-1.001500917105247,80.08929236274471
200,2023-07-20,37784148.0,38202352.0,37779768.0,37873720.0,15355902733817,9119356729313772.0,296655531198643,-0.074604178011811,-2.050695646951601e+18,662406.542078402,-404711.94884743314,30844805439334.188,39009670.820268296,42.01970870043394,938.4958096529352,39253154.6,40913193.36775365,37593115.832246356,8.458116473286688,0.08451735381257273,0.0,0.0,38728191.2,39666680.8,37789701.6,4.84654496334958,0.044762563165323684,0.0,0.0,37357752.0,41252112.0,39304932.0,9.921138924207636,0.13249108967840673,897873.5637336712,4.288956125058639,64040.57812760025,407629.0670208659,-343588.48889326566,38783831.333333336,39380866.15384615,38597806.102239504,38533765.524111904,0.8797529931350246,1.1572299871059026,-0.277476993970878,0.1827929264094484,23.576532270408944,86557.39999999851,49.02467429806145,81.40205435613318,-32.37738005807173,38825986.0,39304932.0,39065459.0,36492804.0,0.006103504301712082,30.165666273346456,21.801380643625006,20.069396536372714,-135.07751146988346,36449040.5,36440114.0,24.0,96.0,-72.0,38745859.607954286,39609060.95873447,0.0,0.0,44.43113050070442,0.056752018532039615,0.01891733951067987,0.00630577983689318,2.4001882708496,46.333670644427414,14.196911264902178,14.423253419082656,-85.80308873509782,-481862.0235294178,-3.8842578639419005,0.16619340792824375,1.0587821430370996,-0.8925887351088558,-5.7830398190773025,-4.155960383258776,-1.6270794358185263,39177445.38736792,0.2554661789228918,0.25514041876668614,80.5493595965931
201,2023-07-21,37875400.0,38335224.0,37851052.0,38095764.0,18739964161385,9119560008916424.0,315395495360028,-0.07647469037554262,-1.1632967542084337e+18,263732.1447916115,-569916.7811906977,30954673089046.19,38842893.51768722,39.570037255692135,938.4958096529352,39152081.4,40835367.34584766,37468795.45415234,8.59870477204137,0.186233523601344,0.0,0.0,38573465.733333334,39433219.733333334,37713711.733333334,4.4577482663531685,0.22218696665945473,0.0,0.0,37357752.0,40992120.0,39174936.0,9.282694227336789,0.20306474193037138,856503.4073603041,4.337715716115241,19247.888970836997,329952.8314108601,-310704.9424400231,38680169.0,39308302.307692304,38520568.85574112,38501320.966770284,0.8694490867958709,1.233232170818911,-0.36378308402304005,0.1501038726396525,23.383961179124235,21390.60000000149,40.294179312321305,73.01695396822362,-32.72277465590231,38825986.0,39304932.0,39065459.0,36492804.0,0.003051752150856041,28.479218461222782,22.015735250689897,19.30687419086527,-105.60822293674485,36559119.5,36440114.0,20.0,92.0,-72.0,38745859.607954286,39338903.883686334,0.0,0.0,46.515763666095296,0.1899660507024874,0.08223935641150901,0.033718898640729515,1.0305608557505628,43.2650151607546,24.827488763893747,16.85529466506556,-75.17251123610625,-713783.2411764711,-3.162066870240433,0.049992801513094744,0.8570242747322987,-0.807031473219204,-4.606184511613972,-4.246005208929816,-0.36017930268415643,39103360.29333147,0.586274598851122,0.5845626970298667,81.60787463029631
202,2023-07-22,38112508.0,38680456.0,37992520.0,38482084.0,14118140019010,9125535985502060.0,329513635379038,-0.08198205008341347,-2.179515247295227e+17,1185773.9431297916,-293864.7057694844,31097841758721.484,38782956.63054558,46.18328443483307,948.0128704260208,39062898.4,40688742.049126774,37437054.75087322,8.324234584327597,0.32138061051813066,0.0,0.0,38455950.266666666,39331343.46666667,37580557.06666666,4.552706116633334,0.5149268542029651,0.0,0.0,37357752.0,40992120.0,39174936.0,9.303887189282403,0.3093610773592548,839646.6666242738,4.355670264170752,14752.10243525356,266912.68561573885,-252160.5831804853,38622553.333333336,39254205.384615384,38514648.10870403,38499896.00626878,0.9122208457365897,1.0651133744317618,-0.15289252869517211,0.12223028731240336,23.26751302289052,471809.6000000015,34.81576008837934,65.02650504524942,-30.21074495687008,38825986.0,39304932.0,39065459.0,36492804.0,0.0015258760754280204,27.353404902841046,23.563359539326758,18.246103653533368,-68.96613786920517,36864909.5,36440114.0,16.0,88.0,-72.0,38745859.607954286,39101165.657643974,0.0,0.0,50.02825627365437,0.4144243923379085,0.22038082052414518,0.10717917214877791,0.8042683066065099,50.54711716848677,37.823694054956,25.616031361250645,-62.176305945044,-862443.5882352963,-1.7649392936117585,0.038317252682582674,0.6932828703223555,-0.6549656176397728,-5.76846940852125,-4.5504980488481035,-1.2179713596731467,39078334.14287445,1.0140760006808192,1.0089687485955068,83.44951650226864
203,2023-07-23,38482024.0,38588680.0,38167340.0,38305892.0,10130182213846,9122068152014150.0,319383453165192,-0.11016420278053929,-4.417951732855844e+17,172700.5409249982,-292771.5775026019,31051460251300.473,38743553.54672739,41.91893236394549,943.6723496874323,38962886.2,40514930.53014266,37410841.86985735,7.966783169890809,0.28834554295893855,0.0,0.0,38385493.06666667,39173383.46666666,37597602.66666667,4.105146695037172,0.4494846829795953,0.0,0.0,37357752.0,40992120.0,39174936.0,9.327768947465703,0.2608816718615176,797815.9999618464,4.392015805549275,-2993.5548497363925,212931.43752264383,-215924.99237238022,38520152.0,39209691.07692308,38482531.78428803,38485525.33913776,0.9186314227267257,1.0708121371507098,-0.15218071442398406,0.09763617385946773,23.176406269517102,595093.799999997,29.471462173876972,57.31640847425677,-27.844946300379796,38629550.0,39304932.0,38967241.0,36492804.0,0.0007629380377140102,26.308006598629436,22.739304907673745,17.608003377542556,-64.23024242759182,36913325.0,36440114.0,12.0,84.0,-72.0,38745859.607954286,38891956.0187267,0.0,0.0,48.46496048116179,0.3145253120342598,0.3063052516915519,0.20297514287573526,0.18980981686959603,49.653163835301775,31.896412519848212,31.51586511289932,-68.10358748015179,-913203.7058823556,-3.1081954620734775,-0.0077783915468398294,0.5530706179485164,-0.5608490094953562,-8.609989853200195,-5.362396409718523,-3.247593443481673,39065409.10420779,-0.4578546213869328,-0.45890598603364197,82.60958441305102
204,2023-07-24,38329448.0,39024920.0,38266936.0,38708272.0,11863099628496,9124019626143522.0,331246552793688,-0.13192471813926201,3.032432841143876e+17,1711842.2981477238,-179641.12821980027,31176074867467.465,38717810.47397894,46.70263272408667,943.6723496874323,38863083.2,40195538.83933392,37530627.560666084,6.857179254032622,0.441907559460144,0.0,0.0,38294984.8,38982785.2,37607184.4,3.5921173678074014,0.8004412326599388,0.0,0.0,37357752.0,40992120.0,39174936.0,9.351723282727088,0.3715969323964992,793832.7999656617,4.347649046754932,15235.956449486315,173392.3413080123,-158156.384858526,38449343.0,39166896.307692304,38517261.04824372,38502025.09179423,0.9301267892326495,1.0377778706462388,-0.10765108141358937,0.07814257571033621,23.181305925330626,-112975.20000000298,22.722872378382498,49.987624209772335,-27.264751831389837,38191336.0,39304932.0,38748134.0,36492804.0,0.0003814690188570051,25.88671032984673,24.948356376100072,16.49070287925236,-26.58497600450892,36927808.0,36440114.0,8.0,80.0,-72.0,37357752.0,38891956.0187267,1.0,0.0,52.142919442593104,0.5495574277771893,0.42616904404978584,0.3176183720884942,0.6695510131194135,51.18405775873909,45.43289286002638,38.38433314494353,-54.56710713997362,-866118.2588235289,-2.148006546340334,0.03957183138591193,0.4503708606359956,-0.41079902925008366,-10.021814442223588,-6.2942800162195365,-3.727534426004052,39038684.25033433,1.0504389246437595,1.0449601490339688,84.52778656785591
205,2023-07-25,38704568.0,38698132.0,37036156.0,37372128.0,19720194585534,9112272390512018.0,311526358208154,-0.13193173852956405,-3.504222852801059e+18,-6563425.688169756,-843977.6389013892,30495367144986.5,38557133.85534143,38.39140988115139,943.6723496874323,38736578.2,40129434.642459445,37343721.75754056,7.191427364946971,0.010197117805364172,0.0,0.0,38184041.86666667,38850846.266666666,37517237.46666667,3.4925815466491796,-0.10880961993252368,0.0,1.0,37036156.0,40992120.0,39014138.0,10.212476640489633,0.08492797204423498,881661.1199690957,4.598834584467977,-77242.27779128402,123265.41748815306,-200507.6952794371,38334511.333333336,39089171.384615384,38341086.7331293,38418329.010920584,0.8300109286457351,1.1302371903851576,-0.30022626173942246,0.05596453166991387,23.35385377597613,1149241.799999997,16.243919191450534,42.930125987167656,-26.686206795717123,38030538.0,39144134.0,38587336.0,36492804.0,0.00019073450942850255,24.396373822837994,21.680125562698624,23.97281593391831,-119.51249833818385,37097284.0,36440114.0,4.0,100.0,-96.0,37357752.0,39024920.0,0.0,1.0,41.541033538623,0.0,0.2880275799371497,0.34016729189282907,-2.228221453594864,42.33824131188543,10.312013514774419,29.213772964883006,-89.68798648522558,-961306.3411764726,-3.5560675082505577,-0.20105579753176553,0.32008552900244336,-0.5211413265342089,-7.053905646024461,-6.4462051421805215,-0.6077005038439394,38918824.903741576,-3.451830657798416,-3.512813801624759,78.15819985894983
206,2023-07-26,37374760.0,37479000.0,37248536.0,37250884.0,13085203902476,9099453814445238.0,298441154305678,-0.17882058519682872,-3.230262796965451e+18,-886574.2355153398,-875071.003176791,30452915656488.125,38420315.50558314,38.96058184203889,940.6108539554925,38609645.4,40057165.02583182,37162125.77416818,7.498228024812785,0.03065872968071727,0.0,0.0,38067748.93333333,38739281.33333333,37396216.53333334,3.5280909369031783,-0.1082096212582892,0.0,1.0,37036156.0,40992120.0,39014138.0,10.246051107218923,0.054279563716960015,816541.4079721861,4.868266547830116,-158488.36697945,66914.66059463246,-225403.02757408243,38114933.333333336,38972235.23076923,38173363.23572479,38331851.60270424,0.8236502849626766,1.193836275499409,-0.3701859905367324,0.0322241641047136,23.211196079981804,-105701.39999999851,8.33556982483733,35.781275099966194,-27.445705275128866,38030538.0,39144134.0,38587336.0,36492804.0,9.536725471425127e-05,23.01248992347274,21.266611340077354,23.51557225623349,-144.2536925617843,37608119.0,36440114.0,0.0,96.0,-96.0,37357752.0,39024920.0,0.0,0.0,40.73172840453673,0.0,0.1831858092590631,0.2991274777486661,-4.802837092961323,39.74189216816958,6.590662430203949,20.778522935001586,-93.40933756979605,-1086866.3411764726,-6.606197390451042,-0.41346389582774273,0.17337564403640615,-0.5868395398641488,-7.979134324519407,-6.752790978648299,-1.2263433458711077,38791168.50035589,-0.32442359182758285,-0.3249509861323219,77.58021262783208
207,2023-07-27,37248808.0,37790572.0,37310116.0,37440652.0,17215388597369,9091592988871106.0,315656542903047,-0.11178792099284075,-2.3020924169210266e+18,520705.9843522776,-666926.7605412023,30540616390337.703,38300680.44836973,46.65776754928361,940.6108539554925,38523296.8,40032114.162876494,37014479.4371235,7.833272270074752,0.1412273524159412,0.0,0.0,37978276.93333333,38653696.13333333,37302857.733333334,3.556871214487287,0.10200647736003494,0.0,0.0,37036156.0,40330312.0,38683234.0,8.551074995222113,0.12279199892172683,788856.0671749675,4.973734550518459,-205198.38709007204,12492.051057691555,-217690.4381477636,38026325.666666664,38869290.0,38060638.430228665,38265836.81731874,0.8776125987697458,1.1767225465267668,-0.29910994775702093,0.009354954312918363,23.161362802560795,-67920.79999999702,1.3491519578806899,28.73145834471292,-27.38230638683223,38030538.0,39014138.0,38522338.0,36492804.0,4.768362735712564e-05,21.448039355918592,22.94012506172519,22.43636346399289,-113.8466514442208,38199286.0,36492804.0,20.0,92.0,-72.0,37357752.0,38985144.72,0.0,0.0,42.61612486053347,0.10207967994331786,0.03402655998110595,0.16841331639243948,-6.372693258860964,41.18702131949099,12.41522572914467,9.772633891374348,-87.58477427085533,-1202899.200000003,-2.7615145087474673,-0.5362443478492055,0.031451645659283836,-0.5676959935084893,-6.542154383037184,-6.710663659526077,0.16850927648889247,38721793.03232525,0.5094322056893974,0.5081389900070121,78.48486342188995
208,2023-07-28,37439156.0,37843156.0,37323136.0,37512908.0,13832034543769,9087856461651826.0,329488577446816,-0.16702583848783978,-1.830443859075941e+18,123320.22441112311,-742678.7109147615,30567310569915.414,38075535.202745266,42.303208204925504,942.4261208975161,38428728.0,39941905.52392247,36915550.47607753,7.875241272219435,0.19738514301150778,0.0,0.0,37931275.86666666,38576489.46666667,37286062.266666666,3.4020136958641243,0.1757911901836336,0.0,0.0,37036156.0,40330312.0,38683234.0,8.572118234046155,0.1447266006831492,761972.4604574707,5.013022127350258,-233692.10213867575,-36744.77958158191,-196947.32255709384,37947786.666666664,38763411.692307696,37976372.210193485,38210064.31233216,0.8665401490833955,1.2374326812250984,-0.3708925321417029,-0.011608240917114147,23.14907439454412,-32256.0,-4.188468123727998,22.007680122384684,-26.19614824611268,38030538.0,39014138.0,38522338.0,36492804.0,2.384181367856282e-05,20.069509562931813,22.3569848057188,21.416458853861496,-99.68817628728475,38272169.0,36492804.0,16.0,88.0,-72.0,37357752.0,38946164.945599996,0.0,0.0,43.35462417710073,0.22985293680708974,0.1106442055834692,0.10928552494121264,-7.4532826046549925,38.40306506435393,16.639443360165743,11.881777173171455,-83.36055663983426,-1290822.058823526,-2.450809478497883,-0.6115982957486216,-0.09715834262229725,-0.5144399531263243,-7.049861564126999,-6.778503240446262,-0.27135832368073753,38682956.40802386,0.19298809219454593,0.1928021094204979,78.82931795466392
209,2023-07-29,37514804.0,37676116.0,37334184.0,37334540.0,14285381633819,9073600826259140.0,315203195812997,-0.22315217755756608,-1.9329597293880963e+18,-186689.64509049887,-529704.900104572,30499385818486.89,37934922.03680077,45.02935955891828,942.4261208975161,38328469.4,39852598.71788149,36804340.082118504,7.952988166448904,0.1739353451380563,0.0,0.0,37900173.2,38501059.6,37299286.8,3.1708899947718563,0.029334330083026383,0.0,0.0,37036156.0,40330312.0,38683234.0,8.594540954980062,0.0905798025351562,719968.4144117236,4.893128773491217,-267581.86632617563,-82912.19693050066,-184669.66939567495,37859292.333333336,38649119.538461536,37877628.793240644,38145210.65956682,0.9040125632511485,1.2538988202064387,-0.3498862569552902,-0.03128544132002552,23.076265648374456,-171017.3999999985,-11.139733969844043,15.322745870395185,-26.462479840239226,38030538.0,39014138.0,38522338.0,36492804.0,1.192090683928141e-05,18.789446183729805,21.65977200546442,20.748576785738695,-102.55470396674889,38310662.0,36492804.0,12.0,84.0,-72.0,37357752.0,38907964.766688,0.0,0.0,41.92041177068804,0.10416821190593034,0.14536694288544597,0.09667923615000691,-8.76189415309442,34.03262066005279,15.003489604598634,14.686052897969683,-84.99651039540136,-1446440.83529412,-2.765702015539344,-0.7014822089049496,-0.21802311587882772,-0.4834590930261219,-7.155133940799535,-6.853829380516917,-0.30130456028261854,38653298.329703875,-0.47548433195314654,-0.4766183548650105,77.9790125668508
210,2023-07-30,37334796.0,37433352.0,37264404.0,37382512.0,8253763870290,9076887128482468.0,323456959683287,-0.19936876610866455,-1.6002584022775752e+18,-319876.38937715767,-493436.0599074691,30509991267499.668,37883227.485828646,45.52099892561503,943.6370656653288,38238921.4,39764390.50887488,36713452.29112512,7.978619966382629,0.2192963806944445,0.0,0.0,37840987.46666667,38416510.266666666,37265464.666666664,3.041795886045345,0.10168783350836462,0.0,0.0,37036156.0,40330312.0,38683234.0,8.614667672085542,0.1051425615544619,664866.3729705513,4.753959459859986,-287257.4836659357,-123781.25427758768,-163476.229388348,37794714.0,38521357.23076923,37801456.97889593,38088714.46256187,0.8492810448731304,1.1269930039046412,-0.2777119590315108,-0.0489635133551407,22.916572429723963,-461709.3999999985,-17.402598595375004,8.911992769540038,-26.314591364915042,38030538.0,39014138.0,38522338.0,36492804.0,5.960453419640705e-06,17.484773028093862,21.306217426240675,21.084082924490748,-101.0263048675556,38310662.0,36492804.0,8.0,80.0,-72.0,37357752.0,38870528.591354236,0.0,0.0,42.471620083561554,0.15247239952624364,0.16216451607975457,0.1393918881828898,-9.70843725602499,34.94505460702966,17.415641071539913,16.352858012101432,-82.58435892846009,-1467535.3882352933,-2.030900805431138,-0.7541800444546024,-0.3252545015939827,-0.4289255428606197,-10.409514802409479,-7.564966464895429,-2.84454833751405,38621198.319738574,0.12849227551752218,0.12840979483996762,78.20770185004157
211,2023-07-31,37382736.0,37492344.0,37003788.0,37278904.0,11051063171717,9078282230317628.0,312405896511570,-0.1846748241147478,-1.535218423822958e+18,-445679.3586887775,-498601.58328699664,30479362545890.61,37820630.85454386,45.541761607993635,943.6370656653288,38126131.2,39583760.64000868,36668501.759991325,7.646353795313369,0.20938183026992124,0.0,0.0,37757420.66666667,38333381.86666666,37181459.46666667,3.050850348516897,0.08459296679475294,0.0,0.0,37003788.0,40294220.0,38649004.0,8.630385240871226,0.08361090580203451,647235.3356734961,4.612799211564113,-307664.28946015984,-160557.86131410213,-147106.4281460577,37753188.333333336,38420460.15384615,37721064.21291194,38028728.5023721,0.845350908681257,1.1237522101251418,-0.27840130144388486,-0.06498492584577341,22.784487851552303,-252411.20000000298,-23.994939359020478,2.3774706087178368,-26.372409967738314,38014354.0,38997954.0,38506154.0,36492804.0,2.9802267098203523e-06,16.630130166984337,20.275543995756713,22.644640753308668,-103.97089123019883,38310662.0,36492804.0,4.0,100.0,-96.0,37357752.0,38833841.13952715,0.0,0.0,41.5543466053653,0.07208872396274293,0.10957644513163896,0.13903596803227972,-10.752784534317746,33.818994985727436,13.611975863031212,15.343702179723257,-86.38802413696878,-1422337.4941176474,-1.3190703432534936,-0.8090312286958761,-0.42200984701436145,-0.3870213816815146,-11.472912134608801,-8.346555598838105,-3.1263565357706966,38551604.93405163,-0.27715633449137966,-0.27754112380300455,77.71378791581267
212,2023-08-01,37282732.0,37623292.0,37242540.0,37364148.0,14900583991578,9072899811525696.0,327306480503148,-0.20175560757948957,-1.1344464515942392e+18,472343.95134969754,-307673.7643238148,30513435043885.133,37772315.474329144,53.43483034979039,943.6370656653288,38016439.6,39351595.050927706,36681284.1490723,7.024095180800175,0.25572447405027987,0.0,0.0,37659918.0,38205160.8,37114675.2,2.8956133149307286,0.2287722093716766,0.0,0.0,37003788.0,40294220.0,38649004.0,8.655287119522892,0.10951753447571626,620587.0021061465,4.557794267726392,-313346.29070109874,-191115.54719150148,-122230.74350959726,37710724.0,38327175.84615385,37666154.0263101,37979500.3170112,0.9496465855460989,1.084257258849505,-0.13461067330340604,-0.07866171959749325,22.535816628158177,79324.39999999851,-30.238894595083917,-4.257013476722262,-25.981881118361656,38014354.0,38997954.0,38506154.0,36492804.0,1.4901133549101762e-06,15.599054737925645,20.826310119788918,21.761136148292735,-81.22951400053347,38310662.0,36492804.0,0.0,96.0,-96.0,37357752.0,38760639.013946064,0.0,0.0,42.65177254569445,0.16825974911421268,0.1309402908677331,0.13422708402637543,-11.368295949173737,35.726731103736256,17.82961231626633,16.285743083612488,-82.17038768373367,-1373445.1529411748,-1.3454500904585025,-0.8250405826449209,-0.5026159941404733,-0.32242458850444755,-10.032150463375041,-8.683674571745494,-1.3484758916295476,38435548.80732564,0.2286655208532995,0.22840447911676165,78.12015807457848
213,2023-08-02,37365120.0,38263876.0,36981840.0,38263876.0,23560414270985,9096460225796680.0,350866894774133,-0.0819622325097366,2.0558979573770506e+18,1033566.2145461052,-161132.39093641448,31080769388326.89,37780705.12356708,63.0730240331381,943.6370656653288,37992128.0,39290152.24967371,36694103.75032629,6.8331221124213375,0.6046775513124314,0.0,0.0,37608174.0,38239486.4,36976861.6,3.357314822038414,1.019316585576334,1.0,0.0,36981840.0,40294220.0,38638030.0,8.718595599593684,0.3870437570568594,686731.9018955319,4.344114579998384,-242453.92938615382,-201383.22363043198,-41070.705755721836,37724733.333333336,38292416.307692304,37758111.25303163,38000565.18241778,0.9466925934796033,0.9770448670671547,-0.030352273587551326,-0.08546831722099546,22.641285809014967,489956.0,-33.143394077759375,-10.46437641629358,-22.679017661465792,37839986.0,38656076.0,38248031.0,36492804.0,50.000000745056674,15.36721812623844,24.43796315564784,19.06401494792264,-22.085373122629356,38310662.0,36492804.0,12.0,100.0,-88.0,37357752.0,38690364.973388225,0.0,0.0,52.73873576619401,1.0,0.41344949102565187,0.21798874234167454,-9.043357825496027,52.92574369653677,62.75016152084108,31.39724990004621,-37.24983847915892,-1310337.635294117,0.4412879080204298,-0.6380271667599648,-0.5296982286643717,-0.10832893809559319,-4.127148597926265,-7.772369376981649,3.645220779055384,38434661.87372018,2.407998169796355,2.379463069403087,82.40928822105272
214,2023-08-03,38300512.0,38672428.0,37643528.0,37784948.0,24902243875918,9078403497187420.0,325964650898215,-0.1927310741769662,5.842941275095014e+16,2210985.3663928234,-50519.61777109866,30769081626872.57,37797717.94245771,64.72352542182387,943.6370656653288,37887084.4,38852538.25878579,36921630.541214205,5.09648010172983,0.4471044633202612,0.0,0.0,37544866.53333334,38203270.53333333,36886462.53333334,3.5072917327616415,0.6823207837943468,0.0,0.0,36981840.0,39901348.0,38441594.0,7.705813329885052,0.2750833359593466,720948.7117059787,4.178516447536038,-222353.5559412688,-205577.29009259937,-16776.265848669427,37666638.666666664,38230134.15384615,37762239.98333445,37984593.53927572,0.9771665117130292,0.9400935763018216,0.0370729354112076,-0.08964228140847236,22.922679009431462,418807.6000000015,-38.06623437065254,-16.49883792319392,-21.567396447458616,37827134.0,38656076.0,38241605.0,36492804.0,49.998283513804196,15.709556272270307,25.915408262374022,17.219442899287145,18.834166283082872,38299029.0,36492804.0,8.0,96.0,-88.0,36981840.0,38690364.973388225,1.0,0.0,47.90821348241005,0.5976914031709875,0.5886503840950666,0.37768005532948373,-8.40870602070738,47.34336726120404,39.308690800164456,39.96282154575729,-60.691309199835544,-1125236.5647058785,-1.8115858798083806,-0.5853782684586509,-0.5408342366232276,-0.044544031835423326,0.8826093395225878,-6.041373633680802,6.92398297320339,38402419.43855342,-1.2516452854906768,-1.2595443464551437,80.1261709647368
215,2023-08-04,37797720.0,38231380.0,37743244.0,37860224.0,16582903490047,9069768657557714.0,342547554388262,-0.18433934163049712,2.284101599460684e+17,-502374.1386784365,-105241.49516181638,30802118449977.812,37783146.36236507,56.552966023254974,945.5170000708233,37854898.4,38777936.070984006,36931860.72901599,4.876714560058137,0.5028848226716056,0.0,0.0,37569147.6,38110167.6,37028127.6,2.8801292260354607,0.7690070607371248,0.0,0.0,36981840.0,39024920.0,38003380.0,5.397135077240097,0.4299312802239756,697667.4405353809,4.045263590438018,-198066.53337400407,-204075.13874888033,6008.605374876264,37629499.666666664,38173230.76923077,37777314.44743685,37975380.98081085,0.9803325811805513,1.0038264773763632,-0.02349389619581188,-0.0913160614833381,23.165451917630694,853373.6000000015,-39.32995881048687,-21.795007771563277,-17.534951038923595,37827134.0,38656076.0,38241605.0,36492804.0,37.496566468815885,16.02744169358561,24.69463175791816,16.408300311894873,12.687828949505745,38299029.0,36492804.0,4.0,92.0,-88.0,36981840.0,38690364.973388225,0.0,0.0,48.70349905797707,0.6639265233481147,0.7538726421730341,0.5853241724312507,-7.659428046538561,46.67463745579689,42.993128022397556,48.3506601144677,-57.006871977602444,-934573.0588235259,-1.1634450386901316,-0.5215656255669643,-0.536980514411975,0.015414888845010744,0.6948869642200052,-4.69412151410064,5.389008478320646,38381801.85224453,0.19922218762877808,0.1990240034029256,80.48502226302472
216,2023-08-05,37854648.0,38131736.0,37681796.0,37913780.0,15696260009463,9070258027552408.0,358243814397725,-0.16118506041722816,3.15869980106173e+17,-230888.55063659124,-206431.67328798657,30824321934591.816,37752830.61319878,49.508999409790505,946.8545016253781,37827818.6,38709659.86617367,36945977.33382633,4.66239555338075,0.5487397240849179,0.0,0.0,37627444.0,38190411.6,37064476.4,2.9923244321352334,0.7543094842403002,0.0,0.0,36981840.0,39024920.0,38003380.0,5.4009987242563335,0.45614464436047536,672894.6964818428,3.9724491641819024,-172508.7973640561,-197761.8704719155,25253.07310785938,37563292.0,38124781.07692308,37798309.14783118,37970817.945195235,0.956663533547407,1.0546526364947737,-0.09798910294736674,-0.09079074103461439,23.231602463546494,-455690.6000000015,-38.70632039078898,-26.24561581030435,-12.46070458048463,37827134.0,38656076.0,38241605.0,36492804.0,24.995278731640692,16.19131245951638,23.591488536701593,16.28539290055712,12.41963979648396,38234031.0,36492804.0,0.0,88.0,-88.0,37015651.76,38690364.973388225,0.0,0.0,49.29659811688189,0.7133226002422457,0.6583135089204494,0.6669455117295167,-6.874453618083932,48.41064504685455,45.614464436047534,42.63876108620318,-54.385535563952466,-737516.470588237,-2.0525121865424527,-0.45431941343229637,-0.5204482942160393,0.06612888078374296,0.11613484706313902,-3.7320702418678846,3.8482050889310235,38353196.43417077,0.1414571662333497,0.14135720983645683,80.74033126099363
217,2023-08-06,37915472.0,37950780.0,37762128.0,37872096.0,8604533658618,9071684910018410.0,349639280739107,-0.154782129996089,2.195069285158865e+17,-110307.65641196238,-226646.5445263409,30814861749376.156,37728700.0149442,49.894588881782305,945.813490071116,37801599.8,38644578.49284867,36958621.10715132,4.460015963920528,0.5418137496226478,0.0,0.0,37662232.8,38196020.0,37128445.6,2.8346019888656167,0.6965794608787917,0.0,0.0,36981840.0,39024920.0,38003380.0,5.404744801303357,0.43574211484621256,624470.4268336585,3.8720691098454956,-153844.23727233708,-188978.3438319998,35134.10655966273,37604956.0,38060834.461538464,37809660.97124177,37963505.20851411,0.9444158927652023,1.0665869926461597,-0.12217109988095742,-0.08884748424551507,23.234666236770607,-550715.799999997,-37.40952076724496,-29.93684388180624,-7.472676885438723,37827134.0,38638030.0,38232582.0,36510657.0,15.619420255712578,16.343478170737807,23.12504042432573,15.963400044279883,9.068442186297595,38242957.5,36492804.0,8.0,84.0,-76.0,37048787.2848,38690364.973388225,0.0,0.0,48.8234318945155,0.6739150935993016,0.6837214057298873,0.6986358522744567,-6.340259115727218,48.32509903574352,43.57421148462126,44.06060131435546,-56.42578851537874,-584850.6941176429,1.3378098244766794,-0.4052424464689164,-0.49740712466661474,0.09216467819769836,-3.885454704014794,-3.7627471342972667,-0.1227075697175275,38335446.80942995,-0.10994419443273173,-0.11000467739776809,80.54161775977366
218,2023-08-07,37874148.0,38017856.0,37770000.0,37872088.0,9480205506614,9070014200507530.0,340159075232493,-0.1903781604815002,1.881379613501809e+17,97974.20253727608,-341922.83706994436,30814859746802.97,37683095.4752222,49.26786515831392,945.813490071116,37787331.6,38615260.528164,36959402.671836,4.38204495055691,0.5511857945270453,0.0,0.0,37694924.266666666,38201495.06666666,37188353.46666667,2.6877401127873,0.6748657180134893,0.0,0.0,36981840.0,39024920.0,38003380.0,5.4067855905443185,0.43573819918945905,586808.9841502926,3.800687932894623,-137468.43392671645,-178676.36185094313,41207.92792422668,37656723.0,37995992.461538464,37819265.12951227,37956733.56343899,0.9294583604675438,1.1168027487806422,-0.1873443883130984,-0.08586267054386698,23.074157280883366,-346679.6000000015,-36.18592571994903,-32.71975407626235,-3.4661716436866854,37827134.0,38638030.0,38232582.0,36730815.0,9.368883714078262,16.5956254889739,23.23219307175086,15.52897632463143,16.45315773678129,38353036.5,36492804.0,4.0,80.0,-76.0,37081260.099104,38690364.973388225,0.0,0.0,48.82333503785096,0.6739070269211008,0.6870482402542161,0.6763610516348507,-5.891203766283911,47.28329223523548,51.870427642848654,47.01970118783915,-48.129572357151346,-453976.1058823541,1.6676221697181737,-0.362171401543177,-0.47035998004192725,0.10818857849875024,-6.747596230384464,-4.359716953514706,-2.387879276869758,38321318.37897089,-2.112373184148808e-05,-2.1123734228467583e-05,80.54157962264648
219,2023-08-08,37867728.0,38208176.0,37585520.0,38171200.0,17813960395357,9085712421234182.0,357973035627850,-0.140953689445619,9.224567271253011e+17,10206.352094921469,127622.3086632469,30955553582373.273,37707281.878775105,58.26088517887729,945.813490071116,37807031.0,38651640.11260311,36962421.88739689,4.468000211934722,0.7155843422513044,0.0,0.0,37748926.13333334,38283569.33333333,37214282.93333334,2.832627334147611,0.8949118465049876,0.0,0.0,36981840.0,39024920.0,38003380.0,5.403968378262762,0.5821406895471543,590393.6857352633,3.40770022662295,-99211.010406062,-162783.2915619669,63572.2811559049,37717602.0,37973726.76923077,37873408.95574115,37972619.966147214,1.0702342153139284,1.061721255002482,0.008512960311446438,-0.08061193774813487,22.841834002462146,-294123.0,-32.8254664342369,-34.43340605835811,1.607939624121208,37827134.0,38638030.0,38232582.0,37342395.0,54.68444185703913,17.14381274985539,23.735101421783707,14.464068480555323,36.17286737830124,38560371.5,36492804.0,0.0,76.0,-76.0,37113083.45712192,38690364.973388225,0.0,0.0,52.60886629792884,0.9891838603614178,0.7790019936272734,0.7165905465371254,-4.4897828831121025,54.81435490655707,70.35185391118357,55.26549767955115,-29.648146088816436,-437266.7529411763,1.9512160204902416,-0.26126985837297806,-0.4285419557081374,0.16727209733515935,-4.489649052985169,-4.3857033734087985,-0.10394567957637069,38307249.846188806,0.7897953764788523,0.7866928179979027,81.96748867112802
220,2023-08-09,38170468.0,39742236.0,38252724.0,39201748.0,23140780718867,9092059360360394.0,381113816346717,-0.08892337536719057,4.197489378716965e+18,7084482.548366965,696983.5075119829,31580309557775.33,37873337.10137854,66.22926826629019,945.813490071116,37873432.4,38914530.659953386,36832334.14004661,5.497776113650513,1.1379395927813163,1.0,0.0,37919474.13333333,38586173.733333334,37252774.53333333,3.5163968659256026,1.4616578941000298,1.0,0.0,36981840.0,39742236.0,38362038.0,7.2884759185438925,0.8041991076642626,688457.9171617369,2.9146434200156004,14102.32153069973,-127406.16894343359,141508.49047413332,37858338.666666664,37947416.307692304,38077768.80870405,38063666.48717335,1.103789011995036,0.7217374747388783,0.3820515372561577,-0.06863971112110827,22.802964188217683,-538892.3999999985,-26.463766895660402,-34.707720229095884,8.243953333435481,38362038.0,38441594.0,38401816.0,37439226.0,77.34222092851957,19.39807767407816,35.344125234569916,12.192240862387905,224.13875565213678,38601477.0,36492804.0,0.0,72.0,-72.0,37144270.347979486,38690364.973388225,0.0,0.0,62.81463969793413,1.0,0.8876969624275062,0.7845823987696651,0.1345371728017142,50.99637360242809,80.41991076642627,67.54739744015284,-19.580089233573734,-213983.9764705822,4.502023676756811,0.037049298799031655,-0.3354237048067036,0.3724730036057352,-0.019493635938786995,-3.5124614259147964,3.492967789976009,38466251.3398324,2.6998050886532177,2.664003307366869,86.88025618996559
221,2023-08-10,39203332.0,39529960.0,38616096.0,38873960.0,24169440264063,9081529648861776.0,356944376082654,-0.12173385606301307,2.466069112432158e+18,285652.44671658747,680193.9691094337,31378215189807.945,38021750.30511005,56.436702285946986,945.813490071116,37912342.2,39038465.871864885,36786218.52813512,5.9406705390250565,0.9269592337081147,0.0,0.0,38094306.8,38803537.2,37385076.4,3.723550627780434,1.049647336041995,1.0,0.0,36981840.0,39742236.0,38362038.0,7.2809956858851095,0.6854523771227027,710998.5254455631,2.42087889879166,76571.53234691173,-86610.62868536453,163182.16103227626,37986623.666666664,37961647.692307696,38200259.76121112,38123688.22886421,1.1408507993066832,0.8007869063060634,0.3400638930006198,-0.0542036165178062,22.983530148512724,-529830.200000003,-20.695886627827175,-33.647386010511795,12.95149938268462,38362038.0,38362038.0,38362038.0,37468192.0,88.67111046425978,21.49132367514216,32.178026684174945,11.100069649653623,178.44333005903542,38489479.0,36492804.0,96.0,68.0,28.0,37248188.974060304,38690364.973388225,0.0,0.0,58.499355400648064,0.7970261144332764,0.928736658264898,0.8651452047732257,2.7380003748350807,52.96212658665955,68.54523771227026,73.10566746329336,-31.454762287729732,50551.12941176444,4.123313157199741,0.20085027421071472,-0.22816890900321993,0.4290191832139346,3.733906030152638,-2.06318793470131,5.797093964853948,38518005.29795085,-0.8361565917927916,-0.8396719908997596,85.31764460907394
222,2023-08-11,38877216.0,38878428.0,38669800.0,38807480.0,15646296232364,9086534291767704.0,341298079850290,-0.12423535476937585,1.965178414437913e+18,-398572.47405942634,642915.9192186801,31351457798136.82,38102141.95940061,49.891647751598086,944.196014495694,37928612.0,39095843.292945236,36761380.707054764,6.1548853564440265,0.8764755131703081,0.0,0.0,38231831.06666666,38923849.06666666,37539813.06666667,3.6201143429060023,0.9159204914708409,0.0,0.0,36981840.0,39742236.0,38362038.0,7.277872440995205,0.6613688760598118,660761.4729010068,2.2916634172377885,119338.78831576556,-45420.74528513852,164759.53360090408,38105371.0,37975190.15384615,38293678.25948633,38174339.47117057,1.1509372824178599,0.8773904507478741,0.2735468316699857,-0.038964813251421364,23.08524809727112,-649708.0,-15.972985642660904,-31.73956285105642,15.766577208395516,38663878.0,38362038.0,38512958.0,37807144.0,94.33555523212988,23.435052104701587,31.484630416088237,10.860877018417547,130.7731651781824,38493503.0,36492804.0,92.0,64.0,28.0,37347950.85509789,38690364.973388225,0.0,0.0,57.634558441451865,0.7563494899187031,0.8511252014506598,0.8891862740476878,4.597044099650689,55.32647154793103,66.13688760598117,71.70067869489257,-33.86311239401883,246889.6000000015,3.8118572663067694,0.31261520164845485,-0.12001208687288498,0.4326272885213398,2.6077260661151502,-1.1290051345380179,3.736731200653168,38549537.60155232,-0.17101422134508937,-0.17116061759381296,85.00072508213069
223,2023-08-12,38801296.0,39189816.0,38902668.0,39116600.0,13565690802469,9093182117094574.0,354863770652759,-0.09101706400240513,2.2834995467838136e+18,576019.4013103858,697395.1368187433,31459514964973.195,38200951.70672145,56.02219659868649,951.7169839583056,37969147.4,39237867.808351174,36700426.99164882,6.682901751705783,0.9522086160382754,0.0,0.0,38355147.46666667,38947676.66666667,37762618.266666666,3.089698458413973,1.1425443111776834,1.0,0.0,36981840.0,39742236.0,38362038.0,7.270102672887514,0.7733528087998969,632918.9256109062,2.086971909067124,176145.05680058897,-1107.5848679930205,177252.641668582,38258512.333333336,38002887.384615384,38420281.604180746,38244136.54738016,1.165248526055128,0.8156279475335467,0.34962057852158124,-0.022183125791754507,23.09238863006209,-604999.3999999985,-12.130765462766712,-28.857844083513548,16.727078620746838,38663878.0,38362038.0,38512958.0,38828814.0,97.16777761606494,25.516983191218774,33.52263181234015,10.41782332500101,152.89354492671552,39004338.0,36492804.0,88.0,60.0,28.0,37443722.26089397,38690364.973388225,0.0,0.0,60.554544801223194,0.8936940856426426,0.8156898966648741,0.8651839187934772,7.067662836699699,58.35354058482374,77.33528087998968,70.67246873274705,-22.664719120010318,483363.92941176146,4.929586985711812,0.4605805561392795,-0.0038935582704520827,0.4644741144097316,0.6992815400379214,-0.7633477996228301,1.4626293396607515,38586680.33693013,0.7965474697146036,0.7933917770074572,86.47434367672606
224,2023-08-13,39119356.0,39206280.0,39063208.0,39140884.0,8242212765108,9093889553719180.0,363105983417867,-0.09603254523611197,1.9858787393558236e+18,153625.7132017155,731216.7155743771,31464631818042.938,38265404.04282344,59.638467537384486,952.3078199521916,37990778.0,39322360.60736321,36659195.39263679,7.010030736212926,0.9318567971826518,0.0,0.0,38465463.06666666,38969409.46666667,37961516.66666667,2.6202539099897515,1.1701317177117763,1.0,0.0,36981840.0,39742236.0,38362038.0,7.265963334575565,0.7821500973048795,583934.2330498156,1.8759716502171762,220581.22661861032,43230.177429327654,177351.04918928267,38406573.666666664,38040711.692307696,38531143.511229865,38310562.284611255,1.1931885255859045,0.7841861174167085,0.409002408169196,-0.004921361695297653,23.000070415311267,273098.0,-7.758975602922477,-25.349957060450834,17.590981457528358,38663878.0,38362038.0,38512958.0,39116976.0,98.58388880803247,27.46472437266021,33.16656987323434,10.249330618202968,148.89984878072167,39173032.0,36492804.0,84.0,56.00000000000001,27.999999999999993,37535662.81045821,38690364.973388225,0.0,0.0,60.78321987169616,0.9044500554440607,0.8514978770018021,0.8394376583724453,9.14941521181863,58.2533212008283,78.21500973048795,73.89572607215294,-21.784990269512054,735203.9529411793,4.755189386360422,0.5757713107416706,0.11203941553197247,0.46373189520969815,-3.5356055656501844,-1.317799352828301,-2.217806212821883,38689630.6857651,0.06208106021483584,0.062061797896362236,86.59010892630926
225,2023-08-14,39141720.0,39174772.0,38940272.0,38964148.0,9753237308260,9086122399941598.0,353352746109607,-0.08608154890128973,1.4559320410317578e+18,-185667.16288820218,749789.0152744183,31420592236593.715,38347467.73855712,59.85249870086865,952.3078199521916,38070379.0,39434457.89445889,36706300.10554111,7.166090437181569,0.827608983479854,0.0,0.0,38573607.86666667,39052190.66666667,38095025.06666666,2.4814002447179497,0.9080173099966496,0.0,0.0,36981840.0,39742236.0,38362038.0,7.250770999679304,0.718124500977396,548990.8097448341,1.6035970515114635,238783.54511855543,82340.85096717322,156442.6941513822,38464929.666666664,38086363.07692308,38597759.586425275,38358976.04130672,1.2161254397371575,0.788567054973224,0.4275583847639335,0.01102104023284178,22.927502850446434,-285431.0,-2.72131284243064,-21.35162288841102,18.63031004598038,38663878.0,38362038.0,38512958.0,39116976.0,99.29194440401623,28.90967790235378,32.246008051523994,11.419939030048248,112.44599229750179,39074482.0,36492804.0,80.0,52.0,28.0,37623925.73803988,38690364.973388225,0.0,0.0,58.14143716579471,0.7682272815242785,0.8554571408703273,0.8408816381790011,10.197730363137932,56.83090242665089,71.8124500977396,75.78758023607242,-28.1875499022604,765948.4117647037,1.8301125583827418,0.6224971825666625,0.21413096893891048,0.40836621362775205,-6.25557137804397,-2.305353757871435,-3.950217620172535,38723238.12896036,-0.45153808994196076,-0.45256060235843165,85.74758351244276
226,2023-08-15,38964612.0,39630080.0,38757972.0,39279784.0,18717581625949,9089803554947808.0,372070327735556,-0.03118882863448542,2.0919335486112266e+18,636012.882492047,761479.6532131574,31572217330361.66,38479493.40381659,60.65459379654249,952.3078199521916,38171824.0,39578154.173895225,36765493.826104775,7.368420088572266,0.8939188750146755,0.0,0.0,38704958.66666667,39225758.266666666,38184159.06666666,2.691125984581001,1.0518680633907305,1.0,0.0,36981840.0,39742236.0,38362038.0,7.23150143414682,0.832468964597833,581302.5287703506,1.3077637676061618,275502.38103596866,120973.15698093231,154529.22405503635,38589499.333333336,38140442.461538464,38702686.41928293,38427184.03824696,1.1550571480196254,0.7630309993838114,0.3920261486358141,0.026982464580438046,23.053245796295357,-311600.0,3.1448853140901623,-16.845577768262675,19.99046308235284,38663878.0,38362038.0,38512958.0,39116976.0,99.64597220200812,30.689733317893324,34.24303919102606,10.277455110284878,114.52420537077403,39065459.0,36492804.0,76.0,48.0,28.0,37708658.14851829,38690364.973388225,0.0,0.0,61.37051491902064,0.9031206569546812,0.8585993313076735,0.8551847830599342,12.040438794817772,54.36615250573718,83.2468964597833,77.75811876267029,-16.753103540216692,800949.364705883,3.9561679428538583,0.7169465781353075,0.3146940907781899,0.4022524873571176,-3.548614101908666,-2.5540058266788814,-0.9946082752297847,38804420.94826362,0.8100677576730275,0.8068043209991771,87.25226479713383
227,2023-08-16,39279256.0,39284948.0,38929792.0,39060992.0,16926043760743,9085382984508138.0,355144283974813,-0.020088998812154833,1.2640454750238397e+18,-181828.65866966784,674665.7336977451,31477937713994.613,38593783.4545621,51.92548436229142,947.0033780402152,38252841.0,39668012.71699415,36837669.28300585,7.399041116941622,0.7855310738249229,0.0,0.0,38827982.93333333,39365432.93333333,38290532.93333333,2.768364253805242,0.7167727850652806,0.0,0.0,36981840.0,39742236.0,38362038.0,7.216185589980101,0.7532078730732837,558687.8758933155,1.2799456380720422,283677.5786232725,153514.04130940035,130163.53731387213,38689563.333333336,38177566.615384616,38757810.354777865,38474132.77615459,1.2298270108111755,0.8624328518562732,0.36739415895490235,0.0410900178628302,23.11589906462838,-339061.0,8.660052064493993,-11.862691347769003,20.522743412262997,38663878.0,38362038.0,38512958.0,39116976.0,99.82298610100406,32.34264191803719,32.80376489122146,9.845481857995258,87.6060631968267,39065459.0,36492804.0,72.0,44.0,28.0,37790001.262577556,38690364.973388225,0.0,0.0,58.028814754594244,0.6789421639939585,0.7834300341576395,0.83249550211188,12.68006173895582,47.65252107298902,68.41290183779412,74.49074946510568,-31.587098162205873,870700.2705882341,3.171581869140552,0.7373202672916113,0.3992193260808742,0.3381009412107371,-2.3601337201044514,-2.5152314053639957,0.15509768525954426,38831205.559204675,-0.5570091729628635,-0.5585662538042158,86.20925250563309
228,2023-08-17,39059288.0,39117496.0,38566008.0,38566008.0,20087037672202,9065295946835936.0,335057246302611,-0.07153446928854448,-3.369270578563136e+17,-729252.0777551858,464648.7734014587,31223393173622.027,38671995.789436325,41.75028349405452,947.0033780402152,38305496.0,39684530.20463749,36926461.79536251,7.200189782883847,0.594454509947591,0.0,0.0,38914301.86666667,39482115.06666667,38346488.666666664,2.918275146991046,0.19330242175889417,0.0,0.0,36981840.0,39742236.0,38362038.0,7.206266171308681,0.5738915720787887,557967.888303984,1.2114887279527289,247363.9519053623,172284.02342859274,75079.92847676956,38743915.666666664,38180794.461538464,38728302.300196655,38480938.34829129,1.1031572622343013,0.9330231935361968,0.17013406869810455,0.05072916002391855,23.248008053271846,-433400.0,11.83518228413855,-6.900397045727285,18.735579329865836,38997480.0,38362038.0,38679759.0,39116976.0,98.7907643148743,32.8001143470137,30.64951319789581,13.530839045969495,46.282053686279575,39065459.0,36492804.0,68.0,40.0,28.0,37868090.652074456,38690364.973388225,0.0,0.0,51.23216586433057,0.17919648530702992,0.5870864354185565,0.7430386002946231,11.217623503797135,46.05384862248638,45.46208216566298,65.70729348774681,-54.53791783433702,846655.9764705822,1.7202927273408244,0.6428220374110141,0.4479398683469022,0.19488216906411188,0.17607446137447572,-1.9769702320163014,2.153044693390777,38821372.96594651,-1.2672079603098685,-1.27530552174413,83.84959403504821
229,2023-08-18,38563352.0,38581884.0,33988020.0,35725964.0,41696650078815,9055148529744678.0,293360596223796,-0.05382959794936762,-1.7205983317653705e+19,-28169148.967599276,-1511549.4286643155,28152805186489.99,38280912.08872415,37.82755386804381,947.0033780402152,38225067.2,39962336.933547445,36487797.46645256,9.089688316087207,-0.21926171041296078,0.0,1.0,38725334.266666666,39690268.266666666,37760400.266666666,4.983476673721468,-1.0541841549093853,0.0,1.0,33988020.0,39742236.0,36865128.0,15.053514412134245,0.3020296770228994,961557.4994735855,2.6404053102147977,-10462.074177384377,135734.80390739732,-146196.8780847817,38565071.333333336,38081566.461538464,38266404.1001664,38276866.17434379,0.653120257012784,0.9656255282238727,-0.31250527121108873,0.04233851600346589,24.29855266488215,-352979.200000003,9.017316688754816,-2.9580544252367056,11.975371113991521,36809050.0,36865128.0,36837089.0,37620066.0,63.42657896997744,33.34451351287805,19.28716821823508,45.45844917031901,-203.07127709612382,38967241.0,36492804.0,64.0,100.0,-36.0,37868090.652074456,39742236.0,0.0,1.0,29.72188516149788,0.0,0.28604621643366285,0.5521875620032862,-0.19007341955709064,42.087779532612856,30.20296770228994,48.02598390191569,-69.79703229771006,355533.69411764294,-5.666789606785957,-0.02733262992255331,0.3528853686930111,-0.38021799861556443,11.479680269913116,0.7143598683695822,10.765320401543534,38507987.99753909,-7.364111940235041,-7.649355937729396,70.31070412863957
230,2023-08-19,35687816.0,35868776.0,34406468.0,34910576.0,32199001147151,9045149740960844.0,261161595076645,-0.0865401142550007,-1.849865415047077e+19,-5210564.855638228,-1867240.5933072898,27417914473747.48,37904775.01547067,35.778503422609745,925.3895402606817,38101470.4,40340262.92749895,35862677.872501045,11.751738208502069,-0.21263736161489638,0.0,1.0,38324971.33333333,39287184.93333334,37362757.733333334,5.021340220354511,-1.2742398015021459,0.0,1.0,33988020.0,39742236.0,36865128.0,15.102346286352248,0.16032696721847076,1011632.5495262269,3.9380864401695277,-277388.49262765795,53110.144600386266,-330498.6372280442,38318278.666666664,37935501.23076923,37750122.853986956,38027511.346614614,0.7204265405760701,1.1801028287128659,-0.45967628813679573,0.01800442593469134,24.85121421281219,69729.60000000149,1.141346857118422,-0.5316951491316392,1.673042006250061,36809050.0,36865128.0,36837089.0,37620066.0,31.71328948498872,33.85002702403781,17.112454465495315,40.332807423935115,-253.29119497988583,38748134.0,36492804.0,60.0,96.0,-36.0,37868090.652074456,39627151.68,0.0,0.0,26.306843311285164,0.0,0.05973216176901001,0.310954937873743,-10.381395093554545,39.811526875137396,16.032696721847078,30.565915529933335,-83.96730327815293,-329378.83529412,-7.819774816746307,-0.7294416142547607,0.13641997210345674,-0.8658615863582175,15.125175116934358,3.5965229180825378,11.52865219885182,37509565.63270975,-2.282340093048296,-2.3087886805548408,66.42363464555878
231,2023-08-20,34908264.0,35178460.0,34579356.0,34973088.0,14247835739174,9049629301003560.0,275409430815819,-0.07745439316930014,-1.5728752027871056e+19,-1087860.6062943405,-1937065.804013174,27443427106587.664,37745587.638194576,35.16623666735843,927.0465725290916,37986179.6,40590225.73986979,35382133.460130215,13.710492433252156,-0.07854036337287569,0.0,1.0,37915334.266666666,38846071.86666667,36984596.66666667,4.909557665792531,-1.0805992293997129,0.0,1.0,33988020.0,39742236.0,36865128.0,15.148182998639854,0.1711906539483398,970379.6945736043,4.8746102905151005,-478371.0427795574,-53186.09287560248,-425184.9499039549,38051769.333333336,37843230.461538464,37322886.72260435,37801257.76538391,0.7366757861905368,1.2142333548832511,-0.4775575686927144,-0.015668239313501593,25.245702959013443,1215568.3999999985,-6.109808626452901,0.5642134082248054,-6.674022034677707,36809050.0,36865128.0,36837089.0,37620066.0,15.85664474249436,34.31943242725758,16.301477270155026,38.42139330676007,-225.7088724443892,38587336.0,36492804.0,56.00000000000001,92.0,-35.99999999999999,37868090.652074456,39514369.0464,0.0,0.0,26.999359784801626,0.01896900229699206,0.006323000765664058,0.11736712632277886,-17.32222357680386,41.14161564216339,17.119065394833978,21.118243272990338,-82.88093460516602,-1088414.0235294178,-8.378337594835896,-1.2654897510252172,-0.14396197252227805,-1.1215277785029392,10.993119770779398,5.07584228862191,5.917277482157488,36860877.06137519,0.17906321568570416,0.17890308863357518,66.72163815741614
232,2023-08-21,34973968.0,35193516.0,34849944.0,35098480.0,12110549155588,9055040013446316.0,287519979971407,-0.04864536159172986,-1.3264849455358409e+19,405180.9670526665,-1915122.463690646,27486848093024.938,37618816.12791556,35.58547018159369,930.3703917989991,37872896.2,40757354.713724345,34988437.68627566,15.232310190865949,0.01907503838255158,0.0,0.0,37541542.0,38485774.0,36597310.0,5.030331465873192,-0.7936767658795719,0.0,1.0,33988020.0,39742236.0,36865128.0,15.193493440831704,0.19298198051654647,907698.9251162438,5.637448866068684,-620381.701242961,-166625.21454907418,-453756.4866938868,37709830.333333336,37760445.692307696,36980670.30374214,37601052.0049851,0.7590756025583933,1.2166851360682984,-0.4576095335099051,-0.05349686985441837,25.461664673091626,1001063.799999997,-13.182169443772546,0.44739074366860204,-13.629560187441148,36809050.0,36865128.0,36837089.0,37620066.0,7.92832237124718,34.73185529930625,15.962541000953049,37.32884385637822,-180.21275715008198,38587336.0,36492804.0,52.0,88.0,-36.0,37868090.652074456,39403842.06547201,0.0,0.0,28.45178202025592,0.05875289448461938,0.02590729892720385,0.030654153820625862,-22.001841389253446,42.554241433556236,19.298198051654648,17.483320056111907,-80.70180194834535,-1818949.0823529437,-10.467053663015232,-1.6499051706338204,-0.44515061214458657,-1.2047545584892339,6.666841532765649,5.394042137450658,1.2727993953149914,36455802.97128898,0.358538542550213,0.35789732533473284,67.31939948898156
233,2023-08-22,35097284.0,35147580.0,34691132.0,35031176.0,17930595142620,9063825238264248.0,269589384828787,-0.09027332952000243,-1.154227107251848e+19,-260607.1197320676,-1934466.2831068595,27452464815587.312,37416469.35777639,29.02466902884015,930.3703917989991,37711261.2,40841772.20025425,34580750.19974576,16.602526145448795,0.07194125818718725,0.0,0.0,37130235.46666666,38091397.46666667,36169073.46666667,5.177246995176612,-0.5919384384040717,0.0,1.0,33988020.0,39742236.0,36865128.0,15.258614580622934,0.1812855130916184,862573.8326046194,6.335076269236915,-729942.7162642181,-279288.714892103,-450654.0013721151,37389598.333333336,37667773.538461536,36680748.10316643,37410690.81943065,0.7579425518881443,1.238144930862573,-0.48020237897442863,-0.0927679674204309,25.574793205651098,1096218.799999997,-21.216961907167466,-1.0479410679141747,-20.169020839253292,36809050.0,36865128.0,36837089.0,37490070.0,3.96416118562359,35.22553861183793,15.338505539987798,37.22970863630849,-146.95989346823396,38522338.0,36492804.0,48.0,84.0,-36.0,37868090.652074456,39295525.62416257,0.0,0.0,28.128288741683093,0.04989195762755044,0.04253795146972067,0.02492275038752942,-25.700280151635894,42.46825098220815,18.12855130916184,18.181938251883494,-81.87144869083816,-2520163.635294117,-9.885239373606394,-1.95116075184876,-0.7463526400854212,-1.2048081117633387,5.527115703130389,5.420656850586604,0.10645885254378484,36035716.951882996,-0.19175759178174934,-0.19194168202751882,66.99855183793781
234,2023-08-23,35040036.0,35037760.0,34215384.0,34896688.0,19443069363266,9076597702743094.0,250146315465521,-0.005071688643850522,-1.0266926563948257e+19,-1238377.183588644,-2528956.2639608313,27377821032217.695,37074032.890467025,20.4912497865119,930.3703917989991,37566848.2,40928389.09297894,34205307.30702107,17.896315789297095,0.10283687079680956,0.0,0.0,36688217.46666667,37717309.86666666,35659125.06666667,5.609934039095705,-0.37044150100937195,0.0,1.0,33988020.0,39742236.0,36865128.0,15.317271146531796,0.15791343251626286,858554.0493441575,7.00193995524703,-818191.0702978149,-387069.1859732454,-431121.8843245695,37063699.0,37567149.692307696,36406277.3180639,37224468.388361715,0.6538580349287334,1.3901362479252564,-0.736278212996523,-0.1318883071341489,25.723989367408286,1549751.799999997,-29.805746641154318,-4.057322601105694,-25.748424040048626,36809050.0,36865128.0,36837089.0,37490070.0,1.982080592811795,36.00510105696296,14.257068403450992,38.68356650663017,-129.98422445393788,38522338.0,36492804.0,44.0,80.0,-36.0,37868090.652074456,39189375.51167932,0.0,0.0,27.45650666618758,0.03278787708725818,0.04714424306647604,0.038529831154466745,-28.857278457377955,45.07015055746528,16.105252336912404,17.844000565909635,-83.8947476630876,-2752884.105882354,-10.077418064764835,-2.19799262614486,-1.0366806372973092,-1.161311988847551,5.202165770974132,5.37695863466411,-0.17479286368997826,35689671.41934719,-0.38390946395862047,-0.3846482878905988,66.35742859275813
235,2023-08-24,34908508.0,35675776.0,34548288.0,35149252.0,22587299522092,9078088981210292.0,272733614987613,0.02298061967430731,-7.985260095313129e+18,2423265.888623171,-2376269.589538933,27541296108032.844,36729188.48589621,29.01630635169063,930.3703917989991,37431299.6,40949566.77128867,33913032.42871133,18.798530688946045,0.1756858577110086,0.0,0.0,36298021.6,37416412.8,35179630.400000006,6.1622708384745435,-0.01358129427341975,0.0,1.0,33988020.0,39742236.0,36865128.0,15.372739021863937,0.20180542405776913,885447.4444097418,7.541600895198951,-857859.8482979536,-481227.31843818707,-376632.52985976654,36733086.666666664,37483100.15384615,36212888.807592526,37070748.65589048,0.6574356047439989,1.3133093842491652,-0.6558737795051663,-0.167752348399236,25.993032965432054,1709584.3999999985,-39.02158727226161,-8.742486221811447,-30.279101050450166,36636484.0,36865128.0,36750806.0,37490070.0,0.9910402964058975,35.683791152919405,18.248127332252487,35.03633686234587,-95.502446663679,38522338.0,36492804.0,40.0,76.0,-36.0,37868090.652074456,39085348.40144573,0.0,0.0,30.798996447829396,0.1281141686129985,0.07026466777593575,0.053315620770710705,-30.448336205532513,47.84002958510649,20.581702427836642,18.2718353579703,-79.41829757216335,-2670322.517647058,-10.142364111400274,-2.3141152509787286,-1.2921675600335931,-1.0219476909451355,6.174805737798125,5.536528055290913,0.6382776825072121,35556862.236027196,0.7237477665502201,0.7211412810999462,67.5614367666886
236,2023-08-25,35149092.0,35025192.0,34382072.0,34756444.0,17099698526647,9080897381753236.0,255633916460966,0.029272282700922525,-7.804065564390562e+18,-1535993.20824694,-2457513.927695184,27350199626695.06,36477853.35247304,29.055755081274086,919.9731027510904,37273432.8,40969772.77506885,33577092.824931145,19.8336439517256,0.1595295864318984,0.0,0.0,35847884.0,36943376.4,34752391.6,6.1118943589529495,0.001849579239435397,0.0,0.0,33988020.0,39742236.0,36865128.0,15.437848268163807,0.13354104190735974,873620.6999687676,8.140990315144727,-910498.3057248667,-567081.515895523,-343416.7898293437,36367716.666666664,37382097.538461536,35988820.37565521,36899318.68138008,0.645427110376839,1.289707182755094,-0.6442800723782551,-0.2016573902337642,26.17190561976388,1690715.200000003,-49.19758721896154,-15.171112808862063,-34.026474410099475,36552758.0,36865128.0,36708943.0,37490070.0,0.49552014820294876,35.51911283433759,17.068862852177798,34.17228377853283,-96.92897906073696,38522338.0,36492804.0,36.0,72.0,-36.0,37868090.652074456,38983401.83341682,0.0,0.0,28.592433585763956,0.06518399727353605,0.07536201432459762,0.0642569750556697,-32.47066261959274,52.63977444288288,13.619564485312102,16.768839750020387,-86.3804355146879,-2598529.011764705,-11.201688750821264,-2.4675206433671013,-1.527238176700295,-0.9402824666668064,4.610029480871929,5.351228340407117,-0.7411988595351877,35298162.542516716,-1.117542984983011,-1.1238344134589795,65.68886568456574
237,2023-08-26,34758180.0,34699748.0,34287632.0,34503004.0,16433171423067,9081640175328998.0,239200745037899,0.02681261476057338,-7.28417376454364e+18,-526498.8421562529,-2536265.2307999437,27230370827020.902,36224687.81449238,23.475040799796787,913.2647644883718,37104978.2,40979613.282690294,33230343.11730971,20.88471828122671,0.16422977332443903,0.0,0.0,35388372.4,36489560.8,34287184.0,6.223447563810527,0.09799413070460981,0.0,0.0,33988020.0,39742236.0,36865128.0,15.507935266756197,0.08949681416199878,833139.8299718908,8.76560132113322,-961580.6492277086,-645981.3425619602,-315599.30666574836,35995954.666666664,37275332.15384615,35760233.24093903,36721813.89016674,0.6252548549417088,1.3367313992227843,-0.7114765442810754,-0.2337896989889775,26.2713559727511,2174805.799999997,-59.35854997643757,-23.081527504481627,-36.277022471955945,36284952.0,36865128.0,36575040.0,37490070.0,0.24776007410147438,35.44445081508108,16.372563903242032,33.60004259102966,-92.40703728367284,38506154.0,36492804.0,32.0,68.0,-36.0,37868090.652074456,38883494.19674848,0.0,0.0,27.236582861721743,0.026515750000107446,0.07327130529554736,0.07296599579869346,-34.55938693044595,55.8204012145409,9.127588150427327,14.442951687858695,-90.87241184957267,-2589892.305882357,-11.449355956660465,-2.618554334226932,-1.7455014082056226,-0.8730529260213094,3.039887568863682,4.88896018609843,-1.8490726172347478,35040597.17302455,-0.7291885211271887,-0.7318600957567867,64.48068149520803
238,2023-08-27,34502428.0,34582104.0,34418504.0,34451068.0,7993779365339,9076828662849392.0,231206965672560,0.01842723067672188,-6.30288678748287e+18,13536.155434709228,-2546271.6277833013,27218338108793.867,36082793.789064616,20.243843511470814,911.8900633519587,36933927.2,40957199.45358812,32910654.946411885,21.786322541882942,0.19143783424230262,0.0,0.0,34961777.86666666,36024177.46666667,33899378.266666666,6.077491848679223,0.25964323279740203,0.0,0.0,33988020.0,39742236.0,36865128.0,15.579756706727899,0.08047108415811989,766185.8469747017,9.361004751855505,-994787.2870236412,-715742.5314542964,-279044.75556934474,35593561.666666664,37163290.615384616,35558823.20387149,36553610.49089513,0.6235404513838504,1.3466545961446104,-0.72311414476076,-0.263260106194028,26.01777003646936,2127064.799999997,-69.13301772837724,-31.76489799527408,-37.36811973310316,35042080.0,36865128.0,35953604.0,37490070.0,0.12388003705073719,35.37512179720004,16.125351865861017,33.092710017212525,-82.78753413149563,38506154.0,36492804.0,28.000000000000004,64.0,-36.0,37868090.652074456,38785584.71281351,0.0,0.0,26.95450426987327,0.018470996586827007,0.03672358128682353,0.06178563363565606,-36.3395007846994,54.40304137116128,8.207073303013438,10.318075312917626,-91.79292669698656,-2551772.5882352963,-12.293132772827875,-2.7214474128935238,-1.940690609143203,-0.7807568037503207,-2.0108919166179264,3.5089897655551585,-5.519881682173085,34855398.55470622,-0.15052602376303126,-0.1506394279982004,64.23309526549494
239,2023-08-28,34450776.0,34658912.0,34393628.0,34558660.0,9158044737776,9079064976151790.0,240365010410336,-0.018406428388979153,-5.261712625067204e+18,75216.53956969875,-2527637.0776077365,27246939031976.477,35922026.26623475,23.68214569228776,911.8900633519587,36753300.2,40861636.26608944,32644964.133910567,22.356283891422823,0.23290400727988708,0.0,0.0,34805622.266666666,35435163.86666666,34176080.66666667,3.617470736059248,0.3038554825712328,0.0,0.0,33988020.0,39742236.0,36865128.0,15.656324652989936,0.09916902667539766,716095.6622772316,9.895497022066728,-1000884.4387210384,-772770.9129076449,-228113.52581339353,35218367.333333336,37020782.307692304,35404951.94173741,36405836.38045845,0.6320742470029079,1.3373940016754888,-0.7053197546725809,-0.2887039144692848,25.626736351961856,1812707.799999997,-73.10202736446251,-40.01416179767196,-33.087865566790555,34945580.0,36865128.0,35905354.0,37159166.0,0.061940018525368595,35.16403426317574,16.45489610846936,32.24256131655816,-73.30753845153485,38248031.0,36492804.0,24.0,60.0,-36.0,37868090.652074456,38689633.41855724,0.0,0.0,28.604134980203654,0.06551771573207636,0.03683482077300363,0.04894323578512474,-37.371150943995254,54.1749913714363,10.114036362605148,9.149565938681976,-89.88596363739485,-2473571.988235295,-11.526414894941736,-2.7492417102063413,-2.1024008293558305,-0.6468408808505108,-5.7232648265615484,1.6625388471318174,-7.385803673693366,34813656.3135545,0.3123038159513758,0.3118171605496656,64.74600148906413
240,2023-08-29,34558556.0,34752744.0,34334220.0,34555700.0,14563987016200,9079915311106842.0,225801023394136,-0.03444424419201554,-4.5161978788530253e+18,49461.971368054365,-2569533.5712594506,27245691605092.22,35610391.93872554,21.796001682282665,911.8900633519587,36520997.8,40574327.00124817,32467668.598751817,22.197253335987323,0.2575699255571441,0.0,0.0,34754183.733333334,35279346.93333333,34229020.53333334,3.0221581610406374,0.31102661674186616,0.0,0.0,33988020.0,39630080.0,36809050.0,15.448811204167045,0.10061573255158576,686338.4960495085,10.364517244680771,-994491.4443105012,-817115.0191882162,-177376.42512228503,34884175.0,36896580.461538464,35274297.796854734,36268789.241165236,0.6285250327465365,1.3789030015157475,-0.750377968769211,-0.30988834125617304,25.323164419516413,-795033.799999997,-76.72063222534271,-47.859808864215275,-28.860823361127437,34945580.0,36865128.0,35905354.0,37159166.0,0.030970009262684298,34.781701780913906,16.70435675641247,30.89411900833562,-67.16465811803485,38241605.0,36492804.0,20.0,56.00000000000001,-36.00000000000001,37868090.652074456,38595601.1501861,0.0,0.0,28.585008809108345,0.07181664298180625,0.051935118433569905,0.04183117349779891,-38.23081993359189,52.65988883727089,10.717155302092081,9.67942165590356,-89.28284469790792,-2504332.3999999985,-10.398556158573632,-2.742003428065222,-2.230321349097709,-0.5116820789675129,-6.026472914761087,0.12473649475323656,-6.151209409514324,34802086.06033552,-0.008565146912520305,-0.00856551374219805,64.73189075200408
241,2023-08-30,34550848.0,37056180.0,34308132.0,36625112.0,38792708876721,9106537711873900.0,264593732270857,0.0681057686740125,7.597272855553542e+18,8066285.9051582,-1980382.5309860318,29568842265098.9,35455821.306230746,34.05849460253073,911.8900633519587,36408555.4,40316724.55841967,32500386.241580326,21.468411012097835,0.5277056328963472,0.0,0.0,34862801.06666666,35602858.66666667,34122743.46666666,4.245542970484927,1.690657952390004,1.0,0.0,33988020.0,39630080.0,36809050.0,15.496522556343997,0.4673987869678805,892509.4464445576,10.450367231932686,-813068.1530280486,-816305.6459561827,3237.492928134161,34959104.0,36849076.15384615,35482115.36656939,36295183.51959744,0.6752512290967004,1.1384905805318006,-0.4632393514351002,-0.31601193946883244,25.592328998416757,-1497979.3999999985,-75.96447256616838,-54.83562032225925,-21.12885224390913,35635782.0,36865128.0,36250455.0,37159166.0,32.85952293493121,33.343102154273474,32.02252455020309,23.843071169118264,-14.256146597632698,38241605.0,36492804.0,16.0,52.0,-36.0,37868090.652074456,38503449.52718238,0.0,0.0,52.498627917598775,1.0,0.37911145290462755,0.15596046403706693,-30.669722479122974,60.1614593941326,51.410553436647334,24.080581700448192,-48.589446563352666,-2253680.894117646,2.5167914293369384,-2.240154406683288,-2.232287960614825,-0.007866446068462984,4.901033292715673,1.0799958543457238,3.8210374383699492,35028217.90882979,5.988627057185925,5.816161045444801,74.59706933339257
242,2023-08-31,36623384.0,36651896.0,35785044.0,36142408.0,21639494515634,9102740193423580.0,242954237755223,0.04342560634588164,5.019738081806666e+18,2148409.073012855,-1774835.3059311716,29283642575861.78,35280189.748555474,41.80705244769982,899.8717251926039,36275301.8,40025762.98811796,32524840.611882035,20.677766976527067,0.4822830055646187,0.0,0.0,34977381.33333333,35769766.93333334,34184995.733333334,4.530845762572057,1.2351387169748302,1.0,0.0,33988020.0,39630080.0,36809050.0,15.55344744230357,0.38184422001892926,889943.701800102,10.445017282823926,-700167.9658064395,-793078.1099262342,92910.14411979471,35061756.666666664,36780946.461538464,35583698.848635636,36283866.814442076,0.8039045357818672,1.1512795081391947,-0.3473749723573275,-0.3136173932871163,25.889269062364853,-1302213.799999997,-76.31551267456773,-60.95768151863706,-15.357831155930668,35635782.0,36865128.0,36250455.0,37159166.0,66.42976146746561,32.00725964382165,29.718386985311607,22.127475140547247,-2.642126379891216,38241605.0,36492804.0,12.0,48.0,-36.0,37868090.652074456,38413140.93663873,0.0,0.0,48.42532176088676,0.8444815342697141,0.6387660590838401,0.35660421014067906,-25.940732443874104,59.99264869267146,46.89707836366075,36.34159570080006,-53.10292163633925,-1868587.364705883,3.5285353068938194,-1.9296950057366862,-2.1717693696391973,0.24207436390251114,5.479933694490437,1.9599834223746664,3.5199502721157705,35086789.23432984,-1.3179591095857979,-1.3267212635511783,72.2959513530433
243,2023-09-01,36148580.0,36351016.0,34134348.0,34375868.0,26752796768014,9081817169517728.0,216201440987209,-0.029414308951619294,-2.448779587389636e+18,-8085128.643335374,-340262.42562660715,27976040558791.766,35122009.54388666,44.31151488323075,899.8717251926039,36038265.2,39636624.32388867,32439906.076111335,19.96965782852758,0.26900621328152957,0.0,0.0,34977092.8,35945500.4,34008685.2,5.537381883265026,0.18958070961029108,0.0,0.0,33988020.0,39630080.0,36809050.0,15.655748046384874,0.0687422678950596,1022616.131620092,10.292979905328783,-744654.8508515358,-783393.4581112947,38738.607259758865,35011988.333333336,36646476.15384615,35397878.71807631,36142533.56892785,0.9972947284450487,1.1610929963420529,-0.16379826789700414,-0.3142126743226787,26.42034625908855,-939785.200000003,-80.22730740648255,-66.5600771592291,-13.667230247253457,35595264.0,36865128.0,36230196.0,37141120.0,77.78524938326221,30.489432589117104,24.8035694333894,30.783442821345176,-48.42166075294004,38232582.0,36510657.0,8.0,44.0,-36.0,37868090.652074456,38324638.51790595,0.0,0.0,37.08501463214135,0.4115096196330996,0.751997051300938,0.5899581877631351,-25.96545345336497,50.50545107324259,8.266046781608251,35.52455952730545,-91.73395321839175,-1653568.5882352963,-1.707655898158035,-2.0603283093903637,-2.1494811575894306,0.08915284819906688,7.855497052053867,3.139086148310507,4.71641090374336,35073625.99579777,-4.887720818159103,-5.011210614049588,63.874606269915326
244,2023-09-02,34379244.0,34407196.0,33492372.0,34016964.0,22681113695840,9085148339705844.0,193520327291369,-0.021808670992930535,-3.261859993461368e+18,-5214797.3675954705,-340564.7479092673,27739236576710.74,35029652.457582645,46.04582197837173,890.4765424539884,35782069.2,39184645.554383606,32379492.8456164,19.018331977199367,0.2406222497070514,0.0,0.0,34902649.46666667,35880301.86666667,33924997.06666667,5.602167256292065,0.047034576570021205,0.0,0.0,33492372.0,39630080.0,36561226.0,17.15302702505533,0.08547034169758483,1011836.9184580827,10.036432966516637,-799653.671318762,-786645.5007527883,-13008.170565973734,34921862.0,36498202.15384615,35185430.299910724,35985083.971229486,0.9101016686400444,1.105168497994052,-0.19506682935400754,-0.3181225554532474,26.745506449635062,-750893.200000003,-81.48148658121536,-71.27784374911283,-10.203642832102531,35274276.0,36617304.0,35945790.0,36893296.0,61.11447075802384,29.621295381660495,23.105268064820972,33.48057124300727,-88.01025894876253,38232582.0,36730815.0,4.0,100.0,-96.0,37868090.652074456,38237906.14754783,0.0,0.0,35.277469171084604,0.32582698925169146,0.527272714384835,0.6393452749232043,-26.660126645297776,51.92480636057934,14.719984915012256,23.294370020093755,-85.28001508498774,-1668892.4352941215,-3.0813756037298483,-2.2221809235129055,-2.164021110774126,-0.05815981273877968,7.9676546939884005,4.1047998574460856,3.862854836542315,35047639.60176881,-1.044058000222714,-1.0495465214155786,62.16366033282079
245,2023-09-03,34017208.0,34240520.0,33954168.0,34106716.0,13316855864052,9086020033098298.0,206837183155421,-0.0002531468501252657,-2.625135073322545e+18,317297.8783532699,-240196.2847201523,27774372412098.94,34988680.51652681,51.24669563180617,892.8260187517066,35539197.6,38682096.89239426,32396298.30760574,17.68694570861251,0.27210825630548036,0.0,0.0,34800252.4,35693791.2,33906713.6,5.135243214500369,0.11191590113378308,0.0,0.0,33492372.0,39630080.0,36561226.0,17.2702492303878,0.10009338991037045,939288.4266122744,9.773464506776989,-826471.3492196575,-794610.6704461622,-31860.678773495252,34844823.666666664,36341875.84615385,35019474.25377061,35845945.60299027,0.9320797153015314,1.0638110747758223,-0.13173135947429082,-0.32307065364118637,26.595546755628316,-642509.6000000015,-81.34124247222252,-74.84936099947517,-6.491881472747352,35274276.0,36617304.0,35945790.0,36893296.0,41.604820153836314,28.8151679747365,22.584014457568323,32.72525135300054,-80.0961395400036,38232582.0,37342395.0,0.0,96.0,-96.0,37868090.652074456,38048084.781645924,0.0,0.0,36.116027368837756,0.3586548211756814,0.36533047668682417,0.5482000807908657,-26.89256641386863,52.18213216621353,17.23841463962144,13.40814877874732,-82.76158536037856,-1665451.741176471,-2.638963647694842,-2.305620162383757,-2.192340921096052,-0.11327924128770483,4.314862149821726,4.146812315921214,0.1680498339005121,35018128.65329617,0.26384482753958327,0.26349736810935553,62.5915207627578
246,2023-09-04,34107608.0,34394600.0,34038464.0,34259896.0,11823653838969,9088899387755356.0,218660836994390,-0.0022747295203307417,-1.9913804492688573e+18,359001.86309667287,-243494.79214558037,27827474777482.15,34951523.78740815,51.141057372528984,896.8358767970366,35288203.2,37963039.344586514,32613367.055413492,15.159945262310837,0.3077812724938029,0.0,0.0,34751227.46666666,35616067.86666667,33886387.06666666,4.9773228921456445,0.2159409605132556,0.0,0.0,33492372.0,39284948.0,36388660.0,16.415049434990785,0.13250132583499982,880973.1839510469,9.508186848726472,-825844.3863303885,-800857.4136230075,-24986.972707381006,34791757.666666664,36151804.615384616,34902616.06088282,35728460.44721321,0.9164685511548843,1.0520398377181404,-0.135571286563256,-0.3271262570360588,26.323031139234356,-138951.20000000298,-80.34175979782975,-77.18082875740764,-3.1609310404221134,35274276.0,36561226.0,35917751.0,36696860.0,26.262864205958387,27.87145135931005,23.190566527118854,31.765424138412655,-73.95825042262277,38401816.0,37439226.0,20.0,92.0,-72.0,37868090.652074456,37865856.27038009,0.0,0.0,37.60193379868669,0.416825007412673,0.3671022726133486,0.41990182122833586,-26.591595392188676,52.20805550529584,21.536625991074715,17.831675181902806,-78.46337400892529,-1863977.0117647052,-1.8247920834206386,-2.3114468857412063,-2.216162114025083,-0.09528477171612337,0.6462086507881256,3.4466915828945965,-2.800482932106471,35007110.596305065,0.44911975694170714,0.44811422373598475,63.32175140561533
247,2023-09-05,34258056.0,34336576.0,33795948.0,34090932.0,14106111596337,9090186771217114.0,204554725398053,0.012171855943929047,-2.0473868193395185e+18,-575921.7840095354,-266017.2681653995,27757905826083.01,34902914.009294234,51.97619334155785,896.8358767970366,35039700.2,37124799.24698536,32954601.15301465,11.901352095388965,0.2724884577133788,0.0,0.0,34708996.53333334,35586688.13333333,33831304.93333333,5.057429990274114,0.14790335618266695,0.0,0.0,33492372.0,39117496.0,36304934.0,16.05357342640734,0.10640832095434696,846938.6655559422,9.244932281010117,-829420.4537381679,-806570.0216460397,-22850.432092128205,34703564.333333336,35967842.0,34777741.58997777,35607162.04371594,0.9100593073244228,1.0526841103383062,-0.14262480301388347,-0.3307133554677385,26.183834342906724,-283256.200000003,-79.11611044665526,-78.29006128166075,-0.826049164994501,35274276.0,36561226.0,35917751.0,36617304.0,15.798320909127336,27.222197028093213,22.12948508486963,32.36448253311016,-93.68665202260854,38362038.0,37468192.0,16.0,88.0,-72.0,37868090.652074456,37690916.899564885,0.0,0.0,36.59093677812291,0.37724654958392695,0.38424212605742714,0.3722249584525332,-26.661415721536567,51.92154892827155,16.795517603641947,18.52351941144604,-83.20448239635806,-2189812.847058825,-3.0109317831286995,-2.329364111410689,-2.2388025135022045,-0.09056159790848461,-1.3732720616435494,2.4826988539869674,-3.855970915630517,34995666.97178237,-0.49318304994271367,-0.4944032109509777,62.51627621081326
248,2023-09-06,34094292.0,34435000.0,33931324.0,34340664.0,14778938123430,9099429666698798.0,219333663521483,0.08766726710868536,-1.227649591513813e+18,398402.94281125785,-149104.40199397798,27866168450743.45,34878129.45584437,58.73970931470498,896.8358767970366,34828433.0,36162548.324201696,33494317.675798304,7.661070047002664,0.3171938395611077,0.0,0.0,34684173.6,35595872.8,33772474.4,5.25714817665426,0.31161023284873013,0.0,0.0,33492372.0,38581884.0,36037128.0,14.613094996263543,0.1666745259663402,812612.3990003479,8.90807075658077,-802848.4899837151,-805825.7153135748,2977.225329859648,34668916.0,35796041.384615384,34710498.88382734,35513347.37381106,0.960081318631489,1.0362419607161482,-0.07616064208465911,-0.33190848878908136,26.1061930024136,-325429.0,-76.87372978890916,-78.70913932882148,1.8354095399123196,35274276.0,36561226.0,35917751.0,36617304.0,9.169266599265768,26.481911515789907,22.015878074202625,30.943952085911793,-79.32699286187344,38512958.0,37807144.0,12.0,84.0,-72.0,37868090.652074456,37522975.10358229,0.0,0.0,39.193230550044994,0.47912100837569677,0.42439752179076556,0.3919139734871803,-25.936080900483233,44.13082983059957,23.802965816340276,20.711703137018983,-76.19703418365972,-2284810.4941176474,-1.1962673741882224,-2.2606950607414924,-2.243181022950062,-0.017514037791430237,-2.690919347521173,1.4479752136853397,-4.138894561206513,34991812.169661805,0.7325467077286207,0.7298766161827785,63.70678384171873
249,2023-09-07,34345924.0,34636600.0,33902648.0,34366920.0,17018102677534,9103941660175520.0,236351766199017,0.13379828242839106,-9.884386064545066e+17,372890.90932430245,-295559.7576581828,27879180060067.64,34815701.63058522,57.73056099416951,896.8358767970366,34760480.8,36042229.66891779,33478731.931082208,7.374747641107376,0.346475074195973,0.0,0.0,34660672.53333333,35619238.53333334,33702106.53333333,5.5311448390284195,0.34677500905867,0.0,0.0,33492372.0,37056180.0,35274276.0,10.252470385852662,0.24539705842739004,804746.3591003132,8.612236414969397,-770786.2335950807,-798817.8189698759,28031.58537479525,34657575.666666664,35613361.384615384,34657640.59400775,35428426.82760283,0.92654607744911,1.0763003647115124,-0.14975428726240236,-0.3306878495572191,26.157577863130246,-309412.799999997,-72.89854769457929,-78.28446326984778,5.385915575268484,35274276.0,36561226.0,35917751.0,36617304.0,5.156348113611963,25.506600404913293,22.36719512023719,28.94992777900439,-65.63343880770874,38512958.0,38828814.0,8.0,80.0,-72.0,37868090.652074456,37361750.979439,0.0,0.0,39.47447412419747,0.49013111692477274,0.44883289162813217,0.4191575131587748,-25.269742992008403,46.11923316036699,24.539705842739004,21.712729754240414,-75.460294157261,-2111498.729411766,-0.3944120343840206,-2.1756151842298266,-2.2296678552060154,0.05405267097618882,-2.6911529393598066,0.6201495830763104,-3.311302522436117,34987188.019364364,0.07645746162625588,0.07642824779878765,63.83194989315406
250,2023-09-08,34360348.0,35208644.0,34279280.0,35031184.0,14803111745051,9113091529035594.0,251154877944068,0.1956392782132154,5.5750608306964506e+17,2977972.9331529224,26866.395298950174,28165303291949.188,34823782.532373086,64.33378071947166,914.170446984435,34766511.2,36052156.96410489,33480865.43589512,7.39588598182314,0.602933796925108,0.0,0.0,34689887.33333333,35699537.33333333,33680237.33333333,5.8210047804325535,0.6690173162316999,0.0,0.0,33492372.0,37056180.0,35274276.0,10.250692051033292,0.4317886934425199,817208.1231902818,8.127191480512497,-683892.6226513311,-775832.779706167,91940.15705483593,34705918.666666664,35455296.0,34715108.81031425,35399001.432965584,0.9860254172537309,0.9789578645581422,0.007067552695588786,-0.3237177780091469,26.313592834379076,-207851.20000000298,-68.05539171520375,-77.40567650862948,9.350284793425729,35072134.0,36561226.0,35816680.0,36617304.0,29.36736244852437,23.832520177445737,25.532380067663418,26.611485487139124,18.477433291391215,38512958.0,39116976.0,4.0,76.0,-72.0,37868090.652074456,37206975.82026144,0.0,0.0,46.24810177349221,0.7553047334758293,0.5748522862587663,0.4826942332258879,-22.64134324601944,61.008574672550154,43.17886934425199,30.507180334443763,-56.82113065574801,-1889151.4823529422,1.6838839364863811,-1.9319545607703246,-2.1701251963188772,0.23817063554855267,-3.6888698044693142,-0.2416542944328146,-3.4472155100364996,34987739.90342478,1.9328586908573753,1.9144162426911748,66.998589975065
251,2023-09-09,35037876.0,35195680.0,34257444.0,34617984.0,14455341530358,9109745820551410.0,236699536413710,0.17300294192542234,-3.754158031322935e+17,-112936.15142689533,56406.58749390428,27994799573880.625,34838024.53977729,64.83330806449075,903.3876190704835,34748756.0,36032306.27685751,33465205.72314249,7.387604188521226,0.44905848163573053,0.0,0.0,34559276.8,35387945.6,33730608.0,4.795637390189836,0.5354225958549418,0.0,0.0,33492372.0,37056180.0,35274276.0,10.255929737455926,0.31584529806319533,829310.9108712536,7.591640829537338,-640981.7579785809,-748862.5753606498,107880.81738206896,34710862.333333336,35288135.84615385,34700166.53180437,35341148.28978295,0.9974593810679285,0.9582624145945379,0.03919696647339066,-0.3147550832223924,26.345694631678906,-193056.0,-67.5067174805825,-76.42692148707556,8.920204006493066,34921694.0,36561226.0,35741460.0,36617304.0,63.256893685343975,22.305328193985513,23.471158714064224,24.651034236755198,-3.3204857339716805,38512958.0,39116976.0,0.0,72.0,-72.0,37868090.652074456,37058391.66745099,0.0,0.0,43.02269399175864,0.6290366404218418,0.6248241636074813,0.5495031138314598,-21.3489603662778,58.20096766461702,31.584529806319534,33.10103499777018,-68.41547019368046,-1695089.83529412,0.17166174845899695,-1.8136981648779287,-2.0988397900306874,0.28514162515275876,-4.62045856365044,-1.1174151482763397,-3.5030434153741004,34944779.361243546,-1.1795205094980554,-1.1865320421744485,65.02880735573655
252,2023-09-10,34617680.0,34639796.0,34490824.0,34604652.0,7324734888104,9113614597502350.0,229374801525606,0.17091957423334847,-3.3573545490313766e+17,-327957.7119304871,32014.168396390247,27991978688483.94,34841877.33613856,65.00594344949134,903.0397084660576,34724064.6,35998723.16981906,33449406.030180946,7.341643811013158,0.4531589859326201,0.0,0.0,34397807.6,35154688.4,33640926.8,4.400750238512298,0.6366426523172487,0.0,0.0,33492372.0,37056180.0,35274276.0,10.263222468489474,0.3121043557902109,761277.0197841282,7.000887091759292,-601121.0206084326,-719314.2644102065,118193.24380177388,34714941.666666664,35108323.07692308,34685471.98844985,35286593.00905828,1.0060939458602793,0.9951386625474109,0.010955283312868436,-0.3042993550831374,26.2889558889223,1901047.3999999985,-65.83387054570854,-74.82765072476735,8.993780179058817,34350508.0,36388660.0,35369584.0,36617304.0,81.62844684267199,20.88722135220102,23.151570301470034,24.315380381889952,-18.177031923435074,38512958.0,39116976.0,0.0,68.0,-68.0,37868090.652074456,36915750.88075295,0.0,0.0,42.9186883653806,0.5993939893097631,0.6612451210691447,0.6203071903117973,-20.333764521992197,59.072992762136714,31.21043557902109,35.32461157653088,-68.7895644209789,-1497379.7058823556,0.1416611441817124,-1.7035394163843507,-2.0197797153014205,0.31624029891706984,-8.910333373780418,-2.6759987933771554,-6.234334580403262,34913821.80683916,-0.038511774689131695,-0.03851919237760626,64.96525183327554
253,2023-09-11,34604028.0,34712396.0,34263340.0,34520216.0,10556360169923,9115135464114874.0,218818441355683,0.15301486480603455,-4.1510707953234925e+17,-329429.7863299757,3110.8594035563624,27966220971651.312,34838449.02220634,60.89554347160731,903.0397084660576,34698516.6,35968001.15537654,33429032.044623468,7.317226670010067,0.4297744114944673,0.0,0.0,34352298.266666666,34932417.86666666,33772178.66666667,3.3774718389826397,0.6447268229976508,0.0,0.0,33492372.0,37056180.0,35274276.0,10.270779126044829,0.28841172139464305,730054.9178057153,6.407260469495202,-569776.3514938354,-689406.6818269324,119630.3303330969,34539533.666666664,34933677.84615385,34660047.9902268,35229824.34172063,0.9891888734216625,0.9955619681481349,-0.006373094726472406,-0.29315396038874286,26.172980938244418,1443891.3999999985,-61.15033039580338,-72.56863337083269,11.418302975029306,34502296.0,36304934.0,35403615.0,36617304.0,90.814223421336,19.884291424699875,22.17155428743981,25.430486318212324,-28.25241679489695,38512958.0,39116976.0,0.0,64.0,-64.0,37868090.652074456,36778815.72552283,0.0,0.0,42.22251033700148,0.5702817907244829,0.5995708068186959,0.6285466971651071,-19.677922768679355,58.80908689483213,28.8411721394643,30.54537917493498,-71.1588278605357,-1336174.3882352933,-5.747138739125221,-1.6173124962734555,-1.9392862714958277,0.32197377522237214,-10.750884545709349,-4.290975943843595,-6.459908601865754,34909594.531947866,-0.24400187581715693,-0.24430004551945217,64.56273352435585
254,2023-09-12,34519536.0,34441936.0,33057068.0,33334224.0,19341356493462,9103535745091990.0,199477084862221,0.08035769660575501,-3.632762363941154e+18,-5286803.156922583,-378050.9354743463,27301720666369.504,34759616.3131729,54.00390428136277,903.0397084660576,34620393.4,36017383.94318702,33223402.856812976,8.070333153331656,0.03966424244154225,0.0,0.0,34316188.13333333,34943312.13333333,33689064.13333333,3.6549747166751168,-0.2829106630692916,0.0,1.0,33057068.0,37056180.0,35056624.0,11.551318766932326,0.06930438557359733,803364.2260251439,6.108805238283485,-633334.432939738,-678192.2320494935,44857.79910975543,34305518.333333336,34732455.384615384,34456075.06865344,35089409.50159318,0.8964996099546179,1.0177557698921618,-0.1212561599375439,-0.2878850522151216,25.278180542680385,-244525.3999999985,-60.240125561700665,-70.22406482521914,9.98393926351848,34132856.0,35819476.0,34976166.0,36399652.0,80.559292000358,20.314466653833296,19.30422524650641,32.80368970682038,-156.4868176284598,38679759.0,39116976.0,0.0,100.0,-100.0,37868090.652074456,36647357.97650192,0.0,0.0,33.90372250210382,0.0,0.389891926678082,0.550235951521974,-21.631652662513442,50.787914079478135,6.930438557359734,22.327348758615045,-93.06956144264026,-1285846.4941176474,-7.76977560543282,-1.8049161896297585,-1.912412255122614,0.1074960654928554,-7.442924378687069,-4.92136563081229,-2.5215587478747787,34846990.8613122,-3.435644782755709,-3.496050647481752,58.908942555666144
255,2023-09-13,33331578.0,35119112.0,33352318.0,34220268.0,24714458342882,9103103590309912.0,224191543205103,0.0741494763128413,1.4503334901944832e+16,3475852.876093524,-705939.0089789659,27958646039162.36,34497923.10681562,50.85849517425022,903.0397084660576,34573944.2,35959236.316637374,33188652.08336263,8.013503513651019,0.37234598545954734,0.0,0.0,34329197.93333333,35104366.13333333,33554029.733333338,4.516086868707855,0.42973787280403414,0.0,0.0,33057068.0,37056180.0,35056624.0,11.566837664995132,0.29086457193496956,901516.6034226294,6.126062774934807,-605231.5915319398,-663600.1039459828,58368.512414042954,34292551.666666664,34674544.0,34419797.05809137,35025028.64962331,0.9132770537137823,1.1517128183284386,-0.23843576461465632,-0.2814680228360735,24.845727758139503,-556980.200000003,-57.926979240367615,-67.7335336521678,9.806554411800178,34132856.0,35056624.0,34594740.0,36399652.0,80.52517516384754,19.723891357252068,22.01051596635886,28.039781224266402,-55.41624483385628,36837089.0,37620066.0,44.0,96.0,-52.0,37868090.652074456,36431940.5779118,0.0,0.0,42.947482400943855,0.6227798837907056,0.3976872248383962,0.46238331944505795,-20.38321885567768,47.05384664346678,32.35759819384961,22.70973629689122,-67.64240180615039,-1245221.9823529422,-0.45264311580437766,-1.7279974203203086,-1.875529288162153,0.14753186784184447,-2.1953205781539737,-4.376156620280627,2.180836042126653,34842746.17264996,2.658060976610699,2.6233483147752423,63.13283914608303
256,2023-09-14,34225848.0,34958152.0,34174284.0,34904232.0,17396110005242,9118106444686700.0,241587653210345,0.11020002192504404,1.7121904275767153e+18,1489245.156106358,-753022.1459008587,28306343870857.465,34351526.1598905,49.73486705483342,921.0888555727162,34581333.6,35972007.03623655,33190660.163763452,8.042913858224065,0.6160942574965086,0.0,0.0,34373988.2,35191929.6,33556046.8,4.759071861204643,0.824133122495083,0.0,0.0,33057068.0,37056180.0,35056624.0,11.564366042841101,0.46189354036596125,889751.7430803664,6.1166946441000025,-521755.2389585152,-635231.1309484893,113475.89198997407,34366490.666666664,34674300.0,34494325.5106927,35016080.749651216,0.8583264009730311,1.1325643780029624,-0.27423797702993125,-0.27028728590767004,24.63408153498339,-474617.6000000015,-56.66924926815844,-65.23943796566815,8.570188697509707,34132856.0,35056624.0,34594740.0,36399652.0,90.26258758192377,19.175500010426642,20.595901271709977,26.23766597102962,19.416825636259194,36837089.0,37620066.0,40.0,92.0,-52.0,37868090.652074456,36229448.2232371,0.0,0.0,48.77419325921876,1.0,0.5409266279302352,0.442835259815571,-17.35211010397517,50.47249504527423,56.077509420306576,31.78851539050531,-43.922490579693424,-1153529.135294117,2.6083103712606452,-1.490044653166138,-1.7984323611629502,0.30838770799681225,-1.6911037914462979,-3.839146054513761,2.148042263067463,34844188.78769612,1.9987102380378818,1.978998249111541,66.39339190369766
257,2023-09-15,34904172.0,35622452.0,34682320.0,35246280.0,18342313598672,9121770256136654.0,259929966809017,0.11818280954139249,2.363870606751265e+18,3004393.59087121,39086.58511389739,28486091463693.73,34347686.239020124,60.15115506031838,921.0888555727162,34618497.4,36038233.872680604,33198760.927319393,8.202184261646238,0.7210912419593914,0.0,0.0,34484908.06666666,35342799.86666667,33627016.266666666,4.975462299864702,0.9437458974041557,0.0,0.0,33057068.0,37056180.0,35056624.0,11.551951414274845,0.5474245282452704,894789.7687723298,5.892369466946746,-423121.72923336923,-592809.2506054653,169687.52137209603,34461454.333333336,34684807.384615384,34610010.81673998,35033132.545973346,1.0419185254712793,1.0586815544304624,-0.016763028959183135,-0.2539673751723772,24.6182792960407,-358601.3999999985,-53.401579050215034,-62.631421216924345,9.229842166709311,34339760.0,35056624.0,34698192.0,36399652.0,95.13129379096188,17.836162858007558,24.4332772867227,24.226580004984957,89.7696323110137,36837089.0,37620066.0,36.0,88.0,-52.0,37868090.652074456,36039105.40984287,0.0,0.0,51.444875515042455,1.0,0.8742599612635685,0.6042912713440666,-14.024350133349087,51.64688072427757,85.33662017070348,57.92390926161989,-14.663379829296511,-921588.7588235289,3.3411718677342024,-1.2077758923730677,-1.6803010674049739,0.47252517503190616,-0.8326781285313417,-3.237852469317277,2.4051743407859356,34863199.78911446,0.9799613983771271,0.9751909172621254,68.02398291380428
258,2023-09-16,35238504.0,35682028.0,34851644.0,35373864.0,15261275554403,9125704300627002.0,275191242363420,0.14092229293586575,2.3043311744057917e+18,622735.9466855373,456053.2504196837,28541334019229.605,34455963.09769262,69.38130422720582,924.4230003547865,34664637.2,36119163.015022084,33210111.384977926,8.391986372914234,0.7438000043296685,0.0,0.0,34591593.0,35482155.6,33701030.4,5.149011784452954,0.9392004559814204,0.0,0.0,33057068.0,37056180.0,35056624.0,11.536575377745478,0.5793276107295819,888349.1918950968,5.57653720807964,-330845.22185061127,-540416.4448544944,209571.22300388315,34554285.0,34695399.07692308,34727526.69108767,35058371.91293828,1.1181516115198051,0.8717155315586644,0.2464360799611407,-0.2336680182317702,24.683428488466436,-573705.200000003,-47.50100206568325,-59.809471702602565,12.308469636919313,34369548.0,35056624.0,34713086.0,36399652.0,97.56564689548094,16.66813784146932,23.260468663352945,22.580277878101704,93.5683162248399,36837089.0,37620066.0,32.0,84.0,-52.0,37868090.652074456,35860183.1652523,0.0,0.0,52.44087948854278,1.0,1.0,0.8050621963979344,-11.063900151242159,53.906264002924935,88.26024015604047,76.55812324901684,-11.739759843959527,-652033.1588235274,3.251521837661153,-0.9436981918961073,-1.5329804923032007,0.5892823004070934,-1.6028648117790207,-2.910854937809626,1.3079901260306053,34884670.05323885,0.36197862582945106,0.36132505990629227,68.63219381821956
259,2023-09-17,35370548.0,35568060.0,35194656.0,35320140.0,9840334585593,9122477738497722.0,265350907777827,0.12492551954636635,1.8996178444511933e+18,434568.28135303705,464429.7077768099,28526389026641.96,34520986.58794244,68.93247028871316,923.0190343851356,34702711.2,36183770.74621657,33221651.653783433,8.53569934453173,0.7084415854775202,0.0,0.0,34697482.6,35551990.4,33842974.8,4.925474333979496,0.8643368732269042,0.0,0.0,33057068.0,37056180.0,35056624.0,11.523918050529723,0.5658936283855016,836854.6727055871,5.265185045879762,-259064.17222764343,-484145.99032912427,225081.81810148084,34656719.0,34706513.07692308,34818697.96938188,35077762.14160952,1.1061739572324916,0.8678605592285857,0.23831339800390583,-0.21137472448397562,24.650414390052532,-362047.200000003,-41.93975255919645,-56.90773401860175,14.967981459405301,34369548.0,35056624.0,34713086.0,36399652.0,98.78282344774047,15.583543183255243,22.51939922095093,21.86087904832786,89.34529096541881,36837089.0,37490070.0,28.000000000000004,80.0,-52.0,37868090.652074456,35691996.255337164,0.0,0.0,51.95756303275797,0.9739271531153141,0.991309051038438,0.9551896707673354,-8.824629457145857,52.702099395551855,86.21358039741558,86.60348024138652,-13.78641960258442,-217539.48823529482,3.6056743769868187,-0.738542473666926,-1.3740928885759458,0.6355504149090198,-4.875056420101077,-3.3036952342679164,-1.5713611858331609,34900952.78752312,-0.15187484183237787,-0.15199028857502128,68.37608394057968
260,2023-09-18,35319668.0,35386232.0,35156348.0,35275152.0,9005790028271,9122780329031114.0,256345117749556,0.12535428343565744,1.5703649407021865e+18,-280962.2701902793,418717.98397059896,28514918163791.703,34570263.25409931,64.11412271642493,921.8433657632411,34738683.8,36238542.62767413,33238824.97232586,8.635093006454872,0.6788395647982137,0.0,0.0,34740770.06666667,35525329.86666667,33956210.266666666,4.516651752361564,0.8405616329904573,0.0,0.0,33057068.0,37056180.0,35056624.0,11.511984803523271,0.5546441309970813,776157.6054350284,4.9748203584839095,-203461.94620135427,-428009.1815035703,224547.23530221602,34734593.0,34721069.384615384,34888921.66640005,35092383.61260141,1.095920106610657,0.8978358983142265,0.19808420829643048,-0.1885119741396257,24.469307855048562,-371763.799999997,-37.812155110811695,-53.608338199738334,15.79618308892664,34369548.0,35056624.0,34713086.0,36399652.0,99.39141172387023,14.519379059735,22.053562560614512,21.7533774953568,69.05016740023785,36837089.0,37490070.0,24.0,76.0,-52.0,37868090.652074456,35682028.0,0.0,0.0,51.529282102980204,0.9508232364742091,0.9749167965298411,0.9887419491894263,-7.1120153904611145,52.33246678433603,84.49972571010606,86.32451542118737,-15.500274289893941,104950.10000000149,2.721228686783692,-0.5797894735434632,-1.2152322055694493,0.6354427320259861,-8.015856693115095,-4.246127526037352,-3.7697291670777435,34904908.76699687,-0.12737208855910787,-0.1274532757509661,68.16161980583053
261,2023-09-19,35273568.0,36359968.0,35067016.0,35360808.0,20638604180037,9111520969864444.0,276983721929593,0.015390075179292785,1.5985728462654812e+18,2770274.362144267,657731.9944101564,28565033334936.684,34702183.15459619,71.8327652002325,921.8433657632411,34675468.6,35940093.9556694,33410843.2443306,7.294063536718298,0.7709653878627276,0.0,0.0,34831326.2,35651357.6,34011294.8,4.708585572030284,0.8228423935961472,0.0,0.0,33057068.0,36651896.0,34854482.0,10.367063936376047,0.6408484634035342,827837.0448915256,4.618357653110747,-150747.3366798833,-372556.8125388329,221809.4758589496,34817417.0,34729206.15384615,34961519.56387697,35112266.900556855,1.1030260177324582,0.8140868604890616,0.2889391572433966,-0.16539278342933314,24.493047105198333,355715.3999999985,-34.19260281272535,-50.092641784962424,15.900038972237077,34708518.0,35056624.0,34882571.0,36399652.0,99.69570586193512,14.78846222060856,27.983491613524585,19.331259211041978,116.81751540157343,36750806.0,37490070.0,20.0,72.0,-52.0,33057068.0,35682028.0,1.0,0.0,52.33489480683533,0.9942825816394077,0.9730109904096436,0.9797456126593075,-5.4632825328146755,51.91876852959909,69.74900844712222,80.15410485154796,-30.250991552877775,434224.8411764726,2.891990320924889,-0.4293295477242244,-1.0580516740004045,0.6287221262761801,-4.3352674039323755,-4.263955501616357,-0.07131190231601892,34921720.42819797,0.24282248308951093,0.24252814568015424,68.56995402664661
262,2023-09-20,35369492.0,36518800.0,35237460.0,36160992.0,18349109011043,9119622278920716.0,295332830940636,0.05267314995252651,3.467728646069331e+18,1149686.6403324548,711395.1156616705,28980257541490.234,34841334.31747118,72.40672883578404,942.7038707548095,34676397.8,35945353.09877393,33407442.501226064,7.318841513428084,1.0849670990910494,1.0,0.0,34970725.53333334,35903993.733333334,34037457.33333333,5.3374254366580525,1.1376872514603331,1.0,0.0,33057068.0,36518800.0,34787934.0,9.982963109276593,0.8966390234714877,873187.3404023731,4.307006371997137,-43896.45643737167,-306824.74131854065,262928.284881169,34911567.666666664,34783227.23076923,35146053.78481898,35189950.24125635,1.0993270703915898,0.8209976041866797,0.27832946620491017,-0.13833787365786568,24.686959726985222,-58413.79999999702,-28.25467902167914,-46.43756941005973,18.18289038838059,34787934.0,35056624.0,34922279.0,36399652.0,99.84785293096756,15.21454852495825,26.32790164195253,17.278063355997837,171.29128367859718,36708943.0,37490070.0,16.0,68.0,-52.0,33123126.0,35682028.0,0.0,0.0,59.16323219778352,1.0,0.9817019393712055,0.9765432421035632,-1.8981636137739775,55.16811170632518,89.66390234714876,81.30421216812569,-10.336097652851231,666538.9941176474,3.225149341226948,-0.12474145639998063,-0.8713896304803197,0.746648174080339,-2.6331928277760297,-3.9378029668482912,1.3046101390722615,35020784.02093774,2.2629120918277623,2.2376880588893755,72.38454389950408
263,2023-09-21,36159808.0,36352216.0,35795412.0,36176232.0,17708264491967,9126136761692888.0,313041095432603,0.14229537039174073,3.0108922610390804e+18,615292.5600666652,728709.5192861249,28987720665036.664,34986496.11553339,72.60831509034726,943.1011719956134,34766416.0,36184044.77310027,33348787.22689973,8.155161999443784,0.9972444220770202,0.0,0.0,35131655.8,36075698.8,34187612.8,5.374315434343974,1.0532460915445605,1.0,0.0,33057068.0,36518800.0,34787934.0,9.957114935286974,0.9010414439939314,841549.0063621358,3.9793079365167188,41534.59168923646,-237152.87471698524,278687.46640622173,35041421.666666664,34847582.15384615,35304542.741000675,35263008.14931144,1.1496688337830199,0.8490314296302616,0.3006374041527583,-0.10942463215063344,24.898638858059275,-161764.0,-21.421082094285982,-42.12434235812477,20.70326026383879,34935559.0,35056624.0,34996091.5,36399652.0,99.92392646548379,15.610200093282964,25.081258356103064,16.45993580568392,159.76574660273204,36575040.0,37490070.0,12.0,64.0,-52.0,33258952.96,35682028.0,0.0,0.0,59.28287080622589,1.0,0.9980941938798026,0.9842690412202172,1.0364345266858763,52.96334644799307,90.10414439939314,83.17235173122138,-9.895855600606863,834144.5352941155,4.501267318166188,0.11778516317544363,-0.6735546717491672,0.7913398349246108,-1.6030302712255775,-3.470848427723749,1.8678181564981715,35125127.673926495,0.04214486151263852,0.04213598306037625,72.45719512679976
264,2023-09-22,36173344.0,36300416.0,35472612.0,35646888.0,17941017180164,9115749920888026.0,295100078252439,0.09976981356310415,1.224054824002536e+18,-864207.9077401714,454268.03065090394,28725201069346.965,35062951.966447145,64.76135853570744,943.1011719956134,34847912.2,36271223.60105039,33424600.798949618,8.168704012347613,0.7806749806860117,0.0,0.0,35351212.06666667,36239548.66666667,34462875.46666666,5.025777324549699,0.6664211140987165,0.0,0.0,33057068.0,36518800.0,34787934.0,9.93382897699105,0.7481283935324861,840174.5057259221,3.8255678130283766,65767.54857829958,-176568.79005792827,242336.33863622785,35128274.666666664,34893575.23076923,35357211.242385186,35291443.69380689,1.0921745902317075,0.9001631140978577,0.19201147613384983,-0.08321168348938911,25.157932478931244,-327696.200000003,-13.061458380701932,-37.13928448482858,24.077826104126647,35346542.0,35056624.0,35201583.0,36399652.0,99.9619632327419,15.40455865362639,23.313801174496252,18.047946152108732,109.21340004916064,35953604.0,37490070.0,8.0,60.0,-52.0,33389346.8416,35682028.0,0.0,0.0,53.427886951870136,0.7692994349457823,0.9230998116485941,0.9676319816332005,1.977062824286404,48.06632782169512,74.8128393532486,84.86029536659684,-25.187160646751394,913149.5,3.011837830358762,0.1863555063060251,-0.5015726361381287,0.6879281424441539,-0.6728386851923122,-2.911246479217462,2.2384077940251497,35233015.081924535,-1.4632369672994083,-1.4740478684192482,69.93373769493674
265,2023-09-23,35642088.0,35692140.0,35518460.0,35501132.0,14129555934987,9098800962082916.0,280970522317452,0.04155932800056197,7.549801984507502e+17,-345667.25058259896,437644.38071121083,28667426950190.758,35119893.11797187,64.75186610313146,939.2449404383063,34917633.0,36325410.05784437,33509855.942155626,8.063416313725345,0.7072412662035678,0.0,0.0,35485213.2,36214238.4,34756188.0,4.108895701942685,0.5109178667623566,0.0,0.0,33057068.0,36518800.0,34787934.0,9.913993883835138,0.7060234587772826,773525.0551533299,3.569108574140386,72376.7364705503,-126779.68475223256,199156.42122278287,35210017.666666664,34929824.15384615,35379352.89740285,35306976.1609323,1.104580545307802,0.9467656988181729,0.15781484648962907,-0.06058389239360838,25.28388990643373,-1583409.0,-7.1346484349503605,-31.635439947805455,24.500791512855095,35600560.0,35056624.0,35328592.0,36399652.0,99.98098161637094,15.213605888231,22.948409089104945,17.76508465594212,73.6050182369821,35905354.0,37159166.0,4.0,56.00000000000001,-52.00000000000001,33514524.967936,35682028.0,0.0,0.0,51.90768506806642,0.7093997934926133,0.8262330761461318,0.9158090272248427,2.332676473094504,45.21197560352846,70.60234587772825,78.50644321012334,-29.397654122271742,958587.029411763,2.841569705125831,0.20499273611155702,-0.3602595616881916,0.5652522977997486,-1.791768141256061,-2.6873508116251816,0.8955826703691205,35263500.358737834,-0.40888842807259573,-0.4097266625485929,69.2388983061109
266,2023-09-24,35499780.0,35574084.0,35422264.0,35500896.0,9890124980465,9099155604688592.0,271080397336987,0.03356080780451339,6.46792445887016e+17,-164445.5388796849,449323.821643411,28667361203850.742,35154477.73951504,63.94437426804652,939.2386966428707,34979683.0,36375373.14748724,33583992.85251276,7.9800045499968535,0.6867223183234393,0.0,0.0,35567232.4,36233052.8,34901412.0,3.744010174938427,0.4501844641588042,0.0,0.0,33057068.0,36518800.0,34787934.0,9.896407580366008,0.705955284811187,711354.5496379968,3.288416675577731,76711.24280811846,-86081.49924016236,162792.74204828084,35390573.666666664,34966177.84615385,35398051.836263955,35321340.593455836,1.0749666671574276,0.9074740258784232,0.16749264127900443,-0.04122036489245924,24.807043416178285,-759415.0,-1.2521520773689843,-25.84105917304479,24.588907095675808,35685222.0,35056624.0,35370923.0,36399652.0,99.99049080818547,14.855551698012235,22.61475095475729,18.428038686504927,59.05145354525515,35905354.0,37159166.0,0.0,52.0,-52.0,33634695.96921856,35682028.0,0.0,0.0,51.905109852271174,0.7092983237441258,0.7293325173941737,0.8262218017296332,2.6246354815750452,45.74165379466034,70.5955284811187,72.0035712373652,-29.4044715188813,901510.3705882356,6.4998423242130965,0.2171810059279889,-0.24477144816495555,0.46195245409294444,-4.840716083586915,-3.1180238660175283,-1.7226922175693864,35276281.47756058,-0.0006647675347415394,-0.0006647697443185052,69.2377732608588
267,2023-09-25,35500872.0,35683436.0,35022260.0,35070284.0,10942914508676,9089802350198926.0,260137482828311,-0.001271074565641965,-1.187708038696992e+17,-878066.4721434035,410135.48694245185,28534627925727.0,35190554.518152066,63.76833856533659,939.2386966428707,35028650.6,36363575.96294503,33693725.237054974,7.621905726194475,0.5155939055304746,0.0,0.0,35574730.0,36212654.8,34936805.2,3.5863929255401072,0.10461954136286726,0.0,0.0,33057068.0,36518800.0,34787934.0,9.882573095750367,0.5815632174876623,706336.6946741971,3.020263831124081,44882.20654486865,-59888.75808315616,104770.96462802481,35461408.333333336,34906376.76923077,35347626.015300274,35302743.808755405,1.058367493932845,0.9059653515848956,0.15240214234794935,-0.027190496652801543,24.46472635093101,-124418.60000000149,2.6659978292592617,-20.266948073606734,22.932945902865995,35770530.0,34854482.0,35312506.0,36399652.0,99.99524540409274,13.80413206640246,21.17109025334443,21.11371955305535,27.228508859709773,36250455.0,37159166.0,0.0,48.0,-48.0,33750060.13044982,35682028.0,0.0,0.0,47.294567329874916,0.5276317655465279,0.6487766275944223,0.7347807403782425,1.5996683430521252,41.791521844229464,58.156321748766224,66.45139870253773,-41.843678251233776,783704.2058823556,2.4839548305115553,0.12713517903313068,-0.17039012272533832,0.29752530175846903,-6.763168975157726,-3.8470528878455683,-2.916116087312158,35273698.90745799,-1.212960934845142,-1.220377339064882,67.18498518420279
268,2023-09-26,35066208.0,35390300.0,34824492.0,35225500.0,16070497755445,9096511304709676.0,276207980583756,-0.00960842843581148,2.545390794844222e+17,-864184.2171251053,726036.8397851288,28605753622331.258,35326074.072736114,64.46716077038906,939.2386966428707,35072892.4,36371846.28758227,33773938.512417726,7.40716718067012,0.5587425009690099,0.0,0.0,35559155.2,36170622.4,34947688.0,3.439154819966022,0.22716835833549234,0.0,0.0,33057068.0,36518800.0,34787934.0,9.870106977547138,0.6264008883414429,692283.8252067774,1.9617484644882974,31815.352417878807,-41547.935982949166,73363.28840082797,35488180.666666664,34871111.07692308,35328837.39756177,35297022.045143895,1.167336844352715,0.907550872665857,0.259785971686858,-0.016429071059134128,23.966529733715902,173387.6000000015,5.853496639762572,-14.956587051500172,20.810083691262744,35671646.0,34787934.0,35229790.0,36399652.0,99.99762270204637,13.140135427695556,19.99476782663682,21.88267810186159,9.199861925845621,36250455.0,37159166.0,76.0,44.0,32.0,33860809.72523183,35682028.0,0.0,0.0,49.05131716088111,0.37365715515913833,0.5368624148165974,0.6383238532683977,1.2031590794920894,48.49708191663674,59.15656555129636,62.636138593727104,-40.84343444870364,576278.7235294133,0.9204270702761774,0.09013608110391826,-0.118284881959487,0.20842096306340524,-5.466290899733707,-4.170900490223196,-1.295390409510511,35273177.294638805,0.4425855234020837,0.441608993933329,67.92492172593
269,2023-09-27,35220516.0,35599512.0,35314296.0,35506264.0,13523452605200,9101192091345718.0,289731433188956,-0.009158063931752797,7.60590446307558e+17,737128.8726199203,530413.6966798714,28713541975860.56,35465122.84425711,62.71166856532117,946.7248760703944,35129859.6,36399577.26050043,33860141.93949957,7.228708995469082,0.6482236609403572,0.0,0.0,35570395.733333334,36173044.13333333,34967747.333333336,3.3884829649800685,0.4467917501039292,0.0,0.0,33057068.0,36518800.0,34787934.0,9.854101437968742,0.7075059536671239,660456.6426860996,1.439852767010687,43612.34872958064,-24515.879040443204,68128.22777002385,35509846.0,34914587.84615385,35356133.79793689,35312521.449207306,1.2071400989133334,0.9370572022680799,0.27008289664525353,-0.006732358441931706,23.55211192522472,244004.3999999985,11.186641615225279,-9.51227630416273,20.69891791938801,35671646.0,34787934.0,35229790.0,36399652.0,99.99881135102319,12.254141657652555,21.36232485517339,21.050075161077842,47.04442048997314,36230196.0,37141120.0,72.0,40.0,32.0,33967129.33622255,35682028.0,0.0,0.0,52.15770823766503,0.40565714051062424,0.4356486870720968,0.5404292431610387,1.704104950375534,44.545120652836886,56.812578800912426,58.04182203365834,-43.187421199087574,480213.42941176146,0.7376211049790219,0.1235039213846896,-0.06992712129065168,0.19343104267534128,-5.757405384999725,-4.488201469178502,-1.2692039158212225,35275975.24303318,0.7970475933627652,0.7938879471836913,69.26336327320284
270,2023-09-28,35495768.0,36270724.0,35484992.0,35652924.0,15853945607398,9092114972426660.0,305585378796354,-0.06962350438507332,9.840974772323341e+17,2086275.7859700068,573058.741670132,28779027312836.06,35556845.47096941,62.53143763810086,946.7248760703944,35160946.6,36449779.10642319,33872114.09357681,7.331045555088611,0.6908616509702065,0.0,0.0,35623426.0,36281659.2,34965192.8,3.695507557302338,0.5224069524296251,0.0,0.0,33057068.0,36518800.0,34787934.0,9.845389088586142,0.749872029377202,672984.1784174896,1.4877030432683813,64057.37605378777,-6801.2280215970095,70858.60407538478,35533101.0,34977509.384615384,35401793.82902352,35337736.45296973,1.1350935529421338,0.8450659441110226,0.2900276088311111,0.0026600942625811357,23.423021486221923,159193.3999999985,15.377476640241053,-4.004489698277576,19.38196633851863,35671646.0,34787934.0,35229790.0,36399652.0,99.9994056755116,12.479108920726615,26.439872314867017,19.381667430640853,85.50809605874848,35945790.0,36893296.0,68.0,36.0,32.0,34069196.16277365,35682028.0,0.0,0.0,53.74422291243325,0.5379956884876506,0.43910332805247104,0.4705381433137216,2.557839415887159,37.72545608114653,52.851324272521346,56.273489541576716,-47.148675727478654,500188.97058823705,0.7888875244163318,0.18127187104652392,-0.019687322823216558,0.20095919386974048,-4.666686698658618,-4.523898515074526,-0.1427881835840923,35284725.08805326,0.4130538769159253,0.4122031512221014,69.96251215740108
271,2023-09-29,35657112.0,36791444.0,35689596.0,36434444.0,18983392664465,9098797083641752.0,324568771460819,-0.03580199330258222,2.9629265569323843e+18,2104989.379079789,508815.5836850305,29195147489546.746,35657981.209517784,62.752786898222034,946.7248760703944,35251769.6,36627811.5357195,33875727.664280504,7.806938212369897,0.9297377751723853,0.0,0.0,35694349.06666667,36333471.86666666,35055226.266666666,3.581086736201864,1.078992748602726,1.0,0.0,33057068.0,36791444.0,34924256.0,10.593442662237301,0.9044016992397124,719537.7605757407,1.4877030432683813,141689.03705077618,22896.824992877628,118792.21205789855,35625959.666666664,35067037.384615384,35560663.08609682,35418974.04904605,1.0953994884954756,0.8599572447994877,0.23544224369598798,0.015776413432492697,23.55146540539892,23382.39999999851,21.142092107985604,1.4840404272407295,19.658051680744876,35807968.0,34924256.0,35366112.0,36399652.0,99.99970283775579,13.351998999632482,28.563800365289165,17.248387053591287,141.35156525906845,35945790.0,36893296.0,100.0,32.0,68.0,34167180.3162627,35682028.0,0.0,0.0,61.139487853121125,1.0,0.6478842763327582,0.5075454304857753,5.589989362104837,46.39851414669205,81.85009090206573,63.83799799183317,-18.149909097934266,597280.8176470622,3.1548685820611126,0.40003710117230895,0.06425756197588854,0.3357795391964204,-2.121386458985846,-4.04339610385679,1.9220096448709443,35363216.240371965,2.1920221746749347,2.168342782143995,73.68812811252587
272,2023-09-30,36438888.0,36555416.0,35956660.0,36409676.0,14065649315247,9106015443806814.0,310503122145572,-0.024313049528175534,2.4898830484791813e+18,66058.06386718406,469052.87776943384,29185585713271.527,35728325.86709565,62.611347271512855,946.081296008338,35342020.8,36772163.27578314,33911878.32421686,8.093156211277764,0.8732688239384541,0.0,0.0,35727832.4,36298696.8,35156968.0,3.1956285150956907,1.0972027682931387,1.0,0.0,33057068.0,36791444.0,34924256.0,10.566390702820254,0.8977692658693179,707459.5845181666,1.487813977891041,198921.07872020453,58101.67573834301,140819.40298186152,35720503.333333336,35149721.23076923,35691280.45746654,35492359.37874634,1.1086974565930572,0.8891599934840205,0.21953746310903666,0.030650680953274338,23.69022520132707,18787.20000000298,24.55771995762469,6.59279621078636,17.96492374683833,35807968.0,34924256.0,35366112.0,36343574.0,99.9998514188779,14.162539787187928,26.887684262058475,16.236256352299453,128.75622696041302,35917751.0,36696860.0,96.0,28.000000000000004,68.0,34324636.13728694,35682028.0,0.0,0.0,60.80768375723052,0.9760342361421656,0.8380099748766053,0.6416658597539447,7.955902967075593,50.303011246490094,80.59088376330484,71.76409964596398,-19.40911623669515,726279.5823529437,3.2162129308471865,0.5604616942972891,0.16349838844016867,0.3969633058571204,-2.67350697343075,-3.7694182777715826,1.0959113043408326,35379351.486429445,-0.06797962938586144,-0.06800274601275191,73.57005556674774
273,2023-10-01,36409632.0,36653304.0,36378892.0,36485704.0,7212703617728,9104417679031532.0,317715825763300,-0.03466173445761868,2.2125236745033876e+18,989415.1832968219,508684.79933684703,29200646748987.652,35773471.71243614,62.1782946294869,948.0568331917208,35440295.2,36900844.992643006,33979745.407357,8.242311664734684,0.857881944616291,0.0,0.0,35767633.733333334,36310258.93333334,35225008.53333333,3.0341688468717916,1.161663213085811,1.0,0.0,33057068.0,36791444.0,34924256.0,10.537090560126034,0.9181282227606433,664154.8260663499,1.4872601869528381,247559.002207987,95993.14103227181,151565.8611757152,35814244.666666664,35241827.84615385,35813499.46401015,35565940.46180216,1.118793182761677,0.8641587846556038,0.25463439810607325,0.046416775216591225,23.760818114119594,720696.799999997,27.70396623682101,11.122287834955577,16.58167840186543,35807968.0,34924256.0,35366112.0,36343574.0,99.99992570943894,15.041025640707987,27.13493079266297,15.779260089811006,140.8113153696361,35917751.0,36617304.0,92.0,24.0,68.0,34472644.60904972,35682028.0,0.0,0.0,61.49840994563724,1.0,0.9920114120473885,0.8259685544189174,10.117021076520647,49.9053042017008,84.45615348010526,82.29904271515862,-15.54384651989474,949495.6294117644,3.1811942758774068,0.696056392699261,0.27000998929198716,0.42604640340727384,-6.831634781565726,-4.381861578530412,-2.4497732030353143,35400116.57635721,0.20881262442433712,0.20859491388236506,73.93249175499146
274,2023-10-02,36485000.0,37942020.0,36481884.0,37860244.0,12858199432039,9115835612465398.0,330574025195339,0.040630133380490055,4.4213216420478874e+18,7901895.452113706,1093174.6366442745,29685058655835.19,35897342.3797671,67.25726009424146,948.0568331917208,35666596.2,37154037.08467941,34179155.315320596,8.340806486487246,1.2373899099434802,1.0,0.0,35929774.8,36535633.2,35323916.4,3.372458655098513,2.0931686347833027,1.0,0.0,33352318.0,37942020.0,35647169.0,12.868348788494707,0.9821827212311387,743752.9434597149,1.4853890602577362,392494.36673878133,155293.38617357373,237200.9805652076,35955849.0,35377196.307692304,36128383.23877782,35735888.872039035,1.1183154568807976,0.7356532891016343,0.3826621677791633,0.06962321905262575,24.030867252170612,509635.799999997,34.27615340022883,15.723488038864376,18.552665361364454,36383256.0,35499544.0,35941400.0,36343574.0,99.99996285471947,17.165164266611377,35.6244111602161,13.587725167606807,233.10205724812673,35917751.0,36617304.0,100.0,20.0,80.0,34611772.57250674,35682028.0,0.0,0.0,71.334677335499,1.0,0.9920114120473885,0.9406775996571274,15.698271260612485,62.38134039402671,97.37689605353985,87.47464443231665,-2.623103946460144,1222020.8176470622,4.699129935373454,1.0983198659034397,0.4356719646142777,0.662647901289162,-6.998459034946233,-4.905181069813576,-2.093277965132657,35908665.559944384,3.7673385718417274,3.6981077924668426,80.48511760584269
275,2023-10-03,37850840.0,38678728.0,37103608.0,37305316.0,26820362712790,9095884417463096.0,303753662482549,-0.02368233825268849,1.6635085161148856e+18,3988934.517316633,1180221.790585158,29291945229532.836,36151405.64773158,68.42502145800371,948.0568331917208,35820848.6,37316178.877213754,34325518.32278625,8.348938317523567,0.9963677331425421,0.0,0.0,36142305.46666667,36888307.86666667,35396303.06666666,4.12813953270372,1.279495168737615,1.0,0.0,34174284.0,38678728.0,36426506.0,12.574922638767413,0.6950984405622537,826889.6491137433,1.5361436884700643,457307.0840579048,215696.12575043994,241610.95830746484,36049939.333333336,35490211.538461536,36309449.81742738,35852142.73336948,1.18331913685406,0.7655443774268306,0.4177747594272295,0.09357188495719665,24.382775403193662,-173960.6000000015,38.99323532880404,20.195197750661375,18.798037578142665,36751610.0,35867898.0,36309754.0,36343574.0,99.99998142735973,19.662014918126168,37.173111083013964,11.6999480601392,223.0124169717879,35917751.0,36617304.0,100.0,16.0,84.0,34878192.3667062,35682028.0,0.0,0.0,64.20330687981493,0.7033553318177117,0.9011184439392371,0.961713756011338,17.991261824392442,53.06684796591338,64.36616751024069,82.06640568129528,-35.63383248975932,1559711.8764705881,3.1210657870615157,1.2755362697813455,0.6036448256476913,0.6718914441336542,0.4794447724786255,-3.828255901355136,4.307700673833761,36078310.938140444,-1.4657274791995523,-1.4765753955042982,77.83969764122823
276,2023-10-04,37274780.0,37643556.0,37060060.0,37306556.0,15515368801748,9093477883505650.0,319269031284297,-0.0812950233719127,1.4286128791433546e+18,-2028404.2653536117,953215.2973218674,29292460948453.812,36253880.08879798,60.53801582507853,948.0883458713924,35940964.8,37506764.63693517,34375164.96306483,8.713176430562433,0.9360682533576428,0.0,0.0,36326069.733333334,37115239.733333334,35536899.733333334,4.344923663876833,1.1212135957187082,1.0,0.0,34682320.0,38678728.0,36680524.0,11.119367613637351,0.6566486705061145,802550.284202369,1.5850887920544148,502973.7191762179,273151.64443559555,229822.07474062237,36188245.0,35577725.84615385,36462850.7685924,35959877.049416184,1.1744714553180151,0.8714723423083708,0.3029991130096443,0.1167787894353686,24.551516609644956,-439832.799999997,42.97520679362066,24.673998746701532,18.301208046919125,36751610.0,35867898.0,36309754.0,36343574.0,99.99999071367986,21.889323333590017,35.22095725332811,11.47745907404196,152.26505424024626,35816680.0,36617304.0,96.0,12.0,84.0,35258245.930035576,35682028.0,0.0,0.0,64.21191643014302,0.703713464551966,0.8023562654565591,0.8984953738143947,19.76772105119082,50.680701605661525,64.39833990445837,75.3804678227463,-35.60166009554163,1748636.0058823526,4.655856634666118,1.398708117063442,0.7626574839308414,0.6360506331326005,0.2935754851591036,-3.003889624052288,3.297465109211392,36227635.90318965,0.00332392305697482,0.003323867815652193,77.84560889594256
277,2023-10-05,37305324.0,37657812.0,37010368.0,37583528.0,15065314933005,9105086183300718.0,334334346217302,-0.05567372640337833,1.82062109749777e+18,-76144.52696815849,903826.9339622371,29404309128908.324,36350160.99106564,60.144532909442034,955.1271603181801,36057827.2,37743112.70285694,34372541.69714306,9.347681952710339,0.9526535110560167,0.0,0.0,36541927.333333336,37329724.13333333,35754130.53333334,4.311741922169351,1.1610846011729599,1.0,0.0,34824492.0,38678728.0,36751610.0,10.689041185487737,0.7158451117160444,787039.6557821322,1.5970796573494297,555115.1601472497,329544.34757792635,225570.81256932335,36361778.0,35691785.23076923,36635262.65034742,36080147.49020017,1.1109693747634426,0.8542395351518591,0.25672983961158347,0.13975876933621856,24.773139568974084,-556931.200000003,47.31168549631959,29.280464175207864,18.031221321111726,36996512.0,35867898.0,36432205.0,36343574.0,99.99999535683993,23.847546327485652,33.14124632036793,11.2529393521223,136.48589372149465,35741460.0,36617304.0,92.0,8.0,84.0,35600294.13703202,35682028.0,0.0,0.0,66.16917845545723,0.7851299815669179,0.7307329259788652,0.8114025451248871,21.846089220098193,55.55629816276074,71.58451117160443,66.7830061954345,-28.415488828395564,1902734.4058823586,5.865717183328126,1.5385612276059184,0.9178382326658568,0.6207229949400616,-0.08441962245232137,-2.419995623732295,2.3355760012799736,36535594.335297845,0.742421787741554,0.7396794022010766,79.16597344492766
278,2023-10-06,37582520.0,37931536.0,36900024.0,36918816.0,15994148417781,9089674795019644.0,318340197799521,-0.11993494036282625,4.17463145580823e+16,526844.0249455349,1003187.7862969304,29121432481908.074,36466847.8725825,60.51614376101987,955.1271603181801,36135074.8,37829482.56387237,34440667.03612763,9.378188772269375,0.731272901573838,0.0,0.0,36752263.46666667,37586630.666666664,35917896.266666666,4.540494224290421,0.5998076945817952,0.0,0.0,34824492.0,38678728.0,36751610.0,10.666190733884964,0.543382397964214,811486.890203919,1.6850464549477548,536615.1590829864,370958.5098789384,165656.64920404804,36479938.0,35780791.538461536,36678886.24260166,36142271.08351868,1.1299134751014406,0.8247202249854914,0.3051932501159492,0.1576111290701502,25.045824768985376,-1064790.799999997,49.50388032391193,33.537935142839714,15.965945181072215,37081860.0,35867898.0,36474879.0,36171008.0,99.99999767841996,25.87266196256408,32.53363641835199,10.217762870373692,104.21933583237761,35369584.0,36617304.0,88.0,4.0,84.0,35908137.52332882,35682028.0,0.0,0.0,57.97453377272266,0.44425613860956586,0.6443665282428165,0.7258185732260802,21.022916452627292,47.84040924590163,54.33823979642139,63.4403636241614,-45.66176020357861,1980729.7470588237,3.994040037750033,1.484730048764671,1.0312165958856196,0.4535134528790514,0.09232025317328345,-1.9175324483511793,2.009852701524463,36572024.486313716,-1.768625872483287,-1.7844529520843366,75.99719768389413
279,2023-10-07,36913716.0,37981440.0,36859728.0,37570148.0,18138564108027,9094511823066510.0,336478761907548,-0.0905904861796742,1.723529303565419e+18,29708.550334562013,1030000.3435052991,29441438064904.273,36613185.14915757,67.92917977569914,955.1271603181801,36247575.2,38008102.27519417,34487048.12480584,9.713902601651352,0.8756184209362793,0.0,0.0,36951971.6,37869988.4,36033954.8,4.968702671334597,0.836691223951458,0.0,0.0,34824492.0,38678728.0,36751610.0,10.633086430564877,0.7123736065980392,842509.4011835272,1.622519217495592,567963.6920487881,410359.54631290835,157604.14573587972,36688260.0,35898096.615384616,36816003.43604756,36248039.74399877,1.1108330106249458,0.7798683933206292,0.3309646173043166,0.1745232152982576,25.1553152655244,-1022075.200000003,52.63709689280691,37.677892948680366,14.959203944126543,37184162.0,35867898.0,36526030.0,36087282.0,99.99999883920998,27.79098028286214,29.8022945521671,9.224048106335717,109.44202716657936,35403615.0,36617304.0,84.0,0.0,84.0,36185196.570995934,35682028.0,0.0,0.0,62.83187504088613,0.6463076794314306,0.6252312665359715,0.6667769069192176,21.919826018120276,48.785506979243905,71.23736065980391,65.72003720927658,-28.762639340196085,1924713.7941176444,7.128154422701567,1.566881122565587,1.1383495012216132,0.4285316213439738,1.3044619831795117,-1.2731335620450412,2.577595545224553,36685710.36179039,1.7642277585500077,1.7488459110094112,79.10218909970351
280,2023-10-08,37570396.0,37679704.0,37467744.0,37600048.0,8809617892079,9096700013115492.0,345288379799627,-0.0845361498742603,1.5149404851950966e+18,368455.87172612094,1068064.7299771423,29448449151870.797,36706382.77869941,72.40374655472218,955.8872931261083,36363820.0,38158846.27483607,34568793.72516393,9.872594654995382,0.8443481628459443,0.0,0.0,37129933.46666666,37990573.06666667,36269293.86666667,4.635826243926019,0.7731192785768459,0.0,0.0,34824492.0,38678728.0,36751610.0,10.599095474567854,0.7201313048811749,779454.4610651744,1.5547934135876,588437.1729530618,445975.07164093904,142462.10131212272,36886139.0,36062166.76923077,36936625.67665563,36348188.503702566,1.1740750236903748,0.7977217348353496,0.37635328885502517,0.1898632246047966,24.90995675821902,-857556.0,56.55457813642823,41.612613618507325,14.941964517920908,37317694.0,36015523.0,36666608.5,35867898.0,99.99999941960499,29.572275865996055,29.22392986583461,9.045039618234293,104.76065436252469,34976166.0,36399652.0,80.0,0.0,80.0,36434549.71389634,35682028.0,0.0,0.0,63.04304673012017,0.6550918193203343,0.5818852124537769,0.6171610024108548,22.685539879611355,49.31907430751081,72.01313048811748,65.86291031478093,-27.98686951188251,1762484.0529411808,6.740991611190757,1.618889956216446,1.2344575922205798,0.3844323639958662,-2.530569385470377,-1.5246207267301084,-1.0059486587402684,36784574.39453586,0.07958446157838583,0.07955280993776626,79.2447266125736
281,2023-10-09,37603864.0,37779292.0,37293300.0,37554788.0,10643121739967,9097509954872622.0,334645258059660,-0.0469356638842171,1.2297050316028106e+18,-170905.76449665226,1118576.2090947675,29435637793492.984,36824446.56252164,72.27486128105015,955.8872931261083,36473519.0,38278084.927286625,34668953.072713375,9.895211522017522,0.7995925456782325,0.0,0.0,37253663.33333333,38052717.333333336,36454609.33333333,4.289800940381812,0.688425730092501,0.0,0.0,34824492.0,38678728.0,36751610.0,10.56721727344159,0.7083883809917192,750108.2149586569,1.340265037305986,594161.3283857182,475612.3229898949,118549.00539582327,37056849.333333336,36190417.538461536,37031727.57255476,36437566.24416904,1.1976645503312324,0.7953566649825898,0.4023078853486426,0.2028344120296804,24.697090423515306,-820595.0,58.8170373002318,45.419204434352565,13.397832865879238,37528810.0,36426506.0,36977658.0,35867898.0,99.9999997098025,30.757099295511676,27.887572327675237,10.272813205848443,89.4478583209899,34594740.0,36399652.0,76.0,0.0,76.0,36658967.54250671,35682028.0,0.0,0.0,62.464515956700275,0.6019378895601939,0.6344457961039862,0.6138540916979114,23.12824834236971,43.65997278919247,70.83883809917192,71.36310974903111,-29.161161900828077,1697321.82941176,5.769472113427647,1.6306284684444297,1.3136917674653499,0.3169367009790798,-4.695298777823864,-2.1587563369488594,-2.536542440875005,36831511.28538131,-0.12037218675891026,-0.12044469226601962,79.0289658155
282,2023-10-10,37553956.0,37800900.0,36884404.0,37168868.0,16180273357347,9091373817616958.0,318464984702313,-0.09532240890846892,1.6199129936421568e+17,-1096853.8510099654,1101956.949531563,29269366289202.58,36988559.57051233,71.91651428389397,955.8872931261083,36523912.8,38346950.777340144,34700874.82265985,9.982709066922025,0.6768902260996797,0.0,0.0,37351410.666666664,38182238.66666667,36520582.666666664,4.448710156703428,0.3901441293103584,0.0,0.0,34824492.0,38678728.0,36751610.0,10.552637175280958,0.6082595876329316,766746.9934627912,1.2414392580409035,561089.3552530631,492707.72944252857,68381.62581053458,37183178.0,36277518.92307692,37052826.09985403,36491736.74460097,1.172636520218111,0.773672458568713,0.398964061649398,0.21111823689757636,24.570037800628125,-89468.79999999702,60.302302459363275,49.04124179241281,11.261060666950463,37580306.0,36680524.0,37130415.0,35867898.0,99.99999985490125,30.834768292989455,25.517766082068444,13.191126296095568,60.9375160969804,34594740.0,36399652.0,72.0,0.0,72.0,36860943.58825604,35682028.0,0.0,0.0,57.60991099208324,0.28430993065708393,0.5137798798458707,0.5767036294678779,22.053514870233506,46.8725892967258,55.122885527185566,65.99161803815834,-44.877114472814434,1606108.0529411808,4.251948591930356,1.5375792036976084,1.3584692547118018,0.17910994898580657,-3.328534048532493,-2.392711879265586,-0.9358221692669071,36842091.211138874,-1.027618635471994,-1.0329350890454947,77.18923079988716
283,2023-10-11,37176312.0,37318696.0,36682232.0,36773696.0,13389678748339,9081832506025404.0,305075305953974,-0.15171240492145974,-6.170397620219036e+17,-1626553.9101079407,933122.4650510016,29127009892167.87,37082283.682790466,65.60640654629702,945.7244898521632,36553786.0,38372631.72632596,34734940.27367404,9.951613364076481,0.5604531755544256,0.0,0.0,37393301.46666667,38260334.666666664,36526268.266666666,4.63737175372383,0.1426864238493604,0.0,0.0,34824492.0,38678728.0,36751610.0,10.544013142715231,0.5057303185378373,753718.6941165121,1.372769264454034,497260.392197527,493618.2619935283,3642.130203998706,37211449.0,36336265.692307696,37009883.0075688,36512622.61537127,1.116087616823245,0.8468875155305068,0.2692001012927382,0.2133216152245395,24.46462906302201,-144110.0,60.47478471575896,51.95220082747172,8.522583888287237,37680480.0,36751610.0,37216045.0,35867898.0,49.999999927450624,30.440098900264477,23.992962317845702,14.300993173980162,28.247434134688515,34698192.0,36399652.0,68.0,40.0,28.0,36860943.58825604,38678728.0,0.0,1.0,53.06233045689987,0.0,0.2954159400724259,0.4812138720074275,19.739384296676533,43.900064104284965,40.350987057164396,55.43757022784064,-59.649012942835604,1442726.029411763,0.9311298945580178,1.3618862644727903,1.3591526566639995,0.002733607808790728,-3.7473757670373207,-2.6636446568199332,-1.0837311102173874,36841349.90125085,-1.0631800785539158,-1.0688722190359101,75.30539019667984
284,2023-10-12,36775112.0,36787864.0,35635476.0,35979856.0,18273010889172,9074480920020928.0,286802295064802,-0.14115821337440942,-2.601155076627389e+18,-4974531.814079103,428779.0650474937,28732547313147.793,37096262.88293386,57.61390849699936,945.7244898521632,36570434.4,38361656.7289651,34779212.07103489,9.796013410029962,0.33514653919560883,0.0,0.0,37263936.4,38100194.8,36427678.0,4.488298772429198,-0.26775336427113966,0.0,1.0,34824492.0,38678728.0,36751610.0,10.539213064420148,0.29976472639454355,793585.6247048608,1.8700285222525959,378258.8924566135,470546.38808614534,-92287.49562953186,37175630.666666664,36359573.07692308,36851417.314096674,36473158.42164006,1.0096170421029933,0.9532032358526088,0.0564138062503845,0.20661696753584893,24.56838626603151,-84730.39999999851,55.77779879863607,53.81715232411972,1.960646474516352,36808458.0,36751610.0,36780034.0,35867898.0,24.999999963725312,28.396086735954448,21.489158592947664,22.28761569938983,-38.71005364276169,34713086.0,36399652.0,64.0,36.0,28.0,36860943.58825604,38638798.08,0.0,0.0,45.322544119286604,0.0,0.09476997688569457,0.3013219322679969,15.08004634956866,39.03870727112179,11.316184134603379,35.59668557298445,-88.68381586539662,1157775.3470588252,-1.180510367628649,1.0370883927403087,1.2947398038792615,-0.25765141113895274,-1.3851759504690981,-2.4079509155497663,1.0227749650806681,36728118.9533014,-2.1587169263595385,-2.182358069638468,71.52104306568347
285,2023-10-13,35979820.0,36122616.0,35827180.0,36106524.0,12675108127971,9085775236099214.0,299477403192773,-0.04477649344169583,-2.0001999804872148e+18,-551876.73261449,239002.91421218816,28777170354339.336,37102878.75232681,50.33784839084022,949.0539370206174,36600704.0,38338280.9002732,34863127.0997268,9.494773107496492,0.3577962218759064,0.0,0.0,37096225.33333333,37804515.33333333,36387935.333333336,3.8186634550311105,-0.19865544715677003,0.0,1.0,34824492.0,38678728.0,36751610.0,10.530496899731764,0.3326293459974947,743770.6622343748,2.2426759702087367,290818.0263637975,434600.7157416758,-143782.68937787833,37144032.333333336,36389818.615384616,36736818.34269719,36446000.31633339,1.01251750926458,1.0608505399349524,-0.04833303067037242,0.19456334741248443,24.657462263276184,1259540.0,52.481824313386504,54.873443159649256,-2.3916188462627517,36808458.0,36751610.0,36780034.0,35867898.0,12.499999981862656,26.49807544052371,20.88736247284469,21.66345907658745,-51.7195595508136,34713086.0,36399652.0,60.0,32.0,28.0,36860943.58825604,38518665.1968,0.0,0.0,46.65950383440763,0.05139754221648184,0.01713251407216054,0.1357728103434269,11.755042014586882,44.76009420274429,15.478442140184251,22.38187111065068,-84.52155785981574,801294.3823529407,-1.0392563618890291,0.7979422264161767,1.1953802883866445,-0.3974380619704677,-2.5330647566314712,-2.4329736837661073,-0.1000910728653639,36679854.23512679,0.35205254851491397,0.35143429415889216,72.12488726903561
286,2023-10-14,36101236.0,36658180.0,36111152.0,36346540.0,20519654033316,9082914935238292.0,319997057226089,-0.053859984966710975,-1.0108792286375597e+18,1092389.614074679,312312.3106555807,28913573550683.03,37084928.179570764,51.82574899660792,949.0539370206174,36642986.2,38311226.796263635,34974745.60373637,9.105374693854138,0.41115004614323764,0.0,0.0,36999748.666666664,37704391.86666667,36295105.46666667,3.808908035285209,0.03649686347170554,0.0,0.0,34824492.0,38678728.0,36751610.0,10.518345800102939,0.39490264737291647,724559.1960109373,2.4841613473577966,238142.6352498904,395309.09964331874,-157166.46439342835,37017890.333333336,36431025.84615385,36676775.52074377,36438632.88549388,1.0136934331753444,0.9901873353469374,0.02350609782840707,0.1804012518002524,24.57574106570339,662329.799999997,50.457672037368994,55.22299721976586,-4.7653251823968645,36808458.0,36751610.0,36780034.0,35867898.0,6.249999990931328,25.303170673162413,24.949515561265006,20.508533010406047,-26.556676455014248,34713086.0,36399652.0,56.00000000000001,28.000000000000004,28.000000000000004,36860943.58825604,38403337.628928,0.0,0.0,49.194507835434244,0.1488522176925647,0.0667499199696821,0.059550803642512286,9.752482819670085,41.17188316489405,23.365268469387352,16.719964914725,-76.63473153061264,517457.9117647037,-3.9981358810048877,0.6535443741762724,1.08701310554457,-0.43346873136829756,0.755085315974303,-1.7953618838180254,2.5504471997923286,36663031.65479919,0.664744133220907,0.662544452193714,73.26907735896961
287,2023-10-15,36351720.0,36490808.0,36281880.0,36345636.0,7290472233315,9080073951323510.0,312706584992774,-0.032658506851858234,-8.674094226748965e+17,4808.758236509868,241983.28029412983,28913392224292.707,37080139.36047588,51.83718718661436,949.0303324420504,36706753.8,38219951.22469184,35193556.375308156,8.244790225453503,0.3806772354659744,0.0,0.0,36895302.53333333,37556094.13333333,36234510.93333333,3.5819822829911994,0.08408480575923627,0.0,0.0,34824492.0,38678728.0,36751610.0,10.500073150026141,0.39466810024087784,672996.0764098435,2.7044803507930473,194086.75178173184,355064.63007100136,-160977.87828926952,36937917.0,36468903.84615385,36625830.979090884,36431744.22730915,0.9906570062341779,1.0145116070427274,-0.02385460080854951,0.16509423126394107,24.312374505072018,599802.200000003,48.32588030005282,55.09210832822596,-6.766228028173138,36808458.0,36751610.0,36780034.0,35867898.0,3.124999995465664,24.193616246326922,24.41855851650708,20.0720856552345,-34.17293311586929,34882571.0,36399652.0,52.0,24.0,28.0,36860943.58825604,38292623.16377088,0.0,0.0,49.18502654548,0.14848772279030364,0.11624582756645001,0.06670942053609745,8.138243765590584,40.2382297029838,23.335563403885054,20.726424671152223,-76.66443659611494,270358.78235293925,-2.572501999446942,0.5327407619321308,0.9761586368220823,-0.44341787488995144,-3.7142775379316815,-2.1791450146407567,-1.5351325232909248,36636685.63580172,-0.0024871693426686825,-0.0024872002732934106,73.26476786359723
288,2023-10-16,36340636.0,36925424.0,36286352.0,36748924.0,9604367226336,9084373217354838.0,322310952219110,-0.041652038408368106,-1.901614980106839e+17,1460839.843600245,-218092.1203139745,29019961443496.207,37039116.50462288,51.032896571712826,949.0303324420504,36782925.0,38134994.28091979,35430855.71908021,7.351613722507333,0.4874263099976394,0.0,0.0,36835646.66666667,37457194.266666666,36214099.06666666,3.3747071450897184,0.4302365042784624,0.0,0.0,35314296.0,38678728.0,36996512.0,9.146722290301817,0.42641016373640483,669603.6687688592,2.77131985894545,189529.34163680673,321957.57238416246,-132428.23074735573,36891447.666666664,36491516.615384616,36644768.36692306,36455239.02528625,0.9800987822634175,1.1006164843647777,-0.12051770210136015,0.15155313177179547,24.175983345058235,800603.0,46.9200010660266,54.4568754585837,-7.5368743925571025,36718188.0,36751610.0,36734899.0,35867898.0,1.562499997732832,23.787106138415844,27.274074188698087,18.757157225764537,-15.615721837433352,34922279.0,36399652.0,48.0,20.0,28.0,36860943.58825604,38186337.27722004,0.0,0.0,53.49143573536945,0.3918566174449152,0.2297321859759278,0.13757597783735317,7.966872676802547,40.661510546187124,36.58744001482624,27.762757296032888,-63.41255998517376,107432.22941176593,-1.49472923740267,0.5198960333392534,0.8849061161255165,-0.3650100827862631,-6.112200918199606,-2.965756195352527,-3.146444722847079,36637759.48167195,1.1095912587689938,1.1034804566932621,75.1872985823381
289,2023-10-17,36752948.0,39831052.0,36700744.0,38448660.0,37524379825618,9088754914431094.0,359835332044728,-0.039430860597837826,8.948652897030361e+18,13847910.63097715,486120.4592332053,30755564348965.676,37178926.41230706,53.594625677929976,949.0303324420504,36930044.8,38333781.36875482,35526308.231245175,7.602138455866818,1.0409188710340016,1.0,0.0,36921284.666666664,37743691.86666667,36098877.46666667,4.454921909813644,1.428600414328409,1.0,0.0,35484992.0,39831052.0,37658022.0,11.768358320540138,0.6819206361624092,915674.1018919733,2.7434940652506214,319390.3183991909,321444.1215871682,-2053.80318797729,36963542.0,36578917.692307696,36922290.1566272,36602899.83822801,0.9649102925858771,0.900373241260726,0.06453705132515108,0.14867515794351277,24.604732054883215,-11228.79999999702,45.72852472276041,53.25398063484283,-7.525455912082421,37733264.0,37327772.0,37530518.0,36444060.0,17.91205942928849,25.800237825617387,44.10810970108553,13.939970897166374,155.27622572475363,34996091.5,36399652.0,100.0,16.0,84.0,35635476.0,38186337.27722004,1.0,0.0,66.41150822310497,1.0,0.5134481134117396,0.2864753756513723,12.474935324351101,48.336328796299775,67.05119869119282,42.32473403663471,-32.948801308807184,399743.03529411554,2.3018914030635975,0.8725820080124366,0.8824412945029005,-0.00985928649046397,6.778016607620542,-1.017001634757913,7.795018242378456,36705137.820912346,4.625267395584154,4.521489857057759,83.29017958487167
290,2023-10-18,38452208.0,38726332.0,38026924.0,38457824.0,20128452552941,9093428437849438.0,379963784597669,0.004108535958231554,7.696624931625332e+18,384756.09407283686,658489.0563350945,30760361840976.977,37277948.68723667,61.600147285025066,949.2565279444814,37070289.8,38495918.10485071,35644661.495149285,7.691487239739423,0.9866395382579407,0.0,0.0,37003404.13333334,37874556.13333333,36132252.13333333,4.708496531081314,1.3347681384343186,1.0,0.0,35635476.0,39831052.0,37733264.0,11.31789371660105,0.672696192370249,894047.491702776,2.715509278016791,418224.5045418069,340800.1981780959,77424.30636371096,37091792.666666664,36687030.615384616,37158526.132530704,36740301.6279889,1.0820406153208144,0.9072875123542303,0.17475310296658408,0.15277374961840337,24.97941766072161,499858.200000003,45.13402076665473,51.73364546444538,-6.599624697790652,37733264.0,37327772.0,37530518.0,36444060.0,42.5214346244142,27.669574392304533,41.54107151677211,13.128681594048416,148.42728945096513,35201583.0,36399652.0,96.0,12.0,84.0,35719387.52,38186337.27722004,0.0,0.0,66.4655974634017,1.0,0.797285539148305,0.513488612845324,15.898901559026642,51.15687241085981,67.2696192370249,56.96941931434799,-32.730380762975095,768018.1529411748,4.1686277263062825,1.1383262684572026,0.933618289293761,0.20470797916344163,7.562342081498169,0.6988671084933036,6.863474973004866,36768740.05478413,0.02383438070403532,0.02383154076674998,83.33386566406702
291,2023-10-19,38454824.0,39037536.0,38250860.0,38394472.0,17245492927737,9082479462752010.0,362718291669932,-0.05132070652729806,6.441030445970571e+18,1220555.9922352487,751110.5219924807,30731953149212.254,37366403.814289615,62.05992826537074,947.6928071380639,37168291.2,38672894.36677439,35663688.03322562,8.096165404420768,0.9074764785417545,0.0,0.0,37105253.733333334,38006474.13333333,36204033.33333333,4.857643106158819,1.2152624744550091,1.0,0.0,35635476.0,39831052.0,37733264.0,11.288051897311867,0.6575964778137734,883310.3425324984,2.708832219915199,485838.8839465156,369807.9353317799,116030.94861473574,37160486.333333336,36798312.92307692,37348671.6506029,36862832.766656384,1.104134072036352,0.8833543084905234,0.2207797635458285,0.1606866496262894,25.349168354920934,431756.799999997,44.145134704457895,49.938404602789234,-5.793269898331339,37733264.0,37327772.0,37530518.0,36444060.0,63.04341996165099,29.571894734216244,41.410568953671444,12.264111959840186,149.85071377737248,35328592.0,36399652.0,92.0,8.0,84.0,35801620.8096,38186337.27722004,0.0,0.0,65.67818648826517,0.9627579346123296,0.9875859782041099,0.7661065435880513,18.347439500502627,49.684457740125346,65.75964778137734,66.69348856986504,-34.24035221862266,1117224.200000003,2.194093033650014,1.317964050733433,1.0104874415816956,0.30747660915173736,6.762935649976212,1.9116808167898856,4.851254833186326,36825770.58439032,-0.16473110907159194,-0.16486693995396706,83.03185775385478
292,2023-10-20,38399996.0,39088364.0,38236036.0,38971628.0,19605437048233,9096714525251332.0,382323728718165,-0.028751464812014023,7.137368328690485e+18,78262.00771883782,719068.949333431,31026667336843.48,37493721.48824195,69.69034199836292,947.6928071380639,37296388.8,38949718.78142448,35643058.81857552,8.865898466955496,1.0066257851795095,1.0,0.0,37253315.6,38148119.2,36358512.0,4.803887039788756,1.4601617606366333,1.0,0.0,35635476.0,39831052.0,37733264.0,11.249282128890721,0.7951594727398574,880212.1082792487,2.6260466184097986,579317.4218397066,411709.83263336524,167607.58920634136,37274784.666666664,36931802.615384616,37598357.24281784,37019039.820978135,1.1139023053131778,0.900635341930035,0.21326696338314277,0.1735713242346129,25.61299228110553,258399.20000000298,44.57900637867446,48.17220700977984,-3.5932006311053826,37733264.0,37327772.0,37530518.0,36444060.0,77.72194626256746,31.365964867460512,38.88124003246303,11.389006784436438,157.20549465855763,35370923.0,36399652.0,88.0,4.0,84.0,35882209.433408,38186337.27722004,0.0,0.0,69.25205237951008,1.0,0.9875859782041099,0.9241524985188415,21.62833427403373,53.314091413680714,79.51594727398574,70.84840476412933,-20.48405272601426,1472531.7529411763,3.647814492151712,1.5649174712289975,1.1213734475111559,0.44354402371784163,7.122375385690198,2.9538197305699483,4.168555655120249,37040618.734295174,1.5032268186941034,1.4920403305602292,85.78324172636478
293,2023-10-21,38989276.0,40668824.0,38859516.0,40081776.0,29080875982523,9106924241559782.0,411404604700688,0.007257785300178332,1.0729755183198409e+19,6856062.857110061,1206665.685531681,31855066815311.406,37782254.16317576,71.28764256027475,947.6928071380639,37476192.4,39482287.385532774,35470097.41446722,10.705970148305544,1.1494168069783632,1.0,0.0,37547832.0,38559920.0,36535744.0,5.390926432183887,1.7518397609694019,1.0,0.0,35635476.0,40668824.0,38152150.0,13.43078812883883,0.883368286873866,973121.6974513239,2.6180497866115053,734512.4994273633,476270.36599216494,258242.13343519834,37485367.0,37124552.307692304,37980421.66699971,37245909.16757235,1.1612065524602428,0.7824886356474651,0.3787179168127778,0.19480719180595688,25.9837149362503,-307324.3999999985,49.57235321474423,47.48271305601408,2.0896401587301554,38248002.0,37746658.0,37997330.0,36862946.0,88.86097313128373,33.74666784348356,45.678995214252126,9.791749519539191,229.0722800504561,35312506.0,36399652.0,100.0,0.0,100.0,35961186.28473984,38186337.27722004,0.0,0.0,74.70751800112137,1.0,0.9875859782041099,0.9875859782041099,26.586025930953834,55.94118352461812,88.3368286873866,77.8708079142499,-11.663171312613393,1975281.9176470563,6.728803794605365,1.9720622098999712,1.291511199988919,0.6805510099110521,11.295267306008292,4.622109245657617,6.673158060350675,37686883.503134415,2.848605657428527,2.8087872969180694,91.07547366073612
294,2023-10-22,40082360.0,40898096.0,39810096.0,40399728.0,15584357022570,9108231494095910.0,426988961723258,-0.021845387056628283,9.904801226175803e+18,4118485.524108937,1474524.9464161678,31978691015098.367,37952095.62719945,72.19777912318837,955.2104586367191,37603166.6,39978001.384930976,35228331.81506903,12.631036158167458,1.0887907272002675,1.0,0.0,37971322.8,38976972.0,36965673.6,5.296887892459725,1.7073818584054963,1.0,0.0,35635476.0,40898096.0,38266786.0,13.995151142404055,0.9053004017010539,984609.5277061915,2.61159868501342,873097.2639256418,555635.7455788604,317461.5183467814,37754605.333333336,37323561.07692308,38352622.64130745,37479525.37738181,1.1763992496487445,0.7567983604553419,0.41960088919340266,0.2219537362225727,26.348381615568663,-829470.6000000015,55.338993506473486,47.80017629969041,7.538817206783072,38504624.0,38106196.0,38305410.0,36977582.0,94.43048656564187,36.04142429012814,43.63028347109147,8.976488677444575,211.61945835077697,35229790.0,36399652.0,100.0,0.0,100.0,36149491.79335024,38186337.27722004,0.0,0.0,76.01981914849635,1.0,1.0,0.9917239854694064,30.97861704312609,56.002007156135086,90.53004017010538,86.12760537715924,-9.469959829894615,2243427.2235294133,8.692382022503349,2.3295312710991256,1.4991152142109605,0.8304160568881651,8.699936882966492,5.437674773119392,3.2622621098471,38831837.73301427,0.7932582628075169,0.7901285099038091,92.59119564374852
295,2023-10-23,40400056.0,40779200.0,40132232.0,40501948.0,14106350360403,9110247559155888.0,441095312083661,0.042827230831720894,8.69582264155646e+18,466065.89571564953,1520022.9221456177,32014383115150.137,38110904.86297325,76.86890872090382,957.6273465197721,37762998.2,40446372.83267748,35079623.56732252,14.211660941039794,1.0103554618586863,1.0,0.0,38416558.13333333,39457360.53333334,37375755.733333334,5.418509364569635,1.5018183406699768,1.0,0.0,35635476.0,40898096.0,38266786.0,13.935916772625326,0.9247241868118922,950845.3749355724,2.6026819046320413,979879.5464935154,640484.5057617915,339395.0407317239,38065293.0,37515702.76923077,38683288.081106305,37703408.53461279,1.2113033528471004,0.7760054918068718,0.4352978610402286,0.2518922627146335,26.50484296226771,-1783142.200000003,62.026740372721065,49.08562833695175,12.941112035769315,38589988.0,38191544.0,38390766.0,36977582.0,97.21524328282094,38.172269562012396,41.42175321634179,8.522105958645836,172.81606914085026,35229790.0,36399652.0,96.0,0.0,96.0,36434408.045749225,38186337.27722004,0.0,0.0,76.44299524425294,1.0,1.0,0.9958619927347031,34.560921218272426,55.62936149306565,92.47241868118921,90.44642917956041,-7.527581318810783,2519767.647058822,10.138366293124303,2.5989150174418802,1.7190751748571445,0.8798398425847358,5.900843086538508,5.5303084358032155,0.37053465073529246,39536507.168448016,0.2530215054913132,0.2527019450045742,93.07849278641007
296,2023-10-24,40700164.0,46175548.0,40699992.0,44407904.0,51491079129615,9128493467538646.0,492586391213276,0.09429273458453943,3.6185260760304746e+19,31711131.225122742,3863450.4275836684,36980116849063.24,39172981.898670025,85.64443952910352,957.6273465197721,38118065.6,42053226.93175153,34182904.268248476,20.647224720404097,1.299184311612507,1.0,0.0,39155477.2,40689132.4,37621822.0,7.833668797682278,2.21238841690101,1.0,0.0,35635476.0,46175548.0,40905512.0,27.651119840666833,0.8322929862338702,1423120.837442015,2.556512759662149,1363960.394129388,785179.6834353108,578780.7106940772,38767630.333333336,37852432.76923077,39563998.22247457,38200037.82834518,1.1988337165543788,0.5279545902323212,0.6708791263220576,0.3026608951511756,27.11174170179434,-2011541.6000000015,77.62411618305126,52.34098787950714,25.283128303544117,41230950.0,40905512.0,41068231.0,39616308.0,98.60762164141047,41.31256401479833,58.787435043609136,5.765765368484218,272.4440745855803,35229790.0,36399652.0,100.0,52.0,48.0,36702229.32300427,38186337.27722004,0.0,0.0,86.35310780901823,1.0,1.0,1.0,43.48974966614729,61.17971189462394,83.22929862338701,88.7439191582272,-16.770701376612987,3256139.694117643,23.42435167055699,3.570573412148044,2.0893748223153246,1.4811985898327196,18.16337489205081,8.056921727052735,10.106453164998076,41640636.26597633,9.64387194413463,9.206739989165058,111.69873538239669
297,2023-10-25,44395920.0,47243012.0,44239472.0,45568060.0,60398481072335,9121528399819176.0,552984872285611,0.03945978014191022,4.10261749669692e+19,11454874.63930445,4797838.181113125,38558026497916.65,40442225.66535252,91.72021924300348,957.6273465197721,38517292.2,43605642.07173304,33428942.32826696,26.421119352377744,1.1928344136837605,1.0,0.0,40086551.2,41899667.6,38273434.8,9.046008427883924,2.0116262805851832,1.0,0.0,35635476.0,47243012.0,41439244.0,30.135908671170814,0.8557013305838552,1581162.7536978135,2.438739816513081,1741882.7859338,976520.3039350087,765362.4819987913,39556091.666666664,38203725.692307696,40487700.03440156,38745817.24846776,1.3581023230739147,0.5069053779172812,0.8511969451566335,0.3704381440662047,27.673816452280594,-2170752.200000003,96.33429284743946,57.831464744108565,38.50282810333089,41971878.0,41439244.0,41705561.0,40150040.0,99.30381082070524,44.34614879847503,55.16816698528555,4.868116821791015,265.72862718464233,35366112.0,36399652.0,100.0,48.0,52.0,37460094.81716393,38186337.27722004,0.0,0.0,87.9716968975471,1.0,1.0,1.0,50.868374875475666,58.41430540015242,85.57013305838552,87.09061678765391,-14.429866941614483,4387611.976470582,26.20450531322262,4.495666654192678,2.5706331886907954,1.9250334655018824,27.557352879953385,11.957007957632866,15.600344922320518,43343685.74716908,2.6124988920891212,2.578956088925821,117.2293624988285
298,2023-10-26,45587572.0,47494456.0,45515484.0,46684732.0,34170860067580,9127736291742324.0,587155732353191,0.0875259364552739,4.061638463645712e+19,4423056.149675187,5469094.464238432,39395403438110.83,41266246.25843434,96.83385212394666,981.0945655388159,39005588.0,45151152.46625585,32860023.53374415,31.511200222162277,1.1247712510514492,1.0,0.0,41077683.599999994,43024790.0,39130577.2,9.480117812680163,1.9398412947541035,1.0,0.0,35635476.0,47494456.0,41564966.0,30.403284780631946,0.931720603289659,1620943.6783280321,2.045843465244456,2107204.5597300306,1202657.155094013,904547.4046360175,40417607.666666664,38598920.15384615,41441089.56757055,39333885.00784052,1.4529697344155175,0.48936707201767443,0.9636026623978431,0.45141355305665637,28.15943308592291,-2659952.0,117.90245122932204,65.8507899115043,52.05166131781775,42760690.0,41564966.0,42162828.0,40275762.0,99.65190541035261,47.189512053901595,50.94402828372447,4.383838703545163,220.71987525511466,35366112.0,36343574.0,100.0,44.0,56.0,38438386.53544754,38186337.27722004,0.0,0.0,89.28857079386165,1.0,1.0,1.0,56.98290639558851,60.217252730092696,93.05987104444945,87.286434242074,-6.94012895555055,5423464.447058819,28.443400664822565,5.3572245897144315,3.127951468895523,2.2292731208189087,26.327554860301007,14.831117338166495,11.496437522134512,44795011.10763276,2.4505585710693056,2.42101408153772,122.5526952604227
299,2023-10-27,46686716.0,47301572.0,45854332.0,46157296.0,26252774893200,9112474984322028.0,560902957459991,0.04055129090121445,3.2835949891453276e+19,402328.7828036737,5537252.001054014,39098804143536.97,41823481.74576998,91.96999550807642,970.0103294063363,39434945.4,46279495.01015699,32590395.789843004,34.71311822917849,0.9910732614184247,0.0,0.0,41888775.06666667,43667574.666666664,40109975.46666666,8.492965464705104,1.6998318791316722,1.0,0.0,35635476.0,47494456.0,41564966.0,30.072261745796663,0.8872449401213258,1603573.310495229,1.6565200602148544,2327336.9288327247,1427593.1098417556,899743.8189909691,41235246.0,38970904.461538464,42166659.78794432,39839322.85911159,1.4363331966009598,0.49450941650214664,0.9418237800988132,0.5334458355650906,28.25494848623512,-2686021.3999999985,135.27371186323705,75.86631114445788,59.40740071877917,42865246.0,41564966.0,42215106.0,40275762.0,99.8259527051763,49.829777933940555,47.242727264399434,4.065334117068006,171.5970524865581,35366112.0,36343574.0,96.0,40.0,56.0,39525114.87119383,38186337.27722004,0.0,0.0,84.57848771927962,0.8825519498872696,0.9608506499624232,0.986950216654141,59.55725119919435,56.177481687546454,88.25332258542862,88.96110889608786,-11.746677414571376,6345510.588235296,26.995428006817658,5.841808449062138,3.670722864928846,2.171085584133292,22.972827180254367,16.45945930658407,6.513367873670298,45263830.81170659,-1.1297826449983672,-1.1362131689619304,120.03833353339432
300,2023-10-28,46157096.0,46417712.0,45348664.0,45989148.0,22266464540569,9116888920053106.0,538636492919422,0.04423214148663772,2.761023398130744e+19,-3335671.2886266764,5220961.936575347,39017688874575.64,42380151.3499614,85.4991595801533,966.4766454386053,39854400.4,47207102.89829709,32501697.90170291,36.89782018799153,0.9171763784418607,0.0,0.0,42640256.53333333,44456020.13333333,40824492.93333334,8.516663583299758,1.4221716600846799,1.0,0.0,35635476.0,47494456.0,41564966.0,29.755760671285874,0.8730659803794255,1550120.7794457062,1.3269652079545458,2459869.4353509843,1634048.3749436014,825821.0604073829,42005264.666666664,39283554.615384616,42754734.89749134,40294865.46214036,1.392450509686023,0.567689627704052,0.824760881981971,0.6101092012568439,28.067541675664458,-1405740.3999999985,152.45453775793442,87.90068926151083,64.55384849642358,42865246.0,41564966.0,42215106.0,40275762.0,99.91297635258815,51.61604000394179,44.66144652702354,6.427662031056267,133.2536188164205,35941400.0,36343574.0,92.0,36.0,56.0,40481435.80665057,38186337.27722004,0.0,0.0,83.07394626845102,0.8450355288569934,0.9091958262480876,0.9566821587368368,60.89579486284418,55.6674511515003,86.57482455414349,89.29600606134052,-13.42517544585651,7125563.3999999985,25.14420286155861,6.104672163906817,4.15751272472444,1.9471594391823768,19.00829372051623,16.969226189370502,2.0390675311457294,45495915.228416584,-0.36429343694656113,-0.36495860141272374,119.23674832556559
301,2023-10-29,45986332.0,46653140.0,45941688.0,46232964.0,13779643871485,9114392341092004.0,552416136790907,0.03673540171790448,2.4145871648287805e+19,2138675.853313186,5373381.014795109,39090743014438.59,42642728.9890366,85.840360754604,971.6005166132628,40288309.2,48059325.730891995,32517292.66910801,38.57702983917722,0.8824888787952201,0.0,0.0,43411753.99999999,45219995.2,41603512.8,8.330652569347938,1.280097809960307,1.0,0.0,35635476.0,47494456.0,41564966.0,29.43528838882124,0.8936255900591787,1466253.9015011354,0.8273868844440968,2555122.454015143,1818263.19075791,736859.2632572332,42653956.666666664,39626925.692307696,43289847.067108065,40734724.61309292,1.4020137729903908,0.5598057777218821,0.8422079952685086,0.6793709596500365,27.893300961211217,-1830485.200000003,170.51760912240024,101.89386734414704,68.6237417782532,43176986.0,41564966.0,42370976.0,40275762.0,99.95648817629407,53.31917158779151,44.2254390600227,6.185445195784441,120.0575367007038,36309754.0,36343574.0,88.0,32.0,56.0,41322998.229852505,38186337.27722004,0.0,0.0,83.53140914968903,0.8391725585087891,0.8555866790843506,0.9085443850982869,62.07589923470539,55.22872488253715,88.74482249629375,87.85765654528863,-11.255177503706246,7375593.200000003,20.245969560447623,6.272590469885926,4.580528273756737,1.6920621961291884,13.150622396743932,16.20550543084519,-3.054883034101257,45740370.28795479,0.5301598542334363,0.5287594542700447,120.39905355091456
302,2023-10-30,46232688.0,47119508.0,46040368.0,46841244.0,15135681332808,9121722334135262.0,567551818123715,0.06618761009755925,2.2011708875835326e+19,2014332.5077751062,5412916.205093314,39289880846940.98,42957065.85088807,86.15032805009497,971.6005166132628,40771928.0,48901820.83859889,32642035.161401108,39.87985477948893,0.8732715867535339,0.0,0.0,44201923.733333334,46032846.13333333,42371001.33333333,8.284356178911173,1.2207624601312066,1.0,0.0,35635476.0,47494456.0,41564966.0,29.08613985583414,0.9449183656604531,1427542.511351022,0.5644194041582578,2649156.443521075,1984441.841310543,664714.602210532,43352575.0,39993644.461538464,43836215.82601452,41187059.382493444,1.3985642635456774,0.5665610109581303,0.8320032525875471,0.7419527021450779,27.749973976968608,-2377456.0,189.59296863325702,117.45171350175957,72.14125513149745,43652276.0,41564966.0,42608621.0,40275762.0,99.97824408814704,54.98851462217163,44.16694227458326,5.826774128710943,109.33499369386315,36309754.0,36343574.0,84.0,28.000000000000004,56.0,42063573.1622702,38186337.27722004,0.0,0.0,84.64631642710292,0.8033808214778462,0.8291963029478762,0.8646596027601046,63.4023195317426,55.91362546669365,93.94821725834449,89.75595476959391,-6.051782741655512,7205904.694117643,21.79899725995938,6.43201161539369,4.950824942084128,1.481186673309562,8.623337417804313,14.689071828237015,-6.065734410432702,46105881.108149245,1.3156846270985456,1.3071046717399781,123.2988100167546
303,2023-10-31,46832104.0,46993024.0,46033316.0,46457872.0,23139632782292,9119055740934840.0,544412185341423,0.07949052928479684,1.759988085085702e+19,-276917.8938441781,4403999.88189179,39100494602224.4,43662412.82001202,79.03361477745796,971.6005166132628,41256136.8,49528146.52727753,32984127.072722465,40.100748004488544,0.8144178604412732,0.0,0.0,44864393.6,46610356.0,43118431.2,7.783287635921589,0.9563323929541667,0.0,0.0,35635476.0,47494456.0,41564966.0,28.744766039267162,0.9125907961730266,1380759.0602159197,0.60532338058319,2662057.598336026,2119964.99271564,542092.6056203861,44024525.0,40334965.384615384,44239547.545089215,41577489.94675319,1.4189115093939169,0.6624680102000478,0.7564434991938691,0.7933563502002904,27.537748343228618,-2284508.799999997,205.05001768924322,134.08627174428955,70.96374594495367,43813344.0,41564966.0,42689155.0,40275762.0,99.98912204407353,56.528325472551295,41.84315782172532,5.558867096496866,92.40693557911874,36432205.0,36343574.0,80.0,24.0,56.0,42715279.10279778,38186337.27722004,0.0,0.0,80.92770277361664,0.6458817479619258,0.7628117093161869,0.8158648971161377,63.27343073687882,51.44674044531365,89.0511698296874,90.5814031947752,-10.9488301703126,6882360.3999999985,21.001460835299415,6.402641433490161,5.241188240365335,1.1614531931248262,7.543333741566649,13.259924210902943,-5.716590469336294,46199022.9109297,-0.8184496551799536,-0.8218173421731478,121.47122167615154
304,2023-11-01,46454792.0,46957692.0,45979596.0,46866904.0,21303394013231,9136404323690948.0,565715579354654,0.13138768276697763,1.6330436423594576e+19,-204430.81730991672,4361915.102507307,39288057430328.53,44125775.09165097,79.32082846573178,980.1548408946538,41800489.2,50044831.54399934,33556146.85600067,39.44615243402143,0.8072661583302396,0.0,0.0,45487602.66666667,47222574.666666664,43752630.66666667,7.628329031599566,0.8974995946140154,0.0,0.0,35827180.0,47494456.0,41660818.0,27.911816878927816,0.9462126378085167,1340492.7541943279,0.60532338058319,2674457.8353182673,2230863.5612361655,443594.2740821019,44682464.666666664,40717584.15384615,44643756.23046011,41969298.39514184,1.3511411570943697,0.6183039761319423,0.7328371809624273,0.8351438540317694,27.273349096909392,-1718713.200000003,219.34217463578304,151.5657644401853,67.77641019559775,44097224.0,41564966.0,42831095.0,40275762.0,99.99456102203676,57.87433583306795,39.55877744587694,5.555233126739278,83.62457587700251,36474879.0,36171008.0,76.0,20.0,56.0,43288780.330462046,38186337.27722004,0.0,0.0,81.84415743138507,0.6846974930131909,0.7113200208176543,0.767776011027239,63.44772276627331,55.756800040212624,93.22182402612972,92.07373703805388,-6.778175973870272,6549005.094117641,20.259035624583095,6.372414926116204,5.467433577515509,0.9049813486006952,5.998037173250243,11.807546803372404,-5.809509630122161,46376860.2783805,0.8804363660909864,0.8765831254887502,123.42113485221434
305,2023-11-02,46852704.0,47918900.0,46228824.0,47779036.0,30263668039599,9161658988979558.0,595979247394253,0.15521593224287378,1.794101122826614e+19,3379842.837390418,4516149.877161248,39877054306595.32,44636429.80748468,80.26409700326104,980.1548408946538,42384114.8,50586008.5904215,34182221.009578496,38.70267825162413,0.828882654290184,0.0,0.0,46171382.0,48010664.8,44332099.2,7.9671983827557815,0.9370328478035033,0.0,0.0,36111152.0,47918900.0,42015026.0,27.858899627178246,0.9881548962596424,1375451.078774895,0.603720204401326,2726457.635400437,2329982.37606902,396475.2593314168,45323903.0,41110233.692307696,45126106.96423547,42399649.32883503,1.338441680156621,0.605028059626903,0.733413620529718,0.8712439108694332,27.241889886082618,-1984386.799999997,235.43410087513575,169.10020718375026,66.3338936913855,46079186.0,41777188.0,43928187.0,40487984.0,99.99728051101837,59.32391692456695,41.155585180440156,5.042920001876363,86.22503909924745,36526030.0,36087282.0,100.0,16.0,84.0,43793461.410806604,38186337.27722004,0.0,0.0,83.72252314726998,0.7222048495907916,0.6842613635219693,0.7194643645519366,64.18868184031842,60.90713308759645,98.55555133274618,93.60951506285444,-1.4444486672538208,6468512.188235298,19.20388956816684,6.430377794531039,5.660022420918615,0.770355373612424,7.691275819008271,10.984292606499578,-3.2930167874913066,46769167.470110394,1.9462177403482883,1.9275211181337681,127.76939661439562
306,2023-11-03,47784868.0,48184396.0,45898600.0,46618620.0,28018157917905,9151292129833766.0,567961089476348,0.13774893017435455,1.0733335518733314e+19,-264034.13800706965,4491700.15246654,39196573462685.8,45100184.00862512,73.32574454342648,956.3496858502613,42897718.8,50804149.75452916,34991287.84547083,36.86177808843843,0.7353085242506608,0.0,0.0,46485321.06666667,48005627.86666667,44965014.266666666,6.541018821058205,0.5438394846794521,0.0,0.0,36281880.0,48184396.0,42233138.0,27.746267943739706,0.8684499983028798,1466485.5708974055,0.8864593899310409,2643558.6795058325,2392697.636756383,250861.0427494496,45842144.0,41457101.84615385,45355724.354353085,42712165.67484725,1.305660583800528,0.6194219191526749,0.6862386646478531,0.8939514283430513,27.374418731365942,-2395770.799999997,241.4847531447963,185.2280361056788,56.25671703911749,46766530.0,41909936.0,44338233.0,40768357.0,99.99864025550919,60.156946646350335,36.2820814352021,6.156493382277755,72.36220599468932,36666608.5,35867898.0,100.0,12.0,88.0,44371022.81329368,38186337.27722004,0.0,0.0,73.32863487605917,0.0,0.46896744753466074,0.621516277291428,61.3616164512275,59.197545615610686,83.208620379029,91.66199857930162,-16.791379620970993,6300109.576470584,15.393400668440144,6.189240554155736,5.76586604756604,0.42337450658969633,8.136440066183292,10.41472209843632,-2.2782820322530277,46758713.56277765,-2.4287137145253435,-2.4586933748459217,122.23753004133017
307,2023-11-04,46624268.0,46624268.0,45008980.0,45465136.0,22460677199165,9141517206095856.0,545500412277183,0.12010952265747772,5.498854476285465e+18,-8808836.243751163,3372778.7881193096,38640829174708.125,45537736.795070626,67.16259229026335,932.6867361311726,43353693.8,50730167.622118324,35977219.97788167,34.02927490399135,0.6431200225823924,0.0,0.0,46486915.733333334,47868397.333333336,45105434.13333334,5.943528746560442,0.13018699151210567,0.0,0.0,36286352.0,48184396.0,42235374.0,27.444129800999796,0.771453190120998,1481365.813807665,1.5687849640476943,2456467.5125854984,2405451.6119222064,51015.900663292035,46255743.0,41761346.0,45372556.91522184,42916089.40263634,1.2456531419341557,0.7460062201870943,0.4996469217470614,0.8989947552701395,27.44549148233532,1054210.200000003,242.41113862343036,199.06233470502417,43.34880391840619,46596688.0,41909936.0,44253312.0,41179340.0,49.999320127754594,59.6516738135519,33.28272181900088,10.200479071963187,46.12406147339527,36977658.0,35867898.0,96.0,8.0,88.0,44981162.523166694,38186337.27722004,0.0,0.0,64.72660207286995,0.0,0.24073494986359711,0.4646545869734089,55.96518107583093,55.061365302762624,67.52850984559903,83.09756051912474,-32.47149015440097,5873901.894117646,12.254195773497118,5.723884787215951,5.757469795496023,-0.03358500828007216,6.607004675704241,9.653178613889905,-3.046173938185664,46751670.067152046,-2.4742988960205214,-2.5054241654490994,116.73870928897428
308,2023-11-05,45470368.0,46150676.0,45313772.0,45923124.0,12515877610681,9147227015191950.0,558016289887864,0.12217152696897329,5.532178373267623e+18,-564360.7248102253,3038289.7703393702,38766906478318.53,45760962.62284111,67.05560658076345,942.0820524215987,43812403.8,50606997.539167404,37017810.06083259,31.016758496904966,0.6553235028485048,0.0,0.0,46410012.4,47677287.2,45142737.6,5.461212934302085,0.3078994390166987,0.0,0.0,36700744.0,48184396.0,42442570.0,26.210960832968492,0.8030877285379251,1416919.6324268985,1.881175481185515,2318426.837504491,2388046.6570386635,-69619.8195341723,46382011.333333336,42098048.15384615,45457259.54364925,43138832.70614476,1.221290876794745,0.7726616991079516,0.44862917768679345,0.8925124143219714,27.449171644080845,1755656.200000003,240.24732845713422,210.72606988212385,29.521258575010364,46596688.0,41909936.0,44253312.0,41433358.0,24.999660063877297,59.18249189738192,31.815210346230682,9.750716575155838,43.51212806700449,37130415.0,35867898.0,92.0,4.0,88.0,44981162.523166694,48184396.0,0.0,1.0,66.41139551113108,0.06859358292485848,0.02286452764161942,0.2441889750132923,52.19749687283299,56.81021088569156,71.91721380736905,74.21811467733237,-28.08278619263095,5467116.458823524,3.412050251234555,5.37433836770055,5.6808435099369285,-0.3065051422363787,1.9729735717065395,8.117137605453232,-6.1441640337466925,46735280.79959136,1.0073388980954556,1.0022990570767831,118.92200261487211
309,2023-11-06,45933352.0,46257760.0,45284384.0,45876884.0,16247317395243,9150759383255732.0,541768972492621,0.125720069319641,4.634542040464244e+18,232738.18026766286,3021623.504950228,38750547052153.27,45960615.13089088,67.3847748537631,942.0820524215987,44183815.0,50564503.45433013,37803126.54566987,28.882469539265145,0.6326713419812114,0.0,0.0,46346873.33333333,47566761.733333334,45126984.93333333,5.264166975089736,0.30736379928961893,0.0,0.0,38026924.0,48184396.0,43105660.0,22.989123958626028,0.7728261520189276,1372565.2691842087,2.161233121454573,2180165.831814185,2346470.491993768,-166304.66017958336,46407746.666666664,42448170.76923077,45521817.15231859,43341651.320504405,1.2038539992780912,0.7664163906563989,0.43743760862169234,0.8765952094033974,27.31511630972944,2500917.0,236.51539298065128,220.06616490687017,16.449228073781114,46596688.0,41909936.0,44253312.0,41504444.0,12.499830031938648,58.795101912936566,30.725878722747257,9.240396168652001,39.327561318506895,37216045.0,35867898.0,88.0,0.0,88.0,44981162.523166694,48126983.52,0.0,0.0,66.06827966706433,0.05462418788310422,0.04107259026932083,0.10155735592484565,49.142224305235466,55.97953336521011,69.16906142426303,69.53826169241037,-30.83093857573696,5095840.176470585,0.6777203155016913,5.030186357442211,5.550712079437986,-0.5205257219957744,-0.5498630978838329,6.38373746478582,-6.933600562669652,46727537.27119254,-0.10069001403302247,-0.10074074048169734,118.70157001971786
310,2023-11-07,45870908.0,45738436.0,45172288.0,45498724.0,16483405347004,9153284353484918.0,525285567145617,0.12226730885744697,3.081983953823205e+18,-1084354.7271770956,679088.794071668,38614675475390.93,46267717.43316067,59.558533406587145,942.0820524215987,44535860.0,50367313.07555173,38704406.92444827,26.187674721232433,0.5825578108513632,0.0,0.0,46302004.13333333,47471602.53333334,45132405.733333334,5.052042225351516,0.1566000204286638,0.0,0.0,38236036.0,48184396.0,43210216.0,22.337864363683558,0.7300387199498208,1305768.342265788,2.5095660634509054,2016829.877705671,2280542.369136149,-263712.49143047817,46308912.666666664,42814281.07692308,45518264.359654196,43501434.481948525,1.2241657266617398,1.0154482189010094,0.2087175077607304,0.8515045451435563,27.225869176170942,1621436.0,232.08823603473547,226.90734567490742,5.180890359828055,46596688.0,42005788.0,44301238.0,41504444.0,6.249915015969324,58.25986414990449,29.521430798880555,9.501814161915394,26.600906144936715,36780034.0,35867898.0,84.0,0.0,84.0,44981162.523166694,48013279.5392,0.0,0.0,63.19281322383001,0.0,0.04107259026932083,0.03500323606008688,45.74757949920469,55.166546983506706,31.92081773945455,57.66903099036222,-68.07918226054545,4533800.352941178,-2.5404622650505955,4.636237636123425,5.3678171907750745,-0.731579554651649,-2.5136705358413565,4.604255864660385,-7.117926400501742,46711045.61836248,-0.8242931233080286,-0.8277092043730505,116.89882801747862
311,2023-11-08,45512260.0,46842536.0,45252920.0,46252960.0,24578861945760,9159631004493530.0,549864429091377,0.15527104392480312,5.29002374878021e+18,3831074.333441372,134531.62936716247,39022121242848.55,46370645.14483439,54.934323999640014,942.0820524215987,44928784.4,50070247.596852764,39787321.20314723,22.887168061697064,0.6287741980542199,0.0,0.0,46286024.93333334,47543439.733333334,45028610.13333334,5.433237361864951,0.4868520183898991,0.0,0.0,38236036.0,48184396.0,43210216.0,22.14250871207635,0.8058538291738537,1334153.1080392092,2.6507778275599243,1926043.2711795568,2209642.549544831,-283599.27836527396,46316884.666666664,43204528.615384616,45631294.45816893,43705251.186989374,1.048830010623178,1.0146226628840802,0.03420734773909784,0.8233848139033243,27.236263149649247,1060363.6000000015,224.1355776654456,230.7454133451506,-6.609835679705014,46596688.0,42147774.0,44372231.0,41504444.0,3.124957507984662,58.26704487027887,32.99416244201369,8.675552515908645,40.21579991156807,36780034.0,35867898.0,80.0,0.0,80.0,44981162.523166694,47842820.046848,0.0,0.0,66.33949141727898,0.12058198291444178,0.05840205693251526,0.04684907915705216,43.75554245525722,54.58661538794798,39.175339546062624,46.75507290326007,-60.824660453937376,4078762.8823529407,0.2072565082668621,4.406892121358911,5.175632176891842,-0.7687400555329305,-1.0147507071870596,3.4804545502908963,-4.495205257477956,46709023.59306286,1.6577080271525935,1.6441180302898317,120.49437730032425
312,2023-11-09,46221532.0,47120832.0,46060848.0,46676900.0,22641682174037,9163307556531858.0,572506111265414,0.1332075775301897,5.905551033363215e+18,2542611.568270039,214.15926679476564,39229647739333.555,46367248.04697224,53.17015905548991,950.716878501997,45314048.0,49713431.00151646,40914664.99848354,19.41730300288538,0.6548912653808757,0.0,0.0,46281273.6,47536772.8,45025774.4,5.425517071336599,0.6575574082404841,0.0,0.0,38859516.0,48184396.0,43521956.0,20.57834250429359,0.8383361501702971,1306736.1972352883,2.7215246788631466,1866783.5279333964,2141070.7452225443,-274287.2172891479,46374197.333333336,43601850.15384615,45792156.84921986,43925373.32128646,1.0239357847381696,1.0138336219553514,0.01010216278281817,0.7948236034508118,27.327635754431185,918916.0,213.7562408504337,231.71277147417175,-17.956530623738047,46596688.0,42233138.0,44414913.0,41504444.0,1.562478753992331,58.3863050054401,32.598049518525116,8.16564288798902,55.691495351133774,36780034.0,35867898.0,76.0,0.0,76.0,44981162.523166694,47682588.12403712,0.0,0.0,67.99568124877935,0.22387336834650964,0.11481845042031706,0.07143103254071757,42.584229564101605,50.88384369625543,52.5260312349626,41.207396173493265,-47.4739687650374,3963751.376470588,1.4954658433767898,4.249897921820834,4.990485325877641,-0.7405874040568072,-0.5555243041083566,2.673258779411046,-3.228783083519403,46708813.89515544,0.9165683666515712,0.9123933705360798,122.51535901290436
313,2023-11-10,46648568.0,49633904.0,46607548.0,48332116.0,49740923069112,9170256331710706.0,622247034334526,0.12165695292475348,1.682361113127751e+19,9308190.09728252,636347.1103009981,40993517484727.17,46646221.54088092,65.08613126521622,950.716878501997,45726565.0,49602168.504875585,41850961.495124415,16.95121207934856,0.8361477763040215,0.0,0.0,46450918.8,47913082.8,44988754.8,6.295522404176858,1.1432921341244904,1.0,0.0,39810096.0,49633904.0,44722000.0,21.48380924742543,0.8674864166726386,1478698.1775117596,2.7047226324961495,1931121.0905988514,2099080.8142978055,-167959.7236989541,46549126.666666664,44062868.615384616,46182919.79549372,44251798.70489487,1.0330886255104836,0.8670153388940331,0.1660732866164505,0.773392765867264,27.603476031336196,1114679.0,205.9721909324499,230.22721772935697,-24.25502679690706,47321442.0,42960128.0,45140785.0,42229198.0,25.782042960103194,59.267065104975316,40.31850899924952,6.915828129804787,134.48455276184012,36780034.0,35867898.0,100.0,0.0,100.0,45172288.0,47682588.12403712,1.0,0.0,73.48183393073619,0.47959629760311145,0.27468388295468754,0.1493014634358398,43.28911848011922,55.51059941671253,71.85276990497573,54.51804689533366,-28.147230095024263,4126741.7176470608,4.540379457393215,4.363938070578908,4.865175874817894,-0.5012378042389862,8.854077434790634,3.909422510486964,4.94465492430367,46785992.54418534,3.5461138164702533,3.4846871612508323,130.40600690262934
314,2023-11-11,48344140.0,49498192.0,47987536.0,49260784.0,29982730919902,9190815156483568.0,652229765254428,0.15436843067294703,1.8397952792226945e+19,3134592.7261887724,1098508.8256449588,41569614810114.77,46904404.34198102,72.78008531371066,968.984242217765,46169617.8,49495008.25763515,42844227.34236485,14.405102819088745,0.9647824427508409,0.0,0.0,46682329.46666667,48197749.46666666,45166909.46666666,6.492478063169832,1.3507392450057867,1.0,0.0,40132232.0,49633904.0,44883068.0,20.579923449138885,0.9607311218488704,1481893.9597605835,2.6752484716931457,2033602.7127373293,2085985.1939857104,-52382.48124838108,46750755.0,44544094.0,46656437.36541776,44622834.652680434,1.1314556656301304,0.8307701722366028,0.3006854933935277,0.7602378296328021,27.27727645750758,288254.200000003,201.1942533019282,226.42279022122278,-25.228536919294584,47321442.0,43167324.0,45244383.0,42229198.0,50.39222685471214,60.084913768829445,37.253364085360715,6.390064257490093,187.31724542960248,36734899.0,35867898.0,96.0,0.0,96.0,45261520.32,47682588.12403712,0.0,0.0,75.97064487158727,0.5956058330747538,0.4330251663414582,0.27417583323882083,44.715391823495956,61.39450153122466,91.93240797037961,72.10373637010599,-8.067592029620378,4392596.0,5.165405086167225,4.5573140491091,4.803603509676136,-0.24628946056703604,9.330253366694933,4.993588681728558,4.336664684966375,46937792.212706365,1.921430462510676,1.9032040887495327,134.8330981067109
315,2023-11-12,49255636.0,49383724.0,48547492.0,49028540.0,18382406353171,9193581952292908.0,633847358901257,0.15453651981722244,1.5159787596039406e+19,1013282.2495019474,1018123.5682298703,41482949450077.34,47046249.106439516,73.23964272270617,964.4158866603377,46595947.4,48949962.06035162,44241932.73964838,10.103945908186938,1.0166901975955929,1.0,0.0,46850096.0,48280131.6,45420060.4,6.104728579424902,1.2616747443210496,1.0,0.0,40699992.0,49633904.0,45166948.0,19.17315238449256,0.9322397623795712,1417327.7637845252,2.6656973297834745,2072193.0353502482,2083226.7622586181,-11033.726908369921,46964977.333333336,44951012.461538464,47021376.232276574,44949183.196926326,1.1288717581442302,0.8501484187883478,0.27872333935588245,0.7502936537172342,27.033170102723243,270956.6000000015,194.56325516853167,221.20929044608226,-26.646035277550595,47321442.0,43830414.0,45575928.0,42229198.0,68.94751969779337,60.84434467097971,35.63823007633201,6.113020550014377,202.30128177446343,37530518.0,36444060.0,92.0,0.0,92.0,45348967.9936,47682588.12403712,0.0,0.0,74.09771320900798,0.508303929752337,0.527835353476734,0.4118481342576264,45.25841203628483,60.83199370790235,86.91083356180556,83.5653371457203,-13.089166438194443,4758488.964705884,5.5333313587845785,4.610079400712997,4.764898687883508,-0.1548192871705112,6.040274271402927,5.202925799663432,0.837348471739495,46997613.09480216,-0.47145818872879053,-0.4725730583238885,133.72595823584135
316,2023-11-13,49023180.0,49146884.0,48554688.0,48864772.0,15225639882661,9194301125672664.0,618621719018596,0.13083338259502678,1.2637893283418972e+19,-446596.1998052726,842342.9462598432,41432091876258.02,47146815.18016505,68.53716193050107,961.1944882477684,46818790.8,49145753.31076642,44491828.28923357,9.940293078933701,0.9396248737428358,0.0,0.0,47045586.93333333,48306262.53333334,45784911.333333336,5.359378773556216,1.221511968133063,1.0,0.0,44239472.0,49633904.0,46936688.0,11.521937896781392,0.8574211334946849,1334814.5874060728,2.6743418635119762,2065748.7691882849,2079731.1636445515,-13982.394456266658,47131466.333333336,45351279.692307696,47304975.5811571,45239226.81196882,1.1273319727657822,0.8839252945514414,0.2434066782143408,0.7404634267017182,26.793442317272028,960245.200000003,187.94686778717,215.15770479760891,-27.210837010438922,47403096.0,43934970.0,45669033.0,42229198.0,82.92486465190356,61.54953050869067,34.49757330850032,5.9173638564206374,162.6683349688423,37530518.0,36444060.0,88.0,4.0,84.0,45434666.713728,47682588.12403712,0.0,0.0,72.7359719658507,0.46484625343511077,0.5229186720874005,0.49459306396853076,45.288248650879396,60.202190845223754,83.36984564503113,87.40436239240545,-16.63015435496886,4980626.035294116,4.262854657521222,4.566277796422806,4.725174509591367,-0.15889671316856102,2.2674436820211095,4.615829376134968,-2.348385694113859,47147023.15509468,-0.33402585514478167,-0.33458496690315087,132.94525310514877
317,2023-11-14,48885588.0,49432848.0,48059560.0,48167964.0,25148271932005,9173123140046980.0,593473447086591,0.11030690763698742,8.329120376016757e+18,-571097.7120190122,821330.1021044978,41073479396322.65,47298360.28534386,67.90547043058857,961.1944882477684,46948786.0,49272220.45707559,44625351.54292441,9.897740303979695,0.7623654814723134,0.0,0.0,47330986.53333334,48567462.13333333,46094510.93333333,5.2248038359783635,0.8384528844186928,0.0,0.0,45008980.0,49633904.0,47321442.0,9.850998064145896,0.6830347914906277,1338661.9286654654,2.730529375688751,1981572.7228313163,2060099.4754819046,-78526.75265058829,47163877.0,45727183.23076923,47437743.030209854,45456170.30737854,1.098980204965694,0.8648170188848213,0.23416318608087272,0.7263136791895364,26.639145706438413,-330166.0,181.01619101330763,208.57646730385036,-27.56027629054273,47403096.0,43934970.0,45669033.0,42229198.0,85.36058748041879,61.39269703009354,31.94421418032492,8.147960327183526,117.16265145468655,37530518.0,36444060.0,84.0,0.0,84.0,45518651.45945344,47682588.12403712,0.0,0.0,67.08667002010627,0.18966935289379885,0.38760651202708213,0.4794535125304054,43.60866739549644,55.54629473652072,68.30347914906277,79.52805278529983,-31.696520850937226,5066235.894117646,0.8140139118754929,4.359304159219201,4.652000439516934,-0.29269628029773287,2.536987440691895,4.200060989046354,-1.663073548354459,47270797.764107846,-1.425992533025633,-1.4362575085900886,129.62347118983163
318,2023-11-15,48154016.0,48870912.0,45639596.0,46385260.0,31139710419237,9156355135168180.0,562333736667354,0.06158471521128267,-7.911662953021317e+17,-15471340.373235388,-269163.4376044643,39920993766595.484,47311413.15159544,59.81821903004193,961.1944882477684,46933812.4,49267697.19773323,44599927.602266766,9.945430291672757,0.3824808318446618,0.0,0.0,47447926.4,48923843.2,45972009.6,6.221206750143672,0.13999786437826248,0.0,0.0,45008980.0,49633904.0,47321442.0,9.85414089224936,0.29757894399994467,1527927.3357989187,3.1447883819360687,1750830.7979324833,1998245.7399720205,-247414.94203953724,47144430.333333336,46012322.92307692,47275822.564023726,45524991.76609124,0.9775647013366046,0.9037935484355012,0.07377115290110337,0.7002844640120766,26.591425473463403,-1468676.3999999985,170.3562828192412,201.2254550636937,-30.8691722444525,47403096.0,44246710.0,45824903.0,42229198.0,42.68029374020939,58.29391544416473,26.89917243348814,18.6888765763606,2.6086022654207763,37530518.0,36444060.0,80.0,0.0,80.0,45600956.510264374,47682588.12403712,0.0,0.0,55.261239583200485,0.0,0.21817186877630312,0.37623235096359503,38.06339951636723,47.60216680947401,29.757894399994466,60.47707306469613,-70.24210560000553,4568330.200000003,-0.5005725180196239,3.8458673577104725,4.490773823155642,-0.6449064654451697,4.655687383272811,4.2911862678916455,0.3645011153811657,47261234.362664774,-3.701015886824699,-3.771241642786549,121.12507004121764
319,2023-11-16,46398928.0,49541528.0,46011124.0,49353180.0,35653895512416,9188204740909810.0,597987632179770,0.15973101031372552,1.4438701685342413e+19,5159589.567000849,-142038.6712037193,42202276863191.47,47413049.41671239,60.52501036690971,961.1944882477684,47093606.6,49622431.20375722,44564781.996242784,10.739566520085626,0.9467635668845563,0.0,0.0,47697486.53333334,49429106.13333334,45965866.93333333,7.260842135947204,0.9780765552280246,0.0,0.0,45008980.0,49633904.0,47321442.0,9.820704621930568,0.9393019215018452,1728175.002219027,3.1447883819360687,1786854.7508130819,1955967.5421402329,-169112.791327151,47468434.0,46368915.384615384,47595416.01571238,45808561.2648993,0.98462626793533,0.9239801695656843,0.06064609836964574,0.6796404178777894,26.747141174479147,-1170482.6000000015,167.02471070584437,193.99617447159468,-26.971463765750315,47443412.0,44722000.0,46082706.0,42229198.0,21.340146870104697,55.83734389003767,25.660621727498086,15.760242509431988,85.67926977967227,37997330.0,36862946.0,76.0,0.0,76.0,45639596.0,47682588.12403712,0.0,0.0,66.00494525341304,0.5187838820382402,0.2361510783106796,0.2806431530380214,36.85262605591203,55.746869274931285,93.93019215018452,63.99718856641393,-6.069807849815478,4027921.7764705867,8.55170432130677,3.9007004399901444,4.372759146522543,-0.47205870653239845,7.538930357608549,4.940735085835026,2.5981952717735224,47418500.27118202,6.398411909300505,6.202046514359338,135.273562857184
320,2023-11-17,49352396.0,49423272.0,45924728.0,46742512.0,33623518133034,9170300204817822.0,564364114046736,0.11002085468392396,-1.6394753218244608e+17,-1064707.184797193,-199229.60311729953,40423671252826.914,47448925.11474898,59.521124455850334,910.3495438643503,47131274.8,49615216.43120028,44647333.16879971,10.540523852753008,0.4217447795236356,0.0,0.0,47886855.333333336,49911714.53333334,45861996.13333333,8.456847650175634,0.21742644295135827,0.0,0.0,45008980.0,49633904.0,47321442.0,9.812855730352535,0.37482388899795976,1905211.9019971243,3.386303243915471,1586457.2124624029,1882065.476204667,-295608.2637422641,47536716.333333336,46612868.615384616,47464200.01329509,45877742.80083269,0.9953927099479564,0.9435031057368145,0.05188960421114186,0.6502524136905415,27.06365115894872,-1254390.799999997,157.76017588058411,186.62112982883232,-28.86095394824821,47636750.0,44883068.0,46259909.0,42474100.0,10.670073435052348,53.468872612324176,21.984092129941562,13.856007066335549,18.452910024926737,38305410.0,36977582.0,72.0,0.0,72.0,45639596.0,47682588.12403712,0.0,0.0,53.77247151061933,0.0,0.17292796067941332,0.20908363592213183,30.739721478020332,50.08105920684518,37.48238889979598,53.72349181665834,-62.51761110020402,3437560.941176474,1.7842601474586093,3.4580106073431502,4.189809438686664,-0.731798831343514,8.953760086875366,5.743340086043094,3.210420000832272,47407798.24026293,-5.2897665358139,-5.434812971050462,122.8281406615476
321,2023-11-18,46755512.0,47582956.0,46534404.0,47443208.0,29097285955989,9191641485315278.0,593461400002725,0.15425680314336118,2.7720952410175703e+18,-2217371.8112950036,271589.28491528326,40859855595684.17,47536780.930009544,58.31727648837123,923.9961849346371,47191787.0,49644007.85616033,44739566.14383967,10.392574691695094,0.5512639388431092,0.0,0.0,47993927.06666666,49964679.86666667,46023174.266666666,8.212509042081503,0.36027697977476775,0.0,0.0,45008980.0,49633904.0,47321442.0,9.800273085653654,0.5263282164204212,1819545.9117974117,3.295687579951963,1467267.28683196,1799105.8383301257,-331838.5514981656,47667243.333333336,46879840.15384615,47460970.472788155,45993703.185956195,1.058246885396535,0.9539251184905775,0.10432176690595751,0.618257952299337,26.582059770199738,-1693063.0,151.8094713811213,179.73815544335318,-27.928684062231866,47636750.0,45166948.0,46401849.0,42559448.0,5.335036717526174,51.26957785444737,21.01238891738762,13.243567557806063,3.3235413637692575,38390766.0,36977582.0,68.0,0.0,68.0,45719482.16,47682588.12403712,0.0,0.0,56.122855648521295,0.10588187143518529,0.20822191782447508,0.20576698560485582,27.110964424701628,50.43337968603724,50.89904644415835,60.7705424980463,-49.10095355584165,2765247.5058823526,3.4141900308660893,3.190148183762638,3.9898771877018593,-0.7997290039392211,8.605909131758473,6.315853895186171,2.290055236572302,47408337.82223987,1.4990550785974,1.4879302879947431,126.16845722067866
322,2023-11-19,47480400.0,47757708.0,46972140.0,47428972.0,15408802130407,9194154069735336.0,578052597872318,0.1445582051135955,2.344744534139564e+18,1561286.1048897482,423421.2013224242,40855231968480.7,47590365.095076315,58.69570126462517,923.7189269193543,47221173.4,49669970.686678305,44772376.11332169,10.371607100632984,0.5424287059468837,0.0,0.0,48070601.733333334,50013912.93333333,46127290.53333334,8.085237670958696,0.3349132827173188,0.0,0.0,45008980.0,49633904.0,47321442.0,9.794174237948946,0.5232501117856206,1716148.1206176705,3.296909369153941,1356028.2364168689,1710490.3179474745,-354462.0815306057,47828097.333333336,46996035.07692308,47456047.63082075,46100019.39440388,1.0639678554708274,0.9265391518190301,0.13742870365179727,0.5846602208271043,26.026040282055572,-968213.3999999985,147.0226281307698,173.18820402094423,-26.165575890174438,47590562.0,46936688.0,47263625.0,42634690.0,2.667518358763087,49.35238245756723,21.05484297984782,12.787540491665062,15.093560739821026,41068231.0,39616308.0,64.0,0.0,64.0,45797770.5968,47682588.12403712,0.0,0.0,56.06049105520659,0.10307242435588808,0.06965143193035772,0.15026710347808184,24.42442130415289,50.29265529670765,50.57996923087958,46.320468191611305,-49.42003076912042,2172549.270588234,4.242422271006985,2.941491683149873,3.7802000867914622,-0.838708403641589,4.197315422785679,5.892146200706073,-1.6948307779203944,47408556.93367823,-0.030006402602456017,-0.030010905424049383,126.10059220284526
323,2023-11-20,47429056.0,48620964.0,47207156.0,48461776.0,16742162121023,9207126057541712.0,594794759993341,0.17804270326883664,4.479977030296918e+18,4637231.82391786,738027.8901545813,41219806010002.016,47693324.15437893,58.84092154509697,923.7189269193543,47321368.6,49800833.25907619,44841903.94092381,10.479260141585133,0.7299704889572606,0.0,0.0,48061146.0,49843202.4,46279089.6,7.415788212790425,0.6124066555918208,0.0,0.0,45008980.0,49633904.0,47321442.0,9.773436687965951,0.7465627543285036,1685914.1085559032,3.1576134514355516,1335810.7440811992,1635554.4031742194,-299743.65909302025,48012165.333333336,47107331.84615385,47610775.07223295,46274964.32815175,1.0737289966297423,0.8966307173603069,0.17709827926943544,0.5548800644485523,25.606449663118646,-644468.6000000015,141.2361770180463,166.52619554495737,-25.29001852691107,47590562.0,47321442.0,47456002.0,42634690.0,1.3337591793815435,48.152247094909896,23.557626547915092,11.987511027195499,59.62249001681013,41705561.0,40150040.0,60.0,36.0,24.0,45874493.264864,47682588.12403712,0.0,0.0,59.5705230258692,0.26119498307211375,0.15671642628772897,0.14486325868085373,23.443720195794825,53.0590152985179,73.72862209567117,58.40254592356971,-26.271377904328833,2020541.0,4.775512745562662,2.886681304837977,3.6014963304007654,-0.7148150255627885,0.9364826459121656,4.9010134897472915,-3.964530843835126,47413945.864642575,2.1775804038088875,2.154209789068773,131.02411439155026
324,2023-11-21,48445608.0,48708496.0,47668132.0,48292056.0,26916128440118,9212494049891764.0,567878631553223,0.152096978575944,3.1873795518463836e+18,1060048.3984566287,891199.5419855615,41125541917847.06,47829331.1532333,64.28871375996735,923.7189269193543,47392626.2,49897536.09948739,44887716.30051262,10.570884546116938,0.6795333636918558,0.0,0.0,47991885.06666666,49726912.266666666,46256857.86666666,7.2305023967691024,0.5865032356072968,0.0,0.0,45008980.0,49633904.0,47321442.0,9.75874175126425,0.7098659350942848,1621359.097700313,2.945119203191186,1291208.9965922087,1566685.3218578175,-275476.3252656087,48146761.666666664,47169152.0,47715587.522658646,46424378.52606644,1.101718050262617,0.8789552903294485,0.2227627599331684,0.5270481877878979,25.290312776666457,939489.799999997,133.88261771137684,159.7839024941624,-25.901284782785552,47590562.0,47321442.0,47456002.0,42634690.0,0.6668795896907718,47.093719196260125,22.8422661425838,11.421255602661901,62.1450855117454,42162828.0,40275762.0,56.00000000000001,32.0,24.000000000000007,45949681.479566716,47682588.12403712,0.0,0.0,58.74011703096658,0.22378622959500288,0.19601787900766818,0.14079524574191812,22.416663250594315,55.657651569998514,69.37108193045215,64.55989108566764,-30.628918069547847,1814359.6000000015,3.4602897793126792,2.7813167081326,3.4374604059471325,-0.6561436978145325,1.602231670621421,4.241257125922118,-2.639025455300697,47426750.9765109,-0.35021415641061093,-0.350828841750328,130.21503523822878
325,2023-11-22,48282008.0,48410696.0,46420436.0,46420436.0,32627155096607,9179866894795156.0,535251476456616,0.03622493451395872,-5.991622672976184e+18,-4713771.182091013,280853.43373324827,39861035059370.97,47875850.06006307,56.6818375705831,923.7189269193543,47324696.2,49857537.2757957,44791855.12420431,10.70409861731218,0.32149290600162733,0.0,0.0,47801612.13333334,49652042.13333334,45951182.13333333,7.742123821425049,0.12679589789040013,0.0,0.0,45008980.0,49633904.0,47321442.0,9.772749476202659,0.30518469060248343,1658249.1879302817,3.2353186346180607,1092246.9551510662,1471797.6485164673,-379550.6933654011,47987455.0,47179272.76923077,47516333.44224962,46424086.48709855,1.046817631643361,0.9371164615835218,0.10970117005983926,0.4924900492702469,25.165699750564283,1936087.799999997,123.29864353537803,152.60076646618552,-29.302122930807485,47590562.0,47321442.0,47456002.0,42634690.0,0.3334397948453859,44.671331549017324,20.816453493084826,15.968137004845351,-16.77939342747729,42215106.0,40275762.0,52.0,28.000000000000004,23.999999999999996,46023365.92997538,47682588.12403712,0.0,0.0,50.39692171788467,0.0,0.16166040422237213,0.17146490317258958,18.66724153357001,53.77969419720099,19.548817967968418,54.21617399803059,-80.45118203203158,1504691.3882352933,-3.955299618994542,2.352759176972941,3.220520160152294,-0.8677609831793531,3.8702642670067156,4.167058554139038,-0.29679428713232214,47388380.01394432,-3.8756270803628645,-3.952728177641518,121.29275898946909
326,2023-11-23,46346220.0,49286468.0,46235292.0,48673304.0,31723763813762,9198840250297434.0,566975240270378,0.09390547898962195,5.074245185389323e+18,3321213.067432228,336467.8265305475,41400646887566.26,47963855.70403886,57.764601708024536,968.5486827504059,47427430.4,50003688.6423822,44851172.1576178,10.864000940612623,0.7417990517223877,0.0,0.0,47722569.46666667,49818897.46666667,45626241.46666667,8.785478332067791,0.7267618744140544,0.0,0.0,45008980.0,49633904.0,47321442.0,9.751580385008587,0.7922992896748141,1797541.8691372536,3.1973056898825596,1103633.7209148332,1398164.8629961405,-294531.14208130725,47938498.333333336,47282509.538461536,47694328.91267275,46590695.19175792,1.00647799078456,0.9195789476811375,0.08689904310342256,0.4638520763664715,25.296345180345593,1601109.6000000015,117.3820868215065,145.5303104448743,-28.148223623367784,47590562.0,47321442.0,47456002.0,42634690.0,0.16671989742269294,43.05784012417933,21.823692144932632,13.928689722704855,46.63594464154698,42215106.0,40275762.0,48.0,24.0,24.0,46095576.691375874,47682588.12403712,0.0,0.0,58.10974467818419,0.3015917124755004,0.1751259806901677,0.1776014213067358,18.149142330794227,52.03076621695555,75.95077795703286,54.95689261848448,-24.04922204296714,1377523.1529411748,-1.1925916566817125,2.3687856907318063,3.050173266268197,-0.6813875755363905,5.245710987506834,4.382789040812598,0.8629219466942368,47395169.879830725,4.8531814737802215,4.739091399706652,132.03249817156313
327,2023-11-24,48657824.0,48916100.0,48056060.0,49158160.0,18739281935840,9228127949947310.0,585714522206218,0.17231894304923367,5.647332056374226e+18,3328307.9369606716,-90666.61349244163,41587317044214.83,47971281.738357104,54.13871775732258,978.1968184126906,47612081.6,50127968.59984825,45096194.600151755,10.568271393739048,0.807263084568833,0.0,0.0,47738234.4,49783237.6,45693231.2,8.567569478438857,0.8471695301014683,0.0,0.0,45172288.0,49633904.0,47403096.0,9.370764415391575,0.8933695773011393,1703791.6822235282,3.1990493724391085,1138655.9251922593,1346263.0754353642,-207607.1502431049,47949300.0,47395017.07692308,47919533.69533848,46780877.77014622,1.0584964206221659,1.028987654025837,0.02950876659632895,0.44153317576893314,25.352461323163947,1252690.3999999985,113.49447246516297,139.21233151664336,-25.71785905148039,47733128.0,47321442.0,47527285.0,42634690.0,0.08335994871134647,41.55959808682976,21.00916944607643,13.408831127324946,82.03606709378616,42370976.0,40275762.0,44.0,20.0,24.0,46166343.23754836,47682588.12403712,0.0,0.0,59.56689235166386,0.35857002825384643,0.22005391357644885,0.1856134328296627,18.24662709096963,62.1164991417425,90.17491847628303,61.891504800428116,-9.82508152371697,1345227.5882352963,0.2643766263486533,2.434020008745766,2.9269426147637105,-0.49292260601794435,2.332017983752789,3.9726348294006364,-1.6406168456478474,47415523.87298112,0.996143594443466,0.9912147890972278,134.34387503912632
328,2023-11-25,49166988.0,50060384.0,48425104.0,49187300.0,29891568565890,9226101008839282.0,615606090772108,0.15168235809628616,4.965004663750771e+18,4139486.7023873045,-18888.472335403618,41605036183987.555,47996656.998479605,54.15136710966745,978.1968184126906,47775290.4,50254985.13787314,45295595.662126854,10.380657938912892,0.7847144002110304,0.0,0.0,47964135.06666667,49849534.666666664,46078735.46666667,7.861705824068042,0.8243781671888907,0.0,0.0,45172288.0,50060384.0,47616336.0,10.231431267239351,0.8213856683665788,1696940.5140011753,3.20031030893497,1155443.3966325,1308099.1396747914,-152655.74304229137,47976177.333333336,47485250.0,48114574.66528641,46959131.26865391,1.0175821717241609,0.9774102395834489,0.04017193214071202,0.42358622150080477,25.443274086723996,392673.6000000015,109.75570227652311,132.8491083578299,-23.09340608130678,47992556.0,47534682.0,47763619.0,42847930.0,0.041679974355673235,40.91683986333351,24.48565887329275,12.45682348755759,108.17423195743521,42608621.0,40275762.0,100.0,16.0,84.0,46235292.0,47682588.12403712,0.0,0.0,59.65771882851539,0.3907378837579825,0.35029987482910974,0.24849325636524192,18.35062508755282,58.53635981311866,80.25048927928685,82.12539523753425,-19.74951072071314,1349533.5647058785,0.6600419623363842,2.460529753036083,2.833660042418185,-0.373130289382102,3.427665448045878,3.8636409531296847,-0.4359755050838068,47488941.460783035,0.05927805271799258,0.059260490220580664,134.4827895249134
329,2023-11-26,49188776.0,49411780.0,49053164.0,49287068.0,11865853329893,9229713943724500.0,627471944102001,0.1531275457753168,4.424837205360199e+18,-31044.573446056726,-93483.2454031182,41629104031887.66,47987280.81370454,53.29777663015053,980.1809228497993,47945799.6,50347652.50439639,45543946.69560362,10.019033677337545,0.7792153502708101,0.0,0.0,48059007.733333334,49627228.53333333,46490786.93333334,6.526230456948415,0.8915457143109784,0.0,0.0,45172288.0,50060384.0,47616336.0,10.19504532363665,0.8417960694716307,1563108.0626010578,3.1980292666113037,1163387.2287109494,1279156.757482023,-115769.52877107356,48069436.0,47594065.23076923,48294958.25524235,47131571.0265314,1.0207162712481563,0.9988506072985289,0.021865663949627412,0.4088730095764249,25.432340322740796,-1560539.6000000015,100.05201646977979,126.43709064551831,-26.385074175738524,48147838.0,47534682.0,47841260.0,42847930.0,0.020839987177836618,40.319992941515565,24.081863056911647,12.251396578863705,103.56252081804362,42689155.0,40275762.0,96.0,12.0,84.0,46388295.68,47682588.12403712,0.0,0.0,59.98910926288183,0.42939101879993896,0.39289964360392254,0.32108447733649353,18.532324908243456,58.81420641283076,82.50728150727879,84.31089642094956,-17.492718492721206,1300225.2823529392,2.3233367306120725,2.4683820279533077,2.76060443952521,-0.2922224115719021,-1.4219838785112848,2.8065159868014913,-4.228499865312776,47497455.81350008,0.20283284506366073,0.20262741698537923,134.95839763809144
330,2023-11-27,49287116.0,49416528.0,48557360.0,48934800.0,17945960116085,9227535617380192.0,609525983985916,0.14359846728419065,2.889605107712595e+18,-1175472.3589011282,-145545.82819567932,41500839403158.414,47999649.11981057,52.87747885363682,980.1809228497993,48117603.4,50273715.58432542,45961491.21567458,8.961843616365229,0.689506976014719,0.0,0.0,48219613.6,49523896.8,46915330.4,5.409762138782461,0.774168370795546,0.0,0.0,45252920.0,50060384.0,47656652.0,9.99107116793768,0.7658674095115429,1492714.056340952,3.198837365192903,1128251.9036588967,1248975.7867173979,-120723.88305850117,48281897.666666664,47673599.692307696,48393395.446743526,47265143.54308463,1.0001082816672004,0.9890727912160874,0.011035490451113072,0.39459830074733526,25.31934919856517,1235576.6000000015,94.58187696531168,120.07846904376167,-25.496592078449993,48147838.0,47534682.0,47841260.0,42847930.0,0.010419993588918309,39.16640321112589,23.09903624639438,14.106545173521349,79.84146585082239,42831095.0,40275762.0,92.0,8.0,84.0,46535179.212799996,47682588.12403712,0.0,0.0,58.17208487539675,0.4658646144158515,0.4286645056579243,0.39062134136365206,18.162828531993583,55.515687294933194,74.53883787234312,79.0988695529696,-25.46116212765688,1451289.8823529407,5.496444344604299,2.3870696650491214,2.6858974846299923,-0.2988278195808709,-3.403454921292211,1.5645218051827512,-4.967976726474962,47589375.45530094,-0.71472703549742,-0.7172934450334623,133.27908644800047
331,2023-11-28,48902248.0,48965028.0,47814928.0,48371372.0,24673683798087,9226737289303074.0,584852300187829,0.12975661742126848,4.9082661875528704e+17,-2782602.720446759,-303510.4716548041,41216750282226.305,47987152.252093256,52.961749605641685,980.1809228497993,48223524.0,50203787.5572104,46243260.4427896,8.212852952058835,0.5373303844989891,0.0,0.0,48339305.6,49653743.6,47024867.6,5.43838180414408,0.5121977605638297,0.0,0.0,45639596.0,50060384.0,47849990.0,9.167285244437963,0.6179387023308966,1458452.6507068567,3.1880569184168075,1042920.8324225694,1207764.795858432,-164843.96343586268,48200080.333333336,47696381.84615385,48390007.22416759,47347086.39174502,0.9899959089192267,1.0191312415767657,-0.02913533265753898,0.3780405215457253,25.10601869563172,-1481012.0,86.60223542270724,113.36509207619916,-26.762856653491923,48147838.0,47534682.0,47841260.0,42847930.0,0.0052099967944591544,37.273695736269644,21.815538685631786,16.909639982488184,22.048887224649572,43928187.0,40487984.0,88.0,4.0,84.0,46676187.404287994,47682588.12403712,0.0,0.0,55.28761432844873,0.31334477420740886,0.4028668024743997,0.40814365057874874,17.03113999013542,55.43961515761121,61.79387023308966,72.9466632042372,-38.20612976691034,1499205.4823529422,-1.9893510408042603,2.202713856125269,2.589260758929048,-0.3865469028037789,-2.653904800667835,0.7208364840126341,-3.374741284680469,47606012.689258456,-1.1513851083482463,-1.1580648693698237,130.59314578574734
332,2023-11-29,48363352.0,49445852.0,47719588.0,48729848.0,27946579621534,9231501015322452.0,612798879809363,0.13051996148050496,1.851876826991535e+18,1190569.938768545,886625.9792026198,41423859935357.69,48128389.075872816,61.28714767733407,980.1809228497993,48326171.4,50184170.71114856,46468172.08885144,7.689412412871431,0.6086320639565954,0.0,0.0,48463854.53333333,49872362.13333333,47055346.93333333,5.812610711891408,0.5944238663201634,0.0,0.0,45639596.0,50060384.0,47849990.0,9.147813435102787,0.6990274132123051,1485233.7856361712,2.800668625686552,992777.2429078147,1164767.2852683086,-171990.0423604939,48365691.666666664,47777582.92307692,48442290.4204495,47449513.17754169,1.0906387897862242,0.9749461220044636,0.11569266778176057,0.3614583973063311,24.972098073624505,-882963.3999999985,79.42903176606823,106.49763149264605,-27.068599726577816,48147838.0,47534682.0,47841260.0,42847930.0,0.0026049983972295772,35.894710313824945,22.31315016036538,15.516039295452813,41.58810453915907,44338233.0,40768357.0,84.0,0.0,84.0,46811555.268116474,47682588.12403712,0.0,0.0,56.7567966048851,0.40747471148563547,0.39556136670296516,0.40903089161176287,16.48723412490264,63.570059917745986,67.82769166487735,68.05346659010338,-32.17230833512265,1457423.1882352978,4.251667090549177,2.09228119831945,2.4898648468071283,-0.39758364848767824,-0.9453582359856025,0.38759754001298674,-1.3329557759985893,47639681.25495588,0.7410912388426727,0.7383586500669281,132.30205138653722
333,2023-11-30,48723432.0,49483228.0,48559644.0,48841112.0,26741826943968,9221058666382142.0,639540706753331,0.10171121692375228,2.0123805135775524e+18,1515195.9475057353,626312.1492386829,41484919075806.76,48175159.53718222,60.32260035987584,982.4189526134047,48351621.2,50223143.67317531,46480098.72682469,7.741301849772555,0.6307734229793952,0.0,0.0,48550324.13333333,49909809.33333333,47190838.93333333,5.600313589118198,0.6069477868043989,0.0,0.0,45639596.0,50060384.0,47849990.0,9.14299849784561,0.7241957768615007,1429068.8070725542,2.8110891866875476,951053.014736332,1122024.4311619133,-170971.41642558132,48482183.666666664,47907428.15384615,48503647.586534195,47552594.57179786,1.1252878131236688,1.0028660867896309,0.12242172633403792,0.34532895749410486,24.89140802076186,-922649.200000003,72.8311014594878,99.7141296868806,-26.8830282273928,48147838.0,47616336.0,47882087.0,42847930.0,0.0013024991986147886,34.64383821971761,21.485092220119775,14.81265793602407,71.89254170150447,44253312.0,41179340.0,80.0,8.0,72.0,46941508.417391814,47682588.12403712,0.0,0.0,57.22658365855453,0.7120025446366396,0.4776073434432279,0.42534517087353074,16.160295794050047,55.68378140676723,70.51805082434322,66.71320424077008,-29.481949175656776,1341294.4117647037,2.9464786613923746,2.0000023622273084,2.3918923498911644,-0.39188998766385597,-0.01519232329510864,0.30703956735136767,-0.3222318906464763,47651891.18407363,0.22832823119005585,0.22806795839329652,132.83246255148634
334,2023-12-01,48844500.0,49173200.0,48759792.0,48938432.0,23508436976419,9217866948876404.0,663049143729750,0.05487157491183122,2.0517320240014874e+18,-96614.82616978211,695461.603426355,41531761602376.28,48311977.95133761,61.974380757610696,984.3765045313123,48335503.6,50180797.95134337,46490209.24865663,7.635357920811529,0.6633691664316502,0.0,0.0,48623748.8,49920538.4,47326959.2,5.333976223569162,0.6213316331346271,0.0,0.0,45639596.0,50060384.0,47849990.0,9.146047254589895,0.7462099517099666,1327502.7263652987,2.4370626215782494,915288.3001890332,1080677.2049673374,-165388.90477830428,48607972.0,48023401.538461536,48570537.496298164,47655249.19610913,1.1642926004283216,1.0144917289959985,0.14980087143232312,0.3299203005574578,24.771809529205246,126272.39999999851,64.44774030516945,93.17514043907964,-28.727400133910194,48147838.0,47616336.0,47882087.0,42847930.0,0.0006512495993073943,33.48231413233223,21.025633774750073,14.495889419633649,70.9863504707462,44253312.0,41433358.0,76.0,4.0,72.0,47066263.44069614,47682588.12403712,0.0,0.0,57.6598625822356,0.7571725250658737,0.6255499270627162,0.49957287906963616,15.99711361648248,52.110364225753756,70.66862705524468,69.67145651482176,-29.331372944755316,1197413.6823529378,3.182569506250315,1.9206452922373198,2.297642938360396,-0.37699764612307596,-0.344412023022683,0.17674924927655755,-0.5211612722992405,47672668.23095707,0.19925836250411777,0.19906010634649363,133.2964007037444
335,2023-12-02,48945260.0,50617920.0,48914992.0,50095544.0,30445175673299,9229633907869356.0,693494319403049,0.07138086575445697,6.791267179670182e+18,4474516.085892519,1173453.5960826068,42251614623283.91,48551730.97090633,70.75146008515343,984.3765045313123,48388853.8,50368049.29800443,46409658.30199556,8.180377680301394,0.9311575591498686,0.0,0.0,48902978.4,50171034.8,47634922.0,5.1860088750749735,0.9702336583767106,0.0,0.0,45639596.0,50617920.0,48128758.0,10.288162684275031,0.8950699070610912,1365045.2537287688,2.206692376198245,969142.1073079407,1058370.185435458,-89228.07812751736,48744119.333333336,48185657.692307696,48805153.88148306,47836011.77417512,1.1329153007130317,0.8305489430706928,0.3023663576423389,0.3198496580027559,24.831359340021187,-96797.79999999702,63.85515447837078,87.22770351206456,-23.372549033693787,49168754.0,47895104.0,48531929.0,43126698.0,50.00032562479964,33.480640241271615,26.554688965522537,13.239874024477055,156.3309971449712,44253312.0,41504444.0,100.0,0.0,100.0,47186028.263068296,47682588.12403712,0.0,0.0,62.52101686319582,1.0,0.8230583565675044,0.6420718756911493,17.18785771781547,55.249749357578985,88.0807588506257,76.4224789100712,-11.919241149374303,1251285.4352941215,3.371250777107302,2.0259676159523488,2.2433078738787864,-0.21734025792643763,1.6352027658737038,0.4684399525959868,1.166762813277717,48199711.71117252,2.364423935773008,2.336904374991988,138.81251664328067
336,2023-12-03,50096232.0,51344480.0,50048732.0,51082308.0,20101015984726,9241600744117362.0,713595335387775,0.09275524836036952,8.654651716453323e+18,5995915.843835039,1490212.8631501275,42647557203269.7,48739029.26447176,71.266111289099,1003.7663987126657,48499730.6,50796179.95478433,46203281.24521567,9.469946848671082,1.062297921924461,1.0,0.0,49178993.6,50271507.2,48086480.0,4.443009179431446,1.3710712617215914,1.0,0.0,45639596.0,51344480.0,48492038.0,11.762712760305517,0.9540442890688049,1358115.528355892,1.9451739129997128,1079007.123058565,1062497.5729600794,16509.550098485546,48976640.333333336,48400410.92307692,49155485.28433182,48076478.161273256,1.16701779254953,0.8052862577103291,0.36173153483920084,0.31722160200985916,24.840037593510694,-2079294.6000000015,61.18455078249644,81.41548999176828,-20.230939209271845,49532034.0,48298700.0,48915367.0,43585830.0,75.00016281239982,33.9113395855972,28.511530259422855,12.36215931693119,212.42215864923284,44301238.0,41504444.0,100.0,0.0,100.0,47391941.7672842,47682588.12403712,0.0,0.0,66.09590070895945,1.0,0.9190575083552911,0.789221930661837,19.288759331924815,57.84929381512224,94.86861708749022,84.5393343311202,-5.1313829125097765,1591532.5647058785,5.777869552706557,2.2443555857794317,2.2435174162589155,0.0008381695205161854,-0.15430429492817024,0.3438911030911554,-0.49819539801932566,48676279.411947876,1.969764017334552,1.9506152149165956,143.5165596650111
337,2023-12-04,51076972.0,51949968.0,50851760.0,51746480.0,20411682786240,9254448226848956.0,734007018174015,0.16097491176836579,9.35496835403179e+18,3789113.214052993,1429632.962445494,42912949835480.11,48935336.97400959,71.68707072188967,1003.7663987126657,48678656.4,51367872.715094745,45989440.08490525,11.048851854073552,1.0703936092422368,1.0,0.0,49459589.86666667,50575920.266666666,48343259.46666667,4.514111026837893,1.5242891053281966,1.0,0.0,45639596.0,51949968.0,48794782.0,12.963324106866681,0.9677534066137464,1332124.7755203028,1.8843255603223643,1205769.7066459954,1091151.9996972627,114617.70694873272,49420477.333333336,48611700.15384615,49554099.85597308,48348330.149327084,1.2013021271744648,0.8161293828980316,0.3851727442764332,0.32174004478128465,24.853602142109082,-5352.39999999851,59.95209773350525,75.8817561536552,-15.929658420149956,49834778.0,48794782.0,49314780.0,44030560.0,87.50008140619991,34.63731642571774,30.03052166343714,11.656819602569632,217.7037898418635,44372231.0,41504444.0,100.0,24.0,76.0,47708144.82590146,47682588.12403712,0.0,0.0,68.28842256449623,1.0,1.0,0.9140386216409316,21.741439557147327,60.27437116855465,96.43920320242127,93.12952638017907,-3.5607967975787256,2011405.6588235274,11.473489822456644,2.4939221332399573,2.2935983596551237,0.20032377358483355,-1.490690213983745,-0.023025160323824678,-1.4676650536599203,49210548.17966956,1.3001996699131046,1.291819633975777,146.68276116995935
338,2023-12-05,51746784.0,55533192.0,51746784.0,54960372.0,52179668564709,9290840078703350.0,786186686738724,0.25555651986767713,3.197566135528007e+19,16248161.898686606,2514498.212461921,46153746491847.266,49715238.7194716,74.04028471348411,1003.7663987126657,49107412.0,52759345.14528025,45455478.85471975,14.873246202753466,1.3013509239023657,1.0,0.0,49945175.2,51276618.4,48613732.0,5.3316188987960516,2.3833686634172615,1.0,0.0,45924728.0,55533192.0,50728960.0,19.566219453796506,0.9403838116061006,1577583.4979682725,1.7945710304730886,1547723.004822515,1182466.200722313,365256.80410020193,49944399.666666664,48930295.23076923,50385834.03197722,48838111.02715471,1.1955902244309424,0.6726852927358867,0.5229049316950557,0.34344805385042637,24.952022663687025,50748.0,65.93590550760435,72.09107715785791,-6.155171650253564,51626390.0,50586394.0,51106392.0,45907536.0,93.75004070309996,36.608676057852115,41.323662477616374,9.61888172127012,308.709335149854,44414913.0,41504444.0,100.0,20.0,80.0,48132327.143311314,47682588.12403712,0.0,0.0,76.28150438863103,1.0,1.0,0.9730191694517635,27.09021910199876,67.32882506327994,93.83925402510245,95.04902477167133,-6.160745974897558,2724194.176470585,12.916871227808985,3.16908859141165,2.468696406006429,0.7003921854052209,7.313758342589249,1.4443315402587902,5.869426802330459,50775183.163344584,6.210841780928877,6.025600594174918,162.00383716705215
339,2023-12-06,54968440.0,58340996.0,54432324.0,57911392.0,47705456141590,9328058876061470.0,833892142880314,0.2598094605360052,4.751910333066219e+19,22504427.811611276,4458655.283440656,48715223972075.29,50831118.13571491,83.48019338151519,1057.6622260176382,49535322.6,54835711.091171406,44234934.1088286,21.400439980868942,1.2901373091756956,1.0,0.0,50709598.53333333,52396047.333333336,49023149.733333334,6.651398744130993,2.63519481488755,1.0,0.0,45924728.0,58340996.0,52132862.0,25.065483271930887,0.9653999092158772,1810692.3481714453,0.8355982124520257,2033406.2668716758,1352654.2139521856,680752.0529194903,50673835.666666664,49298728.92307692,51543612.18090381,49510205.91403213,1.3518497047681888,0.5638715033669004,0.7879782014012884,0.38700757775201394,25.24756873393704,-348022.6000000015,76.43024171512802,70.0742287967264,6.356012918401618,53030292.0,51990296.0,52510294.0,47313674.0,96.87502035154998,39.019428803225665,46.28843287870556,8.053720572096235,307.7314439997708,45140785.0,42229198.0,100.0,16.0,84.0,49020430.926113956,47682588.12403712,0.0,0.0,81.01369669478922,1.0,1.0,1.0,33.83195075098684,74.47651922394796,96.45122662837288,95.57656128529887,-3.548773371627127,3934321.152941175,17.806264514375638,4.107044657423592,2.7963660562898616,1.3106786011337306,11.958805235524265,3.5472262793118854,8.411578956212379,53022665.76384294,5.369359581481725,5.230170179792637,176.07176530183105
340,2023-12-07,57910572.0,58154580.0,57201976.0,57514276.0,39322927445560,9314519065716506.0,794569215434754,0.2651109217390972,3.849983661835745e+19,3128964.584275696,4444923.248929475,48445574717996.38,51737556.503442034,84.0846738939431,1050.4095149699185,50073910.8,56246964.37363803,43900857.22636197,24.655767744180388,1.1026486819889283,1.0,0.0,51575003.333333336,53270795.733333334,49879210.93333334,6.576024393212183,2.251179173425553,1.0,0.0,46235292.0,58340996.0,52288144.0,24.175671136115856,0.9317082261386863,1724883.5133543008,0.7721796811843888,2359075.8509059474,1553938.5413429379,805137.3095630095,51367750.333333336,49616170.92307692,52462175.84538014,50103099.994474195,1.5305115316226356,0.5709799445918627,0.9595315870307729,0.4405041435491575,25.4323946190962,-786842.799999997,90.32581670478669,70.48796005029078,19.83785665449591,53030292.0,51990296.0,52510294.0,47520870.0,98.43751017577497,41.257984923929676,44.39254615197028,7.72385539879294,240.09642760526683,45244383.0,42229198.0,96.0,12.0,84.0,50325310.036458,47682588.12403712,0.0,0.0,78.7371077674783,0.9115065832841476,0.9705021944280491,0.9901673981426828,38.09850124828152,73.63525706246868,92.21647450130905,94.1689850515948,-7.7835254986909455,5203839.082352944,16.92911788205492,4.708442893086709,3.178781423649231,1.5296614694374782,12.995109200715502,5.436802863592609,7.558306337122893,54413695.95630474,-0.6857303654521085,-0.6880922999837225,174.17865737671673
341,2023-12-08,57544100.0,58308672.0,56622360.0,56868380.0,36301785044570,9288809585247442.0,758267430390184,0.1762849987013456,2.9650263136713875e+19,-988334.6323149103,4136591.636838362,48037898930629.305,52366934.2398604,75.24589402341971,1038.613221053587,50545169.4,57258372.409612745,43831966.39038725,26.56318334393691,0.9709533281613629,0.0,0.0,52463272.8,54212686.4,50713859.2,6.669098234374726,1.7590239380784525,1.0,0.0,46235292.0,58340996.0,52288144.0,23.950268925204156,0.8783535430901004,1721026.3620188707,0.9037734214771478,2535821.5608939826,1750315.145253147,785506.4156408357,51999526.333333336,49917703.23076923,53140053.40762935,50604231.846735366,1.3984628240430887,0.563073354593377,0.8353894694497117,0.4944144935268258,25.648796236398333,-1610369.3999999985,103.60083810511873,73.17371631018528,30.42712179493344,53450320.0,51990296.0,52720308.0,48183960.0,99.21875508788747,42.74069685229631,41.17734284574734,9.653877608161748,177.40443602697093,45575928.0,42229198.0,92.0,8.0,84.0,51447506.07135388,47682588.12403712,0.0,0.0,75.04335110132641,0.7679263593871449,0.8931443142237642,0.9545488362172708,40.203940826704326,67.8415456104304,86.13539749155667,91.6010328737462,-13.864602508443324,6215006.611764707,15.381949683028417,5.011085967225439,3.545242332364473,1.465843634860966,12.845853038646258,6.918612898603339,5.927240140042919,55150784.51728456,-1.123018570206813,-1.12937203560044,171.0995801388325
342,2023-12-09,56869000.0,58887372.0,56455324.0,58196564.0,32178728613395,9302707981272038.0,790446159003579,0.19112652613658773,3.1520121614990954e+19,1555665.2655556398,3952032.962778957,48789446143415.27,53023981.061002634,75.68857217817151,1062.8704526186823,51083549.0,58409824.64942226,43757273.35057774,28.683502978316007,0.9854454937524036,0.0,0.0,53384738.53333333,55204730.53333334,51564746.53333333,6.818398104033436,1.8219358839672524,1.0,0.0,46235292.0,58887372.0,52561332.0,24.767425614849117,0.9453996497018672,1792128.5258169838,0.8992981770225713,2751351.2930966467,1950522.3748218468,800828.9182747998,52771340.0,50276618.307692304,53917978.11414791,51166626.82105126,1.3601768195130144,0.6040573827331849,0.7561194367798295,0.5503534760243565,25.857286135353423,-2712177.0,118.68480855718491,78.26857265437386,40.41623590281105,53823582.0,52263484.0,53043533.0,48561704.0,99.60937754394374,44.253223898902725,39.41968184705241,8.67771400098495,155.47396704410207,45669033.0,42229198.0,100.0,4.0,96.0,52412594.66136434,47682588.12403712,0.0,0.0,77.39206468048938,0.8592233375168576,0.8462187600627167,0.9032884229048431,42.76413109712679,68.55817363327331,93.81427864292505,90.72205021193027,-6.185721357074958,7117952.705882356,18.92674334011787,5.377237985062306,3.91164146290404,1.4655965221582665,11.57026344171425,7.848943007225522,3.721320434488728,56098923.85263381,2.335540418067117,2.308684030168351,177.4312204061852
343,2023-12-10,58214248.0,58453056.0,57486340.0,57615984.0,22885395814233,9285960798241994.0,767560763189346,0.13731594260681362,2.5119132369731195e+19,1260278.4803950149,4044270.3237676057,48561137078608.16,53391592.186295696,76.48590603588357,1052.2670546692543,51541259.4,59286975.785421304,43795543.01457869,30.056372217483325,0.892134458436512,0.0,0.0,54273785.06666666,56098090.26666667,52449479.86666666,6.722601704521399,1.4160196806250733,1.0,0.0,46235292.0,58887372.0,52561332.0,24.547479334585294,0.8995115427660907,1709587.2732352852,0.9373069415932981,2842545.1141318157,2128926.9226838406,713618.1914479751,53541724.333333336,50640003.692307696,54486902.09658669,51644356.98245487,1.3682079384269086,0.6052137952619263,0.7629941431649823,0.601340386969509,25.709260354430956,-2811411.3999999985,131.8151388579458,85.75383916023787,46.06129969770794,53901182.0,52263484.0,53082333.0,48561704.0,99.80468877197187,45.657713299322964,37.78421164039341,8.317687180738565,129.33149338029432,45669033.0,42229198.0,96.0,0.0,96.0,53448559.03554604,47682588.12403712,0.0,0.0,74.10882761096768,0.7316004440359043,0.7862500469799688,0.8418710404221498,43.73071709708854,65.22747505062661,88.61557494306838,89.52175035918337,-11.384425056931617,7625111.588235296,19.111742375221443,5.5040768831675315,4.230128546956738,1.2739483362107933,8.134855484097308,7.906125502599879,0.22872998149742862,56484318.82399934,-0.9976190346907776,-1.0026285988065098,174.66351374323818
344,2023-12-11,57619140.0,58022664.0,57430896.0,57676484.0,17127163522922,9283049428189714.0,784687926712268,0.12502656204224413,2.1678712515931992e+19,-839316.439243497,4068281.460886008,48579121556546.375,53755314.97100775,76.11594617957338,1053.371993826546,52010480.8,60043673.133442976,43977288.46655702,30.89066745732902,0.8526619907014966,0.0,0.0,55149072.4,56991213.6,53306931.2,6.680588157997737,1.1859983371524394,1.0,0.0,46235292.0,58887372.0,52561332.0,24.326020074015545,0.9042933652016111,1597805.3459117566,0.9403498576002653,2886425.79882738,2280426.6979125487,605999.1009148313,54287277.333333336,51074281.538461536,54977607.00480412,52091181.20597674,1.392012537004521,0.6197741275132679,0.7722384094912532,0.6454938791631775,25.298293916369243,-3169368.799999997,145.81285041283036,94.8602498196223,50.95260059320806,54468052.0,52406050.0,53437051.0,48873444.0,99.90234438598593,46.89716221624368,36.778303172079205,8.34568135965097,107.63983921016673,45824903.0,42229198.0,92.0,4.0,88.0,54318769.10985868,47682588.12403712,0.0,0.0,74.23150734098002,0.7363691347469645,0.7757309720999087,0.802733259714198,44.52696030040123,64.03233725692033,89.15731178181812,90.52905512260388,-10.84268821818187,7532211.529411763,18.35966326018501,5.541102605091632,4.492323358583717,1.048779246507915,3.727528781131146,7.070406158306133,-3.342877377174987,56786577.09176773,0.10500558317290132,0.10495049087388963,174.9519257676074
345,2023-12-12,57692712.0,57714260.0,52961548.0,54231496.0,53427879009013,9258173932784730.0,731260047703255,0.133829855287502,-7.712303850844242e+18,-21250403.0523029,2749152.865753426,45387900641424.336,54193673.44430505,70.67897210650098,1053.371993826546,52401033.8,60059944.558937974,44742123.04106202,29.231907096222127,0.6194988594079025,0.0,0.0,55658367.333333336,57805486.93333334,53511247.733333334,7.71535243619735,0.167724300655321,0.0,0.0,46235292.0,58887372.0,52561332.0,24.144714488438204,0.6320070691933658,1913296.011320581,1.9792178820372262,2613097.6538016647,2346960.8890903722,266136.76471129246,54736476.0,51261909.07692308,54862820.69637272,52249723.04257105,1.1961421594985289,0.6665278840922088,0.5296142754063201,0.6677434225964557,25.145024072460625,-3462601.799999997,152.09388660867575,104.9612871336422,47.132599475033544,54869566.0,52406050.0,53637808.0,49348734.0,98.5771620456249,44.27250946811551,29.894684832760653,24.384272225093454,49.78979547772152,46082706.0,42229198.0,88.0,0.0,88.0,54318769.10985868,58887372.0,0.0,1.0,57.51876642397717,0.03141249773334404,0.49979402550540414,0.6872583481950937,39.352576334101606,52.44043253101764,58.3097595727138,78.69421543253345,-41.6902404272862,6790896.258823529,11.036570993715294,5.001170344333909,4.594092755733756,0.40707758860015275,9.679503047143404,7.592225536073587,2.087277511069817,56640625.06269495,-5.972950778344954,-6.158768743520682,158.52918257739668
346,2023-12-13,54224788.0,55167772.0,53482952.0,54346948.0,32489362388345,9259006443529516.0,763749410091600,0.10269206085236976,-6.074694462658036e+18,-5250798.683115987,2289055.107047388,45457066387220.086,54545342.99229607,64.04360531764955,1055.6144896527953,52684716.0,60189057.02192719,45180374.97807281,28.48773455256812,0.6107513634537042,0.0,0.0,56009105.733333334,58195132.53333334,53823078.93333332,7.805969302234415,0.1198221967513563,0.0,0.0,47719588.0,58887372.0,53303480.0,21.197388631647936,0.5934355463895076,1890448.410188523,2.632263094109597,2378382.626743898,2353245.2366210776,25137.390122820158,55187185.666666664,51554387.384615384,54783455.66616154,52405073.03941764,1.2199956940385337,0.7815631556284414,0.43843253841009233,0.6735567134827429,25.10155976043708,-2589172.0,157.0685541046775,115.75200450821691,41.31654959646059,55317078.0,52561332.0,53939205.0,49509802.0,94.70537165364206,41.83533191628221,27.90106403853559,22.758130573761587,32.899605780185716,46259909.0,42474100.0,84.0,20.0,64.0,54318769.10985868,58768855.52,0.0,0.0,57.86117157451814,0.026677803018674236,0.2648198118329942,0.5134482698127688,35.510309399966935,45.88294516813602,56.036564866929105,67.83454540715368,-43.963435133070895,5935379.517647058,11.051674070799816,4.538458757523236,4.582965956091652,-0.04450719856841623,8.795287276278168,7.832837884114504,0.9624493921636645,56538316.263159566,0.2128873597733616,0.21266107573012505,159.0795585284294
347,2023-12-14,54370868.0,56239828.0,53661032.0,55458920.0,34650409569741,9272671259794252.0,798399819661341,0.07401673048224768,2.974454934479739e+17,4651959.033510636,2513109.613190595,46166035090119.17,54911073.46483738,64.89352574175811,1055.6144896527953,52999754.0,60413933.69367477,45585574.30632523,27.978166440828282,0.6658420824422409,0.0,0.0,56369491.46666666,58703577.06666666,54035405.86666666,8.281378949037464,0.304940430062492,0.0,0.0,47719588.0,58887372.0,53303480.0,21.071388369085636,0.6930051655726865,1959283.1691696707,2.907054346337613,2256089.330596134,2333814.055416089,-77724.72481995495,55634133.666666664,51862684.0,54887373.25598284,52631283.925386705,1.1831532517586516,0.7573949106854465,0.4257583410732051,0.6712520480602919,25.220464811580797,-1917446.0,162.77826955875295,126.51226718056675,36.2660023781862,55924460.0,52561332.0,54242896.0,49793682.0,82.26698370990462,40.10325782388513,29.255005865572603,20.504204524443672,42.55508742218061,46401849.0,42559448.0,80.0,16.0,64.0,54318769.10985868,58652709.369600005,0.0,0.0,61.11228878221635,0.15294884116780919,0.07034638063994242,0.2783200726594467,33.35898850610517,49.62032097422232,66.14737183019044,60.16456542327779,-33.85262816980957,5190322.270588234,10.706293557766337,4.286593756280966,4.523691516129515,-0.23709775984854886,8.526134993485561,7.9714973059887155,0.5546376874968457,56483221.62471413,2.0460615378070646,2.0254109066936365,164.38048572779985
348,2023-12-15,55450544.0,55915380.0,54017340.0,55412260.0,32943591489987,9288149908764122.0,765456228171354,0.10258516155139455,3.536071168072144e+16,91780.45207727268,2526566.4187796707,46138318214656.7,55221735.76003714,63.23901108314461,1054.726355298805,53311002.0,60580089.64561739,46041914.35438261,27.27049716911113,0.6445338192659481,0.0,0.0,56472979.2,58618228.0,54327730.4,7.597434491290307,0.2527747830461439,0.0,0.0,47719588.0,58887372.0,53303480.0,20.948366342842327,0.6888270761683786,1953158.8522527036,3.1702047702373295,2130842.909618877,2293219.826256647,-162376.9166377699,55994963.0,52169733.538461536,54968125.06275471,52837282.153135836,1.1792074225039715,0.770164143244204,0.40904327925976747,0.6620785505620101,25.326321394220578,-1564522.0,163.767957837498,136.21645786083008,27.551499976667913,55924460.0,52561332.0,54242896.0,51563422.0,41.13349185495231,38.49490330951642,27.125613450456935,19.011759170203916,37.91729412171474,47263625.0,42634690.0,76.0,12.0,64.0,54318769.10985868,58538886.142208,0.0,0.0,60.89996298434307,0.14391175123283467,0.1078461318064393,0.14767077475979176,31.60522090162659,54.456793126990135,65.1526315683919,62.44552275517049,-34.8473684316081,4406610.67058824,8.476422012881642,4.032839735100594,4.425521159923731,-0.39268142482313717,7.800764085039715,7.9373506617989165,-0.1365865767592016,56474549.063821174,-0.08413434664793495,-0.08416975945380045,164.1580509334682
349,2023-12-16,55417772.0,55804272.0,54162856.0,54439520.0,25498878034790,9271246806075274.0,739957350136564,0.06715251227270652,-3.513087764211042e+18,110745.73879474837,2214868.5368441152,45690695637639.24,55547168.4680041,57.68315280046023,1036.21105715263,53568624.6,60610673.96020318,46526575.239796825,26.291693739708883,0.561835366059893,0.0,0.0,56263710.4,58182233.6,54345187.2,6.819753572455468,0.02458474309823229,0.0,0.0,47719588.0,58887372.0,53303480.0,20.84762131451103,0.6017247468253326,1921984.5670274333,3.6093124857910626,1930834.7688575536,2220742.814776828,-289908.04591927445,56219383.0,52399646.76923077,54886801.20694629,52955966.43808874,1.1792531757594953,0.8228272645625698,0.35642591119692546,0.6435927521210125,25.43565091518495,1391747.3999999985,159.1865364921637,143.8676489483164,15.318887543847296,55924460.0,52561332.0,54242896.0,51948176.0,20.566745927476155,37.00143126045975,25.40355460397197,17.804805155096105,27.603977027157022,47456002.0,42634690.0,72.0,8.0,64.0,54318769.10985868,58427339.37936384,0.0,0.0,56.49331839121843,0.0,0.09895353080021456,0.09238201441553189,28.762558534517463,48.98086586981071,49.67719015595159,60.32573118484466,-50.32280984404841,3680968.7647058815,5.204296021681088,3.646113740771606,4.2696396760933055,-0.6235259353216995,5.315063825365503,7.412893294512234,-2.0978294691467303,56285611.5664655,-1.755459892810729,-1.7710508210967646,159.5208622957006
350,2023-12-17,54449884.0,55394048.0,54171220.0,54842476.0,18679016160938,9273075010344562.0,758636366297502,0.07354331457127235,-1.9359578498741888e+18,-1315394.9218900488,1692632.053578038,45828955887475.15,55721080.89044379,57.686447305571825,1043.880990001891,53864008.4,60592420.265178256,47135596.53482174,24.982960106542155,0.5727116308875124,0.0,0.0,55981607.46666666,57927153.06666666,54036061.866666675,6.950660004389611,0.2072462689472115,0.0,0.0,47719588.0,58887372.0,53303480.0,20.73329544482991,0.6378067484113231,1852068.9103246902,3.924250968737815,1784274.0572199747,2133449.0632654577,-349175.00604548305,56209558.333333336,52651586.0,54879981.94433917,53095707.8871192,1.14116269860349,0.8613135996552523,0.2798490989482376,0.6200542352048328,25.421514367152657,4047383.6000000015,154.12060776209702,149.48095668798067,4.639651074116358,55924460.0,52561332.0,54242896.0,51948176.0,10.283372963738078,35.61463578633571,24.172381134619783,16.94190214503814,23.30807918064866,47456002.0,42634690.0,68.0,4.0,64.0,54318769.10985868,58318023.551776566,0.0,0.0,57.853806919247994,0.055483994218451425,0.06646524848376197,0.09108830369680505,26.824126475159403,50.378124358097416,49.66287570878236,54.83089914437529,-50.33712429121764,3395448.647058822,-0.21451092070483074,3.3604864276662787,4.087809026407901,-0.7273225987416221,1.4768769061871962,6.225690016847226,-4.74881311066003,56195971.89037835,0.7401902147557538,0.7374642502693263,161.44181032366313
351,2023-12-18,54837268.0,55012044.0,53596400.0,53713428.0,21657863861122,9254997957043072.0,736978502436380,0.045862605197873656,-5.152644996559601e+18,-3127090.8417877275,1198617.4781608435,45383083095796.81,55830020.655435316,53.38760145536515,1043.880990001891,54131111.2,60372655.44571773,47889566.95428228,23.060839163847522,0.46654007537585174,0.0,0.0,55665689.466666676,57584168.266666666,53747210.666666664,6.892859204227804,-0.008804545212244245,0.0,1.0,47719588.0,58887372.0,53303480.0,20.630989744027275,0.5367080881936829,1808426.4192922213,4.4315378688211355,1559047.1742307693,2018568.6854585202,-459521.5112277509,55859728.0,52932085.692307696,54700512.106748536,53141464.93251777,1.09296818384091,0.8962576350597281,0.19671054878118188,0.5886191446219047,25.247160204307193,3383164.799999997,147.7962912800113,152.7155658794058,-4.919274599394498,55707302.0,52561332.0,54134317.0,51948176.0,5.141686481869039,33.8539204679501,22.795049089931698,18.290206403094974,1.113993485383659,47456002.0,42634690.0,64.0,0.0,64.0,54318769.10985868,58210894.040741034,0.0,0.0,52.865525565387756,0.0,0.018494664739483736,0.06130448134115319,23.63166026994738,47.22049633724255,27.541765468053892,42.293943777595956,-72.4582345319461,3227749.529411763,-7.24894335124944,2.933767776651512,3.857000776456623,-0.9232329998051112,-0.8794933206597761,4.804653349345826,-5.684146670005602,56013426.89529235,-2.058710843033418,-2.0801977078814815,156.059479426307
352,2023-12-19,53692048.0,55721580.0,52683788.0,55469736.0,32827031959086,9282382028432966.0,769805534395466,0.08192301006879402,3.819786980948687e+18,-939625.9901913721,-29081.656759012058,46456453033124.19,55945620.05869513,51.47315424858594,1043.880990001891,54468105.6,60214954.13712249,48721257.06287751,21.101701532731436,0.5871460587076414,0.0,0.0,55343550.93333334,57322604.13333334,53364497.733333334,7.15188370324833,0.531880160337949,0.0,0.0,48559644.0,58887372.0,53723508.0,18.961055990902683,0.66908152499756,1931362.9773629992,4.605072912222565,1504924.7881368622,1915839.9059941885,-410915.1178573263,55689349.666666664,53193486.92307692,54818854.244171835,53313929.45603497,1.032568596749244,0.9934519673294921,0.0391166294197518,0.5589561376327218,25.31065839885812,2400274.3999999985,141.32205161900333,153.7718895195233,-12.44983790051998,55353226.0,53303480.0,54328353.0,51948176.0,2.5708432409345194,31.522851003597246,20.142727606311105,19.65758253498008,7.8143525420225,47456002.0,42634690.0,60.0,20.0,40.0,54318769.10985868,58105907.119926214,0.0,0.0,58.81443053720358,0.21134250408198077,0.088942166100144,0.05796735977446301,22.641153053169006,56.98086840467171,44.90868504400037,40.70444207361222,-55.09131495599963,2873864.152941175,-3.5548391498486396,2.822760962269513,3.650152813619201,-0.8273918513496881,0.3430451428263673,3.912331708041935,-3.5692865652155676,55983356.3749549,3.2697745524638666,3.2174548604466224,164.43204712375982
353,2023-12-20,55493124.0,56633260.0,54485884.0,54881492.0,30083826310479,9263382802452412.0,739721708084987,0.06778094415035628,7.460130802158162e+17,9685432.616904398,-944724.1706666461,46137420861704.055,55797506.957216315,49.35074845364904,1032.8108682857414,54770124.6,59904613.13065578,49635636.06934422,18.749230782855584,0.5108450334765646,0.0,0.0,55091726.13333334,57188845.333333336,52994606.93333333,7.613191116664386,0.4498754926917524,0.0,0.0,48759792.0,58887372.0,53823582.0,18.491066204366458,0.6044583207439487,1952964.2796266992,4.850198807483585,1398445.6219591722,1812361.0491871855,-413915.4272280133,55523775.666666664,53413615.07692308,54828490.821991555,53430045.20003238,1.001983052087477,1.06322870499738,-0.061245652909903026,0.5283907497197262,25.379611549349484,3426439.3999999985,131.92307600622703,152.22858125212298,-20.305505245895944,55199024.0,53303480.0,54251252.0,51948176.0,1.2854216204672597,29.967407517960286,21.95830812463769,18.05805626432462,22.66472992310094,47527285.0,42634690.0,56.00000000000001,16.0,40.00000000000001,54318769.10985868,57889022.35512917,0.0,0.0,56.25354724880164,0.1309553338079228,0.11409927929663444,0.07384537004542051,21.041057836770452,51.767493318213965,35.42635998803272,35.95893683336234,-64.57364001196727,2763587.5529411808,-3.4938361177160315,2.6173393953226984,3.443590129959901,-0.8262507346372026,0.5386410884600163,3.2375935841255514,-2.698952495665535,55922236.20660384,-1.0604773745452878,-1.066140508944713,161.62780509296545
354,2023-12-21,54869516.0,57550592.0,54965532.0,56744628.0,36227477666370,9277020442505808.0,775949185751357,0.09284159064639917,1.0281828044386404e+19,4984168.5806245785,-812209.5994988688,47367283887829.695,55682167.846948855,48.87788382174187,1032.8108682857414,55160434.4,59602462.149876736,50718406.65012326,16.105847599622013,0.6783187419353651,0.0,0.0,54962749.733333334,57259198.13333334,52666301.333333336,8.356381044041077,0.8879639243508933,0.0,0.0,48914992.0,58887372.0,53901182.0,18.078864150496972,0.7851321349567505,2024577.851664029,4.892386301330695,1447711.3051879406,1739431.1003873367,-291719.7951993961,55402781.0,53704281.538461536,55123281.15706977,53675569.85188183,0.919218302094511,1.0181006558384214,-0.0988823537439103,0.5045878707414704,25.605302346234723,2455549.6000000015,122.79648103507425,148.97331396616724,-26.17683293109299,55117190.0,53303480.0,54210335.0,51948176.0,0.6427108102336299,29.074540978947518,23.17725441533901,16.284381557060215,54.71753927973977,47763619.0,42847930.0,52.0,12.0,40.0,54318769.10985868,57680812.980924,0.0,0.0,61.91050390972138,0.3687833127163218,0.23702705020207504,0.14668949853295093,21.447248184783856,52.503367165082814,65.45957949469211,48.59820817557508,-34.5404205053079,2766014.741176471,-2.494882687575851,2.6971512536949525,3.294302354706912,-0.5971511010119595,2.321445197980394,3.05436390689652,-0.732918708916126,55932849.38700603,3.3948348197239353,3.3384821450940905,170.5096369183409
355,2023-12-22,56739268.0,57420580.0,56483324.0,56760476.0,29050703770305,9265150659746086.0,804999889521662,0.055865921300474256,8.87876625995289e+18,2238680.9317328013,-581708.4877811751,47375397352832.086,55628611.48674219,56.84819020652747,1033.0993182627258,55493681.0,59323668.07785973,51663693.92214027,13.803326825119889,0.6653784953117792,0.0,0.0,55154652.266666666,57069555.06666666,53239749.46666666,6.943758037823017,0.9192964085000391,0.0,0.0,50048732.0,58887372.0,54468052.0,15.927290892813545,0.759363884036458,1915845.666497626,4.913114655577531,1471075.8683422431,1685760.053978318,-214684.18563607498,55331488.666666664,53991720.307692304,55375157.286751345,53904081.4184091,0.9920262542110626,1.028740457284005,-0.036714203072942486,0.485304331346165,25.75090986873191,2182803.0,117.85123288831925,144.61583383101632,-26.764600942697072,55117190.0,53303480.0,54210335.0,51948176.0,0.32135540511681493,28.245450621292804,22.347204440671796,15.701186919046343,64.77220782574487,47841260.0,42847930.0,48.0,8.0,40.0,54318769.10985868,57550592.0,0.0,0.0,61.95556956426855,0.3706207368361979,0.29011979445348074,0.2137487079840632,21.780041956462178,50.01147111030125,65.71504472253459,55.53366140175316,-34.284955277465414,2908899.7529411763,-1.4848448999846986,2.7290621222604625,3.181254308217622,-0.4521921859571596,1.7782578462183594,2.7991426947608877,-1.0208848485425284,55986587.002536245,0.02792863493614739,0.027924735618967134,170.5851865673029
356,2023-12-23,56760264.0,57763784.0,56347632.0,57186712.0,27332007340238,9270207464791872.0,832331896861900,0.04449078138189033,9.274640434341575e+18,537590.470699473,-654428.115985187,47580643790171.23,55553487.91799903,56.285047029414756,1040.857253925898,55798901.2,59112115.949904814,52485686.45009519,11.875555534791825,0.7094356847892019,0.0,0.0,55431334.13333334,57319370.133333325,53543298.13333333,6.812161495007698,0.9648687489715965,0.0,0.0,50851760.0,58887372.0,54869566.0,14.401021932668451,0.7883596171641936,1865876.2998478636,4.918353601721789,1506618.7725988403,1649931.7977024226,-143313.0251035823,55290674.333333336,54309101.538461536,55653858.011866525,54147239.239267685,0.9928883886658129,1.0385583071121751,-0.045669918446362257,0.47044445490450076,25.850214577453475,-1567405.200000003,114.00800945823104,139.19691604206943,-25.18890658383839,55223786.0,53303480.0,54263633.0,51948176.0,0.4827943965877306,27.686567525409238,22.451155304297487,14.836591902793323,65.12063226719272,47841260.0,42847930.0,44.0,4.0,40.0,52683788.0,57550592.0,1.0,0.0,63.216114709419614,0.4844424774271784,0.407948842326566,0.3116985623273737,22.425846490637987,52.63672569473971,78.05017898284497,69.74160106669056,-21.949821017155035,3174173.894117646,-0.8491710417021953,2.7824479950701484,3.1014930455881276,-0.31904505051797916,0.8728146082565733,2.413877077460025,-1.5410624692034516,56074212.40451368,0.7509380294837609,0.7481325261700533,172.61711363538637
357,2023-12-24,57205296.0,57209844.0,56270112.0,56818976.0,17547032963102,9273157626135786.0,814784863898798,0.029228129394459058,7.027880984618596e+18,-1690893.1839582555,-865226.0920104206,47467808561705.58,55477021.597764924,51.270064341348316,1034.1640787153754,56052526.0,58817264.111533135,53287787.888466865,9.864811842853022,0.6386116820256402,0.0,0.0,55595972.533333324,57320102.13333334,53871842.93333332,6.202354312504502,0.8546727191119108,0.0,0.0,51746784.0,58887372.0,55317078.0,12.739101178062876,0.7103325384408119,1773261.8698630773,4.927169766883308,1487961.2671292275,1617537.6915877839,-129576.42445855634,55506297.666666664,54634009.384615384,55833106.93311782,54345145.665988594,0.9517228996289816,1.0430384066909855,-0.09131550706200386,0.45680003848089495,25.810894923610523,-1705578.0,106.97070163753008,132.88610979762856,-25.91540816009848,55223786.0,53303480.0,54263633.0,51948176.0,0.2413971982938653,27.093368966036415,21.601123052278247,14.587182500009217,41.657699774558765,47841260.0,42847930.0,40.0,0.0,40.0,52785387.92,57550592.0,0.0,0.0,61.32813307493862,0.39607857005748487,0.417047261440287,0.3717052994067777,22.428266478764446,53.231749797018516,77.45428063884609,73.73983478140856,-22.54571936115392,3422046.8705882356,4.771175775789036,2.737983768181257,3.028791190106754,-0.2908074219254968,-2.5756821397151497,1.41596523402499,-3.9916473737401397,56096429.41784522,-0.6430444890764164,-0.64512092654887,170.86406430987483
358,2023-12-25,56804460.0,57101052.0,55593492.0,55893296.0,24467612772429,9258421616987260.0,790317251126369,-0.0529363847755426,2.7883008737899295e+18,-2419638.821598152,-978106.2621786102,47069188569131.586,55427476.58769253,50.41232552600938,1034.1640787153754,56099172.2,58819757.45323189,53378586.94676811,9.699199280633557,0.4621632514997583,0.0,0.0,55704067.86666666,57389149.46666666,54018986.266666666,6.0501204473375685,0.55614806230551,0.0,0.0,52683788.0,58887372.0,55785580.0,11.058245169614105,0.5173635111574213,1746691.6828767695,4.958361441344506,1382543.321053274,1570538.817480882,-187995.49642760796,55635160.0,54909526.615384616,55842366.789561234,54459823.46850796,0.9310054743356583,1.0300752365667352,-0.09906976223107689,0.4401684029555558,25.81638695081167,-640252.200000003,98.91238394081465,126.18898173636755,-27.276597795552902,55223786.0,53723508.0,54473647.0,51948176.0,0.12069859914693265,25.902677037421256,20.27491681988333,16.44712768906867,6.1793552505057745,47841260.0,42847930.0,36.0,0.0,36.0,52884955.8416,57550592.0,0.0,0.0,56.7347904999753,0.3738207439929694,0.41811393049254414,0.4143700114197988,21.10774520482441,53.29656510838519,63.17934108609534,72.8946002359288,-36.82065891390466,3339617.517647058,2.8453262913678246,2.5386481868652147,2.9307625894584466,-0.39211440259323194,-3.3782369437083326,0.45712479847832554,-3.835361742186658,56094446.408826105,-1.629174028057101,-1.6425909914932646,166.45121732279847
359,2023-12-26,55886092.0,56772944.0,55568132.0,56533592.0,27371377811487,9274917615035042.0,817688628937856,-0.08975501985344464,4.893655567131922e+18,-777933.9625301535,484212.95851944305,47382746454985.805,55550654.26272385,60.750967615795396,1034.1640787153754,56030282.2,58630958.41658807,53429605.98341194,9.283109470357315,0.5967651791464279,0.0,0.0,55853001.86666666,57494423.06666666,54211580.666666664,5.877647199405436,0.7073173337024454,0.0,0.0,52683788.0,58887372.0,55785580.0,11.071841433631043,0.6205773952605461,1692503.7145890924,4.621989937349223,1335273.1773065478,1523485.6894460153,-188212.51213946752,55724716.0,55205391.23076923,55948709.12962873,54613435.952322185,1.1038027393075374,1.0352769256522814,0.06852581365525601,0.42377601471956255,25.885612859989383,-618022.200000003,92.76713628523578,119.37192935004964,-26.60479306481386,55223786.0,53823582.0,54523684.0,52029830.0,0.060349299573466325,24.77321748036406,19.257355158565993,15.7273166743878,13.736273844783701,47882087.0,42847930.0,32.0,0.0,32.0,52982532.404768,57550592.0,0.0,0.0,59.02109481131174,0.594707137948112,0.4548688173328553,0.4300100030885619,20.635076021984784,50.80125711676177,75.78360297921495,72.13907490138547,-24.216397020785056,3064613.5411764756,1.9377802524823782,2.444953616308353,2.833600794828428,-0.3886471785200749,-3.1367809500769575,-0.2616563512327311,-2.875124598844226,56115680.08680411,1.145568513261419,1.1390565625511329,169.50359857165017
360,2023-12-27,56516360.0,56520676.0,54012188.0,54957700.0,38809762065013,9265364597072146.0,778878866872843,-0.08309338988672231,-4.542580022480846e+18,-5843733.460485569,441860.47442161577,46300911896160.016,55612471.87917673,59.717690017508815,1034.1640787153754,55902453.4,58449568.42892051,53355338.37107949,9.112712856071212,0.31454441804295075,0.0,0.0,55889095.86666666,57659083.06666666,54119108.666666664,6.333926761751943,0.23689192027302122,0.0,0.0,52683788.0,58887372.0,55785580.0,11.0971587518912,0.3665481115432627,1775393.7431301833,4.3957406800910475,1157309.1937180161,1450250.3903004157,-292941.19658239954,55686836.0,55436901.538461536,55796246.186608925,54638936.99289091,1.0171963394885526,0.9423237605929659,0.07487257889558674,0.40158611621660434,25.96387307462362,-1462933.3999999985,87.1223019843676,112.63037498386701,-25.50807299949942,55223786.0,53901182.0,54562484.0,52029830.0,0.030174649786733163,23.59093807778482,17.30046168875188,20.39992585303115,-46.85107263878806,47882087.0,42847930.0,28.000000000000004,0.0,28.000000000000004,53078157.436672635,57550592.0,0.0,0.0,51.76999778888223,0.0,0.3228426273136937,0.39860845837969744,18.004733812100966,52.13075452475817,44.762082489828735,61.24167551837969,-55.237917510171265,2506758.011764705,-0.8203238777844469,2.1181034211346277,2.690501320089668,-0.5723978989550402,0.31484829480442295,-0.14635542202530033,0.4612037168297233,56109679.472670995,-2.7875320570467155,-2.827121172968461,161.99109936657092
361,2023-12-28,54955200.0,56546044.0,54562828.0,56291072.0,32731860628340,9289680119824906.0,811610727501183,0.0014805337609103161,2.341180904977983e+18,1745009.6936116864,234221.2358574051,47095045320042.945,55671183.367609255,59.56483668862513,1059.2547471015137,55873588.0,58389152.38383512,53358023.61616488,9.004484851895038,0.5829801858149068,0.0,0.0,56058364.93333334,57885109.333333336,54231620.53333334,6.517294616681846,0.5636944792787275,0.0,0.0,52683788.0,58887372.0,55785580.0,11.102891763457182,0.5814838648110512,1796175.9688171647,4.232860541548684,1111055.8710350618,1382411.486447345,-271355.6154122832,55841132.0,55675191.07692308,55872373.234822944,54761317.36378788,1.03279395499889,0.983572381560543,0.04922157343834699,0.38064679035663457,26.04333919189141,-1031112.0,85.59887046379453,106.43891041106603,-20.840039947271507,55887986.0,54468052.0,55178019.0,52029830.0,0.015087324893366581,22.47059741404393,16.030703499525963,18.783145133120993,-4.0114155142502215,48531929.0,43126698.0,24.0,0.0,24.0,53171869.96793918,57550592.0,0.0,0.0,56.62556378482675,0.4242107633229173,0.33963930042367635,0.37245024835674156,17.215913567840555,53.826766849322766,71.00958347211296,63.85175631371889,-28.99041652788703,1998610.7882352993,3.4011174235187966,2.028906396926404,2.5581823354570155,-0.5292759385306116,1.268001433716774,0.13651594912311454,1.1314854845936595,56119110.88607846,2.426178679238755,2.3972145108565712,168.34747156090592
362,2023-12-29,56323912.0,56557676.0,54516216.0,54822336.0,29569405378289,9268978668140936.0,782041322122894,-0.05761974793606219,-4.197509249688396e+18,-120750.26515824391,219040.4703405825,46323525989629.65,55689838.402104996,60.05761434699762,1031.616872657785,55704876.6,58019178.36888096,53390574.831119046,8.309153202148753,0.3093289708656404,0.0,0.0,56125735.73333333,57852846.93333334,54398624.53333334,6.154435848131823,0.1226647903929583,0.0,0.0,52683788.0,58453056.0,55568422.0,10.356845490256413,0.37067926121650097,1820704.3719354481,4.183674574384507,944991.7820836231,1294927.5455746006,-349935.76349097746,55839453.666666664,55819038.307692304,55710829.04485018,54765837.262766555,1.0162814592452292,0.9700534899732428,0.04622796927198636,0.35531444611282376,26.1493047157267,-1991448.6000000015,77.69098642484056,100.41312267980088,-22.72213625496032,55887986.0,54869566.0,55378776.0,52070146.0,0.007543662446683291,21.467967958341557,14.736034626286424,17.45058492939154,-30.87694911181071,48915367.0,43585830.0,20.0,0.0,20.0,53263708.248580396,57550592.0,0.0,0.0,50.584453872038736,0.0,0.1414035877743057,0.2679618385038917,14.584604227119073,49.51335930567387,42.09743472238954,52.623033561443755,-57.90256527761046,1572880.799999997,-0.036723360192563156,1.7255132566485771,2.3916485196953277,-0.6661352630467505,1.141331869302273,0.33747913315894623,0.8038527361433268,56104301.44680199,-2.609181079372591,-2.643824137770423,161.345800105964
363,2023-12-30,54805348.0,55979372.0,53624688.0,54498940.0,33657807256412,9260313943021688.0,748383514866482,-0.043020803842397856,-5.152836533374999e+18,-5141436.972886375,-156115.4376366406,46124979174048.96,55663217.36060893,58.86077576497701,1031.616872657785,55549024.4,57744297.358482175,53353751.44151782,7.903911840734961,0.26083056188009696,0.0,0.0,56062481.2,57810323.2,54314639.2,6.235335870221884,0.052722385661861035,0.0,0.0,52683788.0,58022664.0,55353226.0,9.611106689391292,0.339987667816222,1874102.334741903,4.012984884756075,778317.4812574834,1191605.5327111771,-413288.05145369377,55904913.0,55924902.15384615,55524384.576411694,54746067.09515421,0.9749941493796452,0.9892887189015511,-0.014294569521905887,0.32631395525548046,25.98207555162181,-79288.39999999851,70.36124121232075,94.58698492171715,-24.225743709396397,55694236.0,55317078.0,55505657.0,52263484.0,0.0037718312233416453,21.22730924907351,13.392513051956298,19.311535793574617,-68.27437961570311,49314780.0,44030560.0,16.0,0.0,16.0,53353709.76360879,57550592.0,0.0,0.0,49.33636101107224,0.0,0.1414035877743057,0.20748215865742903,12.08634084962195,47.708824824269406,35.731366717611586,49.612794970704705,-64.26863328238841,1100021.8705882356,1.4624127136327996,1.4216865659129243,2.197656128938847,-0.7759695630259227,2.118402590885462,0.6936638247042495,1.4247387661812125,56091216.45012797,-0.5898982487721804,-0.5916450213330648,159.80412580789925
364,2023-12-31,54489036.0,55126424.0,53795780.0,54573372.0,20730507552967,9263812119969048.0,769114022419449,-0.032075362594004904,-4.1962865802953646e+18,-2188339.0769516975,-218468.5915696155,46153291892391.414,55643148.871412076,54.005967775287274,1033.0258047776697,55393868.8,57395891.02080484,53391846.57919516,7.22831701115933,0.2950829937166866,0.0,0.0,55870308.666666664,57492709.06666666,54247908.26666667,5.807737378647959,0.1003031475255208,0.0,0.0,52683788.0,57763784.0,55223786.0,9.170682803075852,0.37196564721704506,1819756.5012677126,3.901680579015425,644800.0833879039,1082244.4428465227,-437444.3594586188,55830216.0,55910017.538461536,55378074.94927143,54733274.86588353,0.9814796286736039,1.0066910700631109,-0.025211441389506928,0.2957941591760344,25.588735015509126,-512376.799999997,64.51514080153909,88.66075246763046,-24.14561166609137,55694236.0,55785580.0,55739908.0,52263484.0,0.0018859156116708227,21.003840447610326,12.688488457711017,18.296356932177975,-81.10459349803885,51106392.0,45907536.0,12.0,52.0,-40.0,53441911.24833661,57550592.0,0.0,0.0,49.64431657583872,0.022187394060396617,0.0073957980201321315,0.09673432452291429,10.165696871589457,47.926676541882195,37.196564721704505,38.34178872056855,-62.803435278295495,597130.0235294178,-1.61595144422537,1.1780769284642643,1.9937402888439306,-0.8156633603796664,-0.6219518555765405,0.43054068864809153,-1.052492544224632,55998365.94931053,0.13657513338791727,0.13648195438236144,160.15895363926873
365,2024-01-01,54567156.0,55484768.0,54368000.0,54735140.0,21235430222208,9256539080953934.0,790349452641657,-0.0028804867336550436,-3.1060723436551496e+18,2446910.8614177736,179674.38723077744,46216238581413.79,55684700.521350615,59.23153048955815,1033.0258047776697,55419051.0,57374075.046134196,53464026.953865804,7.055422317261248,0.3250888521416541,0.0,0.0,55667759.6,57308111.2,54027408.0,5.893363094856799,0.21572570173370129,0.0,0.0,52683788.0,57763784.0,55223786.0,9.166515680681721,0.40380976677934394,1749457.6511409413,3.506714393596713,545748.8561865166,974945.3255145214,-429196.46932800487,55818020.0,55787854.0,55279161.88015275,54733413.02396623,1.0267631377966544,0.9774007856884549,0.0493623521081995,0.26561605157286516,25.34517512501481,1325577.0,58.05093858179369,82.44330014802631,-24.392361566232623,55417266.0,55785580.0,55601423.0,52263484.0,0.0009429578058354113,20.4007333034452,13.568389598135116,17.466474134755032,-48.227370998478044,52510294.0,47313674.0,8.0,48.0,-40.0,53528348.70336988,57550592.0,0.0,0.0,50.35067100074521,0.07307838537464378,0.03175525981168006,0.06018488186870574,8.77790418950061,49.355814418909596,40.38097667793439,37.76963603908351,-59.61902332206561,336873.1882352978,-0.2666691350154985,0.9971036448020306,1.7944129600355507,-0.7973093152335201,-2.714586481080467,-0.19848474529762017,-2.516101735782847,55930587.85972406,0.2964229514716532,0.29598448490411045,160.930124488164
366,2024-01-02,54754632.0,56572832.0,54648552.0,56562448.0,23598325673712,9279882719145786.0,813947778315369,0.03736781693763358,3.49785360403549e+18,5580057.73988824,645366.082236464,47004058056986.14,55787973.882615164,58.3499889641987,1033.0258047776697,55529826.0,57480370.79309318,53579281.20690682,7.025214856942581,0.7647009193678818,0.0,0.0,55550616.4,57241780.8,53859452.0,6.088733157603625,0.7991523473412764,0.0,0.0,52683788.0,57763784.0,55223786.0,9.148229637888655,0.7635163492254718,1766939.8860268474,3.2884638637056827,607693.4177103788,901494.943953693,-293801.52624331426,55802838.333333336,55751245.23076923,55476590.513975404,54868897.096265025,1.077520278118889,0.9606461971066856,0.11687408101220342,0.2430712374949826,25.19935359105206,1230650.0,55.34253353477918,76.70683702549843,-21.36430349071925,55362870.0,55785580.0,55574225.0,52263484.0,0.00047147890291770566,19.115365241259635,16.904708153212237,16.110500748020538,39.04108775550413,52510294.0,47520870.0,4.0,44.0,-40.0,53613057.40930248,57550592.0,0.0,0.0,57.587835376966495,0.5944971751823476,0.2299209848724626,0.0896906809014247,9.6695996478951,51.52586518816748,70.97588458929197,49.51780866297696,-29.02411541070804,141419.32941175997,-0.3210524175081384,1.1075371474010272,1.657037797508646,-0.549500650107619,-3.696499831452201,-0.8980877625285364,-2.798412068923665,55937921.07290852,3.3384549669554175,3.283938579107115,169.64115918942207
367,2024-01-03,56587816.0,60082764.0,56574768.0,58935404.0,51564611389277,9297716863041028.0,865512389704646,0.043513366557607826,2.0478239372580876e+19,18491349.906084675,1274360.1743207697,49167340558193.54,56162738.808716126,60.77509318048933,1033.0258047776697,55703650.2,58153620.067261636,53253680.33273837,8.79644281286842,1.1595497036892488,1.0,0.0,55727083.2,57675074.0,53779092.4,6.9911816235162325,1.3234948542878127,1.0,0.0,52683788.0,60082764.0,56383276.0,13.282748928363763,0.84492989300141,1942277.497424163,2.9148349246001786,838595.8357964754,888915.1223222496,-50319.286525774165,55984082.333333336,55830746.15384615,56008715.6656715,55170119.82987502,1.0777311089352561,0.8604133035415024,0.21731780539375378,0.23464875093834997,25.191067567631446,1483061.799999997,55.31639090377066,71.86283779916022,-16.546446895389558,56853726.0,56383276.0,56618501.0,52861180.0,50.000235739451455,20.124363269327894,27.88885294792006,13.973310016073532,213.3408011452846,52720308.0,48183960.0,100.0,40.0,60.0,53696071.94111643,57550592.0,0.0,0.0,64.76965595359641,1.0,0.5558585201856637,0.2725115882899352,12.915475137840549,56.356682553707046,82.23371790607605,64.53019305776748,-17.766282093923948,426038.32941176,3.831764906270342,1.520018151822773,1.6296338683714715,-0.10961571654869862,3.345898146964102,-0.049290580630008796,3.3951887275941104,56038937.81378643,4.195285182847819,4.109669454208742,180.95337478775497
368,2024-01-04,58940164.0,59517664.0,53559256.0,56141780.0,60719981782131,9289632018104818.0,804792407922515,0.002456424128017802,-6.679908878662664e+18,-17568143.59912613,-336519.26708999556,46289124971750.39,56175184.39937531,49.06702240161353,1033.0258047776697,55740126.2,58193377.15552502,53286875.244474985,8.802459279415906,0.5818615395003565,0.0,0.0,55748111.86666666,58141187.46666666,53355036.266666666,8.585315340270327,0.5822515037413228,0.0,0.0,52683788.0,60082764.0,56383276.0,13.274056778149168,0.46736088885813387,2343890.5476817465,3.1075049507201333,787092.4444303438,868550.5867438685,-81458.14231352473,55897004.666666664,55751716.0,56029187.10172203,55242094.65729169,0.9502198653447343,0.9308531036880042,0.019366761656730125,0.2254412225467151,25.571840498054378,1078849.799999997,53.25772016793158,67.47290267501529,-14.21518250708371,56821010.0,56383276.0,56602143.0,52861180.0,62.283717130438696,18.9084415913133,22.458296565018582,21.107132311676537,50.01530047315351,53043533.0,48561704.0,96.0,36.0,60.0,53696071.94111643,60082764.0,0.0,1.0,53.32206672242781,0.2582537122629301,0.6175836291484259,0.46778771140218384,11.734255427957512,50.604844285533204,39.58796402181158,64.26585550572653,-60.41203597818842,550619.5058823526,-1.8272286750810223,1.4248055750117206,1.5886682096995215,-0.16386263468780093,10.314147705065732,2.0233970765091396,8.290750628556593,56039538.37874189,-4.740145668637474,-4.856171978553192,167.6357755618624
369,2024-01-05,56151788.0,58862284.0,55939280.0,57974748.0,39955264166073,9305323384351558.0,844747672088588,0.05515643535338634,4.736752482283216e+18,6308482.018317573,-45819.18947679763,47593620850718.93,56255092.35072823,50.37378834838918,1066.7529727322967,55916887.6,58476937.111430585,53356838.08856942,9.156623772566999,0.9019180861174133,0.0,0.0,55878166.666666664,58443061.46666666,53313271.86666667,9.180311212787334,0.9087070809557839,0.0,0.0,52683788.0,60082764.0,56383276.0,13.232095557478774,0.7150935480801668,2401801.8929135716,3.067803622300286,883990.7395773306,871638.617310561,12352.122266769642,55993319.0,55765514.615384616,56328504.16299556,55444513.42341823,0.9814822766182515,0.9524088523877741,0.02907342423047743,0.22224203753643035,25.968322588726767,-23591.60000000149,51.98145921080331,63.56836458906371,-11.586905378260404,56821010.0,56383276.0,56602143.0,52861180.0,80.41931503886168,17.779371461728314,20.363464567040225,19.138332228194948,121.6332137469066,53082333.0,48561704.0,92.0,32.0,60.0,53696071.94111643,60082764.0,0.0,0.0,58.504302090631185,0.5940365368316802,0.6174300830315367,0.5969574107885419,12.657441524381067,55.41411631632998,67.68585245852385,63.16917812880384,-32.31414754147615,914016.5058823526,2.03413028774049,1.5943700918186026,1.589808586123338,0.004561505695264589,10.491315519887484,3.716980765184809,6.774334754702675,56071028.26895755,3.264891138114967,3.2127259551721465,176.3737922806069
370,2024-01-06,57991884.0,58313260.0,56136012.0,58062680.0,42513632903584,9338051208626102.0,887261304992172,0.10126399751984484,4.5941176660253204e+18,-902095.3986166375,-148653.89442794834,47658102524161.96,56319722.54291238,42.705380377451654,1066.7529727322967,56077897.8,58750007.32442007,53405788.27557992,9.529991776617829,0.8713886316899301,0.0,0.0,56112212.93333334,58643983.733333334,53580442.13333333,9.023956346216416,0.8851981914529281,0.0,0.0,52683788.0,60082764.0,56383276.0,13.194103720485757,0.7269778953195686,2379346.5036222143,3.0848892894558975,956848.7572614104,888680.645300731,68168.11196067941,56174101.0,55780368.307692304,56595300.445611626,55638451.688350216,0.9924816058743374,0.9818801292654894,0.010601476608848026,0.22303525966961502,25.937674052615954,455694.200000003,50.125839297300075,59.62691668167544,-9.501077384375364,56821010.0,56383276.0,56602143.0,53003746.0,90.20965751943083,16.730949198542255,18.94587585077815,17.806030265262944,103.44615552303395,53437051.0,48873444.0,88.0,28.000000000000004,60.0,53696071.94111643,59952293.84,0.0,0.0,58.740949359884596,0.6093700913405987,0.48722011347840294,0.5740779418861216,13.433877844623396,59.58520771261457,69.03377753196592,58.76919800410047,-30.96622246803407,1181666.0235294178,3.8812955313996875,1.7197616544418666,1.6157991997870438,0.10396245465482279,11.033111006694392,5.180206813486726,5.852904193207666,56164651.170505516,0.15167293180817776,0.15155802459112522,176.7929765141083
371,2024-01-07,58084060.0,58148056.0,57158744.0,57834572.0,21157538471457,9345800338445514.0,866103766520715,0.14162397524006437,3.248357458643544e+18,2004871.081483559,115329.26738932412,47574981941618.28,56365993.71270133,46.96931044344795,1062.5620727066,56283955.0,58827450.31035067,53740459.68964933,9.038083092599557,0.8048201020245279,0.0,0.0,56303593.866666675,58735974.266666666,53871213.46666666,8.640231406045434,0.8147077926901021,0.0,0.0,52683788.0,60082764.0,56383276.0,13.14579972214106,0.696148223754206,2240343.053259993,3.099654991921869,984830.3408342823,907910.5844074413,76919.75642684102,56282516.0,55918948.15384615,56785957.60782523,55801127.266990945,1.0273632562945605,0.969588550303558,0.05777470599100254,0.22517238169591378,25.84068097942834,-1326255.0,47.82638875276959,56.308628051445325,-8.482239298675736,56821010.0,56383276.0,56602143.0,53003746.0,95.10482875971542,15.757414239869487,18.321745246641772,17.21944939065678,108.5035858385334,53637808.0,49348734.0,84.0,24.0,60.0,53696071.94111643,59824433.0832,0.0,0.0,57.81975155554493,0.5496811002489143,0.5843625761403977,0.5630042575501122,13.753731251930526,60.15544527716776,65.53706993231249,67.41889997426743,-34.46293006768751,1406309.5058823526,2.3012512631428055,1.7648932719982109,1.6456180142292773,0.11927525776893355,6.590102747384304,5.462186000266242,1.1279167471180616,56201087.75028195,-0.39286508993384706,-0.39363883200138616,175.70555353799557
372,2024-01-08,57846760.0,58500332.0,57380552.0,57749668.0,25404085197877,9337144282881850.0,840699681322838,0.08641283442021863,2.47617661460296e+18,1265244.8937104854,378535.2470542268,47537687493417.984,56456699.058315076,52.352888398781886,1062.5620727066,56397951.6,58989179.08870323,53806724.11129677,9.189083699640001,0.7608254979335026,0.0,0.0,56561404.666666664,58901617.06666668,54221192.266666666,8.274944421170515,0.7538793772166418,0.0,0.0,53559256.0,60082764.0,56821010.0,11.566923646921957,0.6423556160274503,2128286.7479339936,3.08732915675336,988757.1274986789,924079.8930256888,64677.234472990036,56515180.0,56049822.0,56934220.745082885,55945463.617584206,1.0565315259235453,0.9544158933502274,0.1021156325733179,0.22734219902035718,25.637313975276644,-106879.60000000149,47.64618688611917,53.78473312631182,-6.138546240192653,56821010.0,56383276.0,56602143.0,53159028.0,97.55241437985771,15.090983325608578,18.82892776976742,16.554687827961352,109.1811428645346,53939205.0,49509802.0,80.0,20.0,60.0,53696071.94111643,59699129.541536,0.0,0.0,57.45855884268178,0.5262776265118877,0.5617762727004668,0.5444529874397556,13.90160115896631,60.3812793158632,64.23556160274502,66.26880302234116,-35.76443839725497,1202160.7647058815,5.080212599872266,1.7673588948289682,1.6699661903492158,0.09739270447975246,3.898162483904758,5.149381296993946,-1.2512188130891877,56293749.02660323,-0.1468049249158443,-0.14691278892513537,175.30080420713534
373,2024-01-09,57757040.0,62006340.0,56896360.0,61634536.0,56091409449919,9385073229700166.0,896791090772757,0.18445326279288357,3.3252111619215094e+19,13764513.563763103,1417281.4989323164,51311003067230.24,56885263.91892676,55.440423704201436,1062.5620727066,56735603.8,60094600.250955276,53376607.34904472,11.840876719303653,1.2292255695308603,1.0,0.0,57109212.53333334,59724954.53333334,54493470.533333324,9.160490519715218,1.3650171665758044,1.0,0.0,53559256.0,62006340.0,57782798.0,14.88850639499143,0.9559843373168776,2426456.073140594,3.0722033019217703,1290469.78226424,997357.8708733992,293111.9113908409,56960468.666666664,56287345.692307696,57657346.168916285,56366876.386652045,1.0371535008450405,0.8501658259601858,0.1869876748848548,0.24278902956417567,25.702996861655325,-1913267.799999997,54.947946314168185,52.721711516603946,2.2262347975642385,57782798.0,57345064.0,57563931.0,54120816.0,98.77620718992885,16.269705599261744,26.76755137225495,13.914752422438234,220.21443899075592,54242896.0,49793682.0,100.0,16.0,84.0,53559256.0,59699129.541536,1.0,0.0,67.47146351812631,1.0,0.6919862422536006,0.6127083636981548,17.571662154370564,64.49748259442717,95.59843373168776,75.12368842224843,-4.401566268312236,1694600.8235294148,9.49256038328778,2.2894115569083224,1.7938552636610372,0.49555629324728523,8.823542998960775,5.884213637387312,2.9393293615734635,57091129.554272994,6.727082829290021,6.510476231736462,193.8205173358509
374,2024-01-10,61657020.0,63266244.0,59703964.0,60931568.0,52587514448640,9368730279456028.0,844203576324117,0.13564620174584,2.3220761408337002e+19,13776656.446076551,2818737.9208296114,50711220181593.99,57469821.87186643,64.36437621395325,1050.443102019023,56944950.8,60769706.91224995,53120194.68775004,13.433170311036447,1.0211596612960023,1.0,0.0,57789419.2,60628324.8,54950513.6,9.825001321349143,1.053408468390073,1.0,0.0,53559256.0,63266244.0,58412750.0,17.046266374155863,0.7594850225425229,2540038.4658265347,2.9062274861145663,1456070.9131231382,1089100.479323347,366970.43379979115,57469571.333333336,56499626.76923077,58161072.60446762,56705001.691344485,1.1572760719750947,0.8129671034449528,0.3443089685301419,0.2633567826805398,25.84427230178217,-2446010.799999997,59.41426060039709,52.87319174089321,6.541068859503881,58412750.0,57975016.0,58193883.0,54750768.0,99.38810359496443,17.824851353499128,27.68709657148208,12.426995494079874,225.51918037070843,54242896.0,51563422.0,100.0,12.0,88.0,53728197.68,59699129.541536,0.0,0.0,64.51252529492685,0.8368391784910773,0.787705601667655,0.6804893722072406,19.48886847940477,60.97115701315602,75.9485022542523,78.59416586289505,-24.051497745747703,2399499.7529411763,11.143691505593631,2.5677997878366954,1.9486441684961688,0.6191556193405265,11.442781649105843,6.995927239731019,4.446854409374824,57530991.10572164,-1.1405423738405362,-1.1470964406349538,190.469369832598
375,2024-01-11,60907548.0,62848936.0,58675564.0,61516700.0,66116930874331,9392635130736066.0,910320507198448,0.17875945915435348,2.543024292091158e+19,-4562732.425408463,2368184.9123281715,51346147744862.32,58000136.13210985,54.089396014021474,1050.443102019023,57182762.0,61492740.49298402,52872783.50701598,15.074397745894188,1.0027795390458425,1.0,0.0,58404528.93333334,61549094.93333332,55259962.93333334,10.768226565406943,0.9948490613119072,0.0,0.0,53559256.0,63266244.0,58412750.0,16.975374501847252,0.8197644830713708,2703371.819243881,2.8763802181670814,1615899.1847291365,1194460.220404505,421438.9643246315,58054384.666666664,56771826.0,58677322.97301106,57061423.788281925,1.1070561765460267,0.8352196632531917,0.271836513292835,0.2879121911489501,26.094575876676107,-2609390.0,65.97149967264026,54.05418797843333,11.91731169420693,58412750.0,57975016.0,58193883.0,54750768.0,99.69405179748222,18.514369168549194,24.396145393280765,13.878892039865526,171.24272372128027,54242896.0,51948176.0,96.0,8.0,88.0,54109719.5328,59699129.541536,0.0,0.0,65.85482081546374,0.9108556071280136,0.9158982618730303,0.7985300352647617,21.456282536726608,64.73395593283229,81.97644830713709,84.50779476435908,-18.023551692862913,3010059.7882352993,12.87687430250937,2.831859209690761,2.125287176735087,0.7065720329556737,15.685555799377958,8.733852951660406,6.951702847717552,58013894.96994077,0.9603100973866185,0.9557284287680545,193.25877652091577
376,2024-01-12,61554028.0,64553224.0,60034700.0,60917976.0,60215302745674,9355961467582430.0,850105204452774,0.11494475203335737,1.6647015800624083e+19,11493884.639789883,3197801.6912530377,50760089862675.84,58540167.488464125,61.788076592842444,1040.2194473721834,57369325.2,61976607.79435723,52762042.60564277,16.06183296838649,0.8851132123245715,0.0,0.0,58995264.53333334,62399254.93333332,55591274.13333334,11.53987672375527,0.7824202246085468,0.0,0.0,53559256.0,64553224.0,59056240.0,19.16349540747256,0.6693415880417334,2884887.037319493,2.6737820385072824,1674944.500833787,1290557.0764903615,384387.42434342555,58583101.666666664,57005499.07692308,59022038.82331705,57347094.322483264,1.1350258223676144,0.8037206770217712,0.3313051453458432,0.3112751876623363,26.402547977850283,-2634185.200000003,67.02641828941522,55.35530213239384,11.67111615702138,59056240.0,58618506.0,58837373.0,55394258.0,99.84702589874111,19.777096895263444,26.017687949294338,12.189521691178436,168.1360861761148,54242896.0,51948176.0,100.0,4.0,96.0,54475980.511488,59699129.541536,0.0,0.0,63.219802253036235,0.7655562595559471,0.8377503483916793,0.8471180706441213,22.24485918683921,57.71380690478532,66.93415880417334,74.95303645518759,-33.06584119582666,3802212.9529411793,11.625823670928744,2.9207138053324444,2.2843725024545587,0.6363413028778857,17.3417504890609,10.455432459140505,6.886318029920394,58215721.4397975,-0.9732706728416862,-0.9780379091488101,190.4045748535034
377,2024-01-13,60899856.0,61128288.0,55041020.0,56288064.0,56917933332495,9322364067288628.0,793187271120279,0.06265014046828438,-2.33775611067963e+19,-45017772.76568029,349491.9917677582,46434190680613.086,58655738.682552695,59.27096556974448,961.1602793193604,57342779.6,61968520.895931564,52717038.30406844,16.133648658815844,0.3859949646419217,0.0,0.0,58890745.733333334,62552663.333333336,55228828.133333325,12.43630914976608,0.14462857747900623,0.0,0.0,53559256.0,64553224.0,59056240.0,19.172366733334982,0.24820956364435479,3205125.133587544,3.3084751255351748,1332779.6801085547,1299001.597214,33778.082894554595,58712512.0,57104523.538461536,58601427.312037505,57268647.63192895,1.031542903913767,0.884133300071281,0.14740960384248591,0.31583587109225925,26.671357890434997,-780331.6000000015,60.393658473240684,56.148184166317066,4.245474306923619,59797122.0,58618506.0,59207814.0,55394258.0,89.83596678756038,18.453755818333548,22.112679685069363,22.67264031236812,6.5717597672965615,54134317.0,51948176.0,96.0,0.0,96.0,54475980.511488,64553224.0,0.0,1.0,47.4189969353346,0.0,0.5588039555613201,0.7708175219420097,17.2049400599568,49.64005838830243,24.820956364435478,57.910521158581986,-75.17904363556453,3827674.2941176444,2.8371609171000567,2.3272414055845294,2.292946283080553,0.03429512250397648,17.703227322604025,11.90499143183321,5.798235890770815,58161423.06460913,-7.600239377618189,-7.9045798010671575,168.3331320010827
378,2024-01-14,56217500.0,56789160.0,55777076.0,56273896.0,27060749744162,9321870918035916.0,766126521376117,0.0805184538979009,-2.00926804775933e+19,-6737824.259349481,24528.76445363063,46427379348420.61,58691917.269521065,58.61478982099435,960.9183502518159,57361809.6,61966626.19374427,52756993.00625573,16.055339348095707,0.38187221164487284,0.0,0.0,58878126.8,62045412.0,55710841.6,10.758783854516238,0.08888596454780874,0.0,0.0,53559256.0,64553224.0,59056240.0,19.166006227251238,0.2469208569644736,2985821.020228789,3.8545569025467215,1048383.245863907,1248877.9269439816,-200494.68108007452,58688466.0,57135452.76923077,58243345.57172404,57194962.325860135,1.0445544034678729,0.9621840966039944,0.08237030686387847,0.30703612618953136,26.718609694517195,1573594.3999999985,57.69970124861318,56.78354439274039,0.9161568558727922,59797122.0,59056240.0,59426681.0,56136406.0,67.95402104352905,17.2249391040415,21.53397593049437,22.07928201017397,-38.473634422749086,54328353.0,51948176.0,92.0,60.0,32.0,54475980.511488,64553224.0,0.0,0.0,47.379972072568336,0.0,0.25518541985198234,0.5505799079349937,13.417474953235594,49.13256026935081,24.69208569644736,38.8157336216854,-75.30791430355264,3236488.5411764756,-0.5101476513180617,1.8329992769133985,2.200956881847122,-0.36795760493372365,12.649230172167,12.053839179899967,0.5953909922670331,58151960.203043945,-0.025170522830564312,-0.02517369113839152,168.26559114883045
379,2024-01-15,56273740.0,56567096.0,54790056.0,54884148.0,23008004300633,9301299402661424.0,743118517075484,0.033665437822462084,-2.1790201546622276e+19,-4669224.247539123,-483766.60047186195,45859170458799.81,58701626.649099626,55.163819782719834,937.1873763838299,57279337.4,61998203.97251126,52560470.827488735,16.476680027067715,0.24621136631064583,0.0,0.0,58660293.06666666,61712981.86666666,55607604.266666666,10.408024373593415,-0.11849492595947979,0.0,1.0,53559256.0,64553224.0,59056240.0,19.193601914815446,0.12051081101927894,2864942.9182059104,4.702438311155345,702755.0509900153,1139653.3517531883,-436898.300763173,58350861.333333336,57135554.92307692,57726545.94530496,57023790.894314945,1.0091351069059176,0.9756810351777508,0.03345407172816672,0.2843001964078482,26.63208955060251,-1137557.3999999985,50.91587125293023,56.871325721143734,-5.955454468213503,59671640.0,59056240.0,59363940.0,56136406.0,42.825809487355784,16.502067998390302,20.518597518624723,23.657172739823196,-67.44721600869144,54251252.0,51948176.0,88.0,56.00000000000001,31.999999999999993,54475980.511488,64362979.92,0.0,0.0,43.59038476711276,0.0,0.0,0.27132979180443395,9.006914626980226,47.430868802633874,12.051081101927894,20.52137438760359,-87.94891889807211,2065163.1764705852,-6.8740616421328005,1.232389218549967,2.007243349187691,-0.7748541306377241,7.612519908020519,11.165575325524077,-3.5530554175035585,57998115.007107474,-2.469613975190199,-2.500620500103068,161.64046661919232
380,2024-01-16,56118372.0,57151720.0,55572576.0,57026040.0,30146346090496,9326647208813000.0,773264863165980,0.07907610887083708,-9.452998822752713e+18,3580727.890297499,-626575.8754426291,47035652555606.06,58704232.9172395,55.644367266183295,937.1873763838299,57382754.4,61982727.58435247,52782781.215647526,16.032598059992996,0.46122646962232106,0.0,0.0,58568239.2,61561117.6,55575360.8,10.220141294601195,0.2423551855631692,0.0,0.0,53559256.0,64553224.0,59056240.0,19.159010603366923,0.3153351001203569,2805205.8263853192,5.101098157989999,594818.305137366,1030686.342430024,-435868.0372926579,58424549.666666664,57146378.461538464,57618775.79987343,57023957.49473606,1.0049401511472604,0.9717727521621956,0.03316739898506482,0.2602451101702932,26.58256174865385,591993.6000000015,48.510141177553464,56.9472982127864,-8.437157035232936,59671640.0,59056240.0,59363940.0,56136406.0,22.384202085573424,15.55206203908451,20.838890224227296,22.217550822107988,-28.61725176911443,54210335.0,51948176.0,84.0,52.0,32.0,54475980.511488,63980062.9632,0.0,0.0,50.201296344358404,0.2768263379628555,0.0922754459876185,0.11582028861320005,7.485168039853455,44.120466883024044,31.53351001203569,22.758892270136997,-68.46648998796431,1125237.305882357,1.5750480301835816,1.0431024630170123,1.8144151719535555,-0.7713127089365432,4.82864489002812,9.898189238424886,-5.069544348396765,57986716.05621362,3.902569463226424,3.828344196747935,171.85116757291604
