[ 2024-08-05 09:56:49,217 ] Starting Episode 1
[ 2024-08-05 10:08:14,235 ] Starting Episode 1
[ 2024-08-05 10:08:14,456 ] 0 : Bought 14 shares at price 61,000 | Portfolio Value = 1,000,000 | Budget = 145,573.0 | inventory = 1
[ 2024-08-05 10:08:14,473 ] 1 : Sold 14 shares at price 61,800 | Profit = 11,200 | Portfolio Value = 999,573.0 | Budget = 1,010,340.4 | inventory = 0
[ 2024-08-05 10:08:14,505 ] 3 : Bought 5 shares at price 63,800 | Portfolio Value = 1,010,340.4 | Budget = 691,180.9 | inventory = 1
[ 2024-08-05 10:08:14,628 ] 7 : Sold 5 shares at price 63,000 | Profit = -4,000 | Portfolio Value = 1,006,680.9 | Budget = 1,006,023.4 | inventory = 0
[ 2024-08-05 10:08:14,648 ] 8 : Bought 2 shares at price 62,800 | Portfolio Value = 1,006,023.4 | Budget = 880,360.6 | inventory = 1
[ 2024-08-05 10:08:14,666 ] 9 : Sold 2 shares at price 62,900 | Profit = 200 | Portfolio Value = 1,005,960.6 | Budget = 1,006,097.7 | inventory = 0
[ 2024-08-05 10:08:14,835 ] 17 : Bought 5 shares at price 62,000 | Portfolio Value = 1,006,097.7 | Budget = 695,942.7 | inventory = 1
[ 2024-08-05 10:08:14,861 ] 18 : Bought 3 shares at price 61,300 | Portfolio Value = 1,005,942.7 | Budget = 511,950.75 | inventory = 2
[ 2024-08-05 10:08:14,911 ] 20 : Bought 7 shares at price 60,600 | Portfolio Value = 995,950.75 | Budget = 87,538.65 | inventory = 3
[ 2024-08-05 10:08:14,966 ] 23 : Bought 1 shares at price 61,500 | Portfolio Value = 995,038.65 | Budget = 26,007.9 | inventory = 4
[ 2024-08-05 10:08:14,996 ] 25 : Sold 5 shares at price 60,300 | Profit = -8,500 | Portfolio Value = 997,207.9 | Budget = 327,357.15 | inventory = 3
[ 2024-08-05 10:08:15,028 ] 27 : Bought 3 shares at price 59,500 | Portfolio Value = 988,457.15 | Budget = 148,767.9 | inventory = 4
[ 2024-08-05 10:08:15,043 ] 28 : Bought 1 shares at price 60,000 | Portfolio Value = 981,767.9 | Budget = 88,737.9 | inventory = 5
[ 2024-08-05 10:08:15,073 ] 30 : Bought 1 shares at price 59,800 | Portfolio Value = 973,737.9 | Budget = 28,908.0 | inventory = 6
[ 2024-08-05 10:08:15,118 ] 33 : Sold 3 shares at price 60,200 | Profit = -3,300 | Portfolio Value = 1,009,708.0 | Budget = 209,417.7 | inventory = 5
[ 2024-08-05 10:08:15,133 ] 34 : Sold 7 shares at price 60,300 | Profit = -2,100 | Portfolio Value = 992,017.7 | Budget = 631,306.65 | inventory = 4
[ 2024-08-05 10:08:15,147 ] 35 : Sold 1 shares at price 61,100 | Profit = -400 | Portfolio Value = 993,106.65 | Budget = 692,376.1 | inventory = 3
[ 2024-08-05 10:08:15,190 ] 38 : Sold 3 shares at price 62,100 | Profit = 7,800 | Portfolio Value = 1,007,376.1 | Budget = 878,582.95 | inventory = 2
[ 2024-08-05 10:08:15,205 ] 39 : Bought 8 shares at price 62,900 | Portfolio Value = 1,002,782.95 | Budget = 375,131.35 | inventory = 3
[ 2024-08-05 10:08:15,234 ] 41 : Bought 1 shares at price 63,200 | Portfolio Value = 1,002,131.35 | Budget = 311,899.75 | inventory = 4
[ 2024-08-05 10:08:15,267 ] 43 : Sold 1 shares at price 63,100 | Profit = 3,100 | Portfolio Value = 1,015,899.75 | Budget = 374,968.2 | inventory = 3
[ 2024-08-05 10:08:15,299 ] 45 : Bought 1 shares at price 63,900 | Portfolio Value = 1,010,968.2 | Budget = 311,036.25 | inventory = 4
[ 2024-08-05 10:08:15,330 ] 47 : Bought 2 shares at price 65,000 | Portfolio Value = 996,336.25 | Budget = 180,971.25 | inventory = 5
[ 2024-08-05 10:08:15,347 ] 48 : Bought 1 shares at price 65,700 | Portfolio Value = 1,025,971.25 | Budget = 115,238.4 | inventory = 6
[ 2024-08-05 10:08:15,380 ] 50 : Sold 1 shares at price 66,000 | Profit = 6,200 | Portfolio Value = 1,037,838.4 | Budget = 181,205.4 | inventory = 5
[ 2024-08-05 10:08:15,396 ] 51 : Sold 8 shares at price 66,100 | Profit = 25,600 | Portfolio Value = 1,039,205.4 | Budget = 709,741.0 | inventory = 4
[ 2024-08-05 10:08:15,412 ] 52 : Sold 1 shares at price 65,100 | Profit = 1,900 | Portfolio Value = 1,040,241.0 | Budget = 774,808.45 | inventory = 3
[ 2024-08-05 10:08:15,427 ] 53 : Sold 1 shares at price 65,300 | Profit = 1,400 | Portfolio Value = 1,035,208.45 | Budget = 840,075.8 | inventory = 2
[ 2024-08-05 10:08:15,442 ] 54 : Bought 5 shares at price 65,600 | Portfolio Value = 1,035,975.8 | Budget = 511,911.8 | inventory = 3
[ 2024-08-05 10:08:15,457 ] 55 : Sold 2 shares at price 65,500 | Profit = 1,000 | Portfolio Value = 1,036,711.8 | Budget = 642,846.3 | inventory = 2
[ 2024-08-05 10:08:15,534 ] 60 : Bought 7 shares at price 64,100 | Portfolio Value = 1,024,446.3 | Budget = 193,921.95 | inventory = 3
[ 2024-08-05 10:08:15,563 ] 62 : Sold 1 shares at price 65,500 | Profit = -200 | Portfolio Value = 1,033,721.95 | Budget = 259,389.2 | inventory = 2
[ 2024-08-05 10:08:15,579 ] 63 : Bought 2 shares at price 65,700 | Portfolio Value = 1,045,389.2 | Budget = 127,923.5 | inventory = 3
[ 2024-08-05 10:08:15,608 ] 65 : Bought 1 shares at price 65,100 | Portfolio Value = 1,043,523.5 | Budget = 62,790.95 | inventory = 4
[ 2024-08-05 10:08:15,639 ] 67 : Sold 5 shares at price 65,300 | Profit = -1,500 | Portfolio Value = 1,051,290.95 | Budget = 389,127.7 | inventory = 3
[ 2024-08-05 10:08:15,670 ] 69 : Sold 7 shares at price 64,200 | Profit = 700 | Portfolio Value = 1,035,127.7 | Budget = 838,303.0 | inventory = 2
[ 2024-08-05 10:08:15,685 ] 70 : Sold 2 shares at price 64,100 | Profit = -3,200 | Portfolio Value = 1,030,903.0 | Budget = 966,438.9 | inventory = 1
[ 2024-08-05 10:08:15,728 ] 73 : Sold 1 shares at price 65,000 | Profit = -100 | Portfolio Value = 1,031,838.9 | Budget = 1,031,406.4 | inventory = 0
[ 2024-08-05 10:08:15,806 ] 78 : Bought 11 shares at price 68,500 | Portfolio Value = 1,031,406.4 | Budget = 277,529.65 | inventory = 1
[ 2024-08-05 10:08:15,846 ] 80 : Sold 11 shares at price 70,300 | Profit = 19,800 | Portfolio Value = 1,034,329.65 | Budget = 1,050,443.0 | inventory = 0
[ 2024-08-05 10:08:15,863 ] 81 : Bought 7 shares at price 72,300 | Portfolio Value = 1,050,443.0 | Budget = 544,089.95 | inventory = 1
[ 2024-08-05 10:08:15,940 ] 86 : Sold 7 shares at price 71,000 | Profit = -9,100 | Portfolio Value = 1,045,989.95 | Budget = 1,040,841.45 | inventory = 0
[ 2024-08-05 10:08:15,954 ] 87 : Bought 1 shares at price 70,900 | Portfolio Value = 1,040,841.45 | Budget = 969,906.0 | inventory = 1
[ 2024-08-05 10:08:15,970 ] 88 : Sold 1 shares at price 72,000 | Profit = 1,100 | Portfolio Value = 1,040,806.0 | Budget = 1,041,870.0 | inventory = 0
[ 2024-08-05 10:08:15,985 ] 89 : Bought 3 shares at price 71,000 | Portfolio Value = 1,041,870.0 | Budget = 828,763.5 | inventory = 1
[ 2024-08-05 10:08:16,015 ] 91 : Sold 3 shares at price 71,900 | Profit = 2,700 | Portfolio Value = 1,044,763.5 | Budget = 1,044,355.65 | inventory = 0
[ 2024-08-05 10:08:16,044 ] 93 : Bought 1 shares at price 71,800 | Portfolio Value = 1,044,355.65 | Budget = 972,519.75 | inventory = 1
[ 2024-08-05 10:08:16,060 ] 94 : Sold 1 shares at price 71,200 | Profit = -600 | Portfolio Value = 1,044,319.75 | Budget = 1,043,684.15 | inventory = 0
[ 2024-08-05 10:08:16,076 ] 95 : Bought 12 shares at price 71,400 | Portfolio Value = 1,043,684.15 | Budget = 186,455.75 | inventory = 1
[ 2024-08-05 10:08:16,093 ] 96 : Bought 2 shares at price 70,500 | Portfolio Value = 1,043,255.75 | Budget = 45,385.25 | inventory = 2
[ 2024-08-05 10:08:16,326 ] 104 : Sold 12 shares at price 73,000 | Profit = 19,200 | Portfolio Value = 1,056,185.25 | Budget = 920,947.25 | inventory = 1
[ 2024-08-05 10:08:16,366 ] 106 : Bought 8 shares at price 72,000 | Portfolio Value = 1,066,947.25 | Budget = 344,659.25 | inventory = 2
[ 2024-08-05 10:08:16,391 ] 107 : Sold 2 shares at price 71,600 | Profit = 2,200 | Portfolio Value = 1,064,659.25 | Budget = 487,787.65 | inventory = 1
[ 2024-08-05 10:08:16,535 ] 112 : Sold 8 shares at price 71,900 | Profit = -800 | Portfolio Value = 1,062,987.65 | Budget = 1,062,700.05 | inventory = 0
[ 2024-08-05 10:08:16,593 ] 114 : Bought 10 shares at price 73,300 | Portfolio Value = 1,062,700.05 | Budget = 329,333.55 | inventory = 1
[ 2024-08-05 10:08:16,613 ] 115 : Sold 10 shares at price 72,000 | Profit = -13,000 | Portfolio Value = 1,062,333.55 | Budget = 1,048,973.55 | inventory = 0
[ 2024-08-05 10:08:16,674 ] 119 : Bought 3 shares at price 70,400 | Portfolio Value = 1,048,973.55 | Budget = 837,667.95 | inventory = 1
[ 2024-08-05 10:08:16,708 ] 120 : Sold 3 shares at price 70,000 | Profit = -1,200 | Portfolio Value = 1,048,867.95 | Budget = 1,047,562.95 | inventory = 0
[ 2024-08-05 10:08:16,817 ] 125 : Bought 3 shares at price 71,100 | Portfolio Value = 1,047,562.95 | Budget = 834,156.3 | inventory = 1
[ 2024-08-05 10:08:16,833 ] 126 : Sold 3 shares at price 69,900 | Profit = -3,600 | Portfolio Value = 1,047,456.3 | Budget = 1,043,751.45 | inventory = 0
[ 2024-08-05 10:08:16,878 ] 129 : Bought 5 shares at price 68,500 | Portfolio Value = 1,043,751.45 | Budget = 701,080.2 | inventory = 1
[ 2024-08-05 10:08:16,893 ] 130 : Bought 9 shares at price 67,600 | Portfolio Value = 1,043,580.2 | Budget = 92,376.0 | inventory = 2
[ 2024-08-05 10:08:16,937 ] 133 : Bought 1 shares at price 67,500 | Portfolio Value = 1,044,376.0 | Budget = 24,842.25 | inventory = 3
[ 2024-08-05 10:08:16,951 ] 134 : Sold 5 shares at price 67,300 | Profit = -6,000 | Portfolio Value = 1,037,342.25 | Budget = 361,174.0 | inventory = 2
[ 2024-08-05 10:08:16,980 ] 136 : Bought 2 shares at price 66,700 | Portfolio Value = 1,031,174.0 | Budget = 227,707.3 | inventory = 3
[ 2024-08-05 10:08:16,996 ] 137 : Sold 9 shares at price 66,300 | Profit = -11,700 | Portfolio Value = 1,028,107.3 | Budget = 824,108.95 | inventory = 2
[ 2024-08-05 10:08:17,010 ] 138 : Bought 9 shares at price 66,600 | Portfolio Value = 1,023,008.95 | Budget = 224,409.25 | inventory = 3
[ 2024-08-05 10:08:17,025 ] 139 : Sold 1 shares at price 66,600 | Profit = -900 | Portfolio Value = 1,023,609.25 | Budget = 290,975.95 | inventory = 2
[ 2024-08-05 10:08:17,040 ] 140 : Sold 2 shares at price 67,100 | Profit = 800 | Portfolio Value = 1,023,575.95 | Budget = 425,108.85 | inventory = 1
[ 2024-08-05 10:08:17,069 ] 142 : Bought 4 shares at price 67,100 | Portfolio Value = 1,038,908.85 | Budget = 156,574.65 | inventory = 2
[ 2024-08-05 10:08:17,128 ] 146 : Bought 1 shares at price 66,900 | Portfolio Value = 1,028,874.65 | Budget = 89,641.2 | inventory = 3
[ 2024-08-05 10:08:17,142 ] 147 : Bought 1 shares at price 71,000 | Portfolio Value = 1,026,241.2 | Budget = 18,605.7 | inventory = 4
[ 2024-08-05 10:08:17,188 ] 150 : Sold 9 shares at price 70,000 | Profit = 30,600 | Portfolio Value = 1,079,105.7 | Budget = 648,290.7 | inventory = 3
[ 2024-08-05 10:08:17,236 ] 153 : Bought 9 shares at price 70,800 | Portfolio Value = 1,070,090.7 | Budget = 10,772.1 | inventory = 4
[ 2024-08-05 10:08:17,251 ] 154 : Sold 4 shares at price 70,500 | Profit = 13,600 | Portfolio Value = 1,072,772.1 | Budget = 292,631.1 | inventory = 3
[ 2024-08-05 10:08:17,282 ] 156 : Sold 1 shares at price 71,700 | Profit = 4,800 | Portfolio Value = 1,072,531.1 | Budget = 364,295.25 | inventory = 2
[ 2024-08-05 10:08:17,297 ] 157 : Sold 1 shares at price 72,000 | Profit = 1,000 | Portfolio Value = 1,081,295.25 | Budget = 436,259.25 | inventory = 1
[ 2024-08-05 10:08:17,326 ] 159 : Sold 9 shares at price 69,800 | Profit = -9,000 | Portfolio Value = 1,068,059.25 | Budget = 1,064,145.15 | inventory = 0
[ 2024-08-05 10:08:17,341 ] 160 : Bought 11 shares at price 69,600 | Portfolio Value = 1,064,145.15 | Budget = 298,162.35 | inventory = 1
[ 2024-08-05 10:08:17,355 ] 161 : Bought 2 shares at price 68,900 | Portfolio Value = 1,063,762.35 | Budget = 160,293.45 | inventory = 2
[ 2024-08-05 10:08:17,370 ] 162 : Bought 1 shares at price 68,800 | Portfolio Value = 1,055,993.45 | Budget = 91,459.05 | inventory = 3
[ 2024-08-05 10:08:17,386 ] 163 : Bought 1 shares at price 69,400 | Portfolio Value = 1,054,659.05 | Budget = 22,024.35 | inventory = 4
[ 2024-08-05 10:08:17,416 ] 165 : Sold 11 shares at price 68,400 | Profit = -13,200 | Portfolio Value = 1,051,024.35 | Budget = 774,048.15 | inventory = 3
[ 2024-08-05 10:08:17,476 ] 169 : Bought 8 shares at price 66,400 | Portfolio Value = 1,038,048.15 | Budget = 242,582.55 | inventory = 4
[ 2024-08-05 10:08:17,491 ] 170 : Sold 2 shares at price 68,200 | Profit = -1,400 | Portfolio Value = 1,039,382.55 | Budget = 378,914.35 | inventory = 3
[ 2024-08-05 10:08:17,521 ] 172 : Bought 3 shares at price 68,000 | Portfolio Value = 1,067,914.35 | Budget = 174,812.35 | inventory = 4
[ 2024-08-05 10:08:17,551 ] 174 : Bought 1 shares at price 69,400 | Portfolio Value = 1,049,712.35 | Budget = 105,377.65 | inventory = 5
[ 2024-08-05 10:08:17,582 ] 176 : Sold 1 shares at price 69,500 | Profit = 700 | Portfolio Value = 1,092,377.65 | Budget = 174,842.9 | inventory = 4
[ 2024-08-05 10:08:17,597 ] 177 : Bought 1 shares at price 68,800 | Portfolio Value = 1,078,342.9 | Budget = 106,008.5 | inventory = 5
[ 2024-08-05 10:08:17,612 ] 178 : Sold 1 shares at price 68,400 | Profit = -1,000 | Portfolio Value = 1,069,208.5 | Budget = 174,374.3 | inventory = 4
[ 2024-08-05 10:08:17,642 ] 180 : Bought 1 shares at price 68,000 | Portfolio Value = 1,064,874.3 | Budget = 106,340.3 | inventory = 5
[ 2024-08-05 10:08:17,672 ] 182 : Sold 8 shares at price 67,300 | Profit = 7,200 | Portfolio Value = 1,040,140.3 | Budget = 644,471.1 | inventory = 4
[ 2024-08-05 10:08:17,687 ] 183 : Sold 3 shares at price 67,300 | Profit = -2,100 | Portfolio Value = 1,048,271.1 | Budget = 846,270.15 | inventory = 3
[ 2024-08-05 10:08:17,718 ] 185 : Bought 8 shares at price 68,600 | Portfolio Value = 1,046,970.15 | Budget = 297,195.75 | inventory = 4
[ 2024-08-05 10:08:17,738 ] 186 : Sold 1 shares at price 69,700 | Profit = 300 | Portfolio Value = 1,051,795.75 | Budget = 366,860.9 | inventory = 3
[ 2024-08-05 10:08:17,755 ] 187 : Bought 5 shares at price 69,600 | Portfolio Value = 1,063,860.9 | Budget = 18,686.9 | inventory = 4
[ 2024-08-05 10:08:17,818 ] 191 : Sold 1 shares at price 70,300 | Profit = 1,500 | Portfolio Value = 1,067,186.9 | Budget = 88,951.75 | inventory = 3
[ 2024-08-05 10:08:17,834 ] 192 : Sold 1 shares at price 70,500 | Profit = 2,500 | Portfolio Value = 1,073,151.75 | Budget = 159,416.5 | inventory = 2
[ 2024-08-05 10:08:17,850 ] 193 : Bought 2 shares at price 70,400 | Portfolio Value = 1,075,916.5 | Budget = 18,546.1 | inventory = 3
[ 2024-08-05 10:08:17,898 ] 196 : Sold 8 shares at price 72,800 | Profit = 33,600 | Portfolio Value = 1,101,546.1 | Budget = 600,654.9 | inventory = 2
[ 2024-08-05 10:08:17,914 ] 197 : Sold 5 shares at price 72,500 | Profit = 14,500 | Portfolio Value = 1,110,254.9 | Budget = 962,973.65 | inventory = 1
[ 2024-08-05 10:08:17,929 ] 198 : Sold 2 shares at price 72,700 | Profit = 4,600 | Portfolio Value = 1,107,973.65 | Budget = 1,108,300.95 | inventory = 0
[ 2024-08-05 10:08:17,961 ] 200 : Bought 3 shares at price 72,800 | Portfolio Value = 1,108,300.95 | Budget = 889,791.75 | inventory = 1
[ 2024-08-05 10:08:18,007 ] 203 : Sold 3 shares at price 71,300 | Profit = -4,500 | Portfolio Value = 1,104,891.75 | Budget = 1,103,584.8 | inventory = 0
[ 2024-08-05 10:08:18,023 ] 204 : Bought 1 shares at price 72,700 | Portfolio Value = 1,103,584.8 | Budget = 1,030,848.45 | inventory = 1
[ 2024-08-05 10:08:18,070 ] 207 : Bought 8 shares at price 72,000 | Portfolio Value = 1,103,648.45 | Budget = 454,560.45 | inventory = 2
[ 2024-08-05 10:08:18,117 ] 210 : Bought 2 shares at price 71,700 | Portfolio Value = 1,095,360.45 | Budget = 311,088.75 | inventory = 3
[ 2024-08-05 10:08:18,132 ] 211 : Sold 1 shares at price 71,500 | Profit = -1,200 | Portfolio Value = 1,099,788.75 | Budget = 382,553.0 | inventory = 2
[ 2024-08-05 10:08:18,147 ] 212 : Bought 5 shares at price 72,600 | Portfolio Value = 1,097,553.0 | Budget = 19,371.5 | inventory = 3
[ 2024-08-05 10:08:18,177 ] 214 : Sold 8 shares at price 73,500 | Profit = 12,000 | Portfolio Value = 1,114,371.5 | Budget = 607,077.5 | inventory = 2
[ 2024-08-05 10:08:18,223 ] 217 : Sold 2 shares at price 73,300 | Profit = 3,200 | Portfolio Value = 1,118,777.5 | Budget = 753,604.2 | inventory = 1
[ 2024-08-05 10:08:18,237 ] 218 : Bought 5 shares at price 72,900 | Portfolio Value = 1,120,104.2 | Budget = 388,921.95 | inventory = 2
[ 2024-08-05 10:08:18,252 ] 219 : Sold 5 shares at price 73,400 | Profit = 4,000 | Portfolio Value = 1,117,921.95 | Budget = 755,738.45 | inventory = 1
[ 2024-08-05 10:08:18,268 ] 220 : Bought 10 shares at price 74,800 | Portfolio Value = 1,122,738.45 | Budget = 7,364.45 | inventory = 2
[ 2024-08-05 10:08:18,343 ] Episode: 1, Total Reward: -189,148.8822207788, Total Profit: 136,400, Profit Rate: 1364.00%
[ 2024-08-05 10:08:18,345 ] ----------------------------------------------------------------------------------------------------
[ 2024-08-05 10:08:18,376 ] 1 : Bought 13 shares at price 61,800 | Portfolio Value = 1,000,000.0 | Budget = 196,198.3 | inventory = 1
[ 2024-08-05 10:08:18,391 ] 2 : Sold 13 shares at price 63,500 | Profit = 22,100 | Portfolio Value = 999,598.3 | Budget = 1,021,285.55 | inventory = 0
[ 2024-08-05 10:08:18,407 ] 3 : Bought 3 shares at price 63,800 | Portfolio Value = 1,021,285.55 | Budget = 829,789.85 | inventory = 1
[ 2024-08-05 10:08:18,423 ] 4 : Sold 3 shares at price 61,600 | Profit = -6,600 | Portfolio Value = 1,021,189.85 | Budget = 1,014,497.45 | inventory = 0
[ 2024-08-05 10:08:18,437 ] 5 : Bought 10 shares at price 61,900 | Portfolio Value = 1,014,497.45 | Budget = 395,187.95 | inventory = 1
[ 2024-08-05 10:08:18,452 ] 6 : Bought 5 shares at price 63,100 | Portfolio Value = 1,014,187.95 | Budget = 79,530.2 | inventory = 2
[ 2024-08-05 10:08:18,468 ] 7 : Bought 1 shares at price 63,000 | Portfolio Value = 1,026,030.2 | Budget = 16,498.7 | inventory = 3
[ 2024-08-05 10:08:18,498 ] 9 : Sold 10 shares at price 62,900 | Profit = 10,000 | Portfolio Value = 1,021,298.7 | Budget = 645,184.2 | inventory = 2
[ 2024-08-05 10:08:18,544 ] 12 : Bought 6 shares at price 63,700 | Portfolio Value = 1,018,384.2 | Budget = 262,793.1 | inventory = 3
[ 2024-08-05 10:08:18,575 ] 14 : Sold 5 shares at price 62,700 | Profit = -2,000 | Portfolio Value = 1,013,993.1 | Budget = 576,136.35 | inventory = 2
[ 2024-08-05 10:08:18,592 ] 15 : Sold 1 shares at price 62,100 | Profit = -900 | Portfolio Value = 1,015,036.35 | Budget = 638,205.3 | inventory = 1
[ 2024-08-05 10:08:18,607 ] 16 : Sold 6 shares at price 61,100 | Profit = -15,600 | Portfolio Value = 1,010,805.3 | Budget = 1,004,622.0 | inventory = 0
[ 2024-08-05 10:08:18,622 ] 17 : Bought 13 shares at price 62,000 | Portfolio Value = 1,004,622.0 | Budget = 198,219.0 | inventory = 1
[ 2024-08-05 10:08:18,652 ] 19 : Sold 13 shares at price 60,500 | Profit = -19,500 | Portfolio Value = 995,119.0 | Budget = 984,325.75 | inventory = 0
[ 2024-08-05 10:08:18,668 ] 20 : Bought 4 shares at price 60,600 | Portfolio Value = 984,325.75 | Budget = 741,804.55 | inventory = 1
[ 2024-08-05 10:08:18,682 ] 21 : Sold 4 shares at price 60,800 | Profit = 800 | Portfolio Value = 984,204.55 | Budget = 984,882.95 | inventory = 0
[ 2024-08-05 10:08:18,746 ] 25 : Bought 8 shares at price 60,300 | Portfolio Value = 984,882.95 | Budget = 502,241.75 | inventory = 1
[ 2024-08-05 10:08:18,762 ] 26 : Sold 8 shares at price 60,100 | Profit = -1,600 | Portfolio Value = 984,641.75 | Budget = 982,801.35 | inventory = 0
[ 2024-08-05 10:08:18,809 ] 29 : Bought 16 shares at price 59,000 | Portfolio Value = 982,801.35 | Budget = 38,329.35 | inventory = 1
[ 2024-08-05 10:08:18,824 ] 30 : Sold 16 shares at price 59,800 | Profit = 12,800 | Portfolio Value = 982,329.35 | Budget = 994,650.95 | inventory = 0
[ 2024-08-05 10:08:18,855 ] 32 : Bought 1 shares at price 61,300 | Portfolio Value = 994,650.95 | Budget = 933,320.3 | inventory = 1
[ 2024-08-05 10:08:18,886 ] 34 : Bought 5 shares at price 60,300 | Portfolio Value = 993,520.3 | Budget = 631,669.55 | inventory = 2
[ 2024-08-05 10:08:18,900 ] 35 : Sold 1 shares at price 61,100 | Profit = -200 | Portfolio Value = 993,469.55 | Budget = 692,739.0 | inventory = 1
[ 2024-08-05 10:08:18,931 ] 37 : Bought 6 shares at price 63,000 | Portfolio Value = 1,004,239.0 | Budget = 314,550.0 | inventory = 2
[ 2024-08-05 10:08:18,946 ] 38 : Sold 5 shares at price 62,100 | Profit = 9,000 | Portfolio Value = 1,007,550.0 | Budget = 624,894.75 | inventory = 1
[ 2024-08-05 10:08:18,962 ] 39 : Sold 6 shares at price 62,900 | Profit = -600 | Portfolio Value = 997,494.75 | Budget = 1,002,106.05 | inventory = 0
[ 2024-08-05 10:08:19,010 ] 42 : Bought 7 shares at price 64,000 | Portfolio Value = 1,002,106.05 | Budget = 553,882.05 | inventory = 1
[ 2024-08-05 10:08:19,040 ] 44 : Sold 7 shares at price 63,600 | Profit = -2,800 | Portfolio Value = 995,582.05 | Budget = 998,859.45 | inventory = 0
[ 2024-08-05 10:08:19,100 ] 48 : Bought 11 shares at price 65,700 | Portfolio Value = 998,859.45 | Budget = 275,798.1 | inventory = 1
[ 2024-08-05 10:08:19,116 ] 49 : Bought 3 shares at price 65,900 | Portfolio Value = 998,498.1 | Budget = 77,999.25 | inventory = 2
[ 2024-08-05 10:08:19,132 ] 50 : Sold 11 shares at price 66,000 | Profit = 3,300 | Portfolio Value = 1,000,599.25 | Budget = 803,636.25 | inventory = 1
[ 2024-08-05 10:08:19,148 ] 51 : Bought 7 shares at price 66,100 | Portfolio Value = 1,001,636.25 | Budget = 340,704.9 | inventory = 2
[ 2024-08-05 10:08:19,164 ] 52 : Sold 3 shares at price 65,100 | Profit = -2,400 | Portfolio Value = 1,001,704.9 | Budget = 535,907.25 | inventory = 1
[ 2024-08-05 10:08:19,179 ] 53 : Sold 7 shares at price 65,300 | Profit = -5,600 | Portfolio Value = 991,607.25 | Budget = 992,778.7 | inventory = 0
[ 2024-08-05 10:08:19,209 ] 55 : Bought 5 shares at price 65,500 | Portfolio Value = 992,778.7 | Budget = 665,114.95 | inventory = 1
[ 2024-08-05 10:08:19,224 ] 56 : Bought 1 shares at price 65,300 | Portfolio Value = 992,614.95 | Budget = 599,782.3 | inventory = 2
[ 2024-08-05 10:08:19,254 ] 58 : Bought 6 shares at price 65,200 | Portfolio Value = 993,982.3 | Budget = 208,386.7 | inventory = 3
[ 2024-08-05 10:08:19,284 ] 60 : Bought 1 shares at price 64,100 | Portfolio Value = 971,586.7 | Budget = 144,254.65 | inventory = 4
[ 2024-08-05 10:08:19,299 ] 61 : Bought 1 shares at price 64,600 | Portfolio Value = 977,554.65 | Budget = 79,622.35 | inventory = 5
[ 2024-08-05 10:08:19,329 ] 63 : Bought 1 shares at price 65,700 | Portfolio Value = 996,622.35 | Budget = 13,889.5 | inventory = 6
[ 2024-08-05 10:08:19,375 ] 66 : Sold 5 shares at price 65,900 | Profit = 2,000 | Portfolio Value = 990,389.5 | Budget = 343,224.75 | inventory = 5
[ 2024-08-05 10:08:19,390 ] 67 : Bought 5 shares at price 65,300 | Portfolio Value = 1,002,224.75 | Budget = 16,561.5 | inventory = 6
[ 2024-08-05 10:08:19,435 ] 70 : Sold 1 shares at price 64,100 | Profit = -1,200 | Portfolio Value = 979,561.5 | Budget = 80,629.45 | inventory = 5
[ 2024-08-05 10:08:19,465 ] 72 : Bought 1 shares at price 65,400 | Portfolio Value = 983,629.45 | Budget = 15,196.75 | inventory = 6
[ 2024-08-05 10:08:19,555 ] 78 : Sold 6 shares at price 68,500 | Profit = 19,800 | Portfolio Value = 1,041,196.75 | Budget = 425,991.25 | inventory = 5
[ 2024-08-05 10:08:19,570 ] 79 : Sold 1 shares at price 68,800 | Profit = 4,700 | Portfolio Value = 1,042,491.25 | Budget = 494,756.85 | inventory = 4
[ 2024-08-05 10:08:19,585 ] 80 : Bought 5 shares at price 70,300 | Portfolio Value = 1,045,156.85 | Budget = 143,081.1 | inventory = 5
[ 2024-08-05 10:08:19,615 ] 82 : Sold 1 shares at price 71,400 | Profit = 6,800 | Portfolio Value = 1,082,981.1 | Budget = 214,445.4 | inventory = 4
[ 2024-08-05 10:08:19,645 ] 84 : Bought 1 shares at price 72,200 | Portfolio Value = 1,065,245.4 | Budget = 142,209.3 | inventory = 5
[ 2024-08-05 10:08:19,690 ] 87 : Sold 1 shares at price 70,900 | Profit = 5,200 | Portfolio Value = 1,065,209.3 | Budget = 213,073.85 | inventory = 4
[ 2024-08-05 10:08:19,706 ] 88 : Sold 5 shares at price 72,000 | Profit = 33,500 | Portfolio Value = 1,063,873.85 | Budget = 572,893.85 | inventory = 3
[ 2024-08-05 10:08:19,721 ] 89 : Sold 1 shares at price 71,000 | Profit = 5,600 | Portfolio Value = 1,076,893.85 | Budget = 643,858.35 | inventory = 2
[ 2024-08-05 10:08:19,736 ] 90 : Bought 4 shares at price 72,000 | Portfolio Value = 1,069,858.35 | Budget = 355,714.35 | inventory = 3
[ 2024-08-05 10:08:19,797 ] 94 : Bought 1 shares at price 71,200 | Portfolio Value = 1,073,714.35 | Budget = 284,478.75 | inventory = 4
[ 2024-08-05 10:08:19,813 ] 95 : Sold 5 shares at price 71,400 | Profit = 5,500 | Portfolio Value = 1,067,678.75 | Budget = 641,300.25 | inventory = 3
[ 2024-08-05 10:08:19,828 ] 96 : Bought 6 shares at price 70,500 | Portfolio Value = 1,069,700.25 | Budget = 218,088.75 | inventory = 4
[ 2024-08-05 10:08:19,858 ] 98 : Sold 1 shares at price 71,600 | Profit = -600 | Portfolio Value = 1,073,688.75 | Budget = 289,652.95 | inventory = 3
[ 2024-08-05 10:08:19,873 ] 99 : Sold 4 shares at price 72,400 | Profit = 1,600 | Portfolio Value = 1,077,252.95 | Budget = 579,108.15 | inventory = 2
[ 2024-08-05 10:08:19,888 ] 100 : Bought 6 shares at price 72,600 | Portfolio Value = 1,085,908.15 | Budget = 143,290.35 | inventory = 3
[ 2024-08-05 10:08:19,903 ] 101 : Bought 1 shares at price 72,700 | Portfolio Value = 1,087,090.35 | Budget = 70,554.0 | inventory = 4
[ 2024-08-05 10:08:19,961 ] 105 : Sold 1 shares at price 73,000 | Profit = 1,800 | Portfolio Value = 1,092,554.0 | Budget = 143,517.5 | inventory = 3
[ 2024-08-05 10:08:20,035 ] 110 : Sold 6 shares at price 71,500 | Profit = 6,000 | Portfolio Value = 1,047,017.5 | Budget = 572,303.0 | inventory = 2
[ 2024-08-05 10:08:20,050 ] 111 : Sold 6 shares at price 71,900 | Profit = -4,200 | Portfolio Value = 1,072,803.0 | Budget = 1,003,487.3 | inventory = 1
[ 2024-08-05 10:08:20,065 ] 112 : Bought 4 shares at price 71,900 | Portfolio Value = 1,075,387.3 | Budget = 715,743.5 | inventory = 2
[ 2024-08-05 10:08:20,096 ] 114 : Bought 2 shares at price 73,300 | Portfolio Value = 1,082,743.5 | Budget = 569,070.2 | inventory = 3
[ 2024-08-05 10:08:20,112 ] 115 : Bought 4 shares at price 72,000 | Portfolio Value = 1,082,170.2 | Budget = 280,926.2 | inventory = 4
[ 2024-08-05 10:08:20,142 ] 117 : Bought 1 shares at price 71,000 | Portfolio Value = 1,069,626.2 | Budget = 209,890.7 | inventory = 5
[ 2024-08-05 10:08:20,157 ] 118 : Bought 2 shares at price 70,300 | Portfolio Value = 1,061,890.7 | Budget = 69,220.4 | inventory = 6
[ 2024-08-05 10:08:20,263 ] 125 : Sold 1 shares at price 71,100 | Profit = -1,600 | Portfolio Value = 1,046,420.4 | Budget = 140,284.85 | inventory = 5
[ 2024-08-05 10:08:20,278 ] 126 : Bought 2 shares at price 69,900 | Portfolio Value = 1,064,584.85 | Budget = 414.95 | inventory = 6
[ 2024-08-05 10:08:20,369 ] 132 : Sold 4 shares at price 68,000 | Profit = -15,600 | Portfolio Value = 1,033,914.95 | Budget = 272,278.95 | inventory = 5
[ 2024-08-05 10:08:20,384 ] 133 : Bought 4 shares at price 67,500 | Portfolio Value = 1,020,278.95 | Budget = 2,143.95 | inventory = 6
[ 2024-08-05 10:08:20,460 ] 138 : Sold 2 shares at price 66,600 | Profit = -13,400 | Portfolio Value = 996,643.95 | Budget = 135,277.35 | inventory = 5
[ 2024-08-05 10:08:20,474 ] 139 : Bought 1 shares at price 66,600 | Portfolio Value = 1,001,077.35 | Budget = 68,644.05 | inventory = 6
[ 2024-08-05 10:08:20,490 ] 140 : Sold 4 shares at price 67,100 | Profit = -19,600 | Portfolio Value = 1,001,044.05 | Budget = 336,909.85 | inventory = 5
[ 2024-08-05 10:08:20,505 ] 141 : Sold 1 shares at price 68,200 | Profit = -2,800 | Portfolio Value = 1,007,909.85 | Budget = 405,075.75 | inventory = 4
[ 2024-08-05 10:08:20,599 ] 147 : Sold 2 shares at price 71,000 | Profit = 1,400 | Portfolio Value = 1,007,175.75 | Budget = 547,004.75 | inventory = 3
[ 2024-08-05 10:08:20,644 ] 150 : Sold 2 shares at price 70,000 | Profit = 200 | Portfolio Value = 1,041,904.75 | Budget = 686,934.75 | inventory = 2
[ 2024-08-05 10:08:20,674 ] 152 : Sold 4 shares at price 70,300 | Profit = 11,200 | Portfolio Value = 1,038,934.75 | Budget = 967,994.15 | inventory = 1
[ 2024-08-05 10:08:20,718 ] 155 : Sold 1 shares at price 70,900 | Profit = 4,300 | Portfolio Value = 1,038,494.15 | Budget = 1,038,858.7 | inventory = 0
[ 2024-08-05 10:08:20,733 ] 156 : Bought 9 shares at price 71,700 | Portfolio Value = 1,038,858.7 | Budget = 393,236.05 | inventory = 1
[ 2024-08-05 10:08:20,748 ] 157 : Sold 9 shares at price 72,000 | Profit = 2,700 | Portfolio Value = 1,038,536.05 | Budget = 1,040,912.05 | inventory = 0
[ 2024-08-05 10:08:20,871 ] 165 : Bought 10 shares at price 68,400 | Portfolio Value = 1,040,912.05 | Budget = 356,570.05 | inventory = 1
[ 2024-08-05 10:08:20,887 ] 166 : Bought 4 shares at price 67,500 | Portfolio Value = 1,040,570.05 | Budget = 86,435.05 | inventory = 2
[ 2024-08-05 10:08:20,901 ] 167 : Sold 10 shares at price 66,700 | Profit = -17,000 | Portfolio Value = 1,031,435.05 | Budget = 753,101.55 | inventory = 1
[ 2024-08-05 10:08:20,917 ] 168 : Bought 2 shares at price 66,000 | Portfolio Value = 1,019,901.55 | Budget = 621,035.55 | inventory = 2
[ 2024-08-05 10:08:20,933 ] 169 : Sold 4 shares at price 66,400 | Profit = -4,400 | Portfolio Value = 1,017,035.55 | Budget = 886,502.75 | inventory = 1
[ 2024-08-05 10:08:20,948 ] 170 : Sold 2 shares at price 68,200 | Profit = 4,400 | Portfolio Value = 1,019,302.75 | Budget = 1,022,834.55 | inventory = 0
[ 2024-08-05 10:08:20,963 ] 171 : Bought 5 shares at price 68,900 | Portfolio Value = 1,022,834.55 | Budget = 678,162.3 | inventory = 1
[ 2024-08-05 10:08:20,978 ] 172 : Sold 5 shares at price 68,000 | Profit = -4,500 | Portfolio Value = 1,022,662.3 | Budget = 1,017,992.3 | inventory = 0
[ 2024-08-05 10:08:21,039 ] 176 : Bought 3 shares at price 69,500 | Portfolio Value = 1,017,992.3 | Budget = 809,388.05 | inventory = 1
[ 2024-08-05 10:08:21,053 ] 177 : Sold 3 shares at price 68,800 | Profit = -2,100 | Portfolio Value = 1,017,888.05 | Budget = 1,015,684.85 | inventory = 0
[ 2024-08-05 10:08:21,097 ] 180 : Bought 14 shares at price 68,000 | Portfolio Value = 1,015,684.85 | Budget = 63,208.85 | inventory = 1
[ 2024-08-05 10:08:21,126 ] 182 : Sold 14 shares at price 67,300 | Profit = -9,800 | Portfolio Value = 997,008.85 | Budget = 1,004,937.75 | inventory = 0
[ 2024-08-05 10:08:21,200 ] 187 : Bought 10 shares at price 69,600 | Portfolio Value = 1,004,937.75 | Budget = 308,589.75 | inventory = 1
[ 2024-08-05 10:08:21,215 ] 188 : Bought 2 shares at price 70,900 | Portfolio Value = 1,004,589.75 | Budget = 166,718.85 | inventory = 2
[ 2024-08-05 10:08:21,229 ] 189 : Bought 2 shares at price 70,900 | Portfolio Value = 1,017,518.85 | Budget = 24,847.95 | inventory = 3
[ 2024-08-05 10:08:21,274 ] 192 : Sold 10 shares at price 70,500 | Profit = 9,000 | Portfolio Value = 1,009,047.95 | Budget = 729,495.45 | inventory = 2
[ 2024-08-05 10:08:21,288 ] 193 : Sold 2 shares at price 70,400 | Profit = -1,000 | Portfolio Value = 1,011,495.45 | Budget = 870,225.05 | inventory = 1
[ 2024-08-05 10:08:21,303 ] 194 : Sold 2 shares at price 70,800 | Profit = -200 | Portfolio Value = 1,011,025.05 | Budget = 1,011,754.25 | inventory = 0
[ 2024-08-05 10:08:21,347 ] 197 : Bought 10 shares at price 72,500 | Portfolio Value = 1,011,754.25 | Budget = 286,391.75 | inventory = 1
[ 2024-08-05 10:08:21,378 ] 199 : Bought 2 shares at price 72,800 | Portfolio Value = 1,013,391.75 | Budget = 140,718.95 | inventory = 2
[ 2024-08-05 10:08:21,393 ] 200 : Bought 1 shares at price 72,800 | Portfolio Value = 1,014,318.95 | Budget = 67,882.55 | inventory = 3
[ 2024-08-05 10:08:21,408 ] 201 : Sold 10 shares at price 72,400 | Profit = -1,000 | Portfolio Value = 1,014,282.55 | Budget = 791,520.55 | inventory = 2
[ 2024-08-05 10:08:21,424 ] 202 : Bought 4 shares at price 71,700 | Portfolio Value = 1,008,720.55 | Budget = 504,577.15 | inventory = 3
[ 2024-08-05 10:08:21,468 ] 205 : Sold 2 shares at price 72,700 | Profit = -200 | Portfolio Value = 1,013,477.15 | Budget = 649,904.45 | inventory = 2
[ 2024-08-05 10:08:21,483 ] 206 : Bought 4 shares at price 72,800 | Portfolio Value = 1,013,404.45 | Budget = 358,558.85 | inventory = 3
[ 2024-08-05 10:08:21,528 ] 209 : Sold 1 shares at price 71,200 | Profit = -1,600 | Portfolio Value = 1,011,958.85 | Budget = 429,723.25 | inventory = 2
[ 2024-08-05 10:08:21,558 ] 211 : Sold 4 shares at price 71,500 | Profit = -800 | Portfolio Value = 1,003,323.25 | Budget = 715,580.25 | inventory = 1
[ 2024-08-05 10:08:21,573 ] 212 : Sold 4 shares at price 72,600 | Profit = -800 | Portfolio Value = 1,001,580.25 | Budget = 1,005,835.05 | inventory = 0
[ 2024-08-05 10:08:21,631 ] 216 : Bought 1 shares at price 73,100 | Portfolio Value = 1,005,835.05 | Budget = 932,698.5 | inventory = 1
[ 2024-08-05 10:08:21,644 ] 217 : Bought 12 shares at price 73,300 | Portfolio Value = 1,005,798.5 | Budget = 52,658.7 | inventory = 2
[ 2024-08-05 10:08:21,659 ] 218 : Sold 1 shares at price 72,900 | Profit = -200 | Portfolio Value = 1,005,558.7 | Budget = 125,522.25 | inventory = 1
[ 2024-08-05 10:08:21,674 ] 219 : Sold 12 shares at price 73,400 | Profit = 1,200 | Portfolio Value = 1,000,322.25 | Budget = 1,005,881.85 | inventory = 0
[ 2024-08-05 10:08:21,720 ] 222 : Bought 10 shares at price 75,900 | Portfolio Value = 1,005,881.85 | Budget = 246,502.35 | inventory = 1
[ 2024-08-05 10:08:21,749 ] 224 : Sold 10 shares at price 78,000 | Profit = 21,000 | Portfolio Value = 1,012,502.35 | Budget = 1,026,112.35 | inventory = 0
[ 2024-08-05 10:08:21,764 ] 225 : Bought 2 shares at price 78,500 | Portfolio Value = 1,026,112.35 | Budget = 869,033.85 | inventory = 1
[ 2024-08-05 10:08:21,780 ] 0 : Bought 11 shares at price 61,000 | Portfolio Value = 1,000,000 | Budget = 328,664.5 | inventory = 1
[ 2024-08-05 10:08:21,795 ] 1 : Sold 11 shares at price 61,800 | Profit = 8,800 | Portfolio Value = 999,664.5 | Budget = 1,008,124.6 | inventory = 0
[ 2024-08-05 10:08:21,825 ] 3 : Bought 11 shares at price 63,800 | Portfolio Value = 1,008,124.6 | Budget = 305,973.7 | inventory = 1
[ 2024-08-05 10:08:21,854 ] 5 : Bought 4 shares at price 61,900 | Portfolio Value = 983,573.7 | Budget = 58,249.9 | inventory = 2
[ 2024-08-05 10:08:21,930 ] 10 : Sold 11 shares at price 63,200 | Profit = -6,600 | Portfolio Value = 1,001,749.9 | Budget = 753,102.3 | inventory = 1
[ 2024-08-05 10:08:21,945 ] 11 : Bought 5 shares at price 62,200 | Portfolio Value = 1,005,902.3 | Budget = 441,946.8 | inventory = 2
[ 2024-08-05 10:08:21,961 ] 12 : Sold 4 shares at price 63,700 | Profit = 7,200 | Portfolio Value = 1,001,746.8 | Budget = 696,619.4 | inventory = 1
[ 2024-08-05 10:08:21,977 ] 13 : Bought 2 shares at price 62,600 | Portfolio Value = 1,015,119.4 | Budget = 571,356.8 | inventory = 2
[ 2024-08-05 10:08:22,008 ] 15 : Sold 5 shares at price 62,100 | Profit = -500 | Portfolio Value = 1,010,256.8 | Budget = 881,701.55 | inventory = 1
[ 2024-08-05 10:08:22,040 ] 17 : Sold 2 shares at price 62,000 | Profit = -1,200 | Portfolio Value = 1,003,901.55 | Budget = 1,005,639.55 | inventory = 0
[ 2024-08-05 10:08:22,115 ] 22 : Bought 3 shares at price 60,500 | Portfolio Value = 1,005,639.55 | Budget = 824,048.8 | inventory = 1
[ 2024-08-05 10:08:22,130 ] 23 : Sold 3 shares at price 61,500 | Profit = 3,000 | Portfolio Value = 1,005,548.8 | Budget = 1,008,456.55 | inventory = 0
[ 2024-08-05 10:08:22,158 ] 25 : Bought 12 shares at price 60,300 | Portfolio Value = 1,008,456.55 | Budget = 284,494.75 | inventory = 1
[ 2024-08-05 10:08:22,174 ] 26 : Sold 12 shares at price 60,100 | Profit = -2,400 | Portfolio Value = 1,008,094.75 | Budget = 1,005,334.15 | inventory = 0
[ 2024-08-05 10:08:22,191 ] 27 : Bought 6 shares at price 59,500 | Portfolio Value = 1,005,334.15 | Budget = 648,155.65 | inventory = 1
[ 2024-08-05 10:08:22,207 ] 28 : Bought 9 shares at price 60,000 | Portfolio Value = 1,005,155.65 | Budget = 107,885.65 | inventory = 2
[ 2024-08-05 10:08:22,223 ] 29 : Sold 6 shares at price 59,000 | Profit = -3,000 | Portfolio Value = 1,007,885.65 | Budget = 461,708.65 | inventory = 1
[ 2024-08-05 10:08:22,239 ] 30 : Bought 7 shares at price 59,800 | Portfolio Value = 992,708.65 | Budget = 42,899.35 | inventory = 2
[ 2024-08-05 10:08:22,287 ] 33 : Sold 9 shares at price 60,200 | Profit = 1,800 | Portfolio Value = 1,023,699.35 | Budget = 584,428.45 | inventory = 1
[ 2024-08-05 10:08:22,334 ] 36 : Sold 7 shares at price 62,300 | Profit = 17,500 | Portfolio Value = 1,012,128.45 | Budget = 1,020,310.4 | inventory = 0
[ 2024-08-05 10:08:22,366 ] 38 : Bought 14 shares at price 62,100 | Portfolio Value = 1,020,310.4 | Budget = 150,475.7 | inventory = 1
[ 2024-08-05 10:08:22,382 ] 39 : Bought 2 shares at price 62,900 | Portfolio Value = 1,019,875.7 | Budget = 24,612.8 | inventory = 2
[ 2024-08-05 10:08:22,494 ] 46 : Sold 14 shares at price 62,300 | Profit = 2,800 | Portfolio Value = 1,047,012.8 | Budget = 896,376.7 | inventory = 1
[ 2024-08-05 10:08:22,511 ] 47 : Sold 2 shares at price 65,000 | Profit = 4,200 | Portfolio Value = 1,020,976.7 | Budget = 1,026,311.7 | inventory = 0
[ 2024-08-05 10:08:22,543 ] 49 : Bought 11 shares at price 65,900 | Portfolio Value = 1,026,311.7 | Budget = 301,049.25 | inventory = 1
[ 2024-08-05 10:08:22,575 ] 51 : Sold 11 shares at price 66,100 | Profit = 2,200 | Portfolio Value = 1,027,049.25 | Budget = 1,027,785.7 | inventory = 0
[ 2024-08-05 10:08:22,683 ] 58 : Bought 6 shares at price 65,200 | Portfolio Value = 1,027,785.7 | Budget = 636,390.1 | inventory = 1
[ 2024-08-05 10:08:22,699 ] 59 : Bought 10 shares at price 63,600 | Portfolio Value = 1,027,590.1 | Budget = 72.1 | inventory = 2
[ 2024-08-05 10:08:22,715 ] 60 : Sold 6 shares at price 64,100 | Profit = -6,600 | Portfolio Value = 1,017,672.1 | Budget = 384,479.8 | inventory = 1
[ 2024-08-05 10:08:22,731 ] 61 : Sold 10 shares at price 64,600 | Profit = 10,000 | Portfolio Value = 1,025,479.8 | Budget = 1,030,156.8 | inventory = 0
[ 2024-08-05 10:08:22,778 ] 64 : Bought 13 shares at price 65,400 | Portfolio Value = 1,030,156.8 | Budget = 179,531.7 | inventory = 1
[ 2024-08-05 10:08:22,794 ] 65 : Sold 13 shares at price 65,100 | Profit = -3,900 | Portfolio Value = 1,029,731.7 | Budget = 1,025,408.55 | inventory = 0
[ 2024-08-05 10:08:22,843 ] 68 : Bought 5 shares at price 64,600 | Portfolio Value = 1,025,408.55 | Budget = 702,247.05 | inventory = 1
[ 2024-08-05 10:08:22,858 ] 69 : Bought 9 shares at price 64,200 | Portfolio Value = 1,025,247.05 | Budget = 124,158.15 | inventory = 2
[ 2024-08-05 10:08:22,874 ] 70 : Sold 5 shares at price 64,100 | Profit = -2,500 | Portfolio Value = 1,022,958.15 | Budget = 444,497.9 | inventory = 1
[ 2024-08-05 10:08:22,889 ] 71 : Sold 9 shares at price 64,500 | Profit = 2,700 | Portfolio Value = 1,021,397.9 | Budget = 1,024,707.65 | inventory = 0
[ 2024-08-05 10:08:22,920 ] 73 : Bought 4 shares at price 65,000 | Portfolio Value = 1,024,707.65 | Budget = 764,577.65 | inventory = 1
[ 2024-08-05 10:08:22,935 ] 74 : Bought 7 shares at price 66,200 | Portfolio Value = 1,024,577.65 | Budget = 300,945.95 | inventory = 2
[ 2024-08-05 10:08:22,983 ] 77 : Sold 4 shares at price 68,400 | Profit = 13,600 | Portfolio Value = 1,054,445.95 | Budget = 574,409.15 | inventory = 1
[ 2024-08-05 10:08:22,998 ] 78 : Sold 7 shares at price 68,500 | Profit = 16,100 | Portfolio Value = 1,053,209.15 | Budget = 1,053,669.4 | inventory = 0
[ 2024-08-05 10:08:23,044 ] 81 : Bought 13 shares at price 72,300 | Portfolio Value = 1,053,669.4 | Budget = 113,299.45 | inventory = 1
[ 2024-08-05 10:08:23,060 ] 82 : Sold 13 shares at price 71,400 | Profit = -11,700 | Portfolio Value = 1,053,199.45 | Budget = 1,041,035.35 | inventory = 0
[ 2024-08-05 10:08:23,120 ] 86 : Bought 9 shares at price 71,000 | Portfolio Value = 1,041,035.35 | Budget = 401,715.85 | inventory = 1
[ 2024-08-05 10:08:23,150 ] 88 : Sold 9 shares at price 72,000 | Profit = 9,000 | Portfolio Value = 1,039,815.85 | Budget = 1,049,391.85 | inventory = 0
[ 2024-08-05 10:08:23,164 ] 89 : Bought 13 shares at price 71,000 | Portfolio Value = 1,049,391.85 | Budget = 125,930.35 | inventory = 1
[ 2024-08-05 10:08:23,195 ] 91 : Sold 13 shares at price 71,900 | Profit = 11,700 | Portfolio Value = 1,061,930.35 | Budget = 1,060,163.0 | inventory = 0
[ 2024-08-05 10:08:23,210 ] 92 : Bought 3 shares at price 71,500 | Portfolio Value = 1,060,163.0 | Budget = 845,555.75 | inventory = 1
[ 2024-08-05 10:08:23,225 ] 93 : Bought 5 shares at price 71,800 | Portfolio Value = 1,060,055.75 | Budget = 486,376.25 | inventory = 2
[ 2024-08-05 10:08:23,255 ] 95 : Sold 3 shares at price 71,400 | Profit = -300 | Portfolio Value = 1,055,976.25 | Budget = 700,469.15 | inventory = 1
[ 2024-08-05 10:08:23,270 ] 96 : Bought 3 shares at price 70,500 | Portfolio Value = 1,057,469.15 | Budget = 488,863.4 | inventory = 2
[ 2024-08-05 10:08:23,285 ] 97 : Sold 5 shares at price 71,300 | Profit = -2,500 | Portfolio Value = 1,052,863.4 | Budget = 845,185.15 | inventory = 1
[ 2024-08-05 10:08:23,300 ] 98 : Bought 8 shares at price 71,600 | Portfolio Value = 1,059,085.15 | Budget = 272,098.75 | inventory = 2
[ 2024-08-05 10:08:23,315 ] 99 : Sold 3 shares at price 72,400 | Profit = 5,700 | Portfolio Value = 1,059,698.75 | Budget = 489,190.15 | inventory = 1
[ 2024-08-05 10:08:23,330 ] 100 : Bought 1 shares at price 72,600 | Portfolio Value = 1,068,390.15 | Budget = 416,553.85 | inventory = 2
[ 2024-08-05 10:08:23,344 ] 101 : Bought 5 shares at price 72,700 | Portfolio Value = 1,069,953.85 | Budget = 52,872.1 | inventory = 3
[ 2024-08-05 10:08:23,359 ] 102 : Sold 8 shares at price 72,400 | Profit = 6,400 | Portfolio Value = 1,070,672.1 | Budget = 631,782.5 | inventory = 2
[ 2024-08-05 10:08:23,374 ] 103 : Bought 5 shares at price 72,200 | Portfolio Value = 1,066,182.5 | Budget = 270,602.0 | inventory = 3
[ 2024-08-05 10:08:23,420 ] 106 : Sold 1 shares at price 72,000 | Profit = -600 | Portfolio Value = 1,073,602.0 | Budget = 342,566.0 | inventory = 2
[ 2024-08-05 10:08:23,434 ] 107 : Bought 1 shares at price 71,600 | Portfolio Value = 1,062,566.0 | Budget = 270,930.2 | inventory = 3
[ 2024-08-05 10:08:23,449 ] 108 : Sold 5 shares at price 69,900 | Profit = -14,000 | Portfolio Value = 1,058,530.2 | Budget = 620,255.45 | inventory = 2
[ 2024-08-05 10:08:23,510 ] 112 : Bought 7 shares at price 71,900 | Portfolio Value = 1,051,655.45 | Budget = 116,703.8 | inventory = 3
[ 2024-08-05 10:08:23,526 ] 113 : Bought 1 shares at price 73,400 | Portfolio Value = 1,051,403.8 | Budget = 43,267.1 | inventory = 4
[ 2024-08-05 10:08:23,574 ] 116 : Sold 5 shares at price 71,700 | Profit = -2,500 | Portfolio Value = 1,051,267.1 | Budget = 401,587.85 | inventory = 3
[ 2024-08-05 10:08:23,588 ] 117 : Bought 2 shares at price 71,000 | Portfolio Value = 1,046,887.85 | Budget = 259,516.85 | inventory = 4
[ 2024-08-05 10:08:23,604 ] 118 : Bought 2 shares at price 70,300 | Portfolio Value = 1,040,516.85 | Budget = 118,846.55 | inventory = 5
[ 2024-08-05 10:08:23,619 ] 119 : Sold 1 shares at price 70,400 | Profit = -1,200 | Portfolio Value = 1,032,746.55 | Budget = 189,211.35 | inventory = 4
[ 2024-08-05 10:08:23,634 ] 120 : Bought 2 shares at price 70,000 | Portfolio Value = 1,034,011.35 | Budget = 49,141.35 | inventory = 5
[ 2024-08-05 10:08:23,665 ] 122 : Sold 7 shares at price 71,700 | Profit = -1,400 | Portfolio Value = 1,026,341.35 | Budget = 550,790.4 | inventory = 4
[ 2024-08-05 10:08:23,730 ] 123 : Sold 1 shares at price 70,600 | Profit = -2,800 | Portfolio Value = 1,052,690.4 | Budget = 621,355.1 | inventory = 3
[ 2024-08-05 10:08:23,775 ] 125 : Sold 2 shares at price 71,100 | Profit = 200 | Portfolio Value = 1,040,155.1 | Budget = 763,484.0 | inventory = 2
[ 2024-08-05 10:08:23,791 ] 126 : Bought 7 shares at price 69,900 | Portfolio Value = 1,047,884.0 | Budget = 273,939.35 | inventory = 3
[ 2024-08-05 10:08:23,823 ] 128 : Bought 2 shares at price 68,300 | Portfolio Value = 1,030,739.35 | Budget = 137,271.05 | inventory = 4
[ 2024-08-05 10:08:23,838 ] 129 : Sold 2 shares at price 68,500 | Profit = -3,600 | Portfolio Value = 1,025,171.05 | Budget = 274,202.55 | inventory = 3
[ 2024-08-05 10:08:23,854 ] 130 : Bought 3 shares at price 67,600 | Portfolio Value = 1,027,702.55 | Budget = 71,301.15 | inventory = 4
[ 2024-08-05 10:08:23,886 ] 132 : Bought 1 shares at price 68,000 | Portfolio Value = 1,035,901.15 | Budget = 3,267.15 | inventory = 5
[ 2024-08-05 10:08:24,037 ] 142 : Sold 2 shares at price 67,100 | Profit = -5,800 | Portfolio Value = 1,026,267.15 | Budget = 137,400.05 | inventory = 4
[ 2024-08-05 10:08:24,053 ] 143 : Bought 2 shares at price 66,800 | Portfolio Value = 1,009,700.05 | Budget = 3,733.25 | inventory = 5
[ 2024-08-05 10:08:24,068 ] 144 : Sold 7 shares at price 66,800 | Profit = -21,700 | Portfolio Value = 1,005,733.25 | Budget = 471,099.45 | inventory = 4
[ 2024-08-05 10:08:24,204 ] 153 : Bought 1 shares at price 70,800 | Portfolio Value = 1,033,499.45 | Budget = 400,264.05 | inventory = 5
[ 2024-08-05 10:08:24,234 ] 155 : Bought 3 shares at price 70,900 | Portfolio Value = 1,034,764.05 | Budget = 187,457.7 | inventory = 6
[ 2024-08-05 10:08:24,249 ] 156 : Bought 2 shares at price 71,700 | Portfolio Value = 1,038,257.7 | Budget = 43,986.0 | inventory = 7
[ 2024-08-05 10:08:24,264 ] 157 : Sold 2 shares at price 72,000 | Profit = 7,400 | Portfolio Value = 1,047,786.0 | Budget = 187,914.0 | inventory = 6
[ 2024-08-05 10:08:24,295 ] 159 : Sold 3 shares at price 69,800 | Profit = 6,600 | Portfolio Value = 1,030,314.0 | Budget = 397,209.3 | inventory = 5
[ 2024-08-05 10:08:24,311 ] 160 : Bought 4 shares at price 69,600 | Portfolio Value = 1,025,409.3 | Budget = 118,670.1 | inventory = 6
[ 2024-08-05 10:08:24,342 ] 162 : Sold 1 shares at price 68,800 | Profit = 800 | Portfolio Value = 1,014,370.1 | Budget = 187,435.7 | inventory = 5
[ 2024-08-05 10:08:24,357 ] 163 : Sold 2 shares at price 69,400 | Profit = 5,200 | Portfolio Value = 1,013,035.7 | Budget = 326,166.3 | inventory = 4
[ 2024-08-05 10:08:24,403 ] 166 : Sold 1 shares at price 67,500 | Profit = -3,300 | Portfolio Value = 1,010,166.3 | Budget = 393,632.55 | inventory = 3
[ 2024-08-05 10:08:24,418 ] 167 : Sold 3 shares at price 66,700 | Profit = -12,600 | Portfolio Value = 1,001,132.55 | Budget = 593,632.5 | inventory = 2
[ 2024-08-05 10:08:24,465 ] 170 : Bought 8 shares at price 68,200 | Portfolio Value = 992,032.5 | Budget = 47,759.7 | inventory = 3
[ 2024-08-05 10:08:24,541 ] 175 : Sold 2 shares at price 70,500 | Profit = -2,400 | Portfolio Value = 1,019,359.7 | Budget = 188,689.2 | inventory = 2
[ 2024-08-05 10:08:24,587 ] 178 : Sold 4 shares at price 68,400 | Profit = -4,800 | Portfolio Value = 1,014,289.2 | Budget = 462,152.4 | inventory = 1
[ 2024-08-05 10:08:24,602 ] 179 : Sold 8 shares at price 68,500 | Profit = 2,400 | Portfolio Value = 1,009,352.4 | Budget = 1,009,878.4 | inventory = 0
[ 2024-08-05 10:08:24,617 ] 180 : Bought 1 shares at price 68,000 | Portfolio Value = 1,009,878.4 | Budget = 941,844.4 | inventory = 1
[ 2024-08-05 10:08:24,632 ] 181 : Bought 7 shares at price 66,700 | Portfolio Value = 1,009,844.4 | Budget = 474,710.95 | inventory = 2
[ 2024-08-05 10:08:24,661 ] 183 : Bought 5 shares at price 67,300 | Portfolio Value = 1,013,110.95 | Budget = 138,042.7 | inventory = 3
[ 2024-08-05 10:08:24,676 ] 184 : Bought 1 shares at price 66,900 | Portfolio Value = 1,012,942.7 | Budget = 71,109.25 | inventory = 4
[ 2024-08-05 10:08:24,721 ] 187 : Bought 1 shares at price 69,600 | Portfolio Value = 1,046,909.25 | Budget = 1,474.45 | inventory = 5
[ 2024-08-05 10:08:24,811 ] 193 : Sold 1 shares at price 70,400 | Profit = 2,400 | Portfolio Value = 1,058,974.45 | Budget = 71,839.25 | inventory = 4
[ 2024-08-05 10:08:24,826 ] 194 : Bought 1 shares at price 70,800 | Portfolio Value = 1,057,439.25 | Budget = 1,003.85 | inventory = 5
[ 2024-08-05 10:08:24,841 ] 195 : Sold 7 shares at price 72,200 | Profit = 38,500 | Portfolio Value = 1,063,003.85 | Budget = 506,151.15 | inventory = 4
[ 2024-08-05 10:08:24,856 ] 196 : Sold 5 shares at price 72,800 | Profit = 27,500 | Portfolio Value = 1,083,751.15 | Budget = 869,969.15 | inventory = 3
[ 2024-08-05 10:08:24,872 ] 197 : Bought 11 shares at price 72,500 | Portfolio Value = 1,088,369.15 | Budget = 72,070.4 | inventory = 4
[ 2024-08-05 10:08:24,932 ] 201 : Sold 1 shares at price 72,400 | Profit = 5,500 | Portfolio Value = 1,091,270.4 | Budget = 144,434.2 | inventory = 3
[ 2024-08-05 10:08:24,948 ] 202 : Bought 1 shares at price 71,700 | Portfolio Value = 1,085,634.2 | Budget = 72,698.35 | inventory = 4
[ 2024-08-05 10:08:25,024 ] 207 : Bought 1 shares at price 72,000 | Portfolio Value = 1,091,898.35 | Budget = 662.35 | inventory = 5
[ 2024-08-05 10:08:25,055 ] 209 : Sold 1 shares at price 71,200 | Profit = 1,600 | Portfolio Value = 1,089,662.35 | Budget = 71,826.75 | inventory = 4
[ 2024-08-05 10:08:25,070 ] 210 : Bought 1 shares at price 71,700 | Portfolio Value = 1,068,626.75 | Budget = 90.9 | inventory = 5
[ 2024-08-05 10:08:25,206 ] 219 : Sold 1 shares at price 73,400 | Profit = 2,600 | Portfolio Value = 1,093,590.9 | Budget = 73,454.2 | inventory = 4
[ 2024-08-05 10:08:25,266 ] 223 : Sold 11 shares at price 76,600 | Profit = 45,100 | Portfolio Value = 1,136,054.2 | Budget = 915,632.9 | inventory = 3
[ 2024-08-05 10:08:25,296 ] 225 : Bought 7 shares at price 78,500 | Portfolio Value = 1,149,632.9 | Budget = 365,858.15 | inventory = 4
[ 2024-08-05 10:08:25,419 ] 7 : Bought 4 shares at price 63,000 | Portfolio Value = 1,000,000.0 | Budget = 747,874.0 | inventory = 1
[ 2024-08-05 10:08:25,434 ] 8 : Bought 7 shares at price 62,800 | Portfolio Value = 999,874.0 | Budget = 308,054.2 | inventory = 2
[ 2024-08-05 10:08:25,467 ] 10 : Sold 4 shares at price 63,200 | Profit = 800 | Portfolio Value = 999,954.2 | Budget = 560,727.8 | inventory = 1
[ 2024-08-05 10:08:25,513 ] 13 : Bought 4 shares at price 62,600 | Portfolio Value = 1,006,627.8 | Budget = 310,202.6 | inventory = 2
[ 2024-08-05 10:08:25,528 ] 14 : Bought 3 shares at price 62,700 | Portfolio Value = 998,802.6 | Budget = 122,008.55 | inventory = 3
[ 2024-08-05 10:08:25,575 ] 17 : Bought 1 shares at price 62,000 | Portfolio Value = 977,408.55 | Budget = 59,977.55 | inventory = 4
[ 2024-08-05 10:08:25,729 ] 27 : Sold 7 shares at price 59,500 | Profit = -23,100 | Portfolio Value = 961,477.55 | Budget = 476,269.3 | inventory = 3
[ 2024-08-05 10:08:25,758 ] 29 : Sold 4 shares at price 59,000 | Profit = -14,400 | Portfolio Value = 956,269.3 | Budget = 712,151.3 | inventory = 2
[ 2024-08-05 10:08:25,790 ] 31 : Sold 3 shares at price 59,900 | Profit = -8,400 | Portfolio Value = 951,351.3 | Budget = 891,761.45 | inventory = 1
[ 2024-08-05 10:08:25,805 ] 32 : Sold 1 shares at price 61,300 | Profit = -700 | Portfolio Value = 951,661.45 | Budget = 953,030.8 | inventory = 0
[ 2024-08-05 10:08:25,821 ] 33 : Bought 11 shares at price 60,200 | Portfolio Value = 953,030.8 | Budget = 290,499.7 | inventory = 1
[ 2024-08-05 10:08:25,837 ] 34 : Bought 1 shares at price 60,300 | Portfolio Value = 952,699.7 | Budget = 230,169.55 | inventory = 2
[ 2024-08-05 10:08:25,851 ] 35 : Bought 3 shares at price 61,100 | Portfolio Value = 953,769.55 | Budget = 46,777.9 | inventory = 3
[ 2024-08-05 10:08:25,880 ] 37 : Sold 11 shares at price 63,000 | Profit = 30,800 | Portfolio Value = 981,277.9 | Budget = 739,431.4 | inventory = 2
[ 2024-08-05 10:08:25,895 ] 38 : Sold 1 shares at price 62,100 | Profit = 1,800 | Portfolio Value = 991,431.4 | Budget = 801,500.35 | inventory = 1
[ 2024-08-05 10:08:25,911 ] 39 : Sold 3 shares at price 62,900 | Profit = 5,400 | Portfolio Value = 987,800.35 | Budget = 990,106.0 | inventory = 0
[ 2024-08-05 10:08:26,019 ] 46 : Bought 14 shares at price 62,300 | Portfolio Value = 990,106.0 | Budget = 117,469.9 | inventory = 1
[ 2024-08-05 10:08:26,034 ] 47 : Sold 14 shares at price 65,000 | Profit = 37,800 | Portfolio Value = 989,669.9 | Budget = 1,027,014.9 | inventory = 0
[ 2024-08-05 10:08:26,143 ] 54 : Bought 10 shares at price 65,600 | Portfolio Value = 1,027,014.9 | Budget = 370,686.9 | inventory = 1
[ 2024-08-05 10:08:26,158 ] 55 : Bought 3 shares at price 65,500 | Portfolio Value = 1,026,686.9 | Budget = 174,088.65 | inventory = 2
[ 2024-08-05 10:08:26,173 ] 56 : Bought 2 shares at price 65,300 | Portfolio Value = 1,025,588.65 | Budget = 43,423.35 | inventory = 3
[ 2024-08-05 10:08:26,189 ] 57 : Sold 10 shares at price 65,700 | Profit = 1,000 | Portfolio Value = 1,022,923.35 | Budget = 700,094.85 | inventory = 2
[ 2024-08-05 10:08:26,204 ] 58 : Bought 7 shares at price 65,200 | Portfolio Value = 1,028,594.85 | Budget = 243,466.65 | inventory = 3
[ 2024-08-05 10:08:26,220 ] 59 : Sold 3 shares at price 63,600 | Profit = -5,700 | Portfolio Value = 1,025,866.65 | Budget = 434,171.25 | inventory = 2
[ 2024-08-05 10:08:26,235 ] 60 : Bought 1 shares at price 64,100 | Portfolio Value = 1,006,571.25 | Budget = 370,039.2 | inventory = 3
[ 2024-08-05 10:08:26,251 ] 61 : Bought 3 shares at price 64,600 | Portfolio Value = 1,011,039.2 | Budget = 176,142.3 | inventory = 4
[ 2024-08-05 10:08:26,266 ] 62 : Bought 2 shares at price 65,500 | Portfolio Value = 1,015,942.3 | Budget = 45,076.8 | inventory = 5
[ 2024-08-05 10:08:26,297 ] 64 : Sold 2 shares at price 65,400 | Profit = 200 | Portfolio Value = 1,030,576.8 | Budget = 175,811.4 | inventory = 4
[ 2024-08-05 10:08:26,311 ] 65 : Bought 1 shares at price 65,100 | Portfolio Value = 1,026,011.4 | Budget = 110,678.85 | inventory = 5
[ 2024-08-05 10:08:26,342 ] 67 : Sold 7 shares at price 65,300 | Profit = 700 | Portfolio Value = 1,033,278.85 | Budget = 567,550.3 | inventory = 4
[ 2024-08-05 10:08:26,357 ] 68 : Bought 5 shares at price 64,600 | Portfolio Value = 1,024,650.3 | Budget = 244,388.8 | inventory = 5
[ 2024-08-05 10:08:26,373 ] 69 : Bought 3 shares at price 64,200 | Portfolio Value = 1,019,588.8 | Budget = 51,692.5 | inventory = 6
[ 2024-08-05 10:08:26,388 ] 70 : Sold 1 shares at price 64,100 | Profit = 0 | Portfolio Value = 1,014,692.5 | Budget = 115,760.45 | inventory = 5
[ 2024-08-05 10:08:26,404 ] 71 : Bought 1 shares at price 64,500 | Portfolio Value = 1,013,160.45 | Budget = 51,228.2 | inventory = 6
[ 2024-08-05 10:08:26,434 ] 73 : Sold 3 shares at price 65,000 | Profit = 1,200 | Portfolio Value = 1,032,228.2 | Budget = 246,130.7 | inventory = 5
[ 2024-08-05 10:08:26,449 ] 74 : Bought 3 shares at price 66,200 | Portfolio Value = 1,026,130.7 | Budget = 47,431.4 | inventory = 6
[ 2024-08-05 10:08:26,494 ] 77 : Sold 2 shares at price 68,400 | Profit = 5,800 | Portfolio Value = 1,074,931.4 | Budget = 184,163.0 | inventory = 5
[ 2024-08-05 10:08:26,510 ] 78 : Bought 1 shares at price 68,500 | Portfolio Value = 1,073,363.0 | Budget = 115,628.75 | inventory = 6
[ 2024-08-05 10:08:26,525 ] 79 : Bought 1 shares at price 68,800 | Portfolio Value = 1,074,628.75 | Budget = 46,794.35 | inventory = 7
[ 2024-08-05 10:08:26,541 ] 80 : Sold 1 shares at price 70,300 | Profit = 5,200 | Portfolio Value = 1,078,794.35 | Budget = 117,059.2 | inventory = 6
[ 2024-08-05 10:08:26,556 ] 81 : Sold 5 shares at price 72,300 | Profit = 38,500 | Portfolio Value = 1,101,259.2 | Budget = 478,378.45 | inventory = 5
[ 2024-08-05 10:08:26,618 ] 85 : Sold 3 shares at price 71,700 | Profit = 22,500 | Portfolio Value = 1,128,178.45 | Budget = 693,370.9 | inventory = 4
[ 2024-08-05 10:08:26,649 ] 87 : Bought 7 shares at price 70,900 | Portfolio Value = 1,119,370.9 | Budget = 196,822.75 | inventory = 5
[ 2024-08-05 10:08:26,665 ] 88 : Sold 1 shares at price 72,000 | Profit = 7,500 | Portfolio Value = 1,118,522.75 | Budget = 268,786.75 | inventory = 4
[ 2024-08-05 10:08:26,679 ] 89 : Sold 3 shares at price 71,000 | Profit = 14,400 | Portfolio Value = 1,132,786.75 | Budget = 481,680.25 | inventory = 3
[ 2024-08-05 10:08:26,694 ] 90 : Bought 4 shares at price 72,000 | Portfolio Value = 1,120,680.25 | Budget = 193,536.25 | inventory = 4
[ 2024-08-05 10:08:26,709 ] 91 : Sold 1 shares at price 71,900 | Profit = 3,400 | Portfolio Value = 1,129,536.25 | Budget = 265,400.3 | inventory = 3
[ 2024-08-05 10:08:26,740 ] 93 : Sold 1 shares at price 71,800 | Profit = 3,000 | Portfolio Value = 1,123,400.3 | Budget = 337,164.4 | inventory = 2
[ 2024-08-05 10:08:26,770 ] 95 : Bought 3 shares at price 71,400 | Portfolio Value = 1,120,364.4 | Budget = 122,857.3 | inventory = 3
[ 2024-08-05 10:08:26,786 ] 96 : Sold 7 shares at price 70,500 | Profit = -2,800 | Portfolio Value = 1,122,457.3 | Budget = 616,110.55 | inventory = 2
[ 2024-08-05 10:08:26,832 ] 99 : Sold 4 shares at price 72,400 | Profit = 1,600 | Portfolio Value = 1,117,310.55 | Budget = 905,565.75 | inventory = 1
[ 2024-08-05 10:08:26,848 ] 100 : Sold 3 shares at price 72,600 | Profit = 3,600 | Portfolio Value = 1,122,765.75 | Budget = 1,123,256.85 | inventory = 0
[ 2024-08-05 10:08:26,864 ] 101 : Bought 2 shares at price 72,700 | Portfolio Value = 1,123,256.85 | Budget = 977,784.15 | inventory = 1
[ 2024-08-05 10:08:26,879 ] 102 : Sold 2 shares at price 72,400 | Profit = -600 | Portfolio Value = 1,123,184.15 | Budget = 1,122,511.75 | inventory = 0
[ 2024-08-05 10:08:26,893 ] 103 : Bought 3 shares at price 72,200 | Portfolio Value = 1,122,511.75 | Budget = 905,803.45 | inventory = 1
[ 2024-08-05 10:08:26,923 ] 105 : Bought 12 shares at price 73,000 | Portfolio Value = 1,124,803.45 | Budget = 29,365.45 | inventory = 2
[ 2024-08-05 10:08:26,953 ] 107 : Sold 3 shares at price 71,600 | Profit = -1,800 | Portfolio Value = 1,109,365.45 | Budget = 244,058.05 | inventory = 1
[ 2024-08-05 10:08:26,969 ] 108 : Bought 2 shares at price 69,900 | Portfolio Value = 1,103,258.05 | Budget = 104,188.15 | inventory = 2
[ 2024-08-05 10:08:26,984 ] 109 : Bought 1 shares at price 69,500 | Portfolio Value = 1,082,788.15 | Budget = 34,653.4 | inventory = 3
[ 2024-08-05 10:08:27,014 ] 111 : Sold 12 shares at price 71,900 | Profit = -13,200 | Portfolio Value = 1,107,153.4 | Budget = 897,022.0 | inventory = 2
[ 2024-08-05 10:08:27,044 ] 113 : Bought 12 shares at price 73,400 | Portfolio Value = 1,112,722.0 | Budget = 15,781.6 | inventory = 3
[ 2024-08-05 10:08:27,106 ] 117 : Sold 2 shares at price 71,000 | Profit = 2,200 | Portfolio Value = 1,091,281.6 | Budget = 157,710.6 | inventory = 2
[ 2024-08-05 10:08:27,121 ] 118 : Sold 1 shares at price 70,300 | Profit = 800 | Portfolio Value = 1,080,710.6 | Budget = 227,975.45 | inventory = 1
[ 2024-08-05 10:08:27,137 ] 119 : Bought 2 shares at price 70,400 | Portfolio Value = 1,071,575.45 | Budget = 87,105.05 | inventory = 2
[ 2024-08-05 10:08:27,153 ] 120 : Sold 12 shares at price 70,000 | Profit = -40,800 | Portfolio Value = 1,072,705.05 | Budget = 926,685.05 | inventory = 1
[ 2024-08-05 10:08:27,169 ] 121 : Sold 2 shares at price 69,800 | Profit = -1,200 | Portfolio Value = 1,066,685.05 | Budget = 1,066,215.25 | inventory = 0
[ 2024-08-05 10:08:27,214 ] 124 : Bought 9 shares at price 69,800 | Portfolio Value = 1,066,215.25 | Budget = 437,701.15 | inventory = 1
[ 2024-08-05 10:08:27,229 ] 125 : Bought 4 shares at price 71,100 | Portfolio Value = 1,065,901.15 | Budget = 153,158.95 | inventory = 2
[ 2024-08-05 10:08:27,244 ] 126 : Bought 2 shares at price 69,900 | Portfolio Value = 1,077,458.95 | Budget = 13,289.05 | inventory = 3
[ 2024-08-05 10:08:27,259 ] 127 : Sold 9 shares at price 68,800 | Profit = -9,000 | Portfolio Value = 1,061,789.05 | Budget = 632,179.45 | inventory = 2
[ 2024-08-05 10:08:27,274 ] 128 : Sold 4 shares at price 68,300 | Profit = -11,200 | Portfolio Value = 1,044,979.45 | Budget = 905,242.85 | inventory = 1
[ 2024-08-05 10:08:27,290 ] 129 : Sold 2 shares at price 68,500 | Profit = -2,800 | Portfolio Value = 1,041,842.85 | Budget = 1,042,174.35 | inventory = 0
[ 2024-08-05 10:08:27,305 ] 130 : Bought 15 shares at price 67,600 | Portfolio Value = 1,042,174.35 | Budget = 27,667.35 | inventory = 1
[ 2024-08-05 10:08:27,334 ] 132 : Sold 15 shares at price 68,000 | Profit = 6,000 | Portfolio Value = 1,061,167.35 | Budget = 1,047,157.35 | inventory = 0
[ 2024-08-05 10:08:27,410 ] 137 : Bought 6 shares at price 66,300 | Portfolio Value = 1,047,157.35 | Budget = 649,158.45 | inventory = 1
[ 2024-08-05 10:08:27,425 ] 138 : Bought 9 shares at price 66,600 | Portfolio Value = 1,046,958.45 | Budget = 49,458.75 | inventory = 2
[ 2024-08-05 10:08:27,485 ] 142 : Sold 6 shares at price 67,100 | Profit = 4,800 | Portfolio Value = 1,072,458.75 | Budget = 451,857.45 | inventory = 1
[ 2024-08-05 10:08:27,517 ] 144 : Bought 1 shares at price 66,800 | Portfolio Value = 1,053,057.45 | Budget = 385,024.05 | inventory = 2
[ 2024-08-05 10:08:27,532 ] 145 : Bought 3 shares at price 67,100 | Portfolio Value = 1,053,024.05 | Budget = 183,623.4 | inventory = 3
[ 2024-08-05 10:08:27,548 ] 146 : Bought 1 shares at price 66,900 | Portfolio Value = 1,055,923.4 | Budget = 116,689.95 | inventory = 4
[ 2024-08-05 10:08:27,563 ] 147 : Sold 9 shares at price 71,000 | Profit = 39,600 | Portfolio Value = 1,053,289.95 | Budget = 755,370.45 | inventory = 3
[ 2024-08-05 10:08:27,579 ] 148 : Bought 10 shares at price 71,200 | Portfolio Value = 1,110,370.45 | Budget = 43,014.45 | inventory = 4
[ 2024-08-05 10:08:27,611 ] 150 : Sold 1 shares at price 70,000 | Profit = 3,200 | Portfolio Value = 1,103,514.45 | Budget = 112,979.45 | inventory = 3
[ 2024-08-05 10:08:27,626 ] 151 : Bought 1 shares at price 70,400 | Portfolio Value = 1,092,979.45 | Budget = 42,544.25 | inventory = 4
[ 2024-08-05 10:08:27,733 ] 158 : Sold 3 shares at price 70,200 | Profit = 9,300 | Portfolio Value = 1,122,544.25 | Budget = 253,038.95 | inventory = 3
[ 2024-08-05 10:08:27,748 ] 159 : Bought 1 shares at price 69,800 | Portfolio Value = 1,095,438.95 | Budget = 183,204.05 | inventory = 4
[ 2024-08-05 10:08:27,763 ] 160 : Bought 2 shares at price 69,600 | Portfolio Value = 1,090,604.05 | Budget = 43,934.45 | inventory = 5
[ 2024-08-05 10:08:27,842 ] 165 : Sold 1 shares at price 68,400 | Profit = 1,500 | Portfolio Value = 1,072,934.45 | Budget = 112,300.25 | inventory = 4
[ 2024-08-05 10:08:27,874 ] 167 : Bought 1 shares at price 66,700 | Portfolio Value = 1,057,300.25 | Budget = 45,566.9 | inventory = 5
[ 2024-08-05 10:08:27,905 ] 169 : Sold 10 shares at price 66,400 | Profit = -48,000 | Portfolio Value = 1,035,566.9 | Budget = 709,234.9 | inventory = 4
[ 2024-08-05 10:08:27,921 ] 170 : Bought 3 shares at price 68,200 | Portfolio Value = 1,041,234.9 | Budget = 504,532.6 | inventory = 5
[ 2024-08-05 10:08:27,936 ] 171 : Bought 5 shares at price 68,900 | Portfolio Value = 1,050,132.6 | Budget = 159,860.35 | inventory = 6
[ 2024-08-05 10:08:27,967 ] 173 : Sold 1 shares at price 67,300 | Profit = -3,100 | Portfolio Value = 1,043,860.35 | Budget = 227,126.7 | inventory = 5
[ 2024-08-05 10:08:27,996 ] 175 : Sold 1 shares at price 70,500 | Profit = 700 | Portfolio Value = 1,059,926.7 | Budget = 297,591.45 | inventory = 4
[ 2024-08-05 10:08:28,056 ] 179 : Bought 4 shares at price 68,500 | Portfolio Value = 1,049,991.45 | Budget = 23,454.45 | inventory = 5
[ 2024-08-05 10:08:28,102 ] 182 : Sold 2 shares at price 67,300 | Profit = -4,600 | Portfolio Value = 1,023,954.45 | Budget = 157,987.15 | inventory = 4
[ 2024-08-05 10:08:28,116 ] 183 : Bought 2 shares at price 67,300 | Portfolio Value = 1,032,887.15 | Budget = 23,319.85 | inventory = 5
[ 2024-08-05 10:08:28,219 ] 190 : Sold 1 shares at price 69,900 | Profit = 3,200 | Portfolio Value = 1,086,819.85 | Budget = 93,184.9 | inventory = 4
[ 2024-08-05 10:08:28,234 ] 191 : Sold 3 shares at price 70,300 | Profit = 6,300 | Portfolio Value = 1,071,784.9 | Budget = 303,979.45 | inventory = 3
[ 2024-08-05 10:08:28,250 ] 192 : Bought 3 shares at price 70,500 | Portfolio Value = 1,077,279.45 | Budget = 92,373.7 | inventory = 4
[ 2024-08-05 10:08:28,280 ] 194 : Bought 1 shares at price 70,800 | Portfolio Value = 1,077,973.7 | Budget = 21,538.3 | inventory = 5
[ 2024-08-05 10:08:28,341 ] 198 : Sold 5 shares at price 72,700 | Profit = 19,000 | Portfolio Value = 1,109,038.3 | Budget = 384,856.55 | inventory = 4
[ 2024-08-05 10:08:28,357 ] 199 : Bought 1 shares at price 72,800 | Portfolio Value = 1,111,856.55 | Budget = 312,020.15 | inventory = 5
[ 2024-08-05 10:08:28,418 ] 203 : Sold 4 shares at price 71,300 | Profit = 11,200 | Portfolio Value = 1,100,720.15 | Budget = 597,077.55 | inventory = 4
[ 2024-08-05 10:08:28,463 ] 206 : Sold 2 shares at price 72,800 | Profit = 11,000 | Portfolio Value = 1,105,977.55 | Budget = 742,604.75 | inventory = 3
[ 2024-08-05 10:08:28,493 ] 208 : Bought 9 shares at price 72,600 | Portfolio Value = 1,102,604.75 | Budget = 88,878.05 | inventory = 4
[ 2024-08-05 10:08:28,555 ] 212 : Sold 3 shares at price 72,600 | Profit = 6,300 | Portfolio Value = 1,089,878.05 | Budget = 306,569.15 | inventory = 3
[ 2024-08-05 10:08:28,571 ] 213 : Sold 1 shares at price 73,000 | Profit = 2,200 | Portfolio Value = 1,105,169.15 | Budget = 379,532.65 | inventory = 2
[ 2024-08-05 10:08:28,586 ] 214 : Sold 1 shares at price 73,500 | Profit = 700 | Portfolio Value = 1,109,532.65 | Budget = 452,995.9 | inventory = 1
[ 2024-08-05 10:08:28,601 ] 215 : Bought 2 shares at price 72,800 | Portfolio Value = 1,114,495.9 | Budget = 307,323.1 | inventory = 2
[ 2024-08-05 10:08:28,616 ] 216 : Sold 9 shares at price 73,100 | Profit = 4,500 | Portfolio Value = 1,108,123.1 | Budget = 964,894.15 | inventory = 1
[ 2024-08-05 10:08:28,664 ] 219 : Sold 2 shares at price 73,400 | Profit = 1,200 | Portfolio Value = 1,110,694.15 | Budget = 1,111,620.75 | inventory = 0
[ 2024-08-05 10:08:28,758 ] 225 : Bought 14 shares at price 78,500 | Portfolio Value = 1,111,620.75 | Budget = 12,071.25 | inventory = 1
[ 2024-08-05 10:08:28,774 ] 0 : Bought 3 shares at price 61,000 | Portfolio Value = 1,000,000 | Budget = 816,908.5 | inventory = 1
[ 2024-08-05 10:08:28,790 ] 1 : Sold 3 shares at price 61,800 | Profit = 2,400 | Portfolio Value = 999,908.5 | Budget = 1,002,215.8 | inventory = 0
[ 2024-08-05 10:08:28,820 ] 3 : Bought 5 shares at price 63,800 | Portfolio Value = 1,002,215.8 | Budget = 683,056.3 | inventory = 1
[ 2024-08-05 10:08:28,851 ] 5 : Bought 2 shares at price 61,900 | Portfolio Value = 991,056.3 | Budget = 559,194.4 | inventory = 2
[ 2024-08-05 10:08:28,867 ] 6 : Bought 4 shares at price 63,100 | Portfolio Value = 992,494.4 | Budget = 306,668.2 | inventory = 3
[ 2024-08-05 10:08:28,896 ] 8 : Bought 4 shares at price 62,800 | Portfolio Value = 999,668.2 | Budget = 55,342.6 | inventory = 4
[ 2024-08-05 10:08:28,973 ] 13 : Sold 5 shares at price 62,600 | Profit = -6,000 | Portfolio Value = 1,010,842.6 | Budget = 368,186.1 | inventory = 3
[ 2024-08-05 10:08:28,988 ] 14 : Sold 2 shares at price 62,700 | Profit = 1,600 | Portfolio Value = 994,186.1 | Budget = 493,523.4 | inventory = 2
[ 2024-08-05 10:08:29,019 ] 16 : Sold 4 shares at price 61,100 | Profit = -8,000 | Portfolio Value = 990,323.4 | Budget = 737,801.2 | inventory = 1
[ 2024-08-05 10:08:29,035 ] 17 : Bought 10 shares at price 62,000 | Portfolio Value = 982,201.2 | Budget = 117,491.2 | inventory = 2
[ 2024-08-05 10:08:29,049 ] 18 : Sold 4 shares at price 61,300 | Profit = -6,000 | Portfolio Value = 985,491.2 | Budget = 362,568.6 | inventory = 1
[ 2024-08-05 10:08:29,065 ] 19 : Sold 10 shares at price 60,500 | Profit = -15,000 | Portfolio Value = 975,568.6 | Budget = 967,266.1 | inventory = 0
[ 2024-08-05 10:08:29,080 ] 20 : Bought 5 shares at price 60,600 | Portfolio Value = 967,266.1 | Budget = 664,114.6 | inventory = 1
[ 2024-08-05 10:08:29,126 ] 23 : Bought 8 shares at price 61,500 | Portfolio Value = 966,614.6 | Budget = 171,868.6 | inventory = 2
[ 2024-08-05 10:08:29,141 ] 24 : Bought 1 shares at price 60,700 | Portfolio Value = 971,368.6 | Budget = 111,138.25 | inventory = 3
[ 2024-08-05 10:08:29,193 ] 27 : Sold 5 shares at price 59,500 | Profit = -5,500 | Portfolio Value = 952,538.25 | Budget = 408,489.5 | inventory = 2
[ 2024-08-05 10:08:29,213 ] 28 : Sold 8 shares at price 60,000 | Profit = -12,000 | Portfolio Value = 943,989.5 | Budget = 888,249.5 | inventory = 1
[ 2024-08-05 10:08:29,230 ] 29 : Bought 3 shares at price 59,000 | Portfolio Value = 948,249.5 | Budget = 711,161.0 | inventory = 2
[ 2024-08-05 10:08:29,298 ] 33 : Sold 1 shares at price 60,200 | Profit = -500 | Portfolio Value = 956,361.0 | Budget = 771,330.9 | inventory = 1
[ 2024-08-05 10:08:29,330 ] 35 : Bought 5 shares at price 61,100 | Portfolio Value = 952,230.9 | Budget = 465,678.15 | inventory = 2
[ 2024-08-05 10:08:29,361 ] 37 : Bought 2 shares at price 63,000 | Portfolio Value = 964,078.15 | Budget = 339,615.15 | inventory = 3
[ 2024-08-05 10:08:29,376 ] 38 : Bought 5 shares at price 62,100 | Portfolio Value = 969,615.15 | Budget = 28,959.9 | inventory = 4
[ 2024-08-05 10:08:29,392 ] 39 : Sold 3 shares at price 62,900 | Profit = 11,700 | Portfolio Value = 960,459.9 | Budget = 217,565.55 | inventory = 3
[ 2024-08-05 10:08:29,454 ] 43 : Sold 5 shares at price 63,100 | Profit = 10,000 | Portfolio Value = 985,565.55 | Budget = 532,907.8 | inventory = 2
[ 2024-08-05 10:08:29,470 ] 44 : Sold 2 shares at price 63,600 | Profit = 1,200 | Portfolio Value = 974,607.8 | Budget = 660,044.2 | inventory = 1
[ 2024-08-05 10:08:29,487 ] 45 : Bought 3 shares at price 63,900 | Portfolio Value = 978,044.2 | Budget = 468,248.35 | inventory = 2
[ 2024-08-05 10:08:29,504 ] 46 : Bought 6 shares at price 62,300 | Portfolio Value = 979,448.35 | Budget = 94,261.45 | inventory = 3
[ 2024-08-05 10:08:29,520 ] 47 : Bought 1 shares at price 65,000 | Portfolio Value = 966,461.45 | Budget = 29,228.95 | inventory = 4
[ 2024-08-05 10:08:29,552 ] 49 : Sold 5 shares at price 65,900 | Profit = 19,000 | Portfolio Value = 1,014,728.95 | Budget = 358,564.2 | inventory = 3
[ 2024-08-05 10:08:29,568 ] 50 : Bought 2 shares at price 66,000 | Portfolio Value = 1,017,564.2 | Budget = 226,498.2 | inventory = 4
[ 2024-08-05 10:08:29,585 ] 51 : Bought 3 shares at price 66,100 | Portfolio Value = 1,018,498.2 | Budget = 28,099.05 | inventory = 5
[ 2024-08-05 10:08:29,650 ] 55 : Sold 3 shares at price 65,500 | Profit = 4,800 | Portfolio Value = 1,012,099.05 | Budget = 224,500.8 | inventory = 4
[ 2024-08-05 10:08:29,682 ] 57 : Bought 1 shares at price 65,700 | Portfolio Value = 1,008,100.8 | Budget = 158,767.95 | inventory = 5
[ 2024-08-05 10:08:29,713 ] 59 : Bought 1 shares at price 63,600 | Portfolio Value = 1,006,367.95 | Budget = 95,136.15 | inventory = 6
[ 2024-08-05 10:08:29,743 ] 61 : Bought 1 shares at price 64,600 | Portfolio Value = 992,536.15 | Budget = 30,503.85 | inventory = 7
[ 2024-08-05 10:08:29,759 ] 62 : Sold 6 shares at price 65,500 | Profit = 19,200 | Portfolio Value = 999,503.85 | Budget = 423,307.35 | inventory = 6
[ 2024-08-05 10:08:29,790 ] 64 : Bought 5 shares at price 65,400 | Portfolio Value = 1,014,607.35 | Budget = 96,143.85 | inventory = 7
[ 2024-08-05 10:08:29,806 ] 65 : Bought 1 shares at price 65,100 | Portfolio Value = 1,011,743.85 | Budget = 31,011.3 | inventory = 8
[ 2024-08-05 10:08:29,835 ] 67 : Sold 1 shares at price 65,300 | Profit = 300 | Portfolio Value = 1,019,511.3 | Budget = 96,278.65 | inventory = 7
[ 2024-08-05 10:08:29,851 ] 68 : Sold 2 shares at price 64,600 | Profit = -2,800 | Portfolio Value = 1,010,478.65 | Budget = 225,414.05 | inventory = 6
[ 2024-08-05 10:08:29,913 ] 72 : Bought 1 shares at price 65,400 | Portfolio Value = 999,414.05 | Budget = 159,981.35 | inventory = 7
[ 2024-08-05 10:08:29,944 ] 74 : Bought 1 shares at price 66,200 | Portfolio Value = 1,004,981.35 | Budget = 93,748.25 | inventory = 8
[ 2024-08-05 10:08:29,959 ] 75 : Bought 1 shares at price 68,400 | Portfolio Value = 1,020,548.25 | Budget = 25,314.05 | inventory = 9
[ 2024-08-05 10:08:29,991 ] 77 : Sold 3 shares at price 68,400 | Profit = 6,900 | Portfolio Value = 1,052,814.05 | Budget = 230,411.45 | inventory = 8
[ 2024-08-05 10:08:30,037 ] 80 : Sold 1 shares at price 70,300 | Profit = 4,600 | Portfolio Value = 1,056,011.45 | Budget = 300,676.3 | inventory = 7
[ 2024-08-05 10:08:30,053 ] 81 : Bought 1 shares at price 72,300 | Portfolio Value = 1,073,976.3 | Budget = 228,340.15 | inventory = 8
[ 2024-08-05 10:08:30,068 ] 82 : Sold 1 shares at price 71,400 | Profit = 7,800 | Portfolio Value = 1,095,940.15 | Budget = 299,704.45 | inventory = 7
[ 2024-08-05 10:08:30,085 ] 83 : Bought 4 shares at price 70,900 | Portfolio Value = 1,085,104.45 | Budget = 15,962.65 | inventory = 8
[ 2024-08-05 10:08:30,116 ] 85 : Sold 1 shares at price 71,700 | Profit = 7,100 | Portfolio Value = 1,098,962.65 | Budget = 87,626.8 | inventory = 7
[ 2024-08-05 10:08:30,131 ] 86 : Sold 5 shares at price 71,000 | Profit = 28,000 | Portfolio Value = 1,091,426.8 | Budget = 442,449.3 | inventory = 6
[ 2024-08-05 10:08:30,146 ] 87 : Sold 1 shares at price 70,900 | Profit = 5,800 | Portfolio Value = 1,081,449.3 | Budget = 513,313.85 | inventory = 5
[ 2024-08-05 10:08:30,178 ] 89 : Bought 3 shares at price 71,000 | Portfolio Value = 1,089,313.85 | Budget = 300,207.35 | inventory = 6
[ 2024-08-05 10:08:30,194 ] 90 : Bought 4 shares at price 72,000 | Portfolio Value = 1,081,207.35 | Budget = 12,063.35 | inventory = 7
[ 2024-08-05 10:08:30,226 ] 92 : Sold 1 shares at price 71,500 | Profit = 6,100 | Portfolio Value = 1,090,563.35 | Budget = 83,527.6 | inventory = 6
[ 2024-08-05 10:08:30,256 ] 94 : Sold 1 shares at price 71,200 | Profit = 5,000 | Portfolio Value = 1,088,727.6 | Budget = 154,692.0 | inventory = 5
[ 2024-08-05 10:08:30,272 ] 95 : Bought 2 shares at price 71,400 | Portfolio Value = 1,080,292.0 | Budget = 11,820.6 | inventory = 6
[ 2024-08-05 10:08:30,318 ] 98 : Sold 1 shares at price 71,600 | Profit = 3,200 | Portfolio Value = 1,081,320.6 | Budget = 83,384.8 | inventory = 5
[ 2024-08-05 10:08:30,333 ] 99 : Sold 1 shares at price 72,400 | Profit = 100 | Portfolio Value = 1,085,784.8 | Budget = 155,748.6 | inventory = 4
[ 2024-08-05 10:08:30,348 ] 100 : Sold 4 shares at price 72,600 | Profit = 6,800 | Portfolio Value = 1,096,948.6 | Budget = 446,003.4 | inventory = 3
[ 2024-08-05 10:08:30,364 ] 101 : Bought 4 shares at price 72,700 | Portfolio Value = 1,099,403.4 | Budget = 155,058.0 | inventory = 4
[ 2024-08-05 10:08:30,379 ] 102 : Sold 3 shares at price 72,400 | Profit = 4,200 | Portfolio Value = 1,100,158.0 | Budget = 372,149.4 | inventory = 3
[ 2024-08-05 10:08:30,394 ] 103 : Sold 4 shares at price 72,200 | Profit = 800 | Portfolio Value = 1,096,149.4 | Budget = 660,805.0 | inventory = 2
[ 2024-08-05 10:08:30,425 ] 105 : Bought 4 shares at price 73,000 | Portfolio Value = 1,098,805.0 | Budget = 368,659.0 | inventory = 3
[ 2024-08-05 10:08:30,455 ] 107 : Sold 2 shares at price 71,600 | Profit = 400 | Portfolio Value = 1,088,659.0 | Budget = 511,787.4 | inventory = 2
[ 2024-08-05 10:08:30,470 ] 108 : Sold 4 shares at price 69,900 | Profit = -11,200 | Portfolio Value = 1,084,587.4 | Budget = 791,247.6 | inventory = 1
[ 2024-08-05 10:08:30,500 ] 110 : Sold 4 shares at price 71,500 | Profit = -6,000 | Portfolio Value = 1,069,247.6 | Budget = 1,077,104.6 | inventory = 0
[ 2024-08-05 10:08:30,546 ] 113 : Bought 2 shares at price 73,400 | Portfolio Value = 1,077,104.6 | Budget = 930,231.2 | inventory = 1
[ 2024-08-05 10:08:30,562 ] 114 : Sold 2 shares at price 73,300 | Profit = -200 | Portfolio Value = 1,077,031.2 | Budget = 1,076,757.9 | inventory = 0
[ 2024-08-05 10:08:30,667 ] 121 : Bought 7 shares at price 69,800 | Portfolio Value = 1,076,757.9 | Budget = 587,913.6 | inventory = 1
[ 2024-08-05 10:08:30,684 ] 122 : Sold 7 shares at price 71,700 | Profit = 13,300 | Portfolio Value = 1,076,513.6 | Budget = 1,089,562.65 | inventory = 0
[ 2024-08-05 10:08:30,761 ] 127 : Bought 6 shares at price 68,800 | Portfolio Value = 1,089,562.65 | Budget = 676,556.25 | inventory = 1
[ 2024-08-05 10:08:30,825 ] 131 : Sold 6 shares at price 68,900 | Profit = 600 | Portfolio Value = 1,082,156.25 | Budget = 1,089,749.55 | inventory = 0
[ 2024-08-05 10:08:30,841 ] 132 : Bought 7 shares at price 68,000 | Portfolio Value = 1,089,749.55 | Budget = 613,511.55 | inventory = 1
[ 2024-08-05 10:08:30,857 ] 133 : Sold 7 shares at price 67,500 | Profit = -3,500 | Portfolio Value = 1,089,511.55 | Budget = 1,085,775.3 | inventory = 0
[ 2024-08-05 10:08:30,906 ] 136 : Bought 11 shares at price 66,700 | Portfolio Value = 1,085,775.3 | Budget = 351,708.45 | inventory = 1
[ 2024-08-05 10:08:30,924 ] 137 : Sold 11 shares at price 66,300 | Profit = -4,400 | Portfolio Value = 1,085,408.45 | Budget = 1,080,643.8 | inventory = 0
[ 2024-08-05 10:08:31,110 ] 139 : Bought 15 shares at price 66,600 | Portfolio Value = 1,080,643.8 | Budget = 81,144.3 | inventory = 1
[ 2024-08-05 10:08:31,237 ] 140 : Sold 15 shares at price 67,100 | Profit = 7,500 | Portfolio Value = 1,080,144.3 | Budget = 1,087,141.05 | inventory = 0
[ 2024-08-05 10:08:31,333 ] 141 : Bought 8 shares at price 68,200 | Portfolio Value = 1,087,141.05 | Budget = 541,268.25 | inventory = 1
[ 2024-08-05 10:08:31,521 ] 144 : Sold 8 shares at price 66,800 | Profit = -11,200 | Portfolio Value = 1,075,668.25 | Budget = 1,075,401.05 | inventory = 0
[ 2024-08-05 10:08:31,626 ] 147 : Bought 1 shares at price 71,000 | Portfolio Value = 1,075,401.05 | Budget = 1,004,365.55 | inventory = 1
[ 2024-08-05 10:08:31,643 ] 148 : Sold 1 shares at price 71,200 | Profit = 200 | Portfolio Value = 1,075,365.55 | Budget = 1,075,529.95 | inventory = 0
[ 2024-08-05 10:08:31,691 ] 151 : Bought 11 shares at price 70,400 | Portfolio Value = 1,075,529.95 | Budget = 300,742.75 | inventory = 1
[ 2024-08-05 10:08:31,707 ] 152 : Sold 11 shares at price 70,300 | Profit = -1,100 | Portfolio Value = 1,075,142.75 | Budget = 1,073,656.1 | inventory = 0
[ 2024-08-05 10:08:31,722 ] 153 : Bought 5 shares at price 70,800 | Portfolio Value = 1,073,656.1 | Budget = 719,479.1 | inventory = 1
[ 2024-08-05 10:08:31,738 ] 154 : Bought 4 shares at price 70,500 | Portfolio Value = 1,073,479.1 | Budget = 437,338.1 | inventory = 2
[ 2024-08-05 10:08:31,753 ] 155 : Bought 6 shares at price 70,900 | Portfolio Value = 1,071,838.1 | Budget = 11,725.4 | inventory = 3
[ 2024-08-05 10:08:31,769 ] 156 : Sold 5 shares at price 71,700 | Profit = 4,500 | Portfolio Value = 1,075,225.4 | Budget = 370,046.15 | inventory = 2
[ 2024-08-05 10:08:31,785 ] 157 : Sold 4 shares at price 72,000 | Profit = 6,000 | Portfolio Value = 1,087,046.15 | Budget = 657,902.15 | inventory = 1
[ 2024-08-05 10:08:31,801 ] 158 : Sold 6 shares at price 70,200 | Profit = -4,200 | Portfolio Value = 1,089,902.15 | Budget = 1,078,891.55 | inventory = 0
[ 2024-08-05 10:08:31,816 ] 159 : Bought 2 shares at price 69,800 | Portfolio Value = 1,078,891.55 | Budget = 939,221.75 | inventory = 1
[ 2024-08-05 10:08:31,831 ] 160 : Bought 10 shares at price 69,600 | Portfolio Value = 1,078,821.75 | Budget = 242,873.75 | inventory = 2
[ 2024-08-05 10:08:31,846 ] 161 : Sold 2 shares at price 68,900 | Profit = -1,800 | Portfolio Value = 1,078,073.75 | Budget = 380,604.85 | inventory = 1
[ 2024-08-05 10:08:31,890 ] 164 : Bought 4 shares at price 68,600 | Portfolio Value = 1,074,604.85 | Budget = 106,067.65 | inventory = 2
[ 2024-08-05 10:08:31,983 ] 170 : Sold 10 shares at price 68,200 | Profit = -14,000 | Portfolio Value = 1,035,667.65 | Budget = 787,726.65 | inventory = 1
[ 2024-08-05 10:08:31,999 ] 171 : Bought 8 shares at price 68,900 | Portfolio Value = 1,060,526.65 | Budget = 236,251.05 | inventory = 2
[ 2024-08-05 10:08:32,016 ] 172 : Bought 2 shares at price 68,000 | Portfolio Value = 1,063,051.05 | Budget = 100,183.05 | inventory = 3
[ 2024-08-05 10:08:32,031 ] 173 : Sold 4 shares at price 67,300 | Profit = -5,200 | Portfolio Value = 1,052,183.05 | Budget = 369,248.45 | inventory = 2
[ 2024-08-05 10:08:32,062 ] 175 : Sold 8 shares at price 70,500 | Profit = 12,800 | Portfolio Value = 1,063,248.45 | Budget = 932,966.45 | inventory = 1
[ 2024-08-05 10:08:32,077 ] 176 : Sold 2 shares at price 69,500 | Profit = 3,000 | Portfolio Value = 1,073,966.45 | Budget = 1,071,896.95 | inventory = 0
[ 2024-08-05 10:08:32,106 ] 178 : Bought 2 shares at price 68,400 | Portfolio Value = 1,071,896.95 | Budget = 935,028.55 | inventory = 1
[ 2024-08-05 10:08:32,121 ] 179 : Sold 2 shares at price 68,500 | Profit = 200 | Portfolio Value = 1,071,828.55 | Budget = 1,071,960.05 | inventory = 0
[ 2024-08-05 10:08:32,152 ] 181 : Bought 8 shares at price 66,700 | Portfolio Value = 1,071,960.05 | Budget = 538,093.25 | inventory = 1
[ 2024-08-05 10:08:32,166 ] 182 : Bought 6 shares at price 67,300 | Portfolio Value = 1,071,693.25 | Budget = 134,091.35 | inventory = 2
[ 2024-08-05 10:08:32,196 ] 184 : Sold 8 shares at price 66,900 | Profit = 1,600 | Portfolio Value = 1,076,291.35 | Budget = 669,023.75 | inventory = 1
[ 2024-08-05 10:08:32,226 ] 186 : Sold 6 shares at price 69,700 | Profit = 14,400 | Portfolio Value = 1,080,623.75 | Budget = 1,087,014.65 | inventory = 0
[ 2024-08-05 10:08:32,241 ] 187 : Bought 7 shares at price 69,600 | Portfolio Value = 1,087,014.65 | Budget = 599,571.05 | inventory = 1
[ 2024-08-05 10:08:32,256 ] 188 : Bought 1 shares at price 70,900 | Portfolio Value = 1,086,771.05 | Budget = 528,635.6 | inventory = 2
[ 2024-08-05 10:08:32,271 ] 189 : Bought 1 shares at price 70,900 | Portfolio Value = 1,095,835.6 | Budget = 457,700.15 | inventory = 3
[ 2024-08-05 10:08:32,344 ] 194 : Sold 7 shares at price 70,800 | Profit = 8,400 | Portfolio Value = 1,091,300.15 | Budget = 953,052.35 | inventory = 2
[ 2024-08-05 10:08:32,360 ] 195 : Bought 1 shares at price 72,200 | Portfolio Value = 1,094,652.35 | Budget = 880,816.25 | inventory = 3
[ 2024-08-05 10:08:32,391 ] 197 : Sold 1 shares at price 72,500 | Profit = 1,600 | Portfolio Value = 1,099,216.25 | Budget = 953,280.0 | inventory = 2
[ 2024-08-05 10:08:32,406 ] 198 : Sold 1 shares at price 72,700 | Profit = 1,800 | Portfolio Value = 1,098,280.0 | Budget = 1,025,943.65 | inventory = 1
[ 2024-08-05 10:08:32,422 ] 199 : Sold 1 shares at price 72,800 | Profit = 600 | Portfolio Value = 1,098,643.65 | Budget = 1,098,707.25 | inventory = 0
[ 2024-08-05 10:08:32,468 ] 202 : Bought 5 shares at price 71,700 | Portfolio Value = 1,098,707.25 | Budget = 740,028.0 | inventory = 1
[ 2024-08-05 10:08:32,483 ] 203 : Sold 5 shares at price 71,300 | Profit = -2,000 | Portfolio Value = 1,098,528.0 | Budget = 1,096,349.75 | inventory = 0
[ 2024-08-05 10:08:32,574 ] 209 : Bought 2 shares at price 71,200 | Portfolio Value = 1,096,349.75 | Budget = 953,878.55 | inventory = 1
[ 2024-08-05 10:08:32,589 ] 210 : Bought 2 shares at price 71,700 | Portfolio Value = 1,096,278.55 | Budget = 810,406.85 | inventory = 2
[ 2024-08-05 10:08:32,604 ] 211 : Bought 6 shares at price 71,500 | Portfolio Value = 1,097,206.85 | Budget = 381,192.35 | inventory = 3
[ 2024-08-05 10:08:32,634 ] 213 : Sold 2 shares at price 73,000 | Profit = 3,600 | Portfolio Value = 1,107,192.35 | Budget = 527,119.35 | inventory = 2
[ 2024-08-05 10:08:32,680 ] 216 : Sold 2 shares at price 73,100 | Profit = 2,800 | Portfolio Value = 1,109,519.35 | Budget = 673,246.25 | inventory = 1
[ 2024-08-05 10:08:32,694 ] 217 : Sold 6 shares at price 73,300 | Profit = 10,800 | Portfolio Value = 1,111,846.25 | Budget = 1,112,826.35 | inventory = 0
[ 2024-08-05 10:08:32,739 ] 220 : Bought 2 shares at price 74,800 | Portfolio Value = 1,112,826.35 | Budget = 963,151.55 | inventory = 1
[ 2024-08-05 10:08:32,754 ] 221 : Bought 8 shares at price 75,000 | Portfolio Value = 1,112,751.55 | Budget = 362,851.55 | inventory = 2
[ 2024-08-05 10:08:32,784 ] 223 : Bought 1 shares at price 76,600 | Portfolio Value = 1,121,851.55 | Budget = 286,213.25 | inventory = 3
[ 2024-08-05 10:08:32,800 ] 224 : Bought 3 shares at price 78,000 | Portfolio Value = 1,128,813.25 | Budget = 52,096.25 | inventory = 4
[ 2024-08-05 10:08:32,845 ] 1 : Bought 13 shares at price 61,800 | Portfolio Value = 1,000,000.0 | Budget = 196,198.3 | inventory = 1
[ 2024-08-05 10:08:32,890 ] 4 : Sold 13 shares at price 61,600 | Profit = -2,600 | Portfolio Value = 1,025,598.3 | Budget = 996,597.9 | inventory = 0
[ 2024-08-05 10:08:32,935 ] 7 : Bought 3 shares at price 63,000 | Portfolio Value = 996,597.9 | Budget = 807,503.4 | inventory = 1
[ 2024-08-05 10:08:32,951 ] 8 : Bought 4 shares at price 62,800 | Portfolio Value = 996,503.4 | Budget = 556,177.8 | inventory = 2
[ 2024-08-05 10:08:32,966 ] 9 : Bought 8 shares at price 62,900 | Portfolio Value = 995,777.8 | Budget = 52,726.2 | inventory = 3
[ 2024-08-05 10:08:32,982 ] 10 : Sold 3 shares at price 63,200 | Profit = 600 | Portfolio Value = 996,226.2 | Budget = 242,231.4 | inventory = 2
[ 2024-08-05 10:08:32,998 ] 11 : Bought 3 shares at price 62,200 | Portfolio Value = 1,000,631.4 | Budget = 55,538.1 | inventory = 3
[ 2024-08-05 10:08:33,013 ] 12 : Sold 4 shares at price 63,700 | Profit = 3,600 | Portfolio Value = 988,538.1 | Budget = 310,210.7 | inventory = 2
[ 2024-08-05 10:08:33,028 ] 13 : Bought 2 shares at price 62,600 | Portfolio Value = 1,010,910.7 | Budget = 184,948.1 | inventory = 3
[ 2024-08-05 10:08:33,058 ] 15 : Sold 8 shares at price 62,100 | Profit = -6,400 | Portfolio Value = 1,000,048.1 | Budget = 681,499.7 | inventory = 2
[ 2024-08-05 10:08:33,073 ] 16 : Sold 3 shares at price 61,100 | Profit = -3,300 | Portfolio Value = 991,999.7 | Budget = 864,708.05 | inventory = 1
[ 2024-08-05 10:08:33,089 ] 17 : Bought 1 shares at price 62,000 | Portfolio Value = 986,908.05 | Budget = 802,677.05 | inventory = 2
[ 2024-08-05 10:08:33,104 ] 18 : Sold 2 shares at price 61,300 | Profit = -2,600 | Portfolio Value = 988,677.05 | Budget = 925,215.75 | inventory = 1
[ 2024-08-05 10:08:33,120 ] 19 : Sold 1 shares at price 60,500 | Profit = -1,500 | Portfolio Value = 986,515.75 | Budget = 985,685.5 | inventory = 0
[ 2024-08-05 10:08:33,199 ] 24 : Bought 11 shares at price 60,700 | Portfolio Value = 985,685.5 | Budget = 317,651.65 | inventory = 1
[ 2024-08-05 10:08:33,216 ] 25 : Sold 11 shares at price 60,300 | Profit = -4,400 | Portfolio Value = 985,351.65 | Budget = 980,620.0 | inventory = 0
[ 2024-08-05 10:08:33,323 ] 32 : Bought 5 shares at price 61,300 | Portfolio Value = 980,620.0 | Budget = 673,966.75 | inventory = 1
[ 2024-08-05 10:08:33,338 ] 33 : Sold 5 shares at price 60,200 | Profit = -5,500 | Portfolio Value = 980,466.75 | Budget = 974,816.25 | inventory = 0
[ 2024-08-05 10:08:33,398 ] 37 : Bought 10 shares at price 63,000 | Portfolio Value = 974,816.25 | Budget = 344,501.25 | inventory = 1
[ 2024-08-05 10:08:33,442 ] 40 : Bought 5 shares at price 62,700 | Portfolio Value = 973,501.25 | Budget = 30,844.5 | inventory = 2
[ 2024-08-05 10:08:33,457 ] 41 : Sold 10 shares at price 63,200 | Profit = 2,000 | Portfolio Value = 971,344.5 | Budget = 662,528.5 | inventory = 1
[ 2024-08-05 10:08:33,472 ] 42 : Bought 10 shares at price 64,000 | Portfolio Value = 978,528.5 | Budget = 22,208.5 | inventory = 2
[ 2024-08-05 10:08:33,532 ] 46 : Sold 5 shares at price 62,300 | Profit = -2,000 | Portfolio Value = 980,708.5 | Budget = 333,552.75 | inventory = 1
[ 2024-08-05 10:08:33,562 ] 48 : Sold 10 shares at price 65,700 | Profit = 17,000 | Portfolio Value = 983,552.75 | Budget = 990,224.25 | inventory = 0
[ 2024-08-05 10:08:33,577 ] 49 : Bought 14 shares at price 65,900 | Portfolio Value = 990,224.25 | Budget = 67,162.95 | inventory = 1
[ 2024-08-05 10:08:33,592 ] 50 : Sold 14 shares at price 66,000 | Profit = 1,400 | Portfolio Value = 989,762.95 | Budget = 990,700.95 | inventory = 0
[ 2024-08-05 10:08:33,607 ] 51 : Bought 11 shares at price 66,100 | Portfolio Value = 990,700.95 | Budget = 263,237.4 | inventory = 1
[ 2024-08-05 10:08:33,622 ] 52 : Bought 1 shares at price 65,100 | Portfolio Value = 990,337.4 | Budget = 198,104.85 | inventory = 2
[ 2024-08-05 10:08:33,638 ] 53 : Sold 11 shares at price 65,300 | Profit = -8,800 | Portfolio Value = 979,304.85 | Budget = 916,045.7 | inventory = 1
[ 2024-08-05 10:08:33,669 ] 55 : Sold 1 shares at price 65,500 | Profit = 400 | Portfolio Value = 981,645.7 | Budget = 981,512.95 | inventory = 0
[ 2024-08-05 10:08:33,760 ] 61 : Bought 12 shares at price 64,600 | Portfolio Value = 981,512.95 | Budget = 205,925.35 | inventory = 1
[ 2024-08-05 10:08:33,775 ] 62 : Bought 2 shares at price 65,500 | Portfolio Value = 981,125.35 | Budget = 74,859.85 | inventory = 2
[ 2024-08-05 10:08:33,791 ] 63 : Bought 1 shares at price 65,700 | Portfolio Value = 991,859.85 | Budget = 9,127.0 | inventory = 3
[ 2024-08-05 10:08:33,820 ] 65 : Sold 12 shares at price 65,100 | Profit = 6,000 | Portfolio Value = 990,127.0 | Budget = 789,936.4 | inventory = 2
[ 2024-08-05 10:08:33,835 ] 66 : Sold 2 shares at price 65,900 | Profit = 800 | Portfolio Value = 985,236.4 | Budget = 921,670.5 | inventory = 1
[ 2024-08-05 10:08:33,852 ] 67 : Sold 1 shares at price 65,300 | Profit = -400 | Portfolio Value = 987,570.5 | Budget = 986,937.85 | inventory = 0
[ 2024-08-05 10:08:33,963 ] 74 : Bought 2 shares at price 66,200 | Portfolio Value = 986,937.85 | Budget = 854,471.65 | inventory = 1
[ 2024-08-05 10:08:33,978 ] 75 : Sold 2 shares at price 68,400 | Profit = 4,400 | Portfolio Value = 986,871.65 | Budget = 991,203.25 | inventory = 0
[ 2024-08-05 10:08:34,010 ] 77 : Bought 5 shares at price 68,400 | Portfolio Value = 991,203.25 | Budget = 649,032.25 | inventory = 1
[ 2024-08-05 10:08:34,041 ] 79 : Sold 5 shares at price 68,800 | Profit = 2,000 | Portfolio Value = 991,532.25 | Budget = 992,860.25 | inventory = 0
[ 2024-08-05 10:08:34,057 ] 80 : Bought 11 shares at price 70,300 | Portfolio Value = 992,860.25 | Budget = 219,173.6 | inventory = 1
[ 2024-08-05 10:08:34,075 ] 81 : Bought 2 shares at price 72,300 | Portfolio Value = 992,473.6 | Budget = 74,501.3 | inventory = 2
[ 2024-08-05 10:08:34,105 ] 83 : Sold 11 shares at price 70,900 | Profit = 6,600 | Portfolio Value = 1,002,701.3 | Budget = 854,011.35 | inventory = 1
[ 2024-08-05 10:08:34,120 ] 84 : Sold 2 shares at price 72,200 | Profit = -200 | Portfolio Value = 995,811.35 | Budget = 998,339.15 | inventory = 0
[ 2024-08-05 10:08:34,183 ] 88 : Bought 4 shares at price 72,000 | Portfolio Value = 998,339.15 | Budget = 710,195.15 | inventory = 1
[ 2024-08-05 10:08:34,212 ] 90 : Sold 4 shares at price 72,000 | Profit = 0 | Portfolio Value = 994,195.15 | Budget = 998,051.15 | inventory = 0
[ 2024-08-05 10:08:34,242 ] 92 : Bought 10 shares at price 71,500 | Portfolio Value = 998,051.15 | Budget = 282,693.65 | inventory = 1
[ 2024-08-05 10:08:34,257 ] 93 : Sold 10 shares at price 71,800 | Profit = 3,000 | Portfolio Value = 997,693.65 | Budget = 1,000,334.65 | inventory = 0
[ 2024-08-05 10:08:34,272 ] 94 : Bought 8 shares at price 71,200 | Portfolio Value = 1,000,334.65 | Budget = 430,449.85 | inventory = 1
[ 2024-08-05 10:08:34,286 ] 95 : Bought 4 shares at price 71,400 | Portfolio Value = 1,000,049.85 | Budget = 144,707.05 | inventory = 2
[ 2024-08-05 10:08:34,301 ] 96 : Bought 1 shares at price 70,500 | Portfolio Value = 1,001,507.05 | Budget = 74,171.8 | inventory = 3
[ 2024-08-05 10:08:34,329 ] 98 : Sold 8 shares at price 71,600 | Profit = 3,200 | Portfolio Value = 1,001,071.8 | Budget = 646,685.4 | inventory = 2
[ 2024-08-05 10:08:34,343 ] 99 : Bought 3 shares at price 72,400 | Portfolio Value = 1,004,685.4 | Budget = 429,376.8 | inventory = 3
[ 2024-08-05 10:08:34,359 ] 100 : Sold 4 shares at price 72,600 | Profit = 4,800 | Portfolio Value = 1,008,576.8 | Budget = 719,631.6 | inventory = 2
[ 2024-08-05 10:08:34,480 ] 104 : Bought 7 shares at price 73,000 | Portfolio Value = 1,008,431.6 | Budget = 208,376.1 | inventory = 3
[ 2024-08-05 10:08:34,502 ] 105 : Bought 2 shares at price 73,000 | Portfolio Value = 1,011,376.1 | Budget = 62,303.1 | inventory = 4
[ 2024-08-05 10:08:34,530 ] 106 : Sold 1 shares at price 72,000 | Profit = 1,500 | Portfolio Value = 1,011,303.1 | Budget = 134,267.1 | inventory = 3
[ 2024-08-05 10:08:34,560 ] 107 : Bought 1 shares at price 71,600 | Portfolio Value = 998,267.1 | Budget = 62,631.3 | inventory = 4
[ 2024-08-05 10:08:34,581 ] 108 : Sold 3 shares at price 69,900 | Profit = -7,500 | Portfolio Value = 993,431.3 | Budget = 272,226.45 | inventory = 3
[ 2024-08-05 10:08:34,640 ] 110 : Sold 7 shares at price 71,500 | Profit = -10,500 | Portfolio Value = 967,226.45 | Budget = 772,476.2 | inventory = 2
[ 2024-08-05 10:08:34,658 ] 111 : Sold 2 shares at price 71,900 | Profit = -2,200 | Portfolio Value = 986,976.2 | Budget = 916,204.3 | inventory = 1
[ 2024-08-05 10:08:34,682 ] 112 : Sold 1 shares at price 71,900 | Profit = 300 | Portfolio Value = 988,104.3 | Budget = 988,068.35 | inventory = 0
[ 2024-08-05 10:08:34,746 ] 115 : Bought 9 shares at price 72,000 | Portfolio Value = 988,068.35 | Budget = 339,744.35 | inventory = 1
[ 2024-08-05 10:08:34,802 ] 118 : Sold 9 shares at price 70,300 | Profit = -15,300 | Portfolio Value = 978,744.35 | Budget = 972,128.0 | inventory = 0
[ 2024-08-05 10:08:34,818 ] 119 : Bought 3 shares at price 70,400 | Portfolio Value = 972,128.0 | Budget = 760,822.4 | inventory = 1
[ 2024-08-05 10:08:34,833 ] 120 : Sold 3 shares at price 70,000 | Profit = -1,200 | Portfolio Value = 972,022.4 | Budget = 970,717.4 | inventory = 0
[ 2024-08-05 10:08:34,849 ] 121 : Bought 10 shares at price 69,800 | Portfolio Value = 970,717.4 | Budget = 272,368.4 | inventory = 1
[ 2024-08-05 10:08:34,897 ] 124 : Sold 10 shares at price 69,800 | Profit = 0 | Portfolio Value = 978,368.4 | Budget = 970,019.4 | inventory = 0
[ 2024-08-05 10:08:34,913 ] 125 : Bought 4 shares at price 71,100 | Portfolio Value = 970,019.4 | Budget = 685,477.2 | inventory = 1
[ 2024-08-05 10:08:34,945 ] 127 : Bought 4 shares at price 68,800 | Portfolio Value = 965,077.2 | Budget = 410,139.6 | inventory = 2
[ 2024-08-05 10:08:34,976 ] 129 : Bought 1 shares at price 68,500 | Portfolio Value = 956,539.6 | Budget = 341,605.35 | inventory = 3
[ 2024-08-05 10:08:35,007 ] 131 : Sold 4 shares at price 68,900 | Profit = -8,800 | Portfolio Value = 950,005.35 | Budget = 617,067.55 | inventory = 2
[ 2024-08-05 10:08:35,037 ] 133 : Bought 6 shares at price 67,500 | Portfolio Value = 957,067.55 | Budget = 211,865.05 | inventory = 3
[ 2024-08-05 10:08:35,083 ] 136 : Bought 2 shares at price 66,700 | Portfolio Value = 948,865.05 | Budget = 78,398.35 | inventory = 4
[ 2024-08-05 10:08:35,098 ] 137 : Bought 1 shares at price 66,300 | Portfolio Value = 945,498.35 | Budget = 12,065.2 | inventory = 5
[ 2024-08-05 10:08:35,143 ] 140 : Sold 4 shares at price 67,100 | Profit = -6,800 | Portfolio Value = 944,465.2 | Budget = 280,331.0 | inventory = 4
[ 2024-08-05 10:08:35,158 ] 141 : Sold 1 shares at price 68,200 | Profit = -300 | Portfolio Value = 951,331.0 | Budget = 348,496.9 | inventory = 3
[ 2024-08-05 10:08:35,174 ] 142 : Sold 6 shares at price 67,100 | Profit = -2,400 | Portfolio Value = 962,296.9 | Budget = 750,895.6 | inventory = 2
[ 2024-08-05 10:08:35,205 ] 144 : Bought 2 shares at price 66,800 | Portfolio Value = 951,295.6 | Budget = 617,228.8 | inventory = 3
[ 2024-08-05 10:08:35,250 ] 147 : Sold 2 shares at price 71,000 | Profit = 8,600 | Portfolio Value = 951,728.8 | Budget = 759,157.8 | inventory = 2
[ 2024-08-05 10:08:35,281 ] 149 : Bought 4 shares at price 70,700 | Portfolio Value = 972,757.8 | Budget = 476,216.4 | inventory = 3
[ 2024-08-05 10:08:35,296 ] 150 : Bought 6 shares at price 70,000 | Portfolio Value = 971,116.4 | Budget = 56,006.4 | inventory = 4
[ 2024-08-05 10:08:35,311 ] 151 : Sold 1 shares at price 70,400 | Profit = 4,100 | Portfolio Value = 966,006.4 | Budget = 126,371.2 | inventory = 3
[ 2024-08-05 10:08:35,326 ] 152 : Bought 1 shares at price 70,300 | Portfolio Value = 971,171.2 | Budget = 56,036.05 | inventory = 4
[ 2024-08-05 10:08:35,491 ] 163 : Sold 2 shares at price 69,400 | Profit = 5,200 | Portfolio Value = 950,436.05 | Budget = 194,766.65 | inventory = 3
[ 2024-08-05 10:08:35,506 ] 164 : Sold 4 shares at price 68,600 | Profit = -8,400 | Portfolio Value = 958,166.65 | Budget = 469,029.45 | inventory = 2
[ 2024-08-05 10:08:35,566 ] 168 : Bought 2 shares at price 66,000 | Portfolio Value = 935,929.45 | Budget = 336,963.45 | inventory = 3
[ 2024-08-05 10:08:35,581 ] 169 : Sold 6 shares at price 66,400 | Profit = -21,600 | Portfolio Value = 930,963.45 | Budget = 735,164.25 | inventory = 2
[ 2024-08-05 10:08:35,616 ] 171 : Sold 1 shares at price 68,900 | Profit = -1,400 | Portfolio Value = 939,764.25 | Budget = 804,029.8 | inventory = 1
[ 2024-08-05 10:08:35,666 ] 173 : Bought 9 shares at price 67,300 | Portfolio Value = 940,029.8 | Budget = 198,026.95 | inventory = 2
[ 2024-08-05 10:08:35,683 ] 174 : Sold 2 shares at price 69,400 | Profit = 6,800 | Portfolio Value = 938,326.95 | Budget = 336,757.55 | inventory = 1
[ 2024-08-05 10:08:35,699 ] 175 : Sold 9 shares at price 70,500 | Profit = 28,800 | Portfolio Value = 961,357.55 | Budget = 970,940.3 | inventory = 0
[ 2024-08-05 10:08:35,747 ] 178 : Bought 4 shares at price 68,400 | Portfolio Value = 970,940.3 | Budget = 697,203.5 | inventory = 1
[ 2024-08-05 10:08:35,763 ] 179 : Sold 4 shares at price 68,500 | Profit = 400 | Portfolio Value = 970,803.5 | Budget = 971,066.5 | inventory = 0
[ 2024-08-05 10:08:35,809 ] 182 : Bought 4 shares at price 67,300 | Portfolio Value = 971,066.5 | Budget = 701,731.9 | inventory = 1
[ 2024-08-05 10:08:35,826 ] 183 : Sold 4 shares at price 67,300 | Profit = 0 | Portfolio Value = 970,931.9 | Budget = 970,797.3 | inventory = 0
[ 2024-08-05 10:08:35,842 ] 184 : Bought 3 shares at price 66,900 | Portfolio Value = 970,797.3 | Budget = 769,996.95 | inventory = 1
[ 2024-08-05 10:08:35,857 ] 185 : Bought 6 shares at price 68,600 | Portfolio Value = 970,696.95 | Budget = 358,191.15 | inventory = 2
[ 2024-08-05 10:08:35,873 ] 186 : Bought 4 shares at price 69,700 | Portfolio Value = 975,591.15 | Budget = 79,251.75 | inventory = 3
[ 2024-08-05 10:08:35,888 ] 187 : Sold 3 shares at price 69,600 | Profit = 8,100 | Portfolio Value = 985,351.75 | Budget = 287,947.35 | inventory = 2
[ 2024-08-05 10:08:35,963 ] 192 : Sold 6 shares at price 70,500 | Profit = 11,400 | Portfolio Value = 990,947.35 | Budget = 710,735.85 | inventory = 1
[ 2024-08-05 10:08:35,995 ] 194 : Sold 4 shares at price 70,800 | Profit = 4,400 | Portfolio Value = 992,335.85 | Budget = 993,794.25 | inventory = 0
[ 2024-08-05 10:08:36,010 ] 195 : Bought 6 shares at price 72,200 | Portfolio Value = 993,794.25 | Budget = 560,377.65 | inventory = 1
[ 2024-08-05 10:08:36,043 ] 197 : Sold 6 shares at price 72,500 | Profit = 1,800 | Portfolio Value = 997,177.65 | Budget = 995,160.15 | inventory = 0
[ 2024-08-05 10:08:36,058 ] 198 : Bought 6 shares at price 72,700 | Portfolio Value = 995,160.15 | Budget = 558,742.05 | inventory = 1
[ 2024-08-05 10:08:36,073 ] 199 : Bought 5 shares at price 72,800 | Portfolio Value = 994,942.05 | Budget = 194,560.05 | inventory = 2
[ 2024-08-05 10:08:36,089 ] 200 : Bought 1 shares at price 72,800 | Portfolio Value = 995,360.05 | Budget = 121,723.65 | inventory = 3
[ 2024-08-05 10:08:36,103 ] 201 : Sold 6 shares at price 72,400 | Profit = -1,800 | Portfolio Value = 995,323.65 | Budget = 555,906.45 | inventory = 2
[ 2024-08-05 10:08:36,134 ] 203 : Sold 5 shares at price 71,300 | Profit = -7,500 | Portfolio Value = 986,106.45 | Budget = 912,228.2 | inventory = 1
[ 2024-08-05 10:08:36,149 ] 204 : Sold 1 shares at price 72,700 | Profit = -100 | Portfolio Value = 983,528.2 | Budget = 984,891.85 | inventory = 0
[ 2024-08-05 10:08:36,165 ] 205 : Bought 3 shares at price 72,700 | Portfolio Value = 984,891.85 | Budget = 766,682.8 | inventory = 1
[ 2024-08-05 10:08:36,195 ] 207 : Sold 3 shares at price 72,000 | Profit = -2,100 | Portfolio Value = 985,082.8 | Budget = 982,574.8 | inventory = 0
[ 2024-08-05 10:08:36,257 ] 211 : Bought 3 shares at price 71,500 | Portfolio Value = 982,574.8 | Budget = 767,967.55 | inventory = 1
[ 2024-08-05 10:08:36,272 ] 212 : Sold 3 shares at price 72,600 | Profit = 3,300 | Portfolio Value = 982,467.55 | Budget = 985,658.65 | inventory = 0
[ 2024-08-05 10:08:36,318 ] 215 : Bought 6 shares at price 72,800 | Portfolio Value = 985,658.65 | Budget = 548,640.25 | inventory = 1
[ 2024-08-05 10:08:36,334 ] 216 : Bought 5 shares at price 73,100 | Portfolio Value = 985,440.25 | Budget = 182,957.5 | inventory = 2
[ 2024-08-05 10:08:36,349 ] 217 : Bought 1 shares at price 73,300 | Portfolio Value = 987,057.5 | Budget = 109,620.85 | inventory = 3
[ 2024-08-05 10:08:36,364 ] 218 : Sold 6 shares at price 72,900 | Profit = 600 | Portfolio Value = 989,220.85 | Budget = 546,802.15 | inventory = 2
[ 2024-08-05 10:08:36,395 ] 220 : Sold 5 shares at price 74,800 | Profit = 8,500 | Portfolio Value = 987,202.15 | Budget = 920,615.15 | inventory = 1
[ 2024-08-05 10:08:36,411 ] 221 : Bought 4 shares at price 75,000 | Portfolio Value = 995,415.15 | Budget = 620,465.15 | inventory = 2
[ 2024-08-05 10:08:36,427 ] 222 : Bought 6 shares at price 75,900 | Portfolio Value = 995,465.15 | Budget = 164,837.45 | inventory = 3
[ 2024-08-05 10:08:36,442 ] 223 : Sold 1 shares at price 76,600 | Profit = 3,300 | Portfolio Value = 999,737.45 | Budget = 241,399.15 | inventory = 2
[ 2024-08-05 10:08:36,458 ] 224 : Bought 1 shares at price 78,000 | Portfolio Value = 1,007,399.15 | Budget = 163,360.15 | inventory = 3
[ 2024-08-05 10:08:36,474 ] 225 : Sold 4 shares at price 78,500 | Profit = 14,000 | Portfolio Value = 1,021,360.15 | Budget = 477,203.15 | inventory = 2
[ 2024-08-05 10:08:36,474 ] Evaluation at Episode 1: Average Reward: -320634.49822983844 Average Profit: 97,000, Profit Rate: 970.00%
[ 2024-08-05 10:08:36,474 ] ----------------------------------------------------------------------------------------------------
[ 2024-08-05 10:08:36,474 ] Starting Episode 2
[ 2024-08-05 10:08:36,506 ] 1 : Bought 15 shares at price 61,800 | Portfolio Value = 1,000,000.0 | Budget = 72,536.5 | inventory = 1
[ 2024-08-05 10:08:36,536 ] 3 : Bought 1 shares at price 63,800 | Portfolio Value = 1,025,036.5 | Budget = 8,704.6 | inventory = 2
[ 2024-08-05 10:08:36,551 ] 4 : Sold 15 shares at price 61,600 | Profit = -3,000 | Portfolio Value = 1,029,504.6 | Budget = 932,242.6 | inventory = 1
[ 2024-08-05 10:08:36,581 ] 6 : Bought 6 shares at price 63,100 | Portfolio Value = 994,142.6 | Budget = 553,453.3 | inventory = 2
[ 2024-08-05 10:08:36,597 ] 7 : Bought 4 shares at price 63,000 | Portfolio Value = 995,153.3 | Budget = 301,327.3 | inventory = 3
[ 2024-08-05 10:08:36,613 ] 8 : Sold 1 shares at price 62,800 | Profit = -1,000 | Portfolio Value = 994,327.3 | Budget = 364,095.9 | inventory = 2
[ 2024-08-05 10:08:36,644 ] 10 : Sold 6 shares at price 63,200 | Profit = 600 | Portfolio Value = 993,095.9 | Budget = 743,106.3 | inventory = 1
[ 2024-08-05 10:08:36,660 ] 11 : Sold 4 shares at price 62,200 | Profit = -3,200 | Portfolio Value = 995,906.3 | Budget = 991,781.9 | inventory = 0
[ 2024-08-05 10:08:36,756 ] 17 : Bought 12 shares at price 62,000 | Portfolio Value = 991,781.9 | Budget = 247,409.9 | inventory = 1
[ 2024-08-05 10:08:36,786 ] 19 : Sold 12 shares at price 60,500 | Profit = -18,000 | Portfolio Value = 983,009.9 | Budget = 973,046.9 | inventory = 0
[ 2024-08-05 10:08:36,802 ] 20 : Bought 2 shares at price 60,600 | Portfolio Value = 973,046.9 | Budget = 851,786.3 | inventory = 1
[ 2024-08-05 10:08:36,817 ] 21 : Bought 10 shares at price 60,800 | Portfolio Value = 972,986.3 | Budget = 243,482.3 | inventory = 2
[ 2024-08-05 10:08:36,834 ] 22 : Bought 2 shares at price 60,500 | Portfolio Value = 973,082.3 | Budget = 122,421.8 | inventory = 3
[ 2024-08-05 10:08:36,849 ] 23 : Bought 1 shares at price 61,500 | Portfolio Value = 969,421.8 | Budget = 60,891.05 | inventory = 4
[ 2024-08-05 10:08:36,880 ] 25 : Bought 1 shares at price 60,300 | Portfolio Value = 971,391.05 | Budget = 560.9 | inventory = 5
[ 2024-08-05 10:08:36,895 ] 26 : Sold 2 shares at price 60,100 | Profit = -1,000 | Portfolio Value = 965,360.9 | Budget = 120,700.8 | inventory = 4
[ 2024-08-05 10:08:36,928 ] 28 : Bought 1 shares at price 60,000 | Portfolio Value = 953,700.8 | Budget = 60,670.8 | inventory = 5
[ 2024-08-05 10:08:36,958 ] 30 : Sold 10 shares at price 59,800 | Profit = -10,000 | Portfolio Value = 945,670.8 | Budget = 658,371.8 | inventory = 4
[ 2024-08-05 10:08:36,993 ] 32 : Sold 2 shares at price 61,300 | Profit = 1,600 | Portfolio Value = 957,871.8 | Budget = 780,910.5 | inventory = 3
[ 2024-08-05 10:08:37,022 ] 33 : Bought 5 shares at price 60,200 | Portfolio Value = 964,810.5 | Budget = 479,760.0 | inventory = 4
[ 2024-08-05 10:08:37,111 ] 37 : Bought 1 shares at price 63,000 | Portfolio Value = 978,160.0 | Budget = 416,728.5 | inventory = 5
[ 2024-08-05 10:08:37,137 ] 38 : Bought 4 shares at price 62,100 | Portfolio Value = 983,728.5 | Budget = 168,204.3 | inventory = 6
[ 2024-08-05 10:08:37,162 ] 39 : Sold 1 shares at price 62,900 | Profit = 1,400 | Portfolio Value = 975,504.3 | Budget = 231,072.85 | inventory = 5
[ 2024-08-05 10:08:37,185 ] 40 : Bought 1 shares at price 62,700 | Portfolio Value = 985,872.85 | Budget = 168,341.5 | inventory = 6
[ 2024-08-05 10:08:37,233 ] 42 : Bought 1 shares at price 64,000 | Portfolio Value = 989,941.5 | Budget = 104,309.5 | inventory = 7
[ 2024-08-05 10:08:37,265 ] 43 : Sold 1 shares at price 63,100 | Profit = 2,800 | Portfolio Value = 1,000,309.5 | Budget = 167,377.95 | inventory = 6
[ 2024-08-05 10:08:37,343 ] 47 : Sold 1 shares at price 65,000 | Profit = 5,000 | Portfolio Value = 977,277.95 | Budget = 232,345.45 | inventory = 5
[ 2024-08-05 10:08:37,379 ] 48 : Bought 1 shares at price 65,700 | Portfolio Value = 1,012,345.45 | Budget = 166,612.6 | inventory = 6
[ 2024-08-05 10:08:37,410 ] 49 : Bought 2 shares at price 65,900 | Portfolio Value = 1,020,712.6 | Budget = 34,746.7 | inventory = 7
[ 2024-08-05 10:08:37,427 ] 50 : Sold 5 shares at price 66,000 | Profit = 29,000 | Portfolio Value = 1,023,246.7 | Budget = 364,581.7 | inventory = 6
[ 2024-08-05 10:08:37,442 ] 51 : Sold 1 shares at price 66,100 | Profit = 3,100 | Portfolio Value = 1,024,581.7 | Budget = 430,648.65 | inventory = 5
[ 2024-08-05 10:08:37,460 ] 52 : Bought 2 shares at price 65,100 | Portfolio Value = 1,025,548.65 | Budget = 300,383.55 | inventory = 6
[ 2024-08-05 10:08:37,476 ] 53 : Sold 4 shares at price 65,300 | Profit = 12,800 | Portfolio Value = 1,016,483.55 | Budget = 561,452.95 | inventory = 5
[ 2024-08-05 10:08:37,559 ] 58 : Bought 3 shares at price 65,200 | Portfolio Value = 1,021,352.95 | Budget = 365,755.15 | inventory = 6
[ 2024-08-05 10:08:37,574 ] 59 : Sold 1 shares at price 63,600 | Profit = 900 | Portfolio Value = 1,017,755.15 | Budget = 429,323.35 | inventory = 5
[ 2024-08-05 10:08:37,620 ] 62 : Bought 5 shares at price 65,500 | Portfolio Value = 1,010,723.35 | Budget = 101,659.6 | inventory = 6
[ 2024-08-05 10:08:37,635 ] 63 : Sold 1 shares at price 65,700 | Profit = 1,700 | Portfolio Value = 1,018,659.6 | Budget = 167,326.75 | inventory = 5
[ 2024-08-05 10:08:37,669 ] 65 : Bought 1 shares at price 65,100 | Portfolio Value = 1,017,526.75 | Budget = 102,194.2 | inventory = 6
[ 2024-08-05 10:08:37,738 ] 68 : Sold 1 shares at price 64,600 | Profit = -1,100 | Portfolio Value = 1,016,394.2 | Budget = 166,761.9 | inventory = 5
[ 2024-08-05 10:08:37,755 ] 69 : Sold 2 shares at price 64,200 | Profit = -3,400 | Portfolio Value = 1,006,561.9 | Budget = 295,097.7 | inventory = 4
[ 2024-08-05 10:08:37,787 ] 71 : Sold 2 shares at price 64,500 | Profit = -1,200 | Portfolio Value = 1,000,197.7 | Budget = 424,033.2 | inventory = 3
[ 2024-08-05 10:08:37,803 ] 72 : Bought 2 shares at price 65,400 | Portfolio Value = 1,004,533.2 | Budget = 293,167.8 | inventory = 4
[ 2024-08-05 10:08:37,819 ] 73 : Sold 3 shares at price 65,000 | Profit = -600 | Portfolio Value = 1,012,567.8 | Budget = 488,070.3 | inventory = 3
[ 2024-08-05 10:08:37,835 ] 74 : Bought 2 shares at price 66,200 | Portfolio Value = 1,008,070.3 | Budget = 355,604.1 | inventory = 4
[ 2024-08-05 10:08:37,852 ] 75 : Bought 1 shares at price 68,400 | Portfolio Value = 1,017,604.1 | Budget = 287,169.9 | inventory = 5
[ 2024-08-05 10:08:37,870 ] 76 : Bought 3 shares at price 68,500 | Portfolio Value = 1,039,569.9 | Budget = 81,567.15 | inventory = 6
[ 2024-08-05 10:08:37,889 ] 77 : Sold 5 shares at price 68,400 | Profit = 14,500 | Portfolio Value = 1,040,567.15 | Budget = 423,396.15 | inventory = 5
[ 2024-08-05 10:08:37,961 ] 81 : Sold 1 shares at price 72,300 | Profit = 7,200 | Portfolio Value = 1,056,096.15 | Budget = 495,660.0 | inventory = 4
[ 2024-08-05 10:08:37,994 ] 83 : Sold 2 shares at price 70,900 | Profit = 11,000 | Portfolio Value = 1,066,860.0 | Budget = 637,389.1 | inventory = 3
[ 2024-08-05 10:08:38,011 ] 84 : Sold 2 shares at price 72,200 | Profit = 12,000 | Portfolio Value = 1,062,789.1 | Budget = 781,716.9 | inventory = 2
[ 2024-08-05 10:08:38,041 ] 86 : Sold 1 shares at price 71,000 | Profit = 2,600 | Portfolio Value = 1,068,516.9 | Budget = 852,681.4 | inventory = 1
[ 2024-08-05 10:08:38,056 ] 87 : Bought 3 shares at price 70,900 | Portfolio Value = 1,065,681.4 | Budget = 639,875.05 | inventory = 2
[ 2024-08-05 10:08:38,072 ] 88 : Sold 3 shares at price 72,000 | Profit = 10,500 | Portfolio Value = 1,065,275.05 | Budget = 855,767.05 | inventory = 1
[ 2024-08-05 10:08:38,102 ] 90 : Sold 3 shares at price 72,000 | Profit = 3,300 | Portfolio Value = 1,068,767.05 | Budget = 1,071,659.05 | inventory = 0
[ 2024-08-05 10:08:38,163 ] 94 : Bought 6 shares at price 71,200 | Portfolio Value = 1,071,659.05 | Budget = 644,245.45 | inventory = 1
[ 2024-08-05 10:08:38,178 ] 95 : Bought 9 shares at price 71,400 | Portfolio Value = 1,071,445.45 | Budget = 1,324.15 | inventory = 2
[ 2024-08-05 10:08:38,194 ] 96 : Sold 6 shares at price 70,500 | Profit = -4,200 | Portfolio Value = 1,072,324.15 | Budget = 424,112.65 | inventory = 1
[ 2024-08-05 10:08:38,209 ] 97 : Bought 4 shares at price 71,300 | Portfolio Value = 1,058,612.65 | Budget = 138,770.05 | inventory = 2
[ 2024-08-05 10:08:38,240 ] 99 : Sold 9 shares at price 72,400 | Profit = 9,000 | Portfolio Value = 1,069,570.05 | Budget = 790,044.25 | inventory = 1
[ 2024-08-05 10:08:38,256 ] 100 : Sold 4 shares at price 72,600 | Profit = 5,200 | Portfolio Value = 1,079,644.25 | Budget = 1,080,299.05 | inventory = 0
[ 2024-08-05 10:08:38,304 ] 103 : Bought 2 shares at price 72,200 | Portfolio Value = 1,080,299.05 | Budget = 935,826.85 | inventory = 1
[ 2024-08-05 10:08:38,320 ] 104 : Bought 9 shares at price 73,000 | Portfolio Value = 1,080,226.85 | Budget = 278,498.35 | inventory = 2
[ 2024-08-05 10:08:38,336 ] 105 : Bought 2 shares at price 73,000 | Portfolio Value = 1,081,498.35 | Budget = 132,425.35 | inventory = 3
[ 2024-08-05 10:08:38,369 ] 107 : Bought 1 shares at price 71,600 | Portfolio Value = 1,068,425.35 | Budget = 60,789.55 | inventory = 4
[ 2024-08-05 10:08:38,384 ] 108 : Sold 2 shares at price 69,900 | Profit = -4,600 | Portfolio Value = 1,063,189.55 | Budget = 200,519.65 | inventory = 3
[ 2024-08-05 10:08:38,416 ] 110 : Sold 9 shares at price 71,500 | Profit = -13,500 | Portfolio Value = 1,034,519.65 | Budget = 843,697.9 | inventory = 2
[ 2024-08-05 10:08:38,434 ] 111 : Bought 9 shares at price 71,900 | Portfolio Value = 1,058,197.9 | Budget = 196,274.35 | inventory = 3
[ 2024-08-05 10:08:38,450 ] 112 : Sold 2 shares at price 71,900 | Profit = -2,200 | Portfolio Value = 1,059,074.35 | Budget = 340,002.45 | inventory = 2
[ 2024-08-05 10:08:38,466 ] 113 : Sold 1 shares at price 73,400 | Profit = 1,800 | Portfolio Value = 1,059,002.45 | Budget = 413,365.75 | inventory = 1
[ 2024-08-05 10:08:38,482 ] 114 : Bought 4 shares at price 73,300 | Portfolio Value = 1,073,965.75 | Budget = 120,019.15 | inventory = 2
[ 2024-08-05 10:08:38,497 ] 115 : Sold 9 shares at price 72,000 | Profit = 900 | Portfolio Value = 1,072,919.15 | Budget = 767,695.15 | inventory = 1
[ 2024-08-05 10:08:38,513 ] 116 : Sold 4 shares at price 71,700 | Profit = -6,400 | Portfolio Value = 1,055,695.15 | Budget = 1,054,351.75 | inventory = 0
[ 2024-08-05 10:08:38,528 ] 117 : Bought 5 shares at price 71,000 | Portfolio Value = 1,054,351.75 | Budget = 699,174.25 | inventory = 1
[ 2024-08-05 10:08:38,560 ] 119 : Sold 5 shares at price 70,400 | Profit = -3,000 | Portfolio Value = 1,050,674.25 | Budget = 1,050,998.25 | inventory = 0
[ 2024-08-05 10:08:38,624 ] 123 : Bought 3 shares at price 70,600 | Portfolio Value = 1,050,998.25 | Budget = 839,092.35 | inventory = 1
[ 2024-08-05 10:08:38,640 ] 124 : Sold 3 shares at price 69,800 | Profit = -2,400 | Portfolio Value = 1,050,892.35 | Budget = 1,048,387.65 | inventory = 0
[ 2024-08-05 10:08:38,671 ] 126 : Bought 6 shares at price 69,900 | Portfolio Value = 1,048,387.65 | Budget = 628,777.95 | inventory = 1
[ 2024-08-05 10:08:38,717 ] 129 : Bought 6 shares at price 68,500 | Portfolio Value = 1,038,577.95 | Budget = 217,572.45 | inventory = 2
[ 2024-08-05 10:08:38,732 ] 130 : Bought 1 shares at price 67,600 | Portfolio Value = 1,039,572.45 | Budget = 149,938.65 | inventory = 3
[ 2024-08-05 10:08:38,747 ] 131 : Sold 6 shares at price 68,900 | Profit = -6,000 | Portfolio Value = 1,028,738.65 | Budget = 563,131.95 | inventory = 2
[ 2024-08-05 10:08:38,763 ] 132 : Bought 3 shares at price 68,000 | Portfolio Value = 1,045,431.95 | Budget = 359,029.95 | inventory = 3
[ 2024-08-05 10:08:38,778 ] 133 : Bought 5 shares at price 67,500 | Portfolio Value = 1,039,029.95 | Budget = 21,361.2 | inventory = 4
[ 2024-08-05 10:08:38,869 ] 139 : Sold 6 shares at price 66,600 | Profit = -11,400 | Portfolio Value = 1,020,361.2 | Budget = 420,761.4 | inventory = 3
[ 2024-08-05 10:08:38,884 ] 140 : Bought 1 shares at price 67,100 | Portfolio Value = 1,020,161.4 | Budget = 353,627.85 | inventory = 4
[ 2024-08-05 10:08:38,900 ] 141 : Bought 4 shares at price 68,200 | Portfolio Value = 1,024,627.85 | Budget = 80,691.45 | inventory = 5
[ 2024-08-05 10:08:38,915 ] 142 : Bought 1 shares at price 67,100 | Portfolio Value = 1,035,491.45 | Budget = 13,557.9 | inventory = 6
[ 2024-08-05 10:08:38,930 ] 143 : Sold 1 shares at price 66,800 | Profit = -800 | Portfolio Value = 1,020,057.9 | Budget = 80,324.5 | inventory = 5
[ 2024-08-05 10:08:38,945 ] 144 : Bought 1 shares at price 66,800 | Portfolio Value = 1,015,524.5 | Budget = 13,491.1 | inventory = 6
[ 2024-08-05 10:08:39,080 ] 153 : Sold 3 shares at price 70,800 | Profit = 8,400 | Portfolio Value = 1,067,991.1 | Budget = 225,784.9 | inventory = 5
[ 2024-08-05 10:08:39,096 ] 154 : Sold 5 shares at price 70,500 | Profit = 15,000 | Portfolio Value = 1,075,384.9 | Budget = 578,108.65 | inventory = 4
[ 2024-08-05 10:08:39,111 ] 155 : Sold 1 shares at price 70,900 | Profit = 3,800 | Portfolio Value = 1,071,608.65 | Budget = 648,973.2 | inventory = 3
[ 2024-08-05 10:08:39,126 ] 156 : Sold 4 shares at price 71,700 | Profit = 14,000 | Portfolio Value = 1,074,373.2 | Budget = 935,629.8 | inventory = 2
[ 2024-08-05 10:08:39,186 ] 160 : Bought 6 shares at price 69,600 | Portfolio Value = 1,075,229.8 | Budget = 517,821.0 | inventory = 3
[ 2024-08-05 10:08:39,200 ] 161 : Sold 1 shares at price 68,900 | Profit = 1,800 | Portfolio Value = 1,074,621.0 | Budget = 586,686.55 | inventory = 2
[ 2024-08-05 10:08:39,230 ] 163 : Sold 1 shares at price 69,400 | Profit = 2,600 | Portfolio Value = 1,068,286.55 | Budget = 656,051.85 | inventory = 1
[ 2024-08-05 10:08:39,260 ] 165 : Sold 6 shares at price 68,400 | Profit = -7,200 | Portfolio Value = 1,067,651.85 | Budget = 1,066,246.65 | inventory = 0
[ 2024-08-05 10:08:39,275 ] 166 : Bought 9 shares at price 67,500 | Portfolio Value = 1,066,246.65 | Budget = 458,442.9 | inventory = 1
[ 2024-08-05 10:08:39,308 ] 168 : Bought 4 shares at price 66,000 | Portfolio Value = 1,058,742.9 | Budget = 194,310.9 | inventory = 2
[ 2024-08-05 10:08:39,368 ] 172 : Sold 9 shares at price 68,000 | Profit = 4,500 | Portfolio Value = 1,090,010.9 | Budget = 806,004.9 | inventory = 1
[ 2024-08-05 10:08:39,385 ] 173 : Bought 7 shares at price 67,300 | Portfolio Value = 1,078,004.9 | Budget = 334,669.35 | inventory = 2
[ 2024-08-05 10:08:39,415 ] 175 : Bought 3 shares at price 70,500 | Portfolio Value = 1,098,069.35 | Budget = 123,063.6 | inventory = 3
[ 2024-08-05 10:08:39,431 ] 176 : Sold 4 shares at price 69,500 | Profit = 14,000 | Portfolio Value = 1,110,063.6 | Budget = 400,924.6 | inventory = 2
[ 2024-08-05 10:08:39,460 ] 178 : Bought 5 shares at price 68,400 | Portfolio Value = 1,088,924.6 | Budget = 58,753.6 | inventory = 3
[ 2024-08-05 10:08:39,506 ] 181 : Sold 7 shares at price 66,700 | Profit = -4,200 | Portfolio Value = 1,078,753.6 | Budget = 525,420.15 | inventory = 2
[ 2024-08-05 10:08:39,538 ] 183 : Bought 7 shares at price 67,300 | Portfolio Value = 1,063,820.15 | Budget = 54,084.6 | inventory = 3
[ 2024-08-05 10:08:39,554 ] 184 : Sold 3 shares at price 66,900 | Profit = -10,800 | Portfolio Value = 1,063,584.6 | Budget = 254,684.25 | inventory = 2
[ 2024-08-05 10:08:39,584 ] 186 : Bought 3 shares at price 69,700 | Portfolio Value = 1,077,884.25 | Budget = 45,479.7 | inventory = 3
[ 2024-08-05 10:08:39,614 ] 188 : Sold 5 shares at price 70,900 | Profit = 12,500 | Portfolio Value = 1,089,479.7 | Budget = 399,802.45 | inventory = 2
[ 2024-08-05 10:08:39,630 ] 189 : Bought 3 shares at price 70,900 | Portfolio Value = 1,108,802.45 | Budget = 186,996.1 | inventory = 3
[ 2024-08-05 10:08:39,644 ] 190 : Sold 7 shares at price 69,900 | Profit = 18,200 | Portfolio Value = 1,108,696.1 | Budget = 676,051.45 | inventory = 2
[ 2024-08-05 10:08:39,660 ] 191 : Bought 9 shares at price 70,300 | Portfolio Value = 1,095,451.45 | Budget = 43,035.1 | inventory = 3
[ 2024-08-05 10:08:39,705 ] 194 : Sold 3 shares at price 70,800 | Profit = 3,300 | Portfolio Value = 1,099,035.1 | Budget = 255,328.9 | inventory = 2
[ 2024-08-05 10:08:39,721 ] 195 : Bought 3 shares at price 72,200 | Portfolio Value = 1,104,928.9 | Budget = 38,620.6 | inventory = 3
[ 2024-08-05 10:08:39,736 ] 196 : Sold 3 shares at price 72,800 | Profit = 5,700 | Portfolio Value = 1,121,620.6 | Budget = 256,911.4 | inventory = 2
[ 2024-08-05 10:08:39,751 ] 197 : Sold 9 shares at price 72,500 | Profit = 19,800 | Portfolio Value = 1,130,511.4 | Budget = 909,085.15 | inventory = 1
[ 2024-08-05 10:08:39,795 ] 200 : Bought 10 shares at price 72,800 | Portfolio Value = 1,127,485.15 | Budget = 180,721.15 | inventory = 2
[ 2024-08-05 10:08:39,811 ] 201 : Bought 2 shares at price 72,400 | Portfolio Value = 1,127,121.15 | Budget = 35,848.75 | inventory = 3
[ 2024-08-05 10:08:39,825 ] 202 : Sold 3 shares at price 71,700 | Profit = -1,500 | Portfolio Value = 1,121,848.75 | Budget = 250,841.2 | inventory = 2
[ 2024-08-05 10:08:39,851 ] 203 : Sold 10 shares at price 71,300 | Profit = -15,000 | Portfolio Value = 1,111,241.2 | Budget = 963,484.7 | inventory = 1
[ 2024-08-05 10:08:39,872 ] 204 : Bought 6 shares at price 72,700 | Portfolio Value = 1,106,084.7 | Budget = 527,066.6 | inventory = 2
[ 2024-08-05 10:08:39,905 ] 206 : Sold 2 shares at price 72,800 | Profit = 800 | Portfolio Value = 1,108,666.6 | Budget = 672,593.8 | inventory = 1
[ 2024-08-05 10:08:39,937 ] 208 : Sold 6 shares at price 72,600 | Profit = -600 | Portfolio Value = 1,104,593.8 | Budget = 1,107,976.0 | inventory = 0
[ 2024-08-05 10:08:39,952 ] 209 : Bought 4 shares at price 71,200 | Portfolio Value = 1,107,976.0 | Budget = 823,033.6 | inventory = 1
[ 2024-08-05 10:08:39,968 ] 210 : Sold 4 shares at price 71,700 | Profit = 2,000 | Portfolio Value = 1,107,833.6 | Budget = 1,109,690.2 | inventory = 0
[ 2024-08-05 10:08:39,998 ] 212 : Bought 11 shares at price 72,600 | Portfolio Value = 1,109,690.2 | Budget = 310,690.9 | inventory = 1
[ 2024-08-05 10:08:40,014 ] 213 : Bought 2 shares at price 73,000 | Portfolio Value = 1,109,290.9 | Budget = 164,617.9 | inventory = 2
[ 2024-08-05 10:08:40,030 ] 214 : Bought 1 shares at price 73,500 | Portfolio Value = 1,113,617.9 | Budget = 91,081.15 | inventory = 3
[ 2024-08-05 10:08:40,062 ] 216 : Sold 11 shares at price 73,100 | Profit = 5,500 | Portfolio Value = 1,110,281.15 | Budget = 894,779.1 | inventory = 2
[ 2024-08-05 10:08:40,077 ] 217 : Sold 2 shares at price 73,300 | Profit = 600 | Portfolio Value = 1,114,079.1 | Budget = 1,041,305.8 | inventory = 1
[ 2024-08-05 10:08:40,140 ] 221 : Bought 7 shares at price 75,000 | Portfolio Value = 1,116,105.8 | Budget = 516,043.3 | inventory = 2
[ 2024-08-05 10:08:40,155 ] 222 : Bought 2 shares at price 75,900 | Portfolio Value = 1,116,043.3 | Budget = 364,167.4 | inventory = 3
[ 2024-08-05 10:08:40,171 ] 223 : Bought 2 shares at price 76,600 | Portfolio Value = 1,123,167.4 | Budget = 210,890.8 | inventory = 4
[ 2024-08-05 10:08:40,201 ] 225 : Bought 2 shares at price 78,500 | Portfolio Value = 1,146,890.8 | Budget = 53,812.3 | inventory = 5
[ 2024-08-05 10:08:40,201 ] Episode: 2, Total Reward: -379,881.27834199404, Total Profit: 133,100, Profit Rate: 1331.00%
[ 2024-08-05 10:08:40,201 ] ----------------------------------------------------------------------------------------------------
[ 2024-08-05 10:08:40,201 ] Starting Episode 3
[ 2024-08-05 10:08:40,216 ] 0 : Bought 8 shares at price 61,000 | Portfolio Value = 1,000,000 | Budget = 511,756.0 | inventory = 1
[ 2024-08-05 10:08:40,231 ] 1 : Bought 3 shares at price 61,800 | Portfolio Value = 999,756.0 | Budget = 326,263.3 | inventory = 2
[ 2024-08-05 10:08:40,247 ] 2 : Sold 8 shares at price 63,500 | Profit = 20,000 | Portfolio Value = 1,006,063.3 | Budget = 834,009.3 | inventory = 1
[ 2024-08-05 10:08:40,278 ] 4 : Sold 3 shares at price 61,600 | Profit = -600 | Portfolio Value = 1,025,409.3 | Budget = 1,018,716.9 | inventory = 0
[ 2024-08-05 10:08:40,442 ] 5 : Bought 15 shares at price 61,900 | Portfolio Value = 1,018,716.9 | Budget = 89,752.65 | inventory = 1
[ 2024-08-05 10:08:40,459 ] 6 : Bought 1 shares at price 63,100 | Portfolio Value = 1,018,252.65 | Budget = 26,621.1 | inventory = 2
[ 2024-08-05 10:08:40,475 ] 7 : Sold 15 shares at price 63,000 | Profit = 16,500 | Portfolio Value = 1,036,221.1 | Budget = 971,148.6 | inventory = 1
[ 2024-08-05 10:08:40,491 ] 8 : Sold 1 shares at price 62,800 | Profit = -300 | Portfolio Value = 1,034,148.6 | Budget = 1,033,917.2 | inventory = 0
[ 2024-08-05 10:08:40,568 ] 13 : Bought 7 shares at price 62,600 | Portfolio Value = 1,033,917.2 | Budget = 595,498.1 | inventory = 1
[ 2024-08-05 10:08:40,629 ] 17 : Sold 7 shares at price 62,000 | Profit = -4,200 | Portfolio Value = 1,023,198.1 | Budget = 1,029,281.1 | inventory = 0
[ 2024-08-05 10:08:40,691 ] 21 : Bought 2 shares at price 60,800 | Portfolio Value = 1,029,281.1 | Budget = 907,620.3 | inventory = 1
[ 2024-08-05 10:08:40,729 ] 23 : Bought 10 shares at price 61,500 | Portfolio Value = 1,028,620.3 | Budget = 292,312.8 | inventory = 2
[ 2024-08-05 10:08:40,796 ] 25 : Sold 2 shares at price 60,300 | Profit = -1,000 | Portfolio Value = 1,020,712.8 | Budget = 412,852.5 | inventory = 1
[ 2024-08-05 10:08:40,837 ] 27 : Bought 6 shares at price 59,500 | Portfolio Value = 1,013,852.5 | Budget = 55,674.0 | inventory = 2
[ 2024-08-05 10:08:40,857 ] 28 : Sold 10 shares at price 60,000 | Profit = -15,000 | Portfolio Value = 1,007,674.0 | Budget = 655,374.0 | inventory = 1
[ 2024-08-05 10:08:40,877 ] 29 : Bought 4 shares at price 59,000 | Portfolio Value = 1,015,374.0 | Budget = 419,256.0 | inventory = 2
[ 2024-08-05 10:08:40,902 ] 30 : Bought 5 shares at price 59,800 | Portfolio Value = 1,009,256.0 | Budget = 120,106.5 | inventory = 3
[ 2024-08-05 10:08:40,984 ] 33 : Sold 6 shares at price 60,200 | Profit = 4,200 | Portfolio Value = 1,039,606.5 | Budget = 481,125.9 | inventory = 2
[ 2024-08-05 10:08:41,027 ] 34 : Sold 4 shares at price 60,300 | Profit = 5,200 | Portfolio Value = 1,022,925.9 | Budget = 722,205.3 | inventory = 1
[ 2024-08-05 10:08:41,068 ] 35 : Bought 1 shares at price 61,100 | Portfolio Value = 1,023,705.3 | Budget = 661,074.75 | inventory = 2
[ 2024-08-05 10:08:41,101 ] 36 : Bought 3 shares at price 62,300 | Portfolio Value = 1,027,674.75 | Budget = 474,081.3 | inventory = 3
[ 2024-08-05 10:08:41,123 ] 37 : Sold 5 shares at price 63,000 | Profit = 16,000 | Portfolio Value = 1,034,781.3 | Budget = 788,923.8 | inventory = 2
[ 2024-08-05 10:08:41,142 ] 38 : Bought 4 shares at price 62,100 | Portfolio Value = 1,040,923.8 | Budget = 540,399.6 | inventory = 3
[ 2024-08-05 10:08:41,178 ] 40 : Bought 2 shares at price 62,700 | Portfolio Value = 1,043,599.6 | Budget = 414,936.9 | inventory = 4
[ 2024-08-05 10:08:41,195 ] 41 : Sold 1 shares at price 63,200 | Profit = 2,100 | Portfolio Value = 1,041,936.9 | Budget = 478,105.3 | inventory = 3
[ 2024-08-05 10:08:41,228 ] 43 : Sold 3 shares at price 63,100 | Profit = 2,400 | Portfolio Value = 1,054,105.3 | Budget = 667,310.65 | inventory = 2
[ 2024-08-05 10:08:41,260 ] 45 : Bought 4 shares at price 63,900 | Portfolio Value = 1,048,910.65 | Budget = 411,582.85 | inventory = 3
[ 2024-08-05 10:08:41,294 ] 47 : Bought 4 shares at price 65,000 | Portfolio Value = 1,034,582.85 | Budget = 151,452.85 | inventory = 4
[ 2024-08-05 10:08:41,309 ] 48 : Sold 4 shares at price 65,700 | Profit = 14,400 | Portfolio Value = 1,061,452.85 | Budget = 414,121.45 | inventory = 3
[ 2024-08-05 10:08:41,326 ] 49 : Bought 6 shares at price 65,900 | Portfolio Value = 1,071,121.45 | Budget = 18,523.75 | inventory = 4
[ 2024-08-05 10:08:41,358 ] 51 : Sold 2 shares at price 66,100 | Profit = 6,800 | Portfolio Value = 1,074,523.75 | Budget = 150,657.65 | inventory = 3
[ 2024-08-05 10:08:41,374 ] 52 : Sold 4 shares at price 65,100 | Profit = 4,800 | Portfolio Value = 1,076,057.65 | Budget = 410,927.45 | inventory = 2
[ 2024-08-05 10:08:41,405 ] 54 : Bought 2 shares at price 65,600 | Portfolio Value = 1,063,927.45 | Budget = 279,661.85 | inventory = 3
[ 2024-08-05 10:08:41,438 ] 56 : Sold 4 shares at price 65,300 | Profit = 1,200 | Portfolio Value = 1,065,661.85 | Budget = 540,731.25 | inventory = 2
[ 2024-08-05 10:08:41,453 ] 57 : Sold 6 shares at price 65,700 | Profit = -1,200 | Portfolio Value = 1,063,131.25 | Budget = 934,734.15 | inventory = 1
[ 2024-08-05 10:08:41,469 ] 58 : Bought 7 shares at price 65,200 | Portfolio Value = 1,066,134.15 | Budget = 478,105.95 | inventory = 2
[ 2024-08-05 10:08:41,484 ] 59 : Sold 2 shares at price 63,600 | Profit = -4,000 | Portfolio Value = 1,064,905.95 | Budget = 605,242.35 | inventory = 1
[ 2024-08-05 10:08:41,499 ] 60 : Bought 3 shares at price 64,100 | Portfolio Value = 1,050,442.35 | Budget = 412,846.2 | inventory = 2
[ 2024-08-05 10:08:41,515 ] 61 : Bought 1 shares at price 64,600 | Portfolio Value = 1,053,846.2 | Budget = 348,213.9 | inventory = 3
[ 2024-08-05 10:08:41,546 ] 63 : Sold 7 shares at price 65,700 | Profit = 3,500 | Portfolio Value = 1,068,713.9 | Budget = 807,883.95 | inventory = 2
[ 2024-08-05 10:08:41,575 ] 65 : Sold 3 shares at price 65,100 | Profit = 3,000 | Portfolio Value = 1,069,483.95 | Budget = 1,003,086.3 | inventory = 1
[ 2024-08-05 10:08:41,590 ] 66 : Sold 1 shares at price 65,900 | Profit = 1,300 | Portfolio Value = 1,068,186.3 | Budget = 1,068,953.35 | inventory = 0
[ 2024-08-05 10:08:41,667 ] 71 : Bought 16 shares at price 64,500 | Portfolio Value = 1,068,953.35 | Budget = 36,437.35 | inventory = 1
[ 2024-08-05 10:08:41,697 ] 73 : Sold 16 shares at price 65,000 | Profit = 8,000 | Portfolio Value = 1,082,837.35 | Budget = 1,075,917.35 | inventory = 0
[ 2024-08-05 10:08:41,712 ] 74 : Bought 5 shares at price 66,200 | Portfolio Value = 1,075,917.35 | Budget = 744,751.85 | inventory = 1
[ 2024-08-05 10:08:41,743 ] 76 : Bought 10 shares at price 68,500 | Portfolio Value = 1,086,751.85 | Budget = 59,409.35 | inventory = 2
[ 2024-08-05 10:08:41,802 ] 80 : Sold 5 shares at price 70,300 | Profit = 20,500 | Portfolio Value = 1,091,409.35 | Budget = 410,733.6 | inventory = 1
[ 2024-08-05 10:08:41,817 ] 81 : Bought 5 shares at price 72,300 | Portfolio Value = 1,113,733.6 | Budget = 49,052.85 | inventory = 2
[ 2024-08-05 10:08:41,833 ] 82 : Sold 10 shares at price 71,400 | Profit = 29,000 | Portfolio Value = 1,133,552.85 | Budget = 762,695.85 | inventory = 1
[ 2024-08-05 10:08:41,848 ] 83 : Sold 5 shares at price 70,900 | Profit = -7,000 | Portfolio Value = 1,119,695.85 | Budget = 1,117,018.6 | inventory = 0
[ 2024-08-05 10:08:41,927 ] 88 : Bought 9 shares at price 72,000 | Portfolio Value = 1,117,018.6 | Budget = 468,694.6 | inventory = 1
[ 2024-08-05 10:08:41,943 ] 89 : Sold 9 shares at price 71,000 | Profit = -9,000 | Portfolio Value = 1,116,694.6 | Budget = 1,107,375.1 | inventory = 0
[ 2024-08-05 10:08:42,039 ] 95 : Bought 1 shares at price 71,400 | Portfolio Value = 1,107,375.1 | Budget = 1,035,939.4 | inventory = 1
[ 2024-08-05 10:08:42,071 ] 97 : Sold 1 shares at price 71,300 | Profit = -100 | Portfolio Value = 1,106,439.4 | Budget = 1,107,203.75 | inventory = 0
[ 2024-08-05 10:08:42,087 ] 98 : Bought 9 shares at price 71,600 | Portfolio Value = 1,107,203.75 | Budget = 462,481.55 | inventory = 1
[ 2024-08-05 10:08:42,103 ] 99 : Sold 9 shares at price 72,400 | Profit = 7,200 | Portfolio Value = 1,106,881.55 | Budget = 1,113,755.75 | inventory = 0
[ 2024-08-05 10:08:42,119 ] 100 : Bought 12 shares at price 72,600 | Portfolio Value = 1,113,755.75 | Budget = 242,120.15 | inventory = 1
[ 2024-08-05 10:08:42,134 ] 101 : Sold 12 shares at price 72,700 | Profit = 1,200 | Portfolio Value = 1,113,320.15 | Budget = 1,114,083.95 | inventory = 0
[ 2024-08-05 10:08:42,195 ] 105 : Bought 12 shares at price 73,000 | Portfolio Value = 1,114,083.95 | Budget = 237,645.95 | inventory = 1
[ 2024-08-05 10:08:42,211 ] 106 : Bought 3 shares at price 72,000 | Portfolio Value = 1,113,645.95 | Budget = 21,537.95 | inventory = 2
[ 2024-08-05 10:08:42,227 ] 107 : Sold 12 shares at price 71,600 | Profit = -16,800 | Portfolio Value = 1,101,537.95 | Budget = 880,308.35 | inventory = 1
[ 2024-08-05 10:08:42,256 ] 109 : Bought 2 shares at price 69,500 | Portfolio Value = 1,090,008.35 | Budget = 741,238.85 | inventory = 2
[ 2024-08-05 10:08:42,272 ] 110 : Bought 9 shares at price 71,500 | Portfolio Value = 1,088,738.85 | Budget = 97,417.1 | inventory = 3
[ 2024-08-05 10:08:42,301 ] 112 : Bought 1 shares at price 71,900 | Portfolio Value = 1,104,017.1 | Budget = 25,481.15 | inventory = 4
[ 2024-08-05 10:08:42,362 ] 116 : Sold 3 shares at price 71,700 | Profit = -900 | Portfolio Value = 1,105,481.15 | Budget = 240,473.6 | inventory = 3
[ 2024-08-05 10:08:42,377 ] 117 : Bought 2 shares at price 71,000 | Portfolio Value = 1,100,873.6 | Budget = 98,402.6 | inventory = 4
[ 2024-08-05 10:08:42,395 ] 118 : Sold 2 shares at price 70,300 | Profit = 1,600 | Portfolio Value = 1,092,402.6 | Budget = 238,932.3 | inventory = 3
[ 2024-08-05 10:08:42,410 ] 119 : Bought 1 shares at price 70,400 | Portfolio Value = 1,082,532.3 | Budget = 168,497.1 | inventory = 4
[ 2024-08-05 10:08:42,441 ] 121 : Bought 2 shares at price 69,800 | Portfolio Value = 1,078,497.1 | Budget = 28,827.3 | inventory = 5
[ 2024-08-05 10:08:42,579 ] 130 : Sold 9 shares at price 67,600 | Profit = -35,100 | Portfolio Value = 1,056,327.3 | Budget = 636,923.1 | inventory = 4
[ 2024-08-05 10:08:42,593 ] 131 : Bought 5 shares at price 68,900 | Portfolio Value = 1,042,523.1 | Budget = 292,250.85 | inventory = 5
[ 2024-08-05 10:08:42,624 ] 133 : Sold 1 shares at price 67,500 | Profit = -4,400 | Portfolio Value = 1,040,250.85 | Budget = 359,717.1 | inventory = 4
[ 2024-08-05 10:08:42,656 ] 135 : Sold 2 shares at price 67,000 | Profit = -8,000 | Portfolio Value = 1,032,717.1 | Budget = 493,650.1 | inventory = 3
[ 2024-08-05 10:08:42,672 ] 136 : Sold 1 shares at price 66,700 | Profit = -3,700 | Portfolio Value = 1,029,650.1 | Budget = 560,316.75 | inventory = 2
[ 2024-08-05 10:08:42,767 ] 142 : Sold 2 shares at price 67,100 | Profit = -5,400 | Portfolio Value = 1,037,716.75 | Budget = 694,449.65 | inventory = 1
[ 2024-08-05 10:08:42,799 ] 144 : Bought 10 shares at price 66,800 | Portfolio Value = 1,028,449.65 | Budget = 26,115.65 | inventory = 2
[ 2024-08-05 10:08:42,816 ] 145 : Sold 5 shares at price 67,100 | Profit = -9,000 | Portfolio Value = 1,028,115.65 | Budget = 361,447.9 | inventory = 1
[ 2024-08-05 10:08:42,832 ] 146 : Sold 10 shares at price 66,900 | Profit = 1,000 | Portfolio Value = 1,032,447.9 | Budget = 1,030,113.4 | inventory = 0
[ 2024-08-05 10:08:42,849 ] 147 : Bought 12 shares at price 71,000 | Portfolio Value = 1,030,113.4 | Budget = 177,687.4 | inventory = 1
[ 2024-08-05 10:08:42,880 ] 149 : Bought 2 shares at price 70,700 | Portfolio Value = 1,032,087.4 | Budget = 36,216.7 | inventory = 2
[ 2024-08-05 10:08:42,942 ] 153 : Sold 12 shares at price 70,800 | Profit = -2,400 | Portfolio Value = 1,020,416.7 | Budget = 885,391.9 | inventory = 1
[ 2024-08-05 10:08:42,958 ] 154 : Bought 11 shares at price 70,500 | Portfolio Value = 1,026,991.9 | Budget = 109,504.15 | inventory = 2
[ 2024-08-05 10:08:42,990 ] 156 : Bought 1 shares at price 71,700 | Portfolio Value = 1,031,204.15 | Budget = 37,768.3 | inventory = 3
[ 2024-08-05 10:08:43,021 ] 158 : Sold 2 shares at price 70,200 | Profit = -1,000 | Portfolio Value = 1,045,768.3 | Budget = 178,098.1 | inventory = 2
[ 2024-08-05 10:08:43,036 ] 159 : Sold 11 shares at price 69,800 | Profit = -7,700 | Portfolio Value = 1,020,498.1 | Budget = 945,514.2 | inventory = 1
[ 2024-08-05 10:08:43,051 ] 160 : Sold 1 shares at price 69,600 | Profit = -2,100 | Portfolio Value = 1,015,314.2 | Budget = 1,015,079.4 | inventory = 0
[ 2024-08-05 10:08:43,081 ] 162 : Bought 6 shares at price 68,800 | Portfolio Value = 1,015,079.4 | Budget = 602,073.0 | inventory = 1
[ 2024-08-05 10:08:43,096 ] 163 : Bought 1 shares at price 69,400 | Portfolio Value = 1,014,873.0 | Budget = 532,638.3 | inventory = 2
[ 2024-08-05 10:08:43,142 ] 166 : Sold 6 shares at price 67,500 | Profit = -7,800 | Portfolio Value = 1,011,438.3 | Budget = 937,435.8 | inventory = 1
[ 2024-08-05 10:08:43,173 ] 168 : Bought 8 shares at price 66,000 | Portfolio Value = 1,004,135.8 | Budget = 409,171.8 | inventory = 2
[ 2024-08-05 10:08:43,234 ] 172 : Sold 1 shares at price 68,000 | Profit = -1,400 | Portfolio Value = 1,029,271.8 | Budget = 477,137.8 | inventory = 1
[ 2024-08-05 10:08:43,249 ] 173 : Sold 8 shares at price 67,300 | Profit = 10,400 | Portfolio Value = 1,021,137.8 | Budget = 1,015,268.6 | inventory = 0
[ 2024-08-05 10:08:43,281 ] 175 : Bought 2 shares at price 70,500 | Portfolio Value = 1,015,268.6 | Budget = 874,198.1 | inventory = 1
[ 2024-08-05 10:08:43,312 ] 177 : Bought 4 shares at price 68,800 | Portfolio Value = 1,013,198.1 | Budget = 598,860.5 | inventory = 2
[ 2024-08-05 10:08:43,328 ] 178 : Bought 6 shares at price 68,400 | Portfolio Value = 1,011,660.5 | Budget = 188,255.3 | inventory = 3
[ 2024-08-05 10:08:43,343 ] 179 : Sold 2 shares at price 68,500 | Profit = -4,000 | Portfolio Value = 1,009,055.3 | Budget = 325,186.8 | inventory = 2
[ 2024-08-05 10:08:43,374 ] 181 : Bought 3 shares at price 66,700 | Portfolio Value = 1,005,186.8 | Budget = 124,986.75 | inventory = 3
[ 2024-08-05 10:08:43,421 ] 184 : Sold 4 shares at price 66,900 | Profit = -7,600 | Portfolio Value = 999,886.75 | Budget = 392,452.95 | inventory = 2
[ 2024-08-05 10:08:43,437 ] 185 : Bought 4 shares at price 68,600 | Portfolio Value = 994,552.95 | Budget = 117,915.75 | inventory = 3
[ 2024-08-05 10:08:43,453 ] 186 : Bought 1 shares at price 69,700 | Portfolio Value = 1,009,715.75 | Budget = 48,180.9 | inventory = 4
[ 2024-08-05 10:08:43,500 ] 189 : Sold 6 shares at price 70,900 | Profit = 15,000 | Portfolio Value = 1,040,780.9 | Budget = 473,368.2 | inventory = 3
[ 2024-08-05 10:08:43,515 ] 190 : Sold 3 shares at price 69,900 | Profit = 9,600 | Portfolio Value = 1,040,568.2 | Budget = 682,963.35 | inventory = 2
[ 2024-08-05 10:08:43,531 ] 191 : Sold 4 shares at price 70,300 | Profit = 6,800 | Portfolio Value = 1,032,463.35 | Budget = 964,022.75 | inventory = 1
[ 2024-08-05 10:08:43,546 ] 192 : Sold 1 shares at price 70,500 | Profit = 800 | Portfolio Value = 1,034,322.75 | Budget = 1,034,487.5 | inventory = 0
[ 2024-08-05 10:08:43,590 ] 195 : Bought 6 shares at price 72,200 | Portfolio Value = 1,034,487.5 | Budget = 601,070.9 | inventory = 1
[ 2024-08-05 10:08:43,621 ] 197 : Sold 6 shares at price 72,500 | Profit = 1,800 | Portfolio Value = 1,037,870.9 | Budget = 1,035,853.4 | inventory = 0
[ 2024-08-05 10:08:43,666 ] 200 : Bought 10 shares at price 72,800 | Portfolio Value = 1,035,853.4 | Budget = 307,489.4 | inventory = 1
[ 2024-08-05 10:08:43,681 ] 201 : Bought 4 shares at price 72,400 | Portfolio Value = 1,035,489.4 | Budget = 17,744.6 | inventory = 2
[ 2024-08-05 10:08:43,712 ] 203 : Sold 10 shares at price 71,300 | Profit = -15,000 | Portfolio Value = 1,021,544.6 | Budget = 730,388.1 | inventory = 1
[ 2024-08-05 10:08:43,726 ] 204 : Bought 5 shares at price 72,700 | Portfolio Value = 1,015,588.1 | Budget = 366,706.35 | inventory = 2
[ 2024-08-05 10:08:43,741 ] 205 : Bought 2 shares at price 72,700 | Portfolio Value = 1,021,006.35 | Budget = 221,233.65 | inventory = 3
[ 2024-08-05 10:08:43,771 ] 207 : Bought 2 shares at price 72,000 | Portfolio Value = 1,022,033.65 | Budget = 77,161.65 | inventory = 4
[ 2024-08-05 10:08:43,800 ] 209 : Sold 4 shares at price 71,200 | Profit = -4,800 | Portfolio Value = 1,020,961.65 | Budget = 361,819.25 | inventory = 3
[ 2024-08-05 10:08:43,814 ] 210 : Bought 4 shares at price 71,700 | Portfolio Value = 1,002,619.25 | Budget = 74,875.85 | inventory = 4
[ 2024-08-05 10:08:43,830 ] 211 : Sold 5 shares at price 71,500 | Profit = -6,000 | Portfolio Value = 1,006,975.85 | Budget = 432,197.1 | inventory = 3
[ 2024-08-05 10:08:43,877 ] 214 : Sold 2 shares at price 73,500 | Profit = 1,600 | Portfolio Value = 1,016,197.1 | Budget = 579,123.6 | inventory = 2
[ 2024-08-05 10:08:43,938 ] 218 : Sold 2 shares at price 72,900 | Profit = 1,800 | Portfolio Value = 1,018,923.6 | Budget = 724,850.7 | inventory = 1
[ 2024-08-05 10:08:43,954 ] 219 : Sold 4 shares at price 73,400 | Profit = 6,800 | Portfolio Value = 1,016,450.7 | Budget = 1,018,303.9 | inventory = 0
[ 2024-08-05 10:08:43,970 ] 220 : Bought 11 shares at price 74,800 | Portfolio Value = 1,018,303.9 | Budget = 195,092.5 | inventory = 1
[ 2024-08-05 10:08:44,003 ] 222 : Bought 1 shares at price 75,900 | Portfolio Value = 1,020,092.5 | Budget = 119,154.55 | inventory = 2
[ 2024-08-05 10:08:44,019 ] 223 : Sold 11 shares at price 76,600 | Profit = 19,800 | Portfolio Value = 1,029,954.55 | Budget = 961,333.25 | inventory = 1
[ 2024-08-05 10:08:44,035 ] 224 : Bought 11 shares at price 78,000 | Portfolio Value = 1,037,933.25 | Budget = 102,904.25 | inventory = 2
[ 2024-08-05 10:08:44,050 ] Episode: 3, Total Reward: -203,481.51943745918, Total Profit: 58,800, Profit Rate: 588.00%
[ 2024-08-05 10:08:44,050 ] ----------------------------------------------------------------------------------------------------
[ 2024-08-05 10:08:44,051 ] Starting Episode 4
[ 2024-08-05 10:08:44,098 ] 2 : Bought 1 shares at price 63,500 | Portfolio Value = 1,000,000.0 | Budget = 936,468.25 | inventory = 1
[ 2024-08-05 10:08:44,113 ] 3 : Sold 1 shares at price 63,800 | Profit = 300 | Portfolio Value = 999,968.25 | Budget = 1,000,236.35 | inventory = 0
[ 2024-08-05 10:08:44,219 ] 10 : Bought 14 shares at price 63,200 | Portfolio Value = 1,000,236.35 | Budget = 114,993.95 | inventory = 1
[ 2024-08-05 10:08:44,233 ] 11 : Bought 1 shares at price 62,200 | Portfolio Value = 999,793.95 | Budget = 52,762.85 | inventory = 2
[ 2024-08-05 10:08:44,296 ] 15 : Sold 14 shares at price 62,100 | Profit = -15,400 | Portfolio Value = 993,262.85 | Budget = 921,728.15 | inventory = 1
[ 2024-08-05 10:08:44,312 ] 16 : Bought 11 shares at price 61,100 | Portfolio Value = 983,828.15 | Budget = 249,292.1 | inventory = 2
[ 2024-08-05 10:08:44,328 ] 17 : Bought 3 shares at price 62,000 | Portfolio Value = 982,492.1 | Budget = 63,199.1 | inventory = 3
[ 2024-08-05 10:08:44,359 ] 19 : Sold 1 shares at price 60,500 | Profit = -1,700 | Portfolio Value = 982,699.1 | Budget = 123,668.85 | inventory = 2
[ 2024-08-05 10:08:44,374 ] 20 : Sold 11 shares at price 60,600 | Profit = -5,500 | Portfolio Value = 970,668.85 | Budget = 789,935.55 | inventory = 1
[ 2024-08-05 10:08:44,406 ] 22 : Sold 3 shares at price 60,500 | Profit = -4,500 | Portfolio Value = 972,335.55 | Budget = 971,344.8 | inventory = 0
[ 2024-08-05 10:08:44,422 ] 23 : Bought 4 shares at price 61,500 | Portfolio Value = 971,344.8 | Budget = 725,221.8 | inventory = 1
[ 2024-08-05 10:08:44,438 ] 24 : Bought 1 shares at price 60,700 | Portfolio Value = 971,221.8 | Budget = 664,491.45 | inventory = 2
[ 2024-08-05 10:08:44,453 ] 25 : Sold 4 shares at price 60,300 | Profit = -4,800 | Portfolio Value = 967,991.45 | Budget = 905,570.85 | inventory = 1
[ 2024-08-05 10:08:44,468 ] 26 : Sold 1 shares at price 60,100 | Profit = -600 | Portfolio Value = 965,870.85 | Budget = 965,640.8 | inventory = 0
[ 2024-08-05 10:08:44,484 ] 27 : Bought 5 shares at price 59,500 | Portfolio Value = 965,640.8 | Budget = 667,992.05 | inventory = 1
[ 2024-08-05 10:08:44,514 ] 29 : Bought 11 shares at price 59,000 | Portfolio Value = 967,992.05 | Budget = 18,667.55 | inventory = 2
[ 2024-08-05 10:08:44,529 ] 30 : Sold 5 shares at price 59,800 | Profit = 1,500 | Portfolio Value = 962,667.55 | Budget = 317,518.05 | inventory = 1
[ 2024-08-05 10:08:44,559 ] 32 : Bought 4 shares at price 61,300 | Portfolio Value = 976,418.05 | Budget = 72,195.45 | inventory = 2
[ 2024-08-05 10:08:44,575 ] 33 : Bought 1 shares at price 60,200 | Portfolio Value = 991,695.45 | Budget = 11,965.35 | inventory = 3
[ 2024-08-05 10:08:44,619 ] 36 : Sold 11 shares at price 62,300 | Profit = 36,300 | Portfolio Value = 989,565.35 | Budget = 696,922.7 | inventory = 2
[ 2024-08-05 10:08:44,683 ] 40 : Sold 4 shares at price 62,700 | Profit = 5,600 | Portfolio Value = 1,011,422.7 | Budget = 947,597.3 | inventory = 1
[ 2024-08-05 10:08:44,699 ] 41 : Bought 11 shares at price 63,200 | Portfolio Value = 1,010,297.3 | Budget = 252,049.7 | inventory = 2
[ 2024-08-05 10:08:44,730 ] 43 : Sold 1 shares at price 63,100 | Profit = 2,900 | Portfolio Value = 1,020,049.7 | Budget = 315,118.15 | inventory = 1
[ 2024-08-05 10:08:44,746 ] 44 : Sold 11 shares at price 63,600 | Profit = 4,400 | Portfolio Value = 1,009,218.15 | Budget = 1,014,368.35 | inventory = 0
[ 2024-08-05 10:08:44,824 ] 49 : Bought 12 shares at price 65,900 | Portfolio Value = 1,014,368.35 | Budget = 223,172.95 | inventory = 1
[ 2024-08-05 10:08:44,838 ] 50 : Sold 12 shares at price 66,000 | Profit = 1,200 | Portfolio Value = 1,013,972.95 | Budget = 1,014,776.95 | inventory = 0
[ 2024-08-05 10:08:44,884 ] 53 : Bought 9 shares at price 65,300 | Portfolio Value = 1,014,776.95 | Budget = 426,783.1 | inventory = 1
[ 2024-08-05 10:08:44,915 ] 55 : Bought 1 shares at price 65,500 | Portfolio Value = 1,017,183.1 | Budget = 361,250.35 | inventory = 2
[ 2024-08-05 10:08:44,930 ] 56 : Sold 9 shares at price 65,300 | Profit = 0 | Portfolio Value = 1,016,250.35 | Budget = 948,656.5 | inventory = 1
[ 2024-08-05 10:08:44,946 ] 57 : Sold 1 shares at price 65,700 | Profit = 200 | Portfolio Value = 1,013,956.5 | Budget = 1,014,323.65 | inventory = 0
[ 2024-08-05 10:08:45,053 ] 64 : Bought 10 shares at price 65,400 | Portfolio Value = 1,014,323.65 | Budget = 359,996.65 | inventory = 1
[ 2024-08-05 10:08:45,068 ] 65 : Sold 10 shares at price 65,100 | Profit = -3,000 | Portfolio Value = 1,013,996.65 | Budget = 1,010,671.15 | inventory = 0
[ 2024-08-05 10:08:45,099 ] 67 : Bought 8 shares at price 65,300 | Portfolio Value = 1,010,671.15 | Budget = 488,009.95 | inventory = 1
[ 2024-08-05 10:08:45,115 ] 68 : Bought 1 shares at price 64,600 | Portfolio Value = 1,010,409.95 | Budget = 423,377.65 | inventory = 2
[ 2024-08-05 10:08:45,130 ] 69 : Bought 2 shares at price 64,200 | Portfolio Value = 1,004,777.65 | Budget = 294,913.45 | inventory = 3
[ 2024-08-05 10:08:58,462 ] Starting Episode 1
[ 2024-08-05 10:08:58,669 ] 0 : Bought 12 shares at price 61,000 | Portfolio Value = 1,000,000 | Budget = 267,634.0 | inventory = 1
[ 2024-08-05 10:08:58,686 ] 1 : Sold 12 shares at price 61,800 | Profit = 9,600 | Portfolio Value = 999,634.0 | Budget = 1,008,863.2 | inventory = 0
[ 2024-08-05 10:08:58,716 ] 3 : Bought 4 shares at price 63,800 | Portfolio Value = 1,008,863.2 | Budget = 753,535.6 | inventory = 1
[ 2024-08-05 10:08:58,806 ] 7 : Sold 4 shares at price 63,000 | Profit = -3,200 | Portfolio Value = 1,005,935.6 | Budget = 1,005,409.6 | inventory = 0
[ 2024-08-05 10:08:58,853 ] 8 : Bought 14 shares at price 62,800 | Portfolio Value = 1,005,409.6 | Budget = 125,770.0 | inventory = 1
[ 2024-08-05 10:08:58,872 ] 9 : Sold 14 shares at price 62,900 | Profit = 1,400 | Portfolio Value = 1,004,970.0 | Budget = 1,005,929.7 | inventory = 0
[ 2024-08-05 10:08:59,039 ] 17 : Bought 5 shares at price 62,000 | Portfolio Value = 1,005,929.7 | Budget = 695,774.7 | inventory = 1
[ 2024-08-05 10:08:59,068 ] 18 : Bought 1 shares at price 61,300 | Portfolio Value = 1,005,774.7 | Budget = 634,444.05 | inventory = 2
[ 2024-08-05 10:08:59,124 ] 20 : Bought 8 shares at price 60,600 | Portfolio Value = 997,444.05 | Budget = 149,401.65 | inventory = 3
[ 2024-08-05 10:08:59,217 ] 23 : Bought 2 shares at price 61,500 | Portfolio Value = 996,401.65 | Budget = 26,340.15 | inventory = 4
[ 2024-08-05 10:08:59,249 ] 25 : Sold 5 shares at price 60,300 | Profit = -8,500 | Portfolio Value = 997,540.15 | Budget = 327,689.4 | inventory = 3
[ 2024-08-05 10:08:59,286 ] 27 : Bought 5 shares at price 59,500 | Portfolio Value = 988,789.4 | Budget = 30,040.65 | inventory = 4
[ 2024-08-05 10:08:59,404 ] 33 : Sold 1 shares at price 60,200 | Profit = -1,100 | Portfolio Value = 1,010,840.65 | Budget = 90,210.55 | inventory = 3
[ 2024-08-05 10:08:59,420 ] 34 : Sold 8 shares at price 60,300 | Profit = -2,400 | Portfolio Value = 993,210.55 | Budget = 572,369.35 | inventory = 2
[ 2024-08-05 10:08:59,435 ] 35 : Sold 2 shares at price 61,100 | Profit = -800 | Portfolio Value = 994,469.35 | Budget = 694,508.25 | inventory = 1
[ 2024-08-05 10:08:59,482 ] 38 : Sold 5 shares at price 62,100 | Profit = 13,000 | Portfolio Value = 1,009,508.25 | Budget = 1,004,853.0 | inventory = 0
[ 2024-08-05 10:08:59,498 ] 39 : Bought 2 shares at price 62,900 | Portfolio Value = 1,004,853.0 | Budget = 878,990.1 | inventory = 1
[ 2024-08-05 10:08:59,529 ] 41 : Bought 1 shares at price 63,200 | Portfolio Value = 1,004,390.1 | Budget = 815,758.5 | inventory = 2
[ 2024-08-05 10:08:59,560 ] 43 : Sold 2 shares at price 63,100 | Profit = 400 | Portfolio Value = 1,007,758.5 | Budget = 941,895.4 | inventory = 1
[ 2024-08-05 10:08:59,589 ] 45 : Bought 11 shares at price 63,900 | Portfolio Value = 1,005,495.4 | Budget = 238,643.95 | inventory = 2
[ 2024-08-05 10:08:59,620 ] 47 : Bought 2 shares at price 65,000 | Portfolio Value = 986,243.95 | Budget = 108,578.95 | inventory = 3
[ 2024-08-05 10:08:59,635 ] 48 : Bought 1 shares at price 65,700 | Portfolio Value = 1,018,578.95 | Budget = 42,846.1 | inventory = 4
[ 2024-08-05 10:08:59,665 ] 50 : Sold 1 shares at price 66,000 | Profit = 2,800 | Portfolio Value = 1,031,346.1 | Budget = 108,813.1 | inventory = 3
[ 2024-08-05 10:08:59,680 ] 51 : Sold 11 shares at price 66,100 | Profit = 24,200 | Portfolio Value = 1,032,813.1 | Budget = 835,549.55 | inventory = 2
[ 2024-08-05 10:08:59,694 ] 52 : Sold 2 shares at price 65,100 | Profit = 200 | Portfolio Value = 1,033,849.55 | Budget = 965,684.45 | inventory = 1
[ 2024-08-05 10:08:59,709 ] 53 : Sold 1 shares at price 65,300 | Profit = -400 | Portfolio Value = 1,030,784.45 | Budget = 1,030,951.8 | inventory = 0
[ 2024-08-05 10:08:59,724 ] 54 : Bought 14 shares at price 65,600 | Portfolio Value = 1,030,951.8 | Budget = 112,092.6 | inventory = 1
[ 2024-08-05 10:08:59,745 ] 55 : Sold 14 shares at price 65,500 | Profit = -1,400 | Portfolio Value = 1,030,492.6 | Budget = 1,028,634.1 | inventory = 0
[ 2024-08-05 10:08:59,837 ] 60 : Bought 15 shares at price 64,100 | Portfolio Value = 1,028,634.1 | Budget = 66,653.35 | inventory = 1
[ 2024-08-05 10:08:59,868 ] 62 : Sold 15 shares at price 65,500 | Profit = 21,000 | Portfolio Value = 1,035,653.35 | Budget = 1,048,662.1 | inventory = 0
[ 2024-08-05 10:08:59,884 ] 63 : Bought 1 shares at price 65,700 | Portfolio Value = 1,048,662.1 | Budget = 982,929.25 | inventory = 1
[ 2024-08-05 10:08:59,915 ] 65 : Bought 15 shares at price 65,100 | Portfolio Value = 1,048,329.25 | Budget = 5,941.0 | inventory = 2
[ 2024-08-05 10:08:59,944 ] 67 : Sold 1 shares at price 65,300 | Profit = -400 | Portfolio Value = 1,060,341.0 | Budget = 71,208.35 | inventory = 1
[ 2024-08-05 10:08:59,976 ] 69 : Sold 15 shares at price 64,200 | Profit = -13,500 | Portfolio Value = 1,040,208.35 | Budget = 1,033,726.85 | inventory = 0
[ 2024-08-05 10:09:00,185 ] 78 : Bought 15 shares at price 68,500 | Portfolio Value = 1,033,726.85 | Budget = 5,713.1 | inventory = 1
[ 2024-08-05 10:09:00,219 ] 80 : Sold 15 shares at price 70,300 | Profit = 27,000 | Portfolio Value = 1,037,713.1 | Budget = 1,059,685.85 | inventory = 0
[ 2024-08-05 10:09:00,237 ] 81 : Bought 5 shares at price 72,300 | Portfolio Value = 1,059,685.85 | Budget = 698,005.1 | inventory = 1
[ 2024-08-05 10:09:00,327 ] 86 : Sold 5 shares at price 71,000 | Profit = -6,500 | Portfolio Value = 1,056,505.1 | Budget = 1,052,827.6 | inventory = 0
[ 2024-08-05 10:09:00,347 ] 87 : Bought 9 shares at price 70,900 | Portfolio Value = 1,052,827.6 | Budget = 414,408.55 | inventory = 1
[ 2024-08-05 10:09:00,369 ] 88 : Sold 9 shares at price 72,000 | Profit = 9,900 | Portfolio Value = 1,052,508.55 | Budget = 1,062,084.55 | inventory = 0
[ 2024-08-05 10:09:00,387 ] 89 : Bought 2 shares at price 71,000 | Portfolio Value = 1,062,084.55 | Budget = 920,013.55 | inventory = 1
[ 2024-08-05 10:09:00,427 ] 91 : Sold 2 shares at price 71,900 | Profit = 1,800 | Portfolio Value = 1,064,013.55 | Budget = 1,063,741.65 | inventory = 0
[ 2024-08-05 10:09:00,463 ] 93 : Bought 13 shares at price 71,800 | Portfolio Value = 1,063,741.65 | Budget = 129,874.95 | inventory = 1
[ 2024-08-05 10:09:00,479 ] 94 : Sold 13 shares at price 71,200 | Profit = -7,800 | Portfolio Value = 1,063,274.95 | Budget = 1,055,012.15 | inventory = 0
[ 2024-08-05 10:09:00,494 ] 95 : Bought 8 shares at price 71,400 | Portfolio Value = 1,055,012.15 | Budget = 483,526.55 | inventory = 1
[ 2024-08-05 10:09:00,510 ] 96 : Bought 5 shares at price 70,500 | Portfolio Value = 1,054,726.55 | Budget = 130,850.3 | inventory = 2
[ 2024-08-05 10:09:00,525 ] 97 : Bought 1 shares at price 71,300 | Portfolio Value = 1,047,350.3 | Budget = 59,514.65 | inventory = 3
[ 2024-08-05 10:09:00,630 ] 104 : Sold 8 shares at price 73,000 | Profit = 12,800 | Portfolio Value = 1,070,314.65 | Budget = 643,222.65 | inventory = 2
[ 2024-08-05 10:09:00,660 ] 106 : Bought 4 shares at price 72,000 | Portfolio Value = 1,081,222.65 | Budget = 355,078.65 | inventory = 3
[ 2024-08-05 10:09:00,674 ] 107 : Sold 5 shares at price 71,600 | Profit = 5,500 | Portfolio Value = 1,075,078.65 | Budget = 712,899.65 | inventory = 2
[ 2024-08-05 10:09:00,750 ] 112 : Sold 1 shares at price 71,900 | Profit = 600 | Portfolio Value = 1,072,399.65 | Budget = 784,763.7 | inventory = 1
[ 2024-08-05 10:09:00,765 ] 113 : Sold 4 shares at price 73,400 | Profit = 5,600 | Portfolio Value = 1,072,363.7 | Budget = 1,078,216.9 | inventory = 0
[ 2024-08-05 10:09:00,780 ] 114 : Bought 1 shares at price 73,300 | Portfolio Value = 1,078,216.9 | Budget = 1,004,880.25 | inventory = 1
[ 2024-08-05 10:09:00,795 ] 115 : Sold 1 shares at price 72,000 | Profit = -1,300 | Portfolio Value = 1,078,180.25 | Budget = 1,076,844.25 | inventory = 0
[ 2024-08-05 10:09:00,856 ] 119 : Bought 3 shares at price 70,400 | Portfolio Value = 1,076,844.25 | Budget = 865,538.65 | inventory = 1
[ 2024-08-05 10:09:00,871 ] 120 : Sold 3 shares at price 70,000 | Profit = -1,200 | Portfolio Value = 1,076,738.65 | Budget = 1,075,433.65 | inventory = 0
[ 2024-08-05 10:09:00,946 ] 125 : Bought 9 shares at price 71,100 | Portfolio Value = 1,075,433.65 | Budget = 435,213.7 | inventory = 1
[ 2024-08-05 10:09:00,961 ] 126 : Sold 9 shares at price 69,900 | Profit = -10,800 | Portfolio Value = 1,075,113.7 | Budget = 1,063,999.15 | inventory = 0
[ 2024-08-05 10:09:01,008 ] 129 : Bought 14 shares at price 68,500 | Portfolio Value = 1,063,999.15 | Budget = 104,519.65 | inventory = 1
[ 2024-08-05 10:09:01,022 ] 130 : Bought 1 shares at price 67,600 | Portfolio Value = 1,063,519.65 | Budget = 36,885.85 | inventory = 2
[ 2024-08-05 10:09:01,085 ] 134 : Sold 14 shares at price 67,300 | Profit = -16,800 | Portfolio Value = 1,049,385.85 | Budget = 978,614.75 | inventory = 1
[ 2024-08-05 10:09:01,115 ] 136 : Bought 12 shares at price 66,700 | Portfolio Value = 1,045,614.75 | Budget = 177,814.55 | inventory = 2
[ 2024-08-05 10:09:01,131 ] 137 : Sold 1 shares at price 66,300 | Profit = -1,300 | Portfolio Value = 1,044,914.55 | Budget = 244,081.4 | inventory = 1
[ 2024-08-05 10:09:01,146 ] 138 : Bought 1 shares at price 66,600 | Portfolio Value = 1,039,681.4 | Budget = 177,448.1 | inventory = 2
[ 2024-08-05 10:09:01,160 ] 139 : Sold 12 shares at price 66,600 | Profit = -1,200 | Portfolio Value = 1,043,248.1 | Budget = 976,248.5 | inventory = 1
[ 2024-08-05 10:09:01,175 ] 140 : Sold 1 shares at price 67,100 | Profit = 500 | Portfolio Value = 1,042,848.5 | Budget = 1,043,314.95 | inventory = 0
[ 2024-08-05 10:09:01,206 ] 142 : Bought 13 shares at price 67,100 | Portfolio Value = 1,043,314.95 | Budget = 170,578.8 | inventory = 1
[ 2024-08-05 10:09:01,266 ] 146 : Bought 1 shares at price 66,900 | Portfolio Value = 1,042,878.8 | Budget = 103,645.35 | inventory = 2
[ 2024-08-05 10:09:01,282 ] 147 : Bought 1 shares at price 71,000 | Portfolio Value = 1,040,245.35 | Budget = 32,609.85 | inventory = 3
[ 2024-08-05 10:09:01,328 ] 150 : Sold 13 shares at price 70,000 | Profit = 37,700 | Portfolio Value = 1,093,109.85 | Budget = 942,154.85 | inventory = 2
[ 2024-08-05 10:09:01,373 ] 153 : Bought 2 shares at price 70,800 | Portfolio Value = 1,082,754.85 | Budget = 800,484.05 | inventory = 3
[ 2024-08-05 10:09:01,388 ] 154 : Sold 1 shares at price 70,500 | Profit = 3,600 | Portfolio Value = 1,083,684.05 | Budget = 870,948.8 | inventory = 2
[ 2024-08-05 10:09:01,419 ] 156 : Sold 1 shares at price 71,700 | Profit = 700 | Portfolio Value = 1,083,648.8 | Budget = 942,612.95 | inventory = 1
[ 2024-08-05 10:09:01,435 ] 157 : Sold 2 shares at price 72,000 | Profit = 2,400 | Portfolio Value = 1,086,012.95 | Budget = 1,086,540.95 | inventory = 0
[ 2024-08-05 10:09:01,478 ] 160 : Bought 13 shares at price 69,600 | Portfolio Value = 1,086,540.95 | Budget = 181,288.55 | inventory = 1
[ 2024-08-05 10:09:01,493 ] 161 : Bought 1 shares at price 68,900 | Portfolio Value = 1,086,088.55 | Budget = 112,354.1 | inventory = 2
[ 2024-08-05 10:09:01,508 ] 162 : Bought 1 shares at price 68,800 | Portfolio Value = 1,076,954.1 | Budget = 43,519.7 | inventory = 3
[ 2024-08-05 10:09:01,554 ] 165 : Sold 13 shares at price 68,400 | Profit = -15,600 | Portfolio Value = 1,072,519.7 | Budget = 932,275.1 | inventory = 2
[ 2024-08-05 10:09:01,618 ] 169 : Bought 13 shares at price 66,400 | Portfolio Value = 1,064,275.1 | Budget = 68,643.5 | inventory = 3
[ 2024-08-05 10:09:01,633 ] 170 : Sold 1 shares at price 68,200 | Profit = -700 | Portfolio Value = 1,064,643.5 | Budget = 136,809.4 | inventory = 2
[ 2024-08-05 10:09:01,663 ] 172 : Bought 2 shares at price 68,000 | Portfolio Value = 1,101,409.4 | Budget = 741.4 | inventory = 3
[ 2024-08-05 10:09:01,724 ] 176 : Sold 1 shares at price 69,500 | Profit = 700 | Portfolio Value = 1,128,741.4 | Budget = 70,206.65 | inventory = 2
[ 2024-08-05 10:09:01,739 ] 177 : Bought 1 shares at price 68,800 | Portfolio Value = 1,112,706.65 | Budget = 1,372.25 | inventory = 3
[ 2024-08-05 10:09:01,754 ] 178 : Sold 13 shares at price 68,400 | Profit = 26,000 | Portfolio Value = 1,102,172.25 | Budget = 890,127.65 | inventory = 2
[ 2024-08-05 10:09:01,785 ] 180 : Bought 10 shares at price 68,000 | Portfolio Value = 1,095,627.65 | Budget = 209,787.65 | inventory = 3
[ 2024-08-05 10:09:01,815 ] 182 : Sold 2 shares at price 67,300 | Profit = -1,400 | Portfolio Value = 1,076,887.65 | Budget = 344,320.35 | inventory = 2
[ 2024-08-05 10:09:01,831 ] 183 : Sold 1 shares at price 67,300 | Profit = -1,500 | Portfolio Value = 1,084,620.35 | Budget = 411,586.7 | inventory = 1
[ 2024-08-05 10:09:01,862 ] 185 : Bought 2 shares at price 68,600 | Portfolio Value = 1,080,586.7 | Budget = 274,318.1 | inventory = 2
[ 2024-08-05 10:09:01,876 ] 186 : Sold 10 shares at price 69,700 | Profit = 17,000 | Portfolio Value = 1,097,518.1 | Budget = 970,969.6 | inventory = 1
[ 2024-08-05 10:09:01,891 ] 187 : Bought 6 shares at price 69,600 | Portfolio Value = 1,110,369.6 | Budget = 553,160.8 | inventory = 2
[ 2024-08-05 10:09:01,906 ] 188 : Bought 6 shares at price 70,900 | Portfolio Value = 1,109,960.8 | Budget = 127,548.1 | inventory = 3
[ 2024-08-05 10:09:01,951 ] 191 : Sold 2 shares at price 70,300 | Profit = 3,400 | Portfolio Value = 1,106,148.1 | Budget = 268,077.8 | inventory = 2
[ 2024-08-05 10:09:01,967 ] 192 : Sold 6 shares at price 70,500 | Profit = 5,400 | Portfolio Value = 1,111,677.8 | Budget = 690,866.3 | inventory = 1
[ 2024-08-05 10:09:01,982 ] 193 : Bought 3 shares at price 70,400 | Portfolio Value = 1,113,866.3 | Budget = 479,560.7 | inventory = 2
[ 2024-08-05 10:09:01,998 ] 194 : Bought 2 shares at price 70,800 | Portfolio Value = 1,113,160.7 | Budget = 337,889.9 | inventory = 3
[ 2024-08-05 10:09:02,014 ] 195 : Bought 1 shares at price 72,200 | Portfolio Value = 1,116,689.9 | Budget = 265,653.8 | inventory = 4
[ 2024-08-05 10:09:02,029 ] 196 : Sold 6 shares at price 72,800 | Profit = 11,400 | Portfolio Value = 1,132,053.8 | Budget = 702,235.4 | inventory = 3
[ 2024-08-05 10:09:02,044 ] 197 : Sold 3 shares at price 72,500 | Profit = 6,300 | Portfolio Value = 1,139,035.4 | Budget = 919,626.65 | inventory = 2
[ 2024-08-05 10:09:02,060 ] 198 : Sold 2 shares at price 72,700 | Profit = 3,800 | Portfolio Value = 1,137,126.65 | Budget = 1,064,953.95 | inventory = 1
[ 2024-08-05 10:09:02,074 ] 199 : Sold 1 shares at price 72,800 | Profit = 600 | Portfolio Value = 1,137,653.95 | Budget = 1,137,717.55 | inventory = 0
[ 2024-08-05 10:09:02,096 ] 200 : Bought 10 shares at price 72,800 | Portfolio Value = 1,137,717.55 | Budget = 409,353.55 | inventory = 1
[ 2024-08-05 10:09:02,148 ] 203 : Sold 10 shares at price 71,300 | Profit = -15,000 | Portfolio Value = 1,126,353.55 | Budget = 1,121,997.05 | inventory = 0
[ 2024-08-05 10:09:02,164 ] 204 : Bought 14 shares at price 72,700 | Portfolio Value = 1,121,997.05 | Budget = 103,688.15 | inventory = 1
[ 2024-08-05 10:09:02,212 ] 207 : Bought 1 shares at price 72,000 | Portfolio Value = 1,122,888.15 | Budget = 31,652.15 | inventory = 2
[ 2024-08-05 10:09:02,277 ] 211 : Sold 14 shares at price 71,500 | Profit = -16,800 | Portfolio Value = 1,107,152.15 | Budget = 1,032,151.65 | inventory = 1
[ 2024-08-05 10:09:02,292 ] 212 : Bought 14 shares at price 72,600 | Portfolio Value = 1,103,651.65 | Budget = 15,243.45 | inventory = 2
[ 2024-08-05 10:09:02,322 ] 214 : Sold 1 shares at price 73,500 | Profit = 1,500 | Portfolio Value = 1,110,243.45 | Budget = 88,706.7 | inventory = 1
[ 2024-08-05 10:09:02,368 ] 217 : Sold 14 shares at price 73,300 | Profit = 9,800 | Portfolio Value = 1,112,106.7 | Budget = 1,114,393.6 | inventory = 0
[ 2024-08-05 10:09:02,384 ] 218 : Bought 8 shares at price 72,900 | Portfolio Value = 1,114,393.6 | Budget = 530,902.0 | inventory = 1
[ 2024-08-05 10:09:02,399 ] 219 : Sold 8 shares at price 73,400 | Profit = 4,000 | Portfolio Value = 1,114,102.0 | Budget = 1,117,808.4 | inventory = 0
[ 2024-08-05 10:09:02,414 ] 220 : Bought 6 shares at price 74,800 | Portfolio Value = 1,117,808.4 | Budget = 668,784.0 | inventory = 1
[ 2024-08-05 10:09:02,430 ] 221 : Bought 4 shares at price 75,000 | Portfolio Value = 1,117,584.0 | Budget = 368,634.0 | inventory = 2
[ 2024-08-05 10:09:02,461 ] 223 : Bought 4 shares at price 76,600 | Portfolio Value = 1,127,634.0 | Budget = 62,080.8 | inventory = 3
[ 2024-08-05 10:09:02,491 ] Episode: 1, Total Reward: -81,748.12247389056, Total Profit: 141,000, Profit Rate: 14.10%
[ 2024-08-05 10:09:02,491 ] ----------------------------------------------------------------------------------------------------
[ 2024-08-05 10:09:02,521 ] 1 : Bought 6 shares at price 61,800 | Portfolio Value = 1,000,000.0 | Budget = 629,014.6 | inventory = 1
[ 2024-08-05 10:09:02,535 ] 2 : Sold 6 shares at price 63,500 | Profit = 10,200 | Portfolio Value = 999,814.6 | Budget = 1,009,824.1 | inventory = 0
[ 2024-08-05 10:09:02,550 ] 3 : Bought 15 shares at price 63,800 | Portfolio Value = 1,009,824.1 | Budget = 52,345.6 | inventory = 1
[ 2024-08-05 10:09:02,566 ] 4 : Sold 15 shares at price 61,600 | Profit = -33,000 | Portfolio Value = 1,009,345.6 | Budget = 975,883.6 | inventory = 0
[ 2024-08-05 10:09:02,580 ] 5 : Bought 3 shares at price 61,900 | Portfolio Value = 975,883.6 | Budget = 790,090.75 | inventory = 1
[ 2024-08-05 10:09:02,596 ] 6 : Bought 8 shares at price 63,100 | Portfolio Value = 975,790.75 | Budget = 285,038.35 | inventory = 2
[ 2024-08-05 10:09:02,612 ] 7 : Bought 4 shares at price 63,000 | Portfolio Value = 979,138.35 | Budget = 32,912.35 | inventory = 3
[ 2024-08-05 10:09:02,642 ] 9 : Sold 3 shares at price 62,900 | Profit = 3,000 | Portfolio Value = 974,912.35 | Budget = 221,518.0 | inventory = 2
[ 2024-08-05 10:09:02,711 ] 12 : Bought 3 shares at price 63,700 | Portfolio Value = 967,918.0 | Budget = 30,322.45 | inventory = 3
[ 2024-08-05 10:09:02,816 ] 14 : Sold 8 shares at price 62,700 | Profit = -3,200 | Portfolio Value = 969,322.45 | Budget = 531,671.65 | inventory = 2
[ 2024-08-05 10:09:02,832 ] 15 : Sold 4 shares at price 62,100 | Profit = -3,600 | Portfolio Value = 970,571.65 | Budget = 779,947.45 | inventory = 1
[ 2024-08-05 10:09:02,849 ] 16 : Sold 3 shares at price 61,100 | Profit = -7,800 | Portfolio Value = 966,247.45 | Budget = 963,155.8 | inventory = 0
[ 2024-08-05 10:09:02,864 ] 17 : Bought 14 shares at price 62,000 | Portfolio Value = 963,155.8 | Budget = 94,721.8 | inventory = 1
[ 2024-08-05 10:09:02,895 ] 19 : Sold 14 shares at price 60,500 | Profit = -21,000 | Portfolio Value = 952,921.8 | Budget = 941,298.3 | inventory = 0
[ 2024-08-05 10:09:02,912 ] 20 : Bought 6 shares at price 60,600 | Portfolio Value = 941,298.3 | Budget = 577,516.5 | inventory = 1
[ 2024-08-05 10:09:02,928 ] 21 : Sold 6 shares at price 60,800 | Profit = 1,200 | Portfolio Value = 941,116.5 | Budget = 942,134.1 | inventory = 0
[ 2024-08-05 10:09:02,990 ] 25 : Bought 1 shares at price 60,300 | Portfolio Value = 942,134.1 | Budget = 881,803.95 | inventory = 1
[ 2024-08-05 10:09:03,006 ] 26 : Sold 1 shares at price 60,100 | Profit = -200 | Portfolio Value = 942,103.95 | Budget = 941,873.9 | inventory = 0
[ 2024-08-05 10:09:03,052 ] 29 : Bought 11 shares at price 59,000 | Portfolio Value = 941,873.9 | Budget = 292,549.4 | inventory = 1
[ 2024-08-05 10:09:03,068 ] 30 : Sold 11 shares at price 59,800 | Profit = 8,800 | Portfolio Value = 941,549.4 | Budget = 950,020.5 | inventory = 0
[ 2024-08-05 10:09:03,099 ] 32 : Bought 3 shares at price 61,300 | Portfolio Value = 950,020.5 | Budget = 766,028.55 | inventory = 1
[ 2024-08-05 10:09:03,130 ] 34 : Bought 10 shares at price 60,300 | Portfolio Value = 946,628.55 | Budget = 162,727.05 | inventory = 2
[ 2024-08-05 10:09:03,145 ] 35 : Sold 3 shares at price 61,100 | Profit = -600 | Portfolio Value = 946,627.05 | Budget = 345,935.4 | inventory = 1
[ 2024-08-05 10:09:03,176 ] 37 : Bought 1 shares at price 63,000 | Portfolio Value = 968,935.4 | Budget = 282,903.9 | inventory = 2
[ 2024-08-05 10:09:03,192 ] 38 : Sold 10 shares at price 62,100 | Profit = 18,000 | Portfolio Value = 975,903.9 | Budget = 903,593.4 | inventory = 1
[ 2024-08-05 10:09:03,207 ] 39 : Sold 1 shares at price 62,900 | Profit = -100 | Portfolio Value = 965,693.4 | Budget = 966,461.95 | inventory = 0
[ 2024-08-05 10:09:03,255 ] 42 : Bought 9 shares at price 64,000 | Portfolio Value = 966,461.95 | Budget = 390,173.95 | inventory = 1
[ 2024-08-05 10:09:03,286 ] 44 : Sold 9 shares at price 63,600 | Profit = -3,600 | Portfolio Value = 958,073.95 | Budget = 962,287.75 | inventory = 0
[ 2024-08-05 10:09:03,348 ] 48 : Bought 1 shares at price 65,700 | Portfolio Value = 962,287.75 | Budget = 896,554.9 | inventory = 1
[ 2024-08-05 10:09:03,365 ] 49 : Bought 12 shares at price 65,900 | Portfolio Value = 962,254.9 | Budget = 105,359.5 | inventory = 2
[ 2024-08-05 10:09:03,380 ] 50 : Sold 1 shares at price 66,000 | Profit = 300 | Portfolio Value = 962,059.5 | Budget = 171,326.5 | inventory = 1
[ 2024-08-05 10:09:03,396 ] 51 : Bought 2 shares at price 66,100 | Portfolio Value = 963,326.5 | Budget = 39,060.4 | inventory = 2
[ 2024-08-05 10:09:03,412 ] 52 : Sold 12 shares at price 65,100 | Profit = -9,600 | Portfolio Value = 964,460.4 | Budget = 819,869.8 | inventory = 1
[ 2024-08-05 10:09:03,431 ] 53 : Sold 2 shares at price 65,300 | Profit = -1,600 | Portfolio Value = 950,069.8 | Budget = 950,404.5 | inventory = 0
[ 2024-08-05 10:09:03,462 ] 55 : Bought 1 shares at price 65,500 | Portfolio Value = 950,404.5 | Budget = 884,871.75 | inventory = 1
[ 2024-08-05 10:09:03,478 ] 56 : Bought 5 shares at price 65,300 | Portfolio Value = 950,371.75 | Budget = 558,208.5 | inventory = 2
[ 2024-08-05 10:09:03,510 ] 58 : Bought 8 shares at price 65,200 | Portfolio Value = 952,408.5 | Budget = 36,347.7 | inventory = 3
[ 2024-08-05 10:09:03,634 ] 66 : Sold 1 shares at price 65,900 | Profit = 400 | Portfolio Value = 947,747.7 | Budget = 102,214.75 | inventory = 2
[ 2024-08-05 10:09:03,649 ] 67 : Bought 1 shares at price 65,300 | Portfolio Value = 958,914.75 | Budget = 36,882.1 | inventory = 3
[ 2024-08-05 10:09:03,697 ] 70 : Sold 5 shares at price 64,100 | Profit = -6,000 | Portfolio Value = 935,682.1 | Budget = 357,221.85 | inventory = 2
[ 2024-08-05 10:09:03,728 ] 72 : Bought 4 shares at price 65,400 | Portfolio Value = 937,721.85 | Budget = 95,491.05 | inventory = 3
[ 2024-08-05 10:09:03,775 ] 75 : Bought 1 shares at price 68,400 | Portfolio Value = 956,091.05 | Budget = 27,056.85 | inventory = 4
[ 2024-08-05 10:09:03,822 ] 78 : Sold 8 shares at price 68,500 | Profit = 26,400 | Portfolio Value = 984,656.85 | Budget = 574,782.85 | inventory = 3
[ 2024-08-05 10:09:03,838 ] 79 : Sold 1 shares at price 68,800 | Profit = 3,500 | Portfolio Value = 985,782.85 | Budget = 643,548.45 | inventory = 2
[ 2024-08-05 10:09:03,853 ] 80 : Bought 2 shares at price 70,300 | Portfolio Value = 987,548.45 | Budget = 502,878.15 | inventory = 3
[ 2024-08-05 10:09:03,882 ] 82 : Sold 4 shares at price 71,400 | Profit = 24,000 | Portfolio Value = 1,008,978.15 | Budget = 788,335.35 | inventory = 2
[ 2024-08-05 10:09:03,912 ] 84 : Bought 5 shares at price 72,200 | Portfolio Value = 1,001,035.35 | Budget = 427,154.85 | inventory = 3
[ 2024-08-05 10:09:03,958 ] 87 : Sold 1 shares at price 70,900 | Profit = 2,500 | Portfolio Value = 995,154.85 | Budget = 498,019.4 | inventory = 2
[ 2024-08-05 10:09:03,974 ] 88 : Sold 2 shares at price 72,000 | Profit = 3,400 | Portfolio Value = 994,319.4 | Budget = 641,947.4 | inventory = 1
[ 2024-08-05 10:09:03,989 ] 89 : Sold 5 shares at price 71,000 | Profit = -6,000 | Portfolio Value = 1,001,947.4 | Budget = 996,769.9 | inventory = 0
[ 2024-08-05 10:09:04,005 ] 90 : Bought 9 shares at price 72,000 | Portfolio Value = 996,769.9 | Budget = 348,445.9 | inventory = 1
[ 2024-08-05 10:09:04,065 ] 94 : Bought 1 shares at price 71,200 | Portfolio Value = 994,645.9 | Budget = 277,210.3 | inventory = 2
[ 2024-08-05 10:09:04,080 ] 95 : Sold 9 shares at price 71,400 | Profit = -5,400 | Portfolio Value = 989,210.3 | Budget = 919,489.0 | inventory = 1
[ 2024-08-05 10:09:04,096 ] 96 : Bought 2 shares at price 70,500 | Portfolio Value = 990,889.0 | Budget = 778,418.5 | inventory = 2
[ 2024-08-05 10:09:04,126 ] 98 : Sold 1 shares at price 71,600 | Profit = 400 | Portfolio Value = 992,318.5 | Budget = 849,982.7 | inventory = 1
[ 2024-08-05 10:09:04,141 ] 99 : Sold 2 shares at price 72,400 | Profit = 3,800 | Portfolio Value = 993,182.7 | Budget = 994,710.3 | inventory = 0
[ 2024-08-05 10:09:04,156 ] 100 : Bought 12 shares at price 72,600 | Portfolio Value = 994,710.3 | Budget = 123,074.7 | inventory = 1
[ 2024-08-05 10:09:04,172 ] 101 : Bought 1 shares at price 72,700 | Portfolio Value = 994,274.7 | Budget = 50,338.35 | inventory = 2
[ 2024-08-05 10:09:04,235 ] 105 : Sold 12 shares at price 73,000 | Profit = 4,800 | Portfolio Value = 999,338.35 | Budget = 925,900.35 | inventory = 1
[ 2024-08-05 10:09:04,315 ] 110 : Sold 1 shares at price 71,500 | Profit = -1,200 | Portfolio Value = 995,400.35 | Budget = 997,364.6 | inventory = 0
[ 2024-08-05 10:09:04,346 ] 112 : Bought 2 shares at price 71,900 | Portfolio Value = 997,364.6 | Budget = 853,492.7 | inventory = 1
[ 2024-08-05 10:09:04,379 ] 114 : Bought 2 shares at price 73,300 | Portfolio Value = 1,000,292.7 | Budget = 706,819.4 | inventory = 2
[ 2024-08-05 10:09:04,394 ] 115 : Bought 2 shares at price 72,000 | Portfolio Value = 1,000,019.4 | Budget = 562,747.4 | inventory = 3
[ 2024-08-05 10:09:04,426 ] 117 : Bought 5 shares at price 71,000 | Portfolio Value = 992,947.4 | Budget = 207,569.9 | inventory = 4
[ 2024-08-05 10:09:04,442 ] 118 : Bought 1 shares at price 70,300 | Portfolio Value = 988,569.9 | Budget = 137,234.75 | inventory = 5
[ 2024-08-05 10:09:04,457 ] 119 : Bought 1 shares at price 70,400 | Portfolio Value = 980,834.75 | Budget = 66,799.55 | inventory = 6
[ 2024-08-05 10:09:04,549 ] 125 : Sold 2 shares at price 71,100 | Profit = -1,600 | Portfolio Value = 974,199.55 | Budget = 208,928.45 | inventory = 5
[ 2024-08-05 10:09:04,564 ] 126 : Bought 2 shares at price 69,900 | Portfolio Value = 991,028.45 | Budget = 69,058.55 | inventory = 6
[ 2024-08-05 10:09:04,609 ] 129 : Bought 1 shares at price 68,500 | Portfolio Value = 956,958.55 | Budget = 524.3 | inventory = 7
[ 2024-08-05 10:09:04,656 ] 132 : Sold 2 shares at price 68,000 | Profit = -10,600 | Portfolio Value = 965,124.3 | Budget = 136,456.3 | inventory = 6
[ 2024-08-05 10:09:04,671 ] 133 : Bought 1 shares at price 67,500 | Portfolio Value = 952,456.3 | Budget = 68,922.55 | inventory = 7
[ 2024-08-05 10:09:04,685 ] 134 : Bought 1 shares at price 67,300 | Portfolio Value = 946,422.55 | Budget = 1,588.9 | inventory = 8
[ 2024-08-05 10:09:04,746 ] 138 : Sold 2 shares at price 66,600 | Profit = -10,800 | Portfolio Value = 929,788.9 | Budget = 134,722.3 | inventory = 7
[ 2024-08-05 10:09:04,761 ] 139 : Bought 1 shares at price 66,600 | Portfolio Value = 933,922.3 | Budget = 68,089.0 | inventory = 8
[ 2024-08-05 10:09:04,775 ] 140 : Sold 5 shares at price 67,100 | Profit = -19,500 | Portfolio Value = 933,889.0 | Budget = 403,421.25 | inventory = 7
[ 2024-08-05 10:09:04,791 ] 141 : Sold 1 shares at price 68,200 | Profit = -2,100 | Portfolio Value = 940,221.25 | Budget = 471,587.15 | inventory = 6
[ 2024-08-05 10:09:04,881 ] 147 : Sold 1 shares at price 71,000 | Profit = 600 | Portfolio Value = 939,887.15 | Budget = 542,551.65 | inventory = 5
[ 2024-08-05 10:09:04,926 ] 150 : Sold 2 shares at price 70,000 | Profit = 200 | Portfolio Value = 966,751.65 | Budget = 682,481.65 | inventory = 4
[ 2024-08-05 10:09:04,956 ] 152 : Sold 1 shares at price 70,300 | Profit = 1,800 | Portfolio Value = 964,081.65 | Budget = 752,746.5 | inventory = 3
[ 2024-08-05 10:09:05,000 ] 155 : Sold 1 shares at price 70,900 | Profit = 3,400 | Portfolio Value = 964,246.5 | Budget = 823,611.05 | inventory = 2
[ 2024-08-05 10:09:05,015 ] 156 : Bought 8 shares at price 71,700 | Portfolio Value = 965,411.05 | Budget = 249,724.25 | inventory = 3
[ 2024-08-05 10:09:05,030 ] 157 : Sold 1 shares at price 72,000 | Profit = 4,700 | Portfolio Value = 966,724.25 | Budget = 321,688.25 | inventory = 2
[ 2024-08-05 10:09:05,046 ] 158 : Sold 1 shares at price 70,200 | Profit = 3,600 | Portfolio Value = 969,688.25 | Budget = 391,853.15 | inventory = 1
[ 2024-08-05 10:09:05,060 ] 159 : Sold 8 shares at price 69,800 | Profit = -15,200 | Portfolio Value = 953,453.15 | Budget = 949,973.95 | inventory = 0
[ 2024-08-05 10:09:05,150 ] 165 : Bought 8 shares at price 68,400 | Portfolio Value = 949,973.95 | Budget = 402,500.35 | inventory = 1
[ 2024-08-05 10:09:05,165 ] 166 : Bought 1 shares at price 67,500 | Portfolio Value = 949,700.35 | Budget = 334,966.6 | inventory = 2
[ 2024-08-05 10:09:05,180 ] 167 : Sold 8 shares at price 66,700 | Profit = -13,600 | Portfolio Value = 942,466.6 | Budget = 868,299.8 | inventory = 1
[ 2024-08-05 10:09:05,195 ] 168 : Bought 7 shares at price 66,000 | Portfolio Value = 934,999.8 | Budget = 406,068.8 | inventory = 2
[ 2024-08-05 10:09:05,210 ] 169 : Sold 1 shares at price 66,400 | Profit = -1,100 | Portfolio Value = 934,068.8 | Budget = 472,435.6 | inventory = 1
[ 2024-08-05 10:09:05,225 ] 170 : Sold 7 shares at price 68,200 | Profit = 15,400 | Portfolio Value = 937,235.6 | Budget = 949,596.9 | inventory = 0
[ 2024-08-05 10:09:05,241 ] 171 : Bought 10 shares at price 68,900 | Portfolio Value = 949,596.9 | Budget = 260,252.4 | inventory = 1
[ 2024-08-05 10:09:05,257 ] 172 : Sold 10 shares at price 68,000 | Profit = -9,000 | Portfolio Value = 949,252.4 | Budget = 939,912.4 | inventory = 0
[ 2024-08-05 10:09:05,317 ] 176 : Bought 6 shares at price 69,500 | Portfolio Value = 939,912.4 | Budget = 522,703.9 | inventory = 1
[ 2024-08-05 10:09:05,332 ] 177 : Sold 6 shares at price 68,800 | Profit = -4,200 | Portfolio Value = 939,703.9 | Budget = 935,297.5 | inventory = 0
[ 2024-08-05 10:09:05,377 ] 180 : Bought 3 shares at price 68,000 | Portfolio Value = 935,297.5 | Budget = 731,195.5 | inventory = 1
[ 2024-08-05 10:09:05,407 ] 182 : Sold 3 shares at price 67,300 | Profit = -2,100 | Portfolio Value = 931,295.5 | Budget = 932,994.55 | inventory = 0
[ 2024-08-05 10:09:05,481 ] 187 : Bought 8 shares at price 69,600 | Portfolio Value = 932,994.55 | Budget = 375,916.15 | inventory = 1
[ 2024-08-05 10:09:05,496 ] 188 : Bought 5 shares at price 70,900 | Portfolio Value = 932,716.15 | Budget = 21,238.9 | inventory = 2
[ 2024-08-05 10:09:05,556 ] 192 : Sold 8 shares at price 70,500 | Profit = 7,200 | Portfolio Value = 935,138.9 | Budget = 584,956.9 | inventory = 1
[ 2024-08-05 10:09:05,572 ] 193 : Sold 5 shares at price 70,400 | Profit = -2,500 | Portfolio Value = 937,456.9 | Budget = 936,780.9 | inventory = 0
[ 2024-08-05 10:09:05,634 ] 197 : Bought 2 shares at price 72,500 | Portfolio Value = 936,780.9 | Budget = 791,708.4 | inventory = 1
[ 2024-08-05 10:09:05,664 ] 199 : Bought 2 shares at price 72,800 | Portfolio Value = 937,108.4 | Budget = 646,035.6 | inventory = 2
[ 2024-08-05 10:09:05,679 ] 200 : Bought 7 shares at price 72,800 | Portfolio Value = 937,235.6 | Budget = 136,180.8 | inventory = 3
[ 2024-08-05 10:09:05,693 ] 201 : Sold 2 shares at price 72,400 | Profit = -200 | Portfolio Value = 936,980.8 | Budget = 280,908.4 | inventory = 2
[ 2024-08-05 10:09:05,709 ] 202 : Bought 2 shares at price 71,700 | Portfolio Value = 932,508.4 | Budget = 137,436.7 | inventory = 3
[ 2024-08-05 10:09:05,753 ] 205 : Sold 2 shares at price 72,700 | Profit = -200 | Portfolio Value = 937,136.7 | Budget = 282,764.0 | inventory = 2
[ 2024-08-05 10:09:05,768 ] 206 : Bought 1 shares at price 72,800 | Portfolio Value = 937,064.0 | Budget = 209,927.6 | inventory = 3
[ 2024-08-05 10:09:05,813 ] 209 : Sold 7 shares at price 71,200 | Profit = -11,200 | Portfolio Value = 935,927.6 | Budget = 708,078.4 | inventory = 2
[ 2024-08-05 10:09:05,844 ] 211 : Sold 2 shares at price 71,500 | Profit = -400 | Portfolio Value = 923,178.4 | Budget = 851,006.9 | inventory = 1
[ 2024-08-05 10:09:05,860 ] 212 : Sold 1 shares at price 72,600 | Profit = -200 | Portfolio Value = 922,506.9 | Budget = 923,570.6 | inventory = 0
[ 2024-08-05 10:09:05,922 ] 216 : Bought 10 shares at price 73,100 | Portfolio Value = 923,570.6 | Budget = 192,205.1 | inventory = 1
[ 2024-08-05 10:09:05,937 ] 217 : Bought 2 shares at price 73,300 | Portfolio Value = 923,205.1 | Budget = 45,531.8 | inventory = 2
[ 2024-08-05 10:09:05,953 ] 218 : Sold 10 shares at price 72,900 | Profit = -2,000 | Portfolio Value = 925,131.8 | Budget = 774,167.3 | inventory = 1
[ 2024-08-05 10:09:05,968 ] 219 : Sold 2 shares at price 73,400 | Profit = 200 | Portfolio Value = 919,967.3 | Budget = 920,893.9 | inventory = 0
[ 2024-08-05 10:09:06,013 ] 222 : Bought 1 shares at price 75,900 | Portfolio Value = 920,893.9 | Budget = 844,955.95 | inventory = 1
[ 2024-08-05 10:09:06,044 ] 224 : Sold 1 shares at price 78,000 | Profit = 2,100 | Portfolio Value = 921,555.95 | Budget = 922,916.95 | inventory = 0
[ 2024-08-05 10:09:06,059 ] 225 : Bought 1 shares at price 78,500 | Portfolio Value = 922,916.95 | Budget = 844,377.7 | inventory = 1
[ 2024-08-05 10:09:06,074 ] 0 : Bought 1 shares at price 61,000 | Portfolio Value = 1,000,000 | Budget = 938,969.5 | inventory = 1
[ 2024-08-05 10:09:06,088 ] 1 : Sold 1 shares at price 61,800 | Profit = 800 | Portfolio Value = 999,969.5 | Budget = 1,000,738.6 | inventory = 0
[ 2024-08-05 10:09:06,118 ] 3 : Bought 6 shares at price 63,800 | Portfolio Value = 1,000,738.6 | Budget = 617,747.2 | inventory = 1
[ 2024-08-05 10:09:06,147 ] 5 : Bought 6 shares at price 61,900 | Portfolio Value = 987,347.2 | Budget = 246,161.5 | inventory = 2
[ 2024-08-05 10:09:06,206 ] 9 : Bought 3 shares at price 62,900 | Portfolio Value = 999,761.5 | Budget = 57,367.15 | inventory = 3
[ 2024-08-05 10:09:06,222 ] 10 : Sold 6 shares at price 63,200 | Profit = -3,600 | Portfolio Value = 1,000,867.15 | Budget = 436,377.55 | inventory = 2
[ 2024-08-05 10:09:06,236 ] 11 : Bought 1 shares at price 62,200 | Portfolio Value = 1,005,177.55 | Budget = 374,146.45 | inventory = 3
[ 2024-08-05 10:09:06,252 ] 12 : Sold 6 shares at price 63,700 | Profit = 10,800 | Portfolio Value = 996,146.45 | Budget = 756,155.35 | inventory = 2
[ 2024-08-05 10:09:06,268 ] 13 : Bought 12 shares at price 62,600 | Portfolio Value = 1,010,955.35 | Budget = 4,579.75 | inventory = 3
[ 2024-08-05 10:09:06,298 ] 15 : Sold 3 shares at price 62,100 | Profit = -2,400 | Portfolio Value = 1,007,779.75 | Budget = 190,786.6 | inventory = 2
[ 2024-08-05 10:09:06,327 ] 17 : Sold 1 shares at price 62,000 | Profit = -200 | Portfolio Value = 985,086.6 | Budget = 252,755.6 | inventory = 1
[ 2024-08-05 10:09:06,358 ] 19 : Sold 12 shares at price 60,500 | Profit = -25,200 | Portfolio Value = 988,355.6 | Budget = 978,392.6 | inventory = 0
[ 2024-08-05 10:09:06,404 ] 22 : Bought 13 shares at price 60,500 | Portfolio Value = 978,392.6 | Budget = 191,499.35 | inventory = 1
[ 2024-08-05 10:09:06,419 ] 23 : Sold 13 shares at price 61,500 | Profit = 13,000 | Portfolio Value = 977,999.35 | Budget = 990,599.6 | inventory = 0
[ 2024-08-05 10:09:06,450 ] 25 : Bought 6 shares at price 60,300 | Portfolio Value = 990,599.6 | Budget = 628,618.7 | inventory = 1
[ 2024-08-05 10:09:06,465 ] 26 : Sold 6 shares at price 60,100 | Profit = -1,200 | Portfolio Value = 990,418.7 | Budget = 989,038.4 | inventory = 0
[ 2024-08-05 10:09:06,481 ] 27 : Bought 4 shares at price 59,500 | Portfolio Value = 989,038.4 | Budget = 750,919.4 | inventory = 1
[ 2024-08-05 10:09:06,496 ] 28 : Bought 2 shares at price 60,000 | Portfolio Value = 988,919.4 | Budget = 630,859.4 | inventory = 2
[ 2024-08-05 10:09:06,511 ] 29 : Sold 4 shares at price 59,000 | Profit = -2,000 | Portfolio Value = 990,859.4 | Budget = 866,741.4 | inventory = 1
[ 2024-08-05 10:09:06,527 ] 30 : Bought 10 shares at price 59,800 | Portfolio Value = 984,741.4 | Budget = 268,442.4 | inventory = 2
[ 2024-08-05 10:09:06,542 ] 31 : Bought 4 shares at price 59,900 | Portfolio Value = 986,042.4 | Budget = 28,722.6 | inventory = 3
[ 2024-08-05 10:09:06,573 ] 33 : Sold 2 shares at price 60,200 | Profit = 400 | Portfolio Value = 1,009,522.6 | Budget = 149,062.4 | inventory = 2
[ 2024-08-05 10:09:06,619 ] 36 : Sold 10 shares at price 62,300 | Profit = 25,000 | Portfolio Value = 1,004,462.4 | Budget = 771,750.9 | inventory = 1
[ 2024-08-05 10:09:06,636 ] 37 : Sold 4 shares at price 63,000 | Profit = 12,400 | Portfolio Value = 1,020,950.9 | Budget = 1,023,624.9 | inventory = 0
[ 2024-08-05 10:09:06,651 ] 38 : Bought 10 shares at price 62,100 | Portfolio Value = 1,023,624.9 | Budget = 402,314.4 | inventory = 1
[ 2024-08-05 10:09:06,666 ] 39 : Bought 4 shares at price 62,900 | Portfolio Value = 1,023,314.4 | Budget = 150,588.6 | inventory = 2
[ 2024-08-05 10:09:06,713 ] 42 : Bought 2 shares at price 64,000 | Portfolio Value = 1,035,388.6 | Budget = 22,524.6 | inventory = 3
[ 2024-08-05 10:09:06,774 ] 46 : Sold 10 shares at price 62,300 | Profit = 2,000 | Portfolio Value = 1,044,924.6 | Budget = 645,213.1 | inventory = 2
[ 2024-08-05 10:09:06,789 ] 47 : Sold 4 shares at price 65,000 | Profit = 8,400 | Portfolio Value = 1,019,013.1 | Budget = 905,083.1 | inventory = 1
[ 2024-08-05 10:09:06,805 ] 48 : Sold 2 shares at price 65,700 | Profit = 3,400 | Portfolio Value = 1,035,083.1 | Budget = 1,036,417.4 | inventory = 0
[ 2024-08-05 10:09:06,820 ] 49 : Bought 7 shares at price 65,900 | Portfolio Value = 1,036,417.4 | Budget = 574,886.75 | inventory = 1
[ 2024-08-05 10:09:06,851 ] 51 : Sold 7 shares at price 66,100 | Profit = 1,400 | Portfolio Value = 1,036,886.75 | Budget = 1,037,355.4 | inventory = 0
[ 2024-08-05 10:09:06,957 ] 58 : Bought 7 shares at price 65,200 | Portfolio Value = 1,037,355.4 | Budget = 580,727.2 | inventory = 1
[ 2024-08-05 10:09:06,971 ] 59 : Bought 8 shares at price 63,600 | Portfolio Value = 1,037,127.2 | Budget = 71,672.8 | inventory = 2
[ 2024-08-05 10:09:06,986 ] 60 : Sold 7 shares at price 64,100 | Profit = -7,700 | Portfolio Value = 1,025,672.8 | Budget = 520,148.45 | inventory = 1
[ 2024-08-05 10:09:07,001 ] 61 : Sold 8 shares at price 64,600 | Profit = 8,000 | Portfolio Value = 1,032,948.45 | Budget = 1,036,690.05 | inventory = 0
[ 2024-08-05 10:09:07,046 ] 64 : Bought 15 shares at price 65,400 | Portfolio Value = 1,036,690.05 | Budget = 55,199.55 | inventory = 1
[ 2024-08-05 10:09:07,061 ] 65 : Sold 15 shares at price 65,100 | Profit = -4,500 | Portfolio Value = 1,036,199.55 | Budget = 1,031,211.3 | inventory = 0
[ 2024-08-05 10:09:07,107 ] 68 : Bought 12 shares at price 64,600 | Portfolio Value = 1,031,211.3 | Budget = 255,623.7 | inventory = 1
[ 2024-08-05 10:09:07,122 ] 69 : Bought 3 shares at price 64,200 | Portfolio Value = 1,030,823.7 | Budget = 62,927.4 | inventory = 2
[ 2024-08-05 10:09:07,136 ] 70 : Sold 12 shares at price 64,100 | Profit = -6,000 | Portfolio Value = 1,025,927.4 | Budget = 831,742.8 | inventory = 1
[ 2024-08-05 10:09:07,151 ] 71 : Sold 3 shares at price 64,500 | Profit = 900 | Portfolio Value = 1,024,042.8 | Budget = 1,025,146.05 | inventory = 0
[ 2024-08-05 10:09:07,182 ] 73 : Bought 5 shares at price 65,000 | Portfolio Value = 1,025,146.05 | Budget = 699,983.55 | inventory = 1
[ 2024-08-05 10:09:07,197 ] 74 : Bought 10 shares at price 66,200 | Portfolio Value = 1,024,983.55 | Budget = 37,652.55 | inventory = 2
[ 2024-08-05 10:09:07,240 ] 77 : Sold 5 shares at price 68,400 | Profit = 17,000 | Portfolio Value = 1,065,152.55 | Budget = 379,481.55 | inventory = 1
[ 2024-08-05 10:09:07,255 ] 78 : Sold 10 shares at price 68,500 | Profit = 23,000 | Portfolio Value = 1,063,481.55 | Budget = 1,064,139.05 | inventory = 0
[ 2024-08-05 10:09:07,300 ] 81 : Bought 2 shares at price 72,300 | Portfolio Value = 1,064,139.05 | Budget = 919,466.75 | inventory = 1
[ 2024-08-05 10:09:07,314 ] 82 : Sold 2 shares at price 71,400 | Profit = -1,800 | Portfolio Value = 1,064,066.75 | Budget = 1,062,195.35 | inventory = 0
[ 2024-08-05 10:09:07,375 ] 86 : Bought 13 shares at price 71,000 | Portfolio Value = 1,062,195.35 | Budget = 138,733.85 | inventory = 1
[ 2024-08-05 10:09:07,405 ] 88 : Sold 13 shares at price 72,000 | Profit = 13,000 | Portfolio Value = 1,060,433.85 | Budget = 1,074,265.85 | inventory = 0
[ 2024-08-05 10:09:07,419 ] 89 : Bought 6 shares at price 71,000 | Portfolio Value = 1,074,265.85 | Budget = 648,052.85 | inventory = 1
[ 2024-08-05 10:09:07,449 ] 91 : Sold 6 shares at price 71,900 | Profit = 5,400 | Portfolio Value = 1,080,052.85 | Budget = 1,079,237.15 | inventory = 0
[ 2024-08-05 10:09:07,464 ] 92 : Bought 15 shares at price 71,500 | Portfolio Value = 1,079,237.15 | Budget = 6,200.9 | inventory = 1
[ 2024-08-05 10:09:07,510 ] 95 : Sold 15 shares at price 71,400 | Profit = -1,500 | Portfolio Value = 1,074,200.9 | Budget = 1,076,665.4 | inventory = 0
[ 2024-08-05 10:09:07,525 ] 96 : Bought 1 shares at price 70,500 | Portfolio Value = 1,076,665.4 | Budget = 1,006,130.15 | inventory = 1
[ 2024-08-05 10:09:07,540 ] 97 : Sold 1 shares at price 71,300 | Profit = 800 | Portfolio Value = 1,076,630.15 | Budget = 1,077,394.5 | inventory = 0
[ 2024-08-05 10:09:07,555 ] 98 : Bought 13 shares at price 71,600 | Portfolio Value = 1,077,394.5 | Budget = 146,129.1 | inventory = 1
[ 2024-08-05 10:09:07,570 ] 99 : Sold 13 shares at price 72,400 | Profit = 10,400 | Portfolio Value = 1,076,929.1 | Budget = 1,086,858.5 | inventory = 0
[ 2024-08-05 10:09:07,585 ] 100 : Bought 5 shares at price 72,600 | Portfolio Value = 1,086,858.5 | Budget = 723,677.0 | inventory = 1
[ 2024-08-05 10:09:07,599 ] 101 : Bought 8 shares at price 72,700 | Portfolio Value = 1,086,677.0 | Budget = 141,786.2 | inventory = 2
[ 2024-08-05 10:09:07,614 ] 102 : Sold 5 shares at price 72,400 | Profit = -1,000 | Portfolio Value = 1,086,886.2 | Budget = 503,605.2 | inventory = 1
[ 2024-08-05 10:09:07,629 ] 103 : Bought 6 shares at price 72,200 | Portfolio Value = 1,082,805.2 | Budget = 70,188.6 | inventory = 2
[ 2024-08-05 10:09:07,674 ] 106 : Sold 8 shares at price 72,000 | Profit = -5,600 | Portfolio Value = 1,092,188.6 | Budget = 645,900.6 | inventory = 1
[ 2024-08-05 10:09:07,690 ] 107 : Bought 2 shares at price 71,600 | Portfolio Value = 1,077,900.6 | Budget = 502,629.0 | inventory = 2
[ 2024-08-05 10:09:07,705 ] 108 : Sold 6 shares at price 69,900 | Profit = -13,800 | Portfolio Value = 1,075,429.0 | Budget = 921,819.3 | inventory = 1
[ 2024-08-05 10:09:07,766 ] 112 : Bought 6 shares at price 71,900 | Portfolio Value = 1,065,619.3 | Budget = 490,203.6 | inventory = 2
[ 2024-08-05 10:09:07,781 ] 113 : Bought 2 shares at price 73,400 | Portfolio Value = 1,065,403.6 | Budget = 343,330.2 | inventory = 3
[ 2024-08-05 10:09:07,796 ] 114 : Bought 3 shares at price 73,300 | Portfolio Value = 1,077,330.2 | Budget = 123,320.25 | inventory = 4
[ 2024-08-05 10:09:07,811 ] 115 : Bought 1 shares at price 72,000 | Portfolio Value = 1,076,220.25 | Budget = 51,284.25 | inventory = 5
[ 2024-08-05 10:09:07,826 ] 116 : Sold 2 shares at price 71,700 | Profit = 200 | Portfolio Value = 1,059,284.25 | Budget = 194,612.55 | inventory = 4
[ 2024-08-05 10:09:07,841 ] 117 : Bought 1 shares at price 71,000 | Portfolio Value = 1,055,012.55 | Budget = 123,577.05 | inventory = 5
[ 2024-08-05 10:09:07,856 ] 118 : Bought 1 shares at price 70,300 | Portfolio Value = 1,046,577.05 | Budget = 53,241.9 | inventory = 6
[ 2024-08-05 10:09:07,871 ] 119 : Sold 6 shares at price 70,400 | Profit = -9,000 | Portfolio Value = 1,037,441.9 | Budget = 475,430.7 | inventory = 5
[ 2024-08-05 10:09:07,886 ] 120 : Bought 3 shares at price 70,000 | Portfolio Value = 1,038,630.7 | Budget = 265,325.7 | inventory = 6
[ 2024-08-05 10:09:07,902 ] 121 : Bought 1 shares at price 69,800 | Portfolio Value = 1,035,325.7 | Budget = 195,490.8 | inventory = 7
[ 2024-08-05 10:09:07,918 ] 122 : Sold 2 shares at price 71,700 | Profit = -3,400 | Portfolio Value = 1,033,090.8 | Budget = 338,819.1 | inventory = 6
[ 2024-08-05 10:09:07,932 ] 123 : Sold 3 shares at price 70,600 | Profit = -8,100 | Portfolio Value = 1,055,819.1 | Budget = 550,513.2 | inventory = 5
[ 2024-08-05 10:09:07,964 ] 125 : Sold 1 shares at price 71,100 | Profit = -900 | Portfolio Value = 1,039,113.2 | Budget = 621,577.65 | inventory = 4
[ 2024-08-05 10:09:07,980 ] 126 : Bought 7 shares at price 69,900 | Portfolio Value = 1,048,177.65 | Budget = 132,033.0 | inventory = 5
[ 2024-08-05 10:09:08,012 ] 128 : Bought 1 shares at price 68,300 | Portfolio Value = 1,026,433.0 | Budget = 63,698.85 | inventory = 6
[ 2024-08-05 10:09:08,027 ] 129 : Sold 1 shares at price 68,500 | Profit = -2,500 | Portfolio Value = 1,019,898.85 | Budget = 132,164.6 | inventory = 5
[ 2024-08-05 10:09:08,042 ] 130 : Bought 1 shares at price 67,600 | Portfolio Value = 1,022,664.6 | Budget = 64,530.8 | inventory = 6
[ 2024-08-05 10:09:08,229 ] 142 : Sold 1 shares at price 67,100 | Profit = -3,200 | Portfolio Value = 1,019,330.8 | Budget = 131,597.25 | inventory = 5
[ 2024-08-05 10:09:08,244 ] 143 : Bought 1 shares at price 66,800 | Portfolio Value = 1,003,897.25 | Budget = 64,763.85 | inventory = 6
[ 2024-08-05 10:09:08,260 ] 144 : Sold 3 shares at price 66,800 | Profit = -9,600 | Portfolio Value = 999,963.85 | Budget = 265,063.65 | inventory = 5
[ 2024-08-05 10:09:08,397 ] 153 : Bought 2 shares at price 70,800 | Portfolio Value = 1,038,363.65 | Budget = 123,392.85 | inventory = 6
[ 2024-08-05 10:09:08,427 ] 155 : Bought 1 shares at price 70,900 | Portfolio Value = 1,039,892.85 | Budget = 52,457.4 | inventory = 7
[ 2024-08-05 10:09:08,461 ] 157 : Sold 1 shares at price 72,000 | Profit = 2,200 | Portfolio Value = 1,056,257.4 | Budget = 124,421.4 | inventory = 6
[ 2024-08-05 10:09:08,493 ] 159 : Sold 7 shares at price 69,800 | Profit = -700 | Portfolio Value = 1,037,021.4 | Budget = 612,777.1 | inventory = 5
[ 2024-08-05 10:09:08,508 ] 160 : Bought 4 shares at price 69,600 | Portfolio Value = 1,031,577.1 | Budget = 334,237.9 | inventory = 6
[ 2024-08-05 10:09:08,538 ] 162 : Sold 1 shares at price 68,800 | Profit = 500 | Portfolio Value = 1,023,237.9 | Budget = 403,003.5 | inventory = 5
[ 2024-08-05 10:09:08,554 ] 163 : Sold 1 shares at price 69,400 | Profit = 1,800 | Portfolio Value = 1,022,203.5 | Budget = 472,368.8 | inventory = 4
[ 2024-08-05 10:09:08,601 ] 166 : Sold 1 shares at price 67,500 | Profit = 700 | Portfolio Value = 1,019,568.8 | Budget = 539,835.05 | inventory = 3
[ 2024-08-05 10:09:08,615 ] 167 : Sold 2 shares at price 66,700 | Profit = -8,200 | Portfolio Value = 1,012,335.05 | Budget = 673,168.35 | inventory = 2
[ 2024-08-05 10:09:08,660 ] 170 : Bought 9 shares at price 68,200 | Portfolio Value = 1,005,168.35 | Budget = 59,061.45 | inventory = 3
[ 2024-08-05 10:09:08,737 ] 175 : Sold 1 shares at price 70,500 | Profit = -400 | Portfolio Value = 1,030,661.45 | Budget = 129,526.2 | inventory = 2
[ 2024-08-05 10:09:08,785 ] 178 : Sold 4 shares at price 68,400 | Profit = -4,800 | Portfolio Value = 1,023,926.2 | Budget = 402,989.4 | inventory = 1
[ 2024-08-05 10:09:08,801 ] 179 : Sold 9 shares at price 68,500 | Profit = 2,700 | Portfolio Value = 1,018,589.4 | Budget = 1,019,181.15 | inventory = 0
[ 2024-08-05 10:09:08,817 ] 180 : Bought 9 shares at price 68,000 | Portfolio Value = 1,019,181.15 | Budget = 406,875.15 | inventory = 1
[ 2024-08-05 10:09:08,833 ] 181 : Bought 2 shares at price 66,700 | Portfolio Value = 1,018,875.15 | Budget = 273,408.45 | inventory = 2
[ 2024-08-05 10:09:08,864 ] 183 : Bought 1 shares at price 67,300 | Portfolio Value = 1,013,708.45 | Budget = 206,074.8 | inventory = 3
[ 2024-08-05 10:09:08,880 ] 184 : Bought 2 shares at price 66,900 | Portfolio Value = 1,013,674.8 | Budget = 72,207.9 | inventory = 4
[ 2024-08-05 10:09:08,925 ] 187 : Bought 1 shares at price 69,600 | Portfolio Value = 1,048,007.9 | Budget = 2,573.1 | inventory = 5
[ 2024-08-05 10:09:09,015 ] 193 : Sold 9 shares at price 70,400 | Profit = 21,600 | Portfolio Value = 1,060,073.1 | Budget = 635,856.3 | inventory = 4
[ 2024-08-05 10:09:09,030 ] 194 : Bought 2 shares at price 70,800 | Portfolio Value = 1,058,256.3 | Budget = 494,185.5 | inventory = 5
[ 2024-08-05 10:09:09,046 ] 195 : Sold 2 shares at price 72,200 | Profit = 11,000 | Portfolio Value = 1,060,585.5 | Budget = 638,513.3 | inventory = 4
[ 2024-08-05 10:09:09,061 ] 196 : Sold 1 shares at price 72,800 | Profit = 5,500 | Portfolio Value = 1,071,713.3 | Budget = 711,276.9 | inventory = 3
[ 2024-08-05 10:09:09,077 ] 197 : Bought 5 shares at price 72,500 | Portfolio Value = 1,075,276.9 | Budget = 348,595.65 | inventory = 4
[ 2024-08-05 10:09:09,108 ] 199 : Bought 3 shares at price 72,800 | Portfolio Value = 1,075,595.65 | Budget = 130,086.45 | inventory = 5
[ 2024-08-05 10:09:09,124 ] 200 : Bought 1 shares at price 72,800 | Portfolio Value = 1,076,486.45 | Budget = 57,250.05 | inventory = 6
[ 2024-08-05 10:09:09,140 ] 201 : Sold 2 shares at price 72,400 | Profit = 11,000 | Portfolio Value = 1,076,450.05 | Budget = 201,977.65 | inventory = 5
[ 2024-08-05 10:09:09,155 ] 202 : Bought 1 shares at price 71,700 | Portfolio Value = 1,070,777.65 | Budget = 130,241.8 | inventory = 6
[ 2024-08-05 10:09:09,201 ] 205 : Bought 1 shares at price 72,700 | Portfolio Value = 1,075,341.8 | Budget = 57,505.45 | inventory = 7
[ 2024-08-05 10:09:09,261 ] 209 : Sold 1 shares at price 71,200 | Profit = 1,600 | Portfolio Value = 1,073,905.45 | Budget = 128,669.85 | inventory = 6
[ 2024-08-05 10:09:09,277 ] 210 : Bought 1 shares at price 71,700 | Portfolio Value = 1,054,269.85 | Budget = 56,934.0 | inventory = 7
[ 2024-08-05 10:09:09,413 ] 219 : Sold 2 shares at price 73,400 | Profit = 5,200 | Portfolio Value = 1,077,534.0 | Budget = 203,660.6 | inventory = 6
[ 2024-08-05 10:09:09,444 ] 221 : Bought 1 shares at price 75,000 | Portfolio Value = 1,101,260.6 | Budget = 128,623.1 | inventory = 7
[ 2024-08-05 10:09:09,459 ] 222 : Bought 1 shares at price 75,900 | Portfolio Value = 1,103,623.1 | Budget = 52,685.15 | inventory = 8
[ 2024-08-05 10:09:09,474 ] 223 : Sold 5 shares at price 76,600 | Profit = 20,500 | Portfolio Value = 1,115,285.15 | Budget = 435,493.65 | inventory = 7
[ 2024-08-05 10:09:09,505 ] 225 : Bought 1 shares at price 78,500 | Portfolio Value = 1,137,493.65 | Budget = 356,954.4 | inventory = 8
[ 2024-08-05 10:09:09,627 ] 7 : Bought 4 shares at price 63,000 | Portfolio Value = 1,000,000.0 | Budget = 747,874.0 | inventory = 1
[ 2024-08-05 10:09:09,643 ] 8 : Bought 6 shares at price 62,800 | Portfolio Value = 999,874.0 | Budget = 370,885.6 | inventory = 2
[ 2024-08-05 10:09:09,673 ] 10 : Sold 4 shares at price 63,200 | Profit = 800 | Portfolio Value = 999,885.6 | Budget = 623,559.2 | inventory = 1
[ 2024-08-05 10:09:09,719 ] 13 : Bought 6 shares at price 62,600 | Portfolio Value = 1,005,759.2 | Budget = 247,771.4 | inventory = 2
[ 2024-08-05 10:09:09,735 ] 14 : Bought 3 shares at price 62,700 | Portfolio Value = 998,971.4 | Budget = 59,577.35 | inventory = 3
[ 2024-08-05 10:09:09,932 ] 27 : Sold 6 shares at price 59,500 | Profit = -19,800 | Portfolio Value = 961,077.35 | Budget = 416,398.85 | inventory = 2
[ 2024-08-05 10:09:09,963 ] 29 : Sold 6 shares at price 59,000 | Profit = -21,600 | Portfolio Value = 956,398.85 | Budget = 770,221.85 | inventory = 1
[ 2024-08-05 10:09:09,995 ] 31 : Sold 3 shares at price 59,900 | Profit = -8,400 | Portfolio Value = 949,621.85 | Budget = 949,832.0 | inventory = 0
[ 2024-08-05 10:09:10,025 ] 33 : Bought 15 shares at price 60,200 | Portfolio Value = 949,832.0 | Budget = 46,380.5 | inventory = 1
[ 2024-08-05 10:09:10,085 ] 37 : Sold 15 shares at price 63,000 | Profit = 42,000 | Portfolio Value = 980,880.5 | Budget = 990,908.0 | inventory = 0
[ 2024-08-05 10:09:10,218 ] 46 : Bought 10 shares at price 62,300 | Portfolio Value = 990,908.0 | Budget = 367,596.5 | inventory = 1
[ 2024-08-05 10:09:10,233 ] 47 : Sold 10 shares at price 65,000 | Profit = 27,000 | Portfolio Value = 990,596.5 | Budget = 1,017,271.5 | inventory = 0
[ 2024-08-05 10:09:10,338 ] 54 : Bought 14 shares at price 65,600 | Portfolio Value = 1,017,271.5 | Budget = 98,412.3 | inventory = 1
[ 2024-08-05 10:09:10,353 ] 55 : Bought 1 shares at price 65,500 | Portfolio Value = 1,016,812.3 | Budget = 32,879.55 | inventory = 2
[ 2024-08-05 10:09:10,382 ] 57 : Sold 14 shares at price 65,700 | Profit = 1,400 | Portfolio Value = 1,012,379.55 | Budget = 952,219.65 | inventory = 1
[ 2024-08-05 10:09:10,396 ] 58 : Bought 13 shares at price 65,200 | Portfolio Value = 1,017,919.65 | Budget = 104,195.85 | inventory = 2
[ 2024-08-05 10:09:10,411 ] 59 : Sold 1 shares at price 63,600 | Profit = -1,900 | Portfolio Value = 1,016,995.85 | Budget = 167,764.05 | inventory = 1
[ 2024-08-05 10:09:10,426 ] 60 : Bought 2 shares at price 64,100 | Portfolio Value = 994,564.05 | Budget = 39,499.95 | inventory = 2
[ 2024-08-05 10:09:10,485 ] 64 : Sold 13 shares at price 65,400 | Profit = 2,600 | Portfolio Value = 1,024,999.95 | Budget = 889,274.85 | inventory = 1
[ 2024-08-05 10:09:10,501 ] 65 : Bought 9 shares at price 65,100 | Portfolio Value = 1,020,074.85 | Budget = 303,081.9 | inventory = 2
[ 2024-08-05 10:09:10,530 ] 67 : Sold 2 shares at price 65,300 | Profit = 2,400 | Portfolio Value = 1,027,981.9 | Budget = 433,616.6 | inventory = 1
[ 2024-08-05 10:09:10,545 ] 68 : Bought 5 shares at price 64,600 | Portfolio Value = 1,021,316.6 | Budget = 110,455.1 | inventory = 2
[ 2024-08-05 10:09:10,560 ] 69 : Bought 1 shares at price 64,200 | Portfolio Value = 1,014,855.1 | Budget = 46,223.0 | inventory = 3
[ 2024-08-05 10:09:10,575 ] 70 : Sold 9 shares at price 64,100 | Profit = -9,000 | Portfolio Value = 1,009,223.0 | Budget = 622,834.55 | inventory = 2
[ 2024-08-05 10:09:10,590 ] 71 : Bought 4 shares at price 64,500 | Portfolio Value = 1,007,434.55 | Budget = 364,705.55 | inventory = 3
[ 2024-08-05 10:09:10,620 ] 73 : Sold 5 shares at price 65,000 | Profit = 2,000 | Portfolio Value = 1,018,705.55 | Budget = 689,543.05 | inventory = 2
[ 2024-08-05 10:09:10,634 ] 74 : Bought 5 shares at price 66,200 | Portfolio Value = 1,014,543.05 | Budget = 358,377.55 | inventory = 3
[ 2024-08-05 10:09:10,650 ] 75 : Bought 4 shares at price 68,400 | Portfolio Value = 1,020,377.55 | Budget = 84,640.75 | inventory = 4
[ 2024-08-05 10:09:10,680 ] 77 : Sold 1 shares at price 68,400 | Profit = 4,200 | Portfolio Value = 1,043,640.75 | Budget = 153,006.55 | inventory = 3
[ 2024-08-05 10:09:10,694 ] 78 : Bought 1 shares at price 68,500 | Portfolio Value = 1,042,206.55 | Budget = 84,472.3 | inventory = 4
[ 2024-08-05 10:09:10,711 ] 79 : Bought 1 shares at price 68,800 | Portfolio Value = 1,043,472.3 | Budget = 15,637.9 | inventory = 5
[ 2024-08-05 10:09:10,726 ] 80 : Sold 4 shares at price 70,300 | Profit = 23,200 | Portfolio Value = 1,047,637.9 | Budget = 296,697.3 | inventory = 4
[ 2024-08-05 10:09:10,741 ] 81 : Sold 5 shares at price 72,300 | Profit = 30,500 | Portfolio Value = 1,069,997.3 | Budget = 658,016.55 | inventory = 3
[ 2024-08-05 10:09:10,802 ] 85 : Sold 4 shares at price 71,700 | Profit = 13,200 | Portfolio Value = 1,091,216.55 | Budget = 944,673.15 | inventory = 2
[ 2024-08-05 10:09:10,832 ] 87 : Bought 5 shares at price 70,900 | Portfolio Value = 1,086,673.15 | Budget = 589,995.9 | inventory = 3
[ 2024-08-05 10:09:10,847 ] 88 : Sold 1 shares at price 72,000 | Profit = 3,500 | Portfolio Value = 1,086,295.9 | Budget = 661,959.9 | inventory = 2
[ 2024-08-05 10:09:10,862 ] 89 : Sold 1 shares at price 71,000 | Profit = 2,200 | Portfolio Value = 1,093,959.9 | Budget = 732,924.4 | inventory = 1
[ 2024-08-05 10:09:10,877 ] 90 : Bought 1 shares at price 72,000 | Portfolio Value = 1,087,924.4 | Budget = 660,888.4 | inventory = 2
[ 2024-08-05 10:09:10,893 ] 91 : Sold 5 shares at price 71,900 | Profit = 5,000 | Portfolio Value = 1,092,888.4 | Budget = 1,020,208.65 | inventory = 1
[ 2024-08-05 10:09:10,923 ] 93 : Sold 1 shares at price 71,800 | Profit = -200 | Portfolio Value = 1,091,708.65 | Budget = 1,091,972.75 | inventory = 0
[ 2024-08-05 10:09:10,952 ] 95 : Bought 1 shares at price 71,400 | Portfolio Value = 1,091,972.75 | Budget = 1,020,537.05 | inventory = 1
[ 2024-08-05 10:09:10,967 ] 96 : Sold 1 shares at price 70,500 | Profit = -900 | Portfolio Value = 1,091,937.05 | Budget = 1,091,001.8 | inventory = 0
[ 2024-08-05 10:09:11,042 ] 101 : Bought 5 shares at price 72,700 | Portfolio Value = 1,091,001.8 | Budget = 727,320.05 | inventory = 1
[ 2024-08-05 10:09:11,058 ] 102 : Sold 5 shares at price 72,400 | Profit = -1,500 | Portfolio Value = 1,090,820.05 | Budget = 1,089,139.05 | inventory = 0
[ 2024-08-05 10:09:11,073 ] 103 : Bought 8 shares at price 72,200 | Portfolio Value = 1,089,139.05 | Budget = 511,250.25 | inventory = 1
[ 2024-08-05 10:09:11,104 ] 105 : Bought 7 shares at price 73,000 | Portfolio Value = 1,095,250.25 | Budget = -5.25 | inventory = 2
[ 2024-08-05 10:09:11,134 ] 107 : Sold 8 shares at price 71,600 | Profit = -4,800 | Portfolio Value = 1,079,994.75 | Budget = 572,508.35 | inventory = 1
[ 2024-08-05 10:09:11,149 ] 108 : Bought 4 shares at price 69,900 | Portfolio Value = 1,073,708.35 | Budget = 292,768.55 | inventory = 2
[ 2024-08-05 10:09:11,164 ] 109 : Bought 4 shares at price 69,500 | Portfolio Value = 1,061,668.55 | Budget = 14,629.55 | inventory = 3
[ 2024-08-05 10:09:11,195 ] 111 : Sold 7 shares at price 71,900 | Profit = -7,700 | Portfolio Value = 1,087,129.55 | Budget = 517,677.9 | inventory = 2
[ 2024-08-05 10:09:11,225 ] 113 : Bought 2 shares at price 73,400 | Portfolio Value = 1,092,877.9 | Budget = 370,804.5 | inventory = 3
[ 2024-08-05 10:09:11,240 ] 114 : Bought 4 shares at price 73,300 | Portfolio Value = 1,104,804.5 | Budget = 77,457.9 | inventory = 4
[ 2024-08-05 10:09:11,255 ] 115 : Bought 1 shares at price 72,000 | Portfolio Value = 1,103,657.9 | Budget = 5,421.9 | inventory = 5
[ 2024-08-05 10:09:11,285 ] 117 : Sold 4 shares at price 71,000 | Profit = 4,400 | Portfolio Value = 1,080,921.9 | Budget = 289,279.9 | inventory = 4
[ 2024-08-05 10:09:11,301 ] 118 : Sold 4 shares at price 70,300 | Profit = 3,200 | Portfolio Value = 1,070,279.9 | Budget = 570,339.3 | inventory = 3
[ 2024-08-05 10:09:11,316 ] 119 : Bought 3 shares at price 70,400 | Portfolio Value = 1,062,439.3 | Budget = 359,033.7 | inventory = 4
[ 2024-08-05 10:09:11,331 ] 120 : Sold 2 shares at price 70,000 | Profit = -6,800 | Portfolio Value = 1,063,033.7 | Budget = 498,963.7 | inventory = 3
[ 2024-08-05 10:09:11,345 ] 121 : Sold 4 shares at price 69,800 | Profit = -14,000 | Portfolio Value = 1,058,963.7 | Budget = 778,024.1 | inventory = 2
[ 2024-08-05 10:09:11,360 ] 122 : Sold 1 shares at price 71,700 | Profit = -300 | Portfolio Value = 1,057,224.1 | Budget = 849,688.25 | inventory = 1
[ 2024-08-05 10:09:11,390 ] 124 : Bought 10 shares at price 69,800 | Portfolio Value = 1,061,488.25 | Budget = 151,339.25 | inventory = 2
[ 2024-08-05 10:09:11,406 ] 125 : Bought 1 shares at price 71,100 | Portfolio Value = 1,058,739.25 | Budget = 80,203.7 | inventory = 3
[ 2024-08-05 10:09:11,420 ] 126 : Bought 1 shares at price 69,900 | Portfolio Value = 1,075,603.7 | Budget = 10,268.75 | inventory = 4
[ 2024-08-05 10:09:11,436 ] 127 : Sold 3 shares at price 68,800 | Profit = -4,800 | Portfolio Value = 1,058,768.75 | Budget = 216,565.55 | inventory = 3
[ 2024-08-05 10:09:11,450 ] 128 : Sold 10 shares at price 68,300 | Profit = -15,000 | Portfolio Value = 1,042,165.55 | Budget = 899,224.05 | inventory = 2
[ 2024-08-05 10:09:11,466 ] 129 : Sold 1 shares at price 68,500 | Profit = -2,600 | Portfolio Value = 1,035,824.05 | Budget = 967,689.8 | inventory = 1
[ 2024-08-05 10:09:11,481 ] 130 : Bought 3 shares at price 67,600 | Portfolio Value = 1,036,189.8 | Budget = 764,788.4 | inventory = 2
[ 2024-08-05 10:09:11,512 ] 132 : Sold 1 shares at price 68,000 | Profit = -1,900 | Portfolio Value = 1,040,388.4 | Budget = 832,754.4 | inventory = 1
[ 2024-08-05 10:09:11,527 ] 133 : Sold 3 shares at price 67,500 | Profit = -300 | Portfolio Value = 1,036,754.4 | Budget = 1,035,153.15 | inventory = 0
[ 2024-08-05 10:09:11,587 ] 137 : Bought 3 shares at price 66,300 | Portfolio Value = 1,035,153.15 | Budget = 836,153.7 | inventory = 1
[ 2024-08-05 10:09:11,602 ] 138 : Bought 9 shares at price 66,600 | Portfolio Value = 1,035,053.7 | Budget = 236,454.0 | inventory = 2
[ 2024-08-05 10:09:11,616 ] 139 : Bought 1 shares at price 66,600 | Portfolio Value = 1,035,654.0 | Budget = 169,820.7 | inventory = 3
[ 2024-08-05 10:09:11,647 ] 141 : Bought 2 shares at price 68,200 | Portfolio Value = 1,042,120.7 | Budget = 33,352.5 | inventory = 4
[ 2024-08-05 10:09:11,661 ] 142 : Sold 3 shares at price 67,100 | Profit = 2,400 | Portfolio Value = 1,056,352.5 | Budget = 234,551.85 | inventory = 3
[ 2024-08-05 10:09:11,692 ] 144 : Bought 1 shares at price 66,800 | Portfolio Value = 1,036,151.85 | Budget = 167,718.45 | inventory = 4
[ 2024-08-05 10:09:11,707 ] 145 : Bought 2 shares at price 67,100 | Portfolio Value = 1,036,118.45 | Budget = 33,451.35 | inventory = 5
[ 2024-08-05 10:09:11,737 ] 147 : Sold 9 shares at price 71,000 | Profit = 39,600 | Portfolio Value = 1,036,951.35 | Budget = 672,131.85 | inventory = 4
[ 2024-08-05 10:09:11,752 ] 148 : Bought 3 shares at price 71,200 | Portfolio Value = 1,098,131.85 | Budget = 458,425.05 | inventory = 5
[ 2024-08-05 10:09:11,767 ] 149 : Bought 6 shares at price 70,700 | Portfolio Value = 1,099,225.05 | Budget = 34,012.95 | inventory = 6
[ 2024-08-05 10:09:11,782 ] 150 : Sold 1 shares at price 70,000 | Profit = 3,400 | Portfolio Value = 1,094,512.95 | Budget = 103,977.95 | inventory = 5
[ 2024-08-05 10:09:11,798 ] 151 : Bought 1 shares at price 70,400 | Portfolio Value = 1,083,977.95 | Budget = 33,542.75 | inventory = 6
[ 2024-08-05 10:09:11,904 ] 158 : Sold 2 shares at price 70,200 | Profit = 4,000 | Portfolio Value = 1,113,542.75 | Budget = 173,872.55 | inventory = 5
[ 2024-08-05 10:09:11,919 ] 159 : Bought 1 shares at price 69,800 | Portfolio Value = 1,086,472.55 | Budget = 104,037.65 | inventory = 6
[ 2024-08-05 10:09:11,935 ] 160 : Bought 1 shares at price 69,600 | Portfolio Value = 1,081,237.65 | Budget = 34,402.85 | inventory = 7
[ 2024-08-05 10:09:12,010 ] 165 : Sold 1 shares at price 68,400 | Profit = 1,600 | Portfolio Value = 1,063,402.85 | Budget = 102,768.65 | inventory = 6
[ 2024-08-05 10:09:12,041 ] 167 : Bought 1 shares at price 66,700 | Portfolio Value = 1,047,768.65 | Budget = 36,035.3 | inventory = 7
[ 2024-08-05 10:09:12,070 ] 169 : Sold 2 shares at price 66,400 | Profit = -1,400 | Portfolio Value = 1,026,035.3 | Budget = 168,768.9 | inventory = 6
[ 2024-08-05 10:09:12,085 ] 170 : Bought 1 shares at price 68,200 | Portfolio Value = 1,031,968.9 | Budget = 100,534.8 | inventory = 7
[ 2024-08-05 10:09:12,099 ] 171 : Bought 1 shares at price 68,900 | Portfolio Value = 1,055,334.8 | Budget = 31,600.35 | inventory = 8
[ 2024-08-05 10:09:12,129 ] 173 : Sold 3 shares at price 67,300 | Profit = -11,700 | Portfolio Value = 1,051,600.35 | Budget = 233,399.4 | inventory = 7
[ 2024-08-05 10:09:12,159 ] 175 : Sold 6 shares at price 70,500 | Profit = -1,200 | Portfolio Value = 1,066,199.4 | Budget = 656,187.9 | inventory = 6
[ 2024-08-05 10:09:12,219 ] 179 : Bought 9 shares at price 68,500 | Portfolio Value = 1,066,587.9 | Budget = 39,379.65 | inventory = 7
[ 2024-08-05 10:09:12,265 ] 182 : Sold 1 shares at price 67,300 | Profit = -3,100 | Portfolio Value = 1,039,879.65 | Budget = 106,646.0 | inventory = 6
[ 2024-08-05 10:09:12,280 ] 183 : Bought 1 shares at price 67,300 | Portfolio Value = 1,048,846.0 | Budget = 39,312.35 | inventory = 7
[ 2024-08-05 10:09:12,388 ] 190 : Sold 1 shares at price 69,900 | Profit = 100 | Portfolio Value = 1,102,812.35 | Budget = 109,177.4 | inventory = 6
[ 2024-08-05 10:09:12,404 ] 191 : Sold 1 shares at price 70,300 | Profit = 700 | Portfolio Value = 1,087,777.4 | Budget = 179,442.25 | inventory = 5
[ 2024-08-05 10:09:12,419 ] 192 : Bought 1 shares at price 70,500 | Portfolio Value = 1,093,342.25 | Budget = 108,907.0 | inventory = 6
[ 2024-08-05 10:09:12,449 ] 194 : Bought 1 shares at price 70,800 | Portfolio Value = 1,094,507.0 | Budget = 38,071.6 | inventory = 7
[ 2024-08-05 10:09:12,508 ] 198 : Sold 1 shares at price 72,700 | Profit = 6,000 | Portfolio Value = 1,125,571.6 | Budget = 110,735.25 | inventory = 6
[ 2024-08-05 10:09:12,523 ] 199 : Bought 1 shares at price 72,800 | Portfolio Value = 1,128,535.25 | Budget = 37,898.85 | inventory = 7
[ 2024-08-05 10:09:12,584 ] 203 : Sold 1 shares at price 71,300 | Profit = 3,100 | Portfolio Value = 1,113,398.85 | Budget = 109,163.2 | inventory = 6
[ 2024-08-05 10:09:12,629 ] 206 : Sold 1 shares at price 72,800 | Profit = 3,900 | Portfolio Value = 1,126,963.2 | Budget = 181,926.8 | inventory = 5
[ 2024-08-05 10:09:12,659 ] 208 : Bought 2 shares at price 72,600 | Portfolio Value = 1,117,926.8 | Budget = 36,654.2 | inventory = 6
[ 2024-08-05 10:09:12,721 ] 212 : Sold 9 shares at price 72,600 | Profit = 36,900 | Portfolio Value = 1,109,154.2 | Budget = 689,727.5 | inventory = 5
[ 2024-08-05 10:09:12,735 ] 213 : Sold 1 shares at price 73,000 | Profit = 5,700 | Portfolio Value = 1,125,327.5 | Budget = 762,691.0 | inventory = 4
[ 2024-08-05 10:09:12,751 ] 214 : Sold 1 shares at price 73,500 | Profit = 3,000 | Portfolio Value = 1,127,691.0 | Budget = 836,154.25 | inventory = 3
[ 2024-08-05 10:09:12,766 ] 215 : Bought 4 shares at price 72,800 | Portfolio Value = 1,130,154.25 | Budget = 544,808.65 | inventory = 4
[ 2024-08-05 10:09:12,781 ] 216 : Sold 1 shares at price 73,100 | Profit = 2,300 | Portfolio Value = 1,127,208.65 | Budget = 617,872.1 | inventory = 3
[ 2024-08-05 10:09:12,828 ] 219 : Sold 1 shares at price 73,400 | Profit = 600 | Portfolio Value = 1,128,172.1 | Budget = 691,235.4 | inventory = 2
[ 2024-08-05 10:09:12,920 ] 225 : Bought 6 shares at price 78,500 | Portfolio Value = 1,159,235.4 | Budget = 219,999.9 | inventory = 3
[ 2024-08-05 10:09:12,935 ] 0 : Bought 9 shares at price 61,000 | Portfolio Value = 1,000,000 | Budget = 450,725.5 | inventory = 1
[ 2024-08-05 10:09:12,951 ] 1 : Sold 9 shares at price 61,800 | Profit = 7,200 | Portfolio Value = 999,725.5 | Budget = 1,006,647.4 | inventory = 0
[ 2024-08-05 10:09:12,981 ] 3 : Bought 15 shares at price 63,800 | Portfolio Value = 1,006,647.4 | Budget = 49,168.9 | inventory = 1
[ 2024-08-05 10:09:13,133 ] 13 : Sold 15 shares at price 62,600 | Profit = -18,000 | Portfolio Value = 1,004,668.9 | Budget = 987,699.4 | inventory = 0
[ 2024-08-05 10:09:13,193 ] 17 : Bought 9 shares at price 62,000 | Portfolio Value = 987,699.4 | Budget = 429,420.4 | inventory = 1
[ 2024-08-05 10:09:13,208 ] 18 : Sold 9 shares at price 61,300 | Profit = -6,300 | Portfolio Value = 987,420.4 | Budget = 980,844.55 | inventory = 0
[ 2024-08-05 10:09:13,239 ] 20 : Bought 9 shares at price 60,600 | Portfolio Value = 980,844.55 | Budget = 435,171.85 | inventory = 1
[ 2024-08-05 10:09:13,284 ] 23 : Bought 2 shares at price 61,500 | Portfolio Value = 979,671.85 | Budget = 312,110.35 | inventory = 2
[ 2024-08-05 10:09:13,300 ] 24 : Bought 2 shares at price 60,700 | Portfolio Value = 988,610.35 | Budget = 190,649.65 | inventory = 3
[ 2024-08-05 10:09:13,346 ] 27 : Sold 9 shares at price 59,500 | Profit = -9,900 | Portfolio Value = 971,949.65 | Budget = 725,881.9 | inventory = 2
[ 2024-08-05 10:09:13,361 ] 28 : Sold 2 shares at price 60,000 | Profit = -3,000 | Portfolio Value = 963,881.9 | Budget = 845,821.9 | inventory = 1
[ 2024-08-05 10:09:13,376 ] 29 : Bought 9 shares at price 59,000 | Portfolio Value = 965,821.9 | Budget = 314,556.4 | inventory = 2
[ 2024-08-05 10:09:13,434 ] 33 : Sold 2 shares at price 60,200 | Profit = -1,000 | Portfolio Value = 988,856.4 | Budget = 434,896.2 | inventory = 1
[ 2024-08-05 10:09:13,465 ] 35 : Bought 6 shares at price 61,100 | Portfolio Value = 977,596.2 | Budget = 68,112.9 | inventory = 2
[ 2024-08-05 10:09:13,496 ] 37 : Bought 1 shares at price 63,000 | Portfolio Value = 1,002,612.9 | Budget = 5,081.4 | inventory = 3
[ 2024-08-05 10:09:13,526 ] 39 : Sold 9 shares at price 62,900 | Profit = 35,100 | Portfolio Value = 998,681.4 | Budget = 570,898.35 | inventory = 2
[ 2024-08-05 10:09:13,587 ] 43 : Sold 6 shares at price 63,100 | Profit = 12,000 | Portfolio Value = 1,018,898.35 | Budget = 949,309.05 | inventory = 1
[ 2024-08-05 10:09:13,601 ] 44 : Sold 1 shares at price 63,600 | Profit = 600 | Portfolio Value = 1,012,409.05 | Budget = 1,012,877.25 | inventory = 0
[ 2024-08-05 10:09:13,616 ] 45 : Bought 3 shares at price 63,900 | Portfolio Value = 1,012,877.25 | Budget = 821,081.4 | inventory = 1
[ 2024-08-05 10:09:13,632 ] 46 : Bought 11 shares at price 62,300 | Portfolio Value = 1,012,781.4 | Budget = 135,438.75 | inventory = 2
[ 2024-08-05 10:09:13,647 ] 47 : Bought 2 shares at price 65,000 | Portfolio Value = 1,007,638.75 | Budget = 5,373.75 | inventory = 3
[ 2024-08-05 10:09:13,677 ] 49 : Sold 3 shares at price 65,900 | Profit = 6,000 | Portfolio Value = 1,056,573.75 | Budget = 202,974.9 | inventory = 2
[ 2024-08-05 10:09:13,692 ] 50 : Bought 3 shares at price 66,000 | Portfolio Value = 1,059,674.9 | Budget = 4,875.9 | inventory = 3
[ 2024-08-05 10:09:13,767 ] 55 : Sold 11 shares at price 65,500 | Profit = 35,200 | Portfolio Value = 1,054,475.9 | Budget = 725,015.65 | inventory = 2
[ 2024-08-05 10:09:13,797 ] 57 : Bought 11 shares at price 65,700 | Portfolio Value = 1,051,515.65 | Budget = 1,954.3 | inventory = 3
[ 2024-08-05 10:09:13,872 ] 62 : Sold 2 shares at price 65,500 | Profit = 1,000 | Portfolio Value = 1,035,554.3 | Budget = 132,888.8 | inventory = 2
[ 2024-08-05 10:09:13,903 ] 64 : Bought 2 shares at price 65,400 | Portfolio Value = 1,052,688.8 | Budget = 2,023.4 | inventory = 3
[ 2024-08-05 10:09:13,947 ] 67 : Sold 3 shares at price 65,300 | Profit = -2,100 | Portfolio Value = 1,056,423.4 | Budget = 197,825.45 | inventory = 2
[ 2024-08-05 10:09:13,962 ] 68 : Sold 11 shares at price 64,600 | Profit = -12,100 | Portfolio Value = 1,046,725.45 | Budget = 908,070.15 | inventory = 1
[ 2024-08-05 10:09:14,021 ] 72 : Bought 3 shares at price 65,400 | Portfolio Value = 1,037,070.15 | Budget = 711,772.05 | inventory = 2
[ 2024-08-05 10:09:14,051 ] 74 : Bought 7 shares at price 66,200 | Portfolio Value = 1,036,772.05 | Budget = 248,140.35 | inventory = 3
[ 2024-08-05 10:09:14,066 ] 75 : Bought 1 shares at price 68,400 | Portfolio Value = 1,042,540.35 | Budget = 179,706.15 | inventory = 4
[ 2024-08-05 10:09:14,082 ] 76 : Bought 1 shares at price 68,500 | Portfolio Value = 1,068,906.15 | Budget = 111,171.9 | inventory = 5
[ 2024-08-05 10:09:14,097 ] 77 : Sold 2 shares at price 68,400 | Profit = 6,000 | Portfolio Value = 1,070,171.9 | Budget = 247,903.5 | inventory = 4
[ 2024-08-05 10:09:14,144 ] 80 : Sold 3 shares at price 70,300 | Profit = 14,700 | Portfolio Value = 1,073,503.5 | Budget = 458,698.05 | inventory = 3
[ 2024-08-05 10:09:14,159 ] 81 : Bought 1 shares at price 72,300 | Portfolio Value = 1,091,398.05 | Budget = 386,361.9 | inventory = 4
[ 2024-08-05 10:09:14,173 ] 82 : Sold 7 shares at price 71,400 | Profit = 36,400 | Portfolio Value = 1,109,361.9 | Budget = 885,912.0 | inventory = 3
[ 2024-08-05 10:09:14,188 ] 83 : Bought 11 shares at price 70,900 | Portfolio Value = 1,100,112.0 | Budget = 105,622.05 | inventory = 4
[ 2024-08-05 10:09:14,219 ] 85 : Sold 1 shares at price 71,700 | Profit = 3,300 | Portfolio Value = 1,116,422.05 | Budget = 177,286.2 | inventory = 3
[ 2024-08-05 10:09:14,234 ] 86 : Sold 1 shares at price 71,000 | Profit = 2,500 | Portfolio Value = 1,109,386.2 | Budget = 248,250.7 | inventory = 2
[ 2024-08-05 10:09:14,248 ] 87 : Sold 1 shares at price 70,900 | Profit = -1,400 | Portfolio Value = 1,100,250.7 | Budget = 319,115.25 | inventory = 1
[ 2024-08-05 10:09:14,278 ] 89 : Bought 1 shares at price 71,000 | Portfolio Value = 1,111,115.25 | Budget = 248,079.75 | inventory = 2
[ 2024-08-05 10:09:14,293 ] 90 : Bought 1 shares at price 72,000 | Portfolio Value = 1,100,079.75 | Budget = 176,043.75 | inventory = 3
[ 2024-08-05 10:09:14,322 ] 92 : Sold 11 shares at price 71,500 | Profit = 6,600 | Portfolio Value = 1,110,743.75 | Budget = 962,150.5 | inventory = 2
[ 2024-08-05 10:09:14,350 ] 94 : Sold 1 shares at price 71,200 | Profit = 200 | Portfolio Value = 1,105,750.5 | Budget = 1,033,314.9 | inventory = 1
[ 2024-08-05 10:09:14,365 ] 95 : Bought 11 shares at price 71,400 | Portfolio Value = 1,104,514.9 | Budget = 247,522.2 | inventory = 2
[ 2024-08-05 10:09:14,395 ] 97 : Bought 1 shares at price 71,300 | Portfolio Value = 1,093,522.2 | Budget = 176,186.55 | inventory = 3
[ 2024-08-05 10:09:14,409 ] 98 : Sold 1 shares at price 71,600 | Profit = -400 | Portfolio Value = 1,103,086.55 | Budget = 247,750.75 | inventory = 2
[ 2024-08-05 10:09:14,424 ] 99 : Sold 11 shares at price 72,400 | Profit = 11,000 | Portfolio Value = 1,106,950.75 | Budget = 1,043,752.55 | inventory = 1
[ 2024-08-05 10:09:14,438 ] 100 : Sold 1 shares at price 72,600 | Profit = 1,300 | Portfolio Value = 1,116,152.55 | Budget = 1,116,316.25 | inventory = 0
[ 2024-08-05 10:09:14,453 ] 101 : Bought 14 shares at price 72,700 | Portfolio Value = 1,116,316.25 | Budget = 98,007.35 | inventory = 1
[ 2024-08-05 10:09:14,468 ] 102 : Sold 14 shares at price 72,400 | Profit = -4,200 | Portfolio Value = 1,115,807.35 | Budget = 1,111,100.55 | inventory = 0
[ 2024-08-05 10:09:14,513 ] 105 : Bought 13 shares at price 73,000 | Portfolio Value = 1,111,100.55 | Budget = 161,626.05 | inventory = 1
[ 2024-08-05 10:09:14,542 ] 107 : Sold 13 shares at price 71,600 | Profit = -18,200 | Portfolio Value = 1,097,626.05 | Budget = 1,091,960.65 | inventory = 0
[ 2024-08-05 10:09:14,632 ] 113 : Bought 8 shares at price 73,400 | Portfolio Value = 1,091,960.65 | Budget = 504,467.05 | inventory = 1
[ 2024-08-05 10:09:14,647 ] 114 : Sold 8 shares at price 73,300 | Profit = -800 | Portfolio Value = 1,091,667.05 | Budget = 1,090,573.85 | inventory = 0
[ 2024-08-05 10:09:14,754 ] 121 : Bought 3 shares at price 69,800 | Portfolio Value = 1,090,573.85 | Budget = 881,069.15 | inventory = 1
[ 2024-08-05 10:09:14,769 ] 122 : Sold 3 shares at price 71,700 | Profit = 5,700 | Portfolio Value = 1,090,469.15 | Budget = 1,096,061.6 | inventory = 0
[ 2024-08-05 10:09:14,845 ] 127 : Bought 9 shares at price 68,800 | Portfolio Value = 1,096,061.6 | Budget = 476,552.0 | inventory = 1
[ 2024-08-05 10:09:14,906 ] 131 : Sold 9 shares at price 68,900 | Profit = 900 | Portfolio Value = 1,084,952.0 | Budget = 1,096,341.95 | inventory = 0
[ 2024-08-05 10:09:14,921 ] 132 : Bought 3 shares at price 68,000 | Portfolio Value = 1,096,341.95 | Budget = 892,239.95 | inventory = 1
[ 2024-08-05 10:09:14,937 ] 133 : Sold 3 shares at price 67,500 | Profit = -1,500 | Portfolio Value = 1,096,239.95 | Budget = 1,094,638.7 | inventory = 0
[ 2024-08-05 10:09:14,984 ] 136 : Bought 4 shares at price 66,700 | Portfolio Value = 1,094,638.7 | Budget = 827,705.3 | inventory = 1
[ 2024-08-05 10:09:14,999 ] 137 : Sold 4 shares at price 66,300 | Profit = -1,600 | Portfolio Value = 1,094,505.3 | Budget = 1,092,772.7 | inventory = 0
[ 2024-08-05 10:09:15,030 ] 139 : Bought 1 shares at price 66,600 | Portfolio Value = 1,092,772.7 | Budget = 1,026,139.4 | inventory = 1
[ 2024-08-05 10:09:15,046 ] 140 : Sold 1 shares at price 67,100 | Profit = 500 | Portfolio Value = 1,092,739.4 | Budget = 1,093,205.85 | inventory = 0
[ 2024-08-05 10:09:15,061 ] 141 : Bought 6 shares at price 68,200 | Portfolio Value = 1,093,205.85 | Budget = 683,801.25 | inventory = 1
[ 2024-08-05 10:09:15,105 ] 144 : Sold 6 shares at price 66,800 | Profit = -8,400 | Portfolio Value = 1,084,601.25 | Budget = 1,084,400.85 | inventory = 0
[ 2024-08-05 10:09:15,151 ] 147 : Bought 12 shares at price 71,000 | Portfolio Value = 1,084,400.85 | Budget = 231,974.85 | inventory = 1
[ 2024-08-05 10:09:15,166 ] 148 : Sold 12 shares at price 71,200 | Profit = 2,400 | Portfolio Value = 1,083,974.85 | Budget = 1,085,947.65 | inventory = 0
[ 2024-08-05 10:09:15,211 ] 151 : Bought 1 shares at price 70,400 | Portfolio Value = 1,085,947.65 | Budget = 1,015,512.45 | inventory = 1
[ 2024-08-05 10:09:15,226 ] 152 : Sold 1 shares at price 70,300 | Profit = -100 | Portfolio Value = 1,085,912.45 | Budget = 1,085,777.3 | inventory = 0
[ 2024-08-05 10:09:15,241 ] 153 : Bought 9 shares at price 70,800 | Portfolio Value = 1,085,777.3 | Budget = 448,258.7 | inventory = 1
[ 2024-08-05 10:09:15,257 ] 154 : Bought 3 shares at price 70,500 | Portfolio Value = 1,085,458.7 | Budget = 236,652.95 | inventory = 2
[ 2024-08-05 10:09:15,272 ] 155 : Bought 3 shares at price 70,900 | Portfolio Value = 1,082,652.95 | Budget = 23,846.6 | inventory = 3
[ 2024-08-05 10:09:15,287 ] 156 : Sold 9 shares at price 71,700 | Profit = 8,100 | Portfolio Value = 1,087,346.6 | Budget = 668,823.95 | inventory = 2
[ 2024-08-05 10:09:15,302 ] 157 : Sold 3 shares at price 72,000 | Profit = 4,500 | Portfolio Value = 1,099,023.95 | Budget = 884,715.95 | inventory = 1
[ 2024-08-05 10:09:15,318 ] 158 : Sold 3 shares at price 70,200 | Profit = -2,100 | Portfolio Value = 1,100,715.95 | Budget = 1,095,210.65 | inventory = 0
[ 2024-08-05 10:09:15,333 ] 159 : Bought 11 shares at price 69,800 | Portfolio Value = 1,095,210.65 | Budget = 327,026.75 | inventory = 1
[ 2024-08-05 10:09:15,348 ] 160 : Bought 2 shares at price 69,600 | Portfolio Value = 1,094,826.75 | Budget = 187,757.15 | inventory = 2
[ 2024-08-05 10:09:15,364 ] 161 : Sold 11 shares at price 68,900 | Profit = -9,900 | Portfolio Value = 1,092,557.15 | Budget = 945,278.2 | inventory = 1
[ 2024-08-05 10:09:15,407 ] 164 : Bought 8 shares at price 68,600 | Portfolio Value = 1,084,078.2 | Budget = 396,203.8 | inventory = 2
[ 2024-08-05 10:09:15,496 ] 170 : Sold 2 shares at price 68,200 | Profit = -2,800 | Portfolio Value = 1,060,203.8 | Budget = 532,535.6 | inventory = 1
[ 2024-08-05 10:09:15,512 ] 171 : Bought 5 shares at price 68,900 | Portfolio Value = 1,078,135.6 | Budget = 187,863.35 | inventory = 2
[ 2024-08-05 10:09:15,528 ] 172 : Bought 1 shares at price 68,000 | Portfolio Value = 1,083,563.35 | Budget = 119,829.35 | inventory = 3
[ 2024-08-05 10:09:15,543 ] 173 : Sold 8 shares at price 67,300 | Profit = -10,400 | Portfolio Value = 1,071,829.35 | Budget = 657,960.15 | inventory = 2
[ 2024-08-05 10:09:15,574 ] 175 : Sold 5 shares at price 70,500 | Profit = 8,000 | Portfolio Value = 1,074,360.15 | Budget = 1,010,283.9 | inventory = 1
[ 2024-08-05 10:09:15,588 ] 176 : Sold 1 shares at price 69,500 | Profit = 1,500 | Portfolio Value = 1,080,783.9 | Budget = 1,079,749.15 | inventory = 0
[ 2024-08-05 10:09:15,619 ] 178 : Bought 8 shares at price 68,400 | Portfolio Value = 1,079,749.15 | Budget = 532,275.55 | inventory = 1
[ 2024-08-05 10:09:15,634 ] 179 : Sold 8 shares at price 68,500 | Profit = 800 | Portfolio Value = 1,079,475.55 | Budget = 1,080,001.55 | inventory = 0
[ 2024-08-05 10:09:15,664 ] 181 : Bought 11 shares at price 66,700 | Portfolio Value = 1,080,001.55 | Budget = 345,934.7 | inventory = 1
[ 2024-08-05 10:09:15,680 ] 182 : Bought 1 shares at price 67,300 | Portfolio Value = 1,079,634.7 | Budget = 278,601.05 | inventory = 2
[ 2024-08-05 10:09:15,708 ] 184 : Sold 11 shares at price 66,900 | Profit = 2,200 | Portfolio Value = 1,086,201.05 | Budget = 1,014,133.1 | inventory = 1
[ 2024-08-05 10:09:15,738 ] 186 : Sold 1 shares at price 69,700 | Profit = 2,400 | Portfolio Value = 1,082,733.1 | Budget = 1,083,798.25 | inventory = 0
[ 2024-08-05 10:09:15,753 ] 187 : Bought 4 shares at price 69,600 | Portfolio Value = 1,083,798.25 | Budget = 805,259.05 | inventory = 1
[ 2024-08-05 10:09:15,768 ] 188 : Bought 6 shares at price 70,900 | Portfolio Value = 1,083,659.05 | Budget = 379,646.35 | inventory = 2
[ 2024-08-05 10:09:15,783 ] 189 : Bought 2 shares at price 70,900 | Portfolio Value = 1,088,646.35 | Budget = 237,775.45 | inventory = 3
[ 2024-08-05 10:09:15,857 ] 194 : Sold 4 shares at price 70,800 | Profit = 4,800 | Portfolio Value = 1,082,575.45 | Budget = 520,833.85 | inventory = 2
[ 2024-08-05 10:09:15,872 ] 195 : Bought 7 shares at price 72,200 | Portfolio Value = 1,087,233.85 | Budget = 15,181.15 | inventory = 3
[ 2024-08-05 10:09:15,902 ] 197 : Sold 6 shares at price 72,500 | Profit = 9,600 | Portfolio Value = 1,107,181.15 | Budget = 449,963.65 | inventory = 2
[ 2024-08-05 10:09:15,918 ] 198 : Sold 2 shares at price 72,700 | Profit = 3,600 | Portfolio Value = 1,102,463.65 | Budget = 595,290.95 | inventory = 1
[ 2024-08-05 10:09:15,933 ] 199 : Sold 7 shares at price 72,800 | Profit = 4,200 | Portfolio Value = 1,104,190.95 | Budget = 1,104,636.15 | inventory = 0
[ 2024-08-05 10:09:15,979 ] 202 : Bought 14 shares at price 71,700 | Portfolio Value = 1,104,636.15 | Budget = 100,334.25 | inventory = 1
[ 2024-08-05 10:09:15,995 ] 203 : Sold 14 shares at price 71,300 | Profit = -5,600 | Portfolio Value = 1,104,134.25 | Budget = 1,098,035.15 | inventory = 0
[ 2024-08-05 10:09:16,084 ] 209 : Bought 10 shares at price 71,200 | Portfolio Value = 1,098,035.15 | Budget = 385,679.15 | inventory = 1
[ 2024-08-05 10:09:16,100 ] 210 : Bought 1 shares at price 71,700 | Portfolio Value = 1,097,679.15 | Budget = 313,943.3 | inventory = 2
[ 2024-08-05 10:09:16,115 ] 211 : Bought 2 shares at price 71,500 | Portfolio Value = 1,102,643.3 | Budget = 170,871.8 | inventory = 3
[ 2024-08-05 10:09:16,146 ] 213 : Sold 10 shares at price 73,000 | Profit = 18,000 | Portfolio Value = 1,114,671.8 | Budget = 900,506.8 | inventory = 2
[ 2024-08-05 10:09:16,192 ] 216 : Sold 1 shares at price 73,100 | Profit = 1,400 | Portfolio Value = 1,118,906.8 | Budget = 973,570.25 | inventory = 1
[ 2024-08-05 10:09:16,207 ] 217 : Sold 2 shares at price 73,300 | Profit = 3,600 | Portfolio Value = 1,119,770.25 | Budget = 1,120,096.95 | inventory = 0
[ 2024-08-05 10:09:16,253 ] 220 : Bought 5 shares at price 74,800 | Portfolio Value = 1,120,096.95 | Budget = 745,909.95 | inventory = 1
[ 2024-08-05 10:09:16,269 ] 221 : Bought 4 shares at price 75,000 | Portfolio Value = 1,119,909.95 | Budget = 445,759.95 | inventory = 2
[ 2024-08-05 10:09:16,300 ] 223 : Bought 5 shares at price 76,600 | Portfolio Value = 1,128,859.95 | Budget = 62,568.45 | inventory = 3
[ 2024-08-05 10:09:16,361 ] 1 : Bought 15 shares at price 61,800 | Portfolio Value = 1,000,000.0 | Budget = 72,536.5 | inventory = 1
[ 2024-08-05 10:09:16,407 ] 4 : Sold 15 shares at price 61,600 | Profit = -3,000 | Portfolio Value = 1,029,536.5 | Budget = 996,074.5 | inventory = 0
[ 2024-08-05 10:09:16,451 ] 7 : Bought 13 shares at price 63,000 | Portfolio Value = 996,074.5 | Budget = 176,665.0 | inventory = 1
[ 2024-08-05 10:09:16,466 ] 8 : Bought 1 shares at price 62,800 | Portfolio Value = 995,665.0 | Budget = 113,833.6 | inventory = 2
[ 2024-08-05 10:09:16,481 ] 9 : Bought 1 shares at price 62,900 | Portfolio Value = 993,033.6 | Budget = 50,902.15 | inventory = 3
[ 2024-08-05 10:09:16,496 ] 10 : Sold 13 shares at price 63,200 | Profit = 2,600 | Portfolio Value = 994,402.15 | Budget = 872,091.35 | inventory = 2
[ 2024-08-05 10:09:16,511 ] 11 : Bought 9 shares at price 62,200 | Portfolio Value = 998,491.35 | Budget = 312,011.45 | inventory = 3
[ 2024-08-05 10:09:16,527 ] 12 : Sold 1 shares at price 63,700 | Profit = 900 | Portfolio Value = 996,211.45 | Budget = 375,679.6 | inventory = 2
[ 2024-08-05 10:09:16,542 ] 13 : Bought 6 shares at price 62,600 | Portfolio Value = 1,012,679.6 | Budget = -108.2 | inventory = 3
[ 2024-08-05 10:09:16,572 ] 15 : Sold 1 shares at price 62,100 | Profit = -800 | Portfolio Value = 1,003,091.8 | Budget = 61,960.75 | inventory = 2
[ 2024-08-05 10:09:16,587 ] 16 : Sold 9 shares at price 61,100 | Profit = -9,900 | Portfolio Value = 993,460.75 | Budget = 611,585.8 | inventory = 1
[ 2024-08-05 10:09:16,603 ] 17 : Bought 1 shares at price 62,000 | Portfolio Value = 978,185.8 | Budget = 549,554.8 | inventory = 2
[ 2024-08-05 10:09:16,619 ] 18 : Sold 6 shares at price 61,300 | Profit = -7,800 | Portfolio Value = 983,554.8 | Budget = 917,170.9 | inventory = 1
[ 2024-08-05 10:09:16,633 ] 19 : Sold 1 shares at price 60,500 | Profit = -1,500 | Portfolio Value = 978,470.9 | Budget = 977,640.65 | inventory = 0
[ 2024-08-05 10:09:16,709 ] 24 : Bought 9 shares at price 60,700 | Portfolio Value = 977,640.65 | Budget = 431,067.5 | inventory = 1
[ 2024-08-05 10:09:16,725 ] 25 : Sold 9 shares at price 60,300 | Profit = -3,600 | Portfolio Value = 977,367.5 | Budget = 973,496.15 | inventory = 0
[ 2024-08-05 10:09:16,827 ] 32 : Bought 8 shares at price 61,300 | Portfolio Value = 973,496.15 | Budget = 482,850.95 | inventory = 1
[ 2024-08-05 10:09:16,842 ] 33 : Sold 8 shares at price 60,200 | Profit = -8,800 | Portfolio Value = 973,250.95 | Budget = 964,210.15 | inventory = 0
[ 2024-08-05 10:09:16,902 ] 37 : Bought 4 shares at price 63,000 | Portfolio Value = 964,210.15 | Budget = 712,084.15 | inventory = 1
[ 2024-08-05 10:09:16,948 ] 40 : Bought 5 shares at price 62,700 | Portfolio Value = 963,684.15 | Budget = 398,427.4 | inventory = 2
[ 2024-08-05 10:09:16,963 ] 41 : Sold 4 shares at price 63,200 | Profit = 800 | Portfolio Value = 962,727.4 | Budget = 651,101.0 | inventory = 1
[ 2024-08-05 10:09:16,978 ] 42 : Bought 3 shares at price 64,000 | Portfolio Value = 967,101.0 | Budget = 459,005.0 | inventory = 2
[ 2024-08-05 10:09:17,008 ] 44 : Bought 4 shares at price 63,600 | Portfolio Value = 963,805.0 | Budget = 204,477.8 | inventory = 3
[ 2024-08-05 10:09:17,023 ] 45 : Bought 3 shares at price 63,900 | Portfolio Value = 967,677.8 | Budget = 12,681.95 | inventory = 4
[ 2024-08-05 10:09:17,037 ] 46 : Sold 5 shares at price 62,300 | Profit = -2,000 | Portfolio Value = 971,181.95 | Budget = 324,026.2 | inventory = 3
[ 2024-08-05 10:09:17,068 ] 48 : Sold 3 shares at price 65,700 | Profit = 5,100 | Portfolio Value = 974,026.2 | Budget = 521,027.65 | inventory = 2
[ 2024-08-05 10:09:17,083 ] 49 : Bought 2 shares at price 65,900 | Portfolio Value = 980,927.65 | Budget = 389,161.75 | inventory = 3
[ 2024-08-05 10:09:17,098 ] 50 : Sold 4 shares at price 66,000 | Profit = 9,600 | Portfolio Value = 982,261.75 | Budget = 653,029.75 | inventory = 2
[ 2024-08-05 10:09:17,113 ] 51 : Bought 7 shares at price 66,100 | Portfolio Value = 983,029.75 | Budget = 190,098.4 | inventory = 3
[ 2024-08-05 10:09:17,129 ] 52 : Bought 2 shares at price 65,100 | Portfolio Value = 983,298.4 | Budget = 59,833.3 | inventory = 4
[ 2024-08-05 10:09:17,143 ] 53 : Sold 3 shares at price 65,300 | Profit = 4,200 | Portfolio Value = 971,233.3 | Budget = 255,635.35 | inventory = 3
[ 2024-08-05 10:09:17,173 ] 55 : Sold 2 shares at price 65,500 | Profit = -800 | Portfolio Value = 977,235.35 | Budget = 386,569.85 | inventory = 2
[ 2024-08-05 10:09:17,187 ] 56 : Sold 7 shares at price 65,300 | Profit = -5,600 | Portfolio Value = 976,069.85 | Budget = 843,441.3 | inventory = 1
[ 2024-08-05 10:09:17,231 ] 59 : Sold 2 shares at price 63,600 | Profit = -3,000 | Portfolio Value = 973,841.3 | Budget = 970,577.7 | inventory = 0
[ 2024-08-05 10:09:17,261 ] 61 : Bought 14 shares at price 64,600 | Portfolio Value = 970,577.7 | Budget = 65,725.5 | inventory = 1
[ 2024-08-05 10:09:17,276 ] 62 : Bought 1 shares at price 65,500 | Portfolio Value = 970,125.5 | Budget = 192.75 | inventory = 2
[ 2024-08-05 10:09:17,322 ] 65 : Sold 14 shares at price 65,100 | Profit = 7,000 | Portfolio Value = 981,192.75 | Budget = 911,137.05 | inventory = 1
[ 2024-08-05 10:09:17,337 ] 66 : Sold 1 shares at price 65,900 | Profit = 400 | Portfolio Value = 976,237.05 | Budget = 977,004.1 | inventory = 0
[ 2024-08-05 10:09:17,455 ] 74 : Bought 1 shares at price 66,200 | Portfolio Value = 977,004.1 | Budget = 910,771.0 | inventory = 1
[ 2024-08-05 10:09:17,470 ] 75 : Sold 1 shares at price 68,400 | Profit = 2,200 | Portfolio Value = 976,971.0 | Budget = 979,136.8 | inventory = 0
[ 2024-08-05 10:09:17,500 ] 77 : Bought 7 shares at price 68,400 | Portfolio Value = 979,136.8 | Budget = 500,097.4 | inventory = 1
[ 2024-08-05 10:09:17,530 ] 79 : Sold 7 shares at price 68,800 | Profit = 2,800 | Portfolio Value = 979,597.4 | Budget = 981,456.6 | inventory = 0
[ 2024-08-05 10:09:17,546 ] 80 : Bought 4 shares at price 70,300 | Portfolio Value = 981,456.6 | Budget = 700,116.0 | inventory = 1
[ 2024-08-05 10:09:17,561 ] 81 : Bought 8 shares at price 72,300 | Portfolio Value = 981,316.0 | Budget = 121,426.8 | inventory = 2
[ 2024-08-05 10:09:17,592 ] 83 : Sold 4 shares at price 70,900 | Profit = 2,400 | Portfolio Value = 978,226.8 | Budget = 404,885.0 | inventory = 1
[ 2024-08-05 10:09:17,607 ] 84 : Sold 8 shares at price 72,200 | Profit = -800 | Portfolio Value = 972,085.0 | Budget = 982,196.2 | inventory = 0
[ 2024-08-05 10:09:17,667 ] 88 : Bought 2 shares at price 72,000 | Portfolio Value = 982,196.2 | Budget = 838,124.2 | inventory = 1
[ 2024-08-05 10:09:17,696 ] 90 : Sold 2 shares at price 72,000 | Profit = 0 | Portfolio Value = 980,124.2 | Budget = 982,052.2 | inventory = 0
[ 2024-08-05 10:09:17,728 ] 92 : Bought 12 shares at price 71,500 | Portfolio Value = 982,052.2 | Budget = 123,623.2 | inventory = 1
[ 2024-08-05 10:09:17,743 ] 93 : Sold 12 shares at price 71,800 | Profit = 3,600 | Portfolio Value = 981,623.2 | Budget = 984,792.4 | inventory = 0
[ 2024-08-05 10:09:17,759 ] 94 : Bought 10 shares at price 71,200 | Portfolio Value = 984,792.4 | Budget = 272,436.4 | inventory = 1
[ 2024-08-05 10:09:17,774 ] 95 : Bought 1 shares at price 71,400 | Portfolio Value = 984,436.4 | Budget = 201,000.7 | inventory = 2
[ 2024-08-05 10:09:17,790 ] 96 : Bought 1 shares at price 70,500 | Portfolio Value = 986,400.7 | Budget = 130,465.45 | inventory = 3
[ 2024-08-05 10:09:17,821 ] 98 : Sold 10 shares at price 71,600 | Profit = 4,000 | Portfolio Value = 986,065.45 | Budget = 846,107.45 | inventory = 2
[ 2024-08-05 10:09:17,836 ] 99 : Bought 7 shares at price 72,400 | Portfolio Value = 989,307.45 | Budget = 339,054.05 | inventory = 3
[ 2024-08-05 10:09:17,851 ] 100 : Sold 1 shares at price 72,600 | Profit = 1,200 | Portfolio Value = 990,654.05 | Budget = 411,617.75 | inventory = 2
[ 2024-08-05 10:09:17,912 ] 104 : Bought 2 shares at price 73,000 | Portfolio Value = 989,217.75 | Budget = 265,544.75 | inventory = 3
[ 2024-08-05 10:09:17,927 ] 105 : Bought 3 shares at price 73,000 | Portfolio Value = 995,544.75 | Budget = 46,435.25 | inventory = 4
[ 2024-08-05 10:09:17,943 ] 106 : Sold 1 shares at price 72,000 | Profit = 1,500 | Portfolio Value = 995,435.25 | Budget = 118,399.25 | inventory = 3
[ 2024-08-05 10:09:17,958 ] 107 : Bought 1 shares at price 71,600 | Portfolio Value = 982,399.25 | Budget = 46,763.45 | inventory = 4
[ 2024-08-05 10:09:17,972 ] 108 : Sold 7 shares at price 69,900 | Profit = -17,500 | Portfolio Value = 977,563.45 | Budget = 535,818.8 | inventory = 3
[ 2024-08-05 10:09:18,002 ] 110 : Sold 2 shares at price 71,500 | Profit = -3,000 | Portfolio Value = 952,818.8 | Budget = 678,747.3 | inventory = 2
[ 2024-08-05 10:09:18,017 ] 111 : Sold 3 shares at price 71,900 | Profit = -3,300 | Portfolio Value = 964,747.3 | Budget = 894,339.45 | inventory = 1
[ 2024-08-05 10:09:18,031 ] 112 : Sold 1 shares at price 71,900 | Profit = 300 | Portfolio Value = 966,239.45 | Budget = 966,203.5 | inventory = 0
[ 2024-08-05 10:09:18,076 ] 115 : Bought 8 shares at price 72,000 | Portfolio Value = 966,203.5 | Budget = 389,915.5 | inventory = 1
[ 2024-08-05 10:09:18,122 ] 118 : Sold 8 shares at price 70,300 | Profit = -13,600 | Portfolio Value = 957,915.5 | Budget = 952,034.3 | inventory = 0
[ 2024-08-05 10:09:18,137 ] 119 : Bought 8 shares at price 70,400 | Portfolio Value = 952,034.3 | Budget = 388,552.7 | inventory = 1
[ 2024-08-05 10:09:18,152 ] 120 : Sold 8 shares at price 70,000 | Profit = -3,200 | Portfolio Value = 951,752.7 | Budget = 948,272.7 | inventory = 0
[ 2024-08-05 10:09:18,167 ] 121 : Bought 3 shares at price 69,800 | Portfolio Value = 948,272.7 | Budget = 738,768.0 | inventory = 1
[ 2024-08-05 10:09:18,212 ] 124 : Sold 3 shares at price 69,800 | Profit = 0 | Portfolio Value = 950,568.0 | Budget = 948,063.3 | inventory = 0
[ 2024-08-05 10:09:18,227 ] 125 : Bought 11 shares at price 71,100 | Portfolio Value = 948,063.3 | Budget = 165,572.25 | inventory = 1
[ 2024-08-05 10:09:18,257 ] 127 : Bought 1 shares at price 68,800 | Portfolio Value = 934,472.25 | Budget = 96,737.85 | inventory = 2
[ 2024-08-05 10:09:18,287 ] 129 : Bought 1 shares at price 68,500 | Portfolio Value = 916,337.85 | Budget = 28,203.6 | inventory = 3
[ 2024-08-05 10:09:18,317 ] 131 : Sold 11 shares at price 68,900 | Profit = -24,200 | Portfolio Value = 907,003.6 | Budget = 785,724.65 | inventory = 2
[ 2024-08-05 10:09:18,347 ] 133 : Bought 4 shares at price 67,500 | Portfolio Value = 921,724.65 | Budget = 515,589.65 | inventory = 3
[ 2024-08-05 10:09:18,392 ] 136 : Bought 6 shares at price 66,700 | Portfolio Value = 917,589.65 | Budget = 115,189.55 | inventory = 4
[ 2024-08-05 10:09:18,407 ] 137 : Bought 1 shares at price 66,300 | Portfolio Value = 915,589.55 | Budget = 48,856.4 | inventory = 5
[ 2024-08-05 10:09:18,451 ] 140 : Sold 1 shares at price 67,100 | Profit = -1,700 | Portfolio Value = 914,656.4 | Budget = 115,922.85 | inventory = 4
[ 2024-08-05 10:09:18,466 ] 141 : Sold 1 shares at price 68,200 | Profit = -300 | Portfolio Value = 921,122.85 | Budget = 184,088.75 | inventory = 3
[ 2024-08-05 10:09:18,482 ] 142 : Sold 4 shares at price 67,100 | Profit = -1,600 | Portfolio Value = 934,288.75 | Budget = 452,354.55 | inventory = 2
[ 2024-08-05 10:09:18,512 ] 144 : Bought 6 shares at price 66,800 | Portfolio Value = 919,954.55 | Budget = 51,354.15 | inventory = 3
[ 2024-08-05 10:09:18,557 ] 147 : Sold 6 shares at price 71,000 | Profit = 25,800 | Portfolio Value = 921,054.15 | Budget = 477,141.15 | inventory = 2
[ 2024-08-05 10:09:18,588 ] 149 : Bought 6 shares at price 70,700 | Portfolio Value = 975,541.15 | Budget = 52,729.05 | inventory = 3
[ 2024-08-05 10:09:18,619 ] 151 : Sold 1 shares at price 70,400 | Profit = 4,100 | Portfolio Value = 962,729.05 | Budget = 123,093.85 | inventory = 2
[ 2024-08-05 10:09:18,634 ] 152 : Bought 1 shares at price 70,300 | Portfolio Value = 967,893.85 | Budget = 52,758.7 | inventory = 3
[ 2024-08-05 10:09:18,797 ] 163 : Sold 6 shares at price 69,400 | Profit = 15,600 | Portfolio Value = 947,158.7 | Budget = 468,950.5 | inventory = 2
[ 2024-08-05 10:09:18,813 ] 164 : Sold 6 shares at price 68,600 | Profit = -12,600 | Portfolio Value = 954,750.5 | Budget = 880,344.7 | inventory = 1
[ 2024-08-05 10:09:18,872 ] 168 : Bought 10 shares at price 66,000 | Portfolio Value = 947,044.7 | Budget = 220,014.7 | inventory = 2
[ 2024-08-05 10:09:18,887 ] 169 : Sold 1 shares at price 66,400 | Profit = -3,900 | Portfolio Value = 946,014.7 | Budget = 286,381.5 | inventory = 1
[ 2024-08-05 10:09:18,917 ] 171 : Sold 10 shares at price 68,900 | Profit = 29,000 | Portfolio Value = 968,381.5 | Budget = 975,037.0 | inventory = 0
[ 2024-08-05 10:09:18,948 ] 173 : Bought 10 shares at price 67,300 | Portfolio Value = 975,037.0 | Budget = 301,700.5 | inventory = 1
[ 2024-08-05 10:09:18,964 ] 174 : Sold 10 shares at price 69,400 | Profit = 21,000 | Portfolio Value = 974,700.5 | Budget = 995,353.5 | inventory = 0
[ 2024-08-05 10:09:19,024 ] 178 : Bought 13 shares at price 68,400 | Portfolio Value = 995,353.5 | Budget = 105,708.9 | inventory = 1
[ 2024-08-05 10:09:19,039 ] 179 : Sold 13 shares at price 68,500 | Profit = 1,300 | Portfolio Value = 994,908.9 | Budget = 995,763.65 | inventory = 0
[ 2024-08-05 10:09:19,084 ] 182 : Bought 14 shares at price 67,300 | Portfolio Value = 995,763.65 | Budget = 53,092.55 | inventory = 1
[ 2024-08-05 10:09:19,099 ] 183 : Sold 14 shares at price 67,300 | Profit = 0 | Portfolio Value = 995,292.55 | Budget = 994,821.45 | inventory = 0
[ 2024-08-05 10:09:19,114 ] 184 : Bought 5 shares at price 66,900 | Portfolio Value = 994,821.45 | Budget = 660,154.2 | inventory = 1
[ 2024-08-05 10:09:19,128 ] 185 : Bought 8 shares at price 68,600 | Portfolio Value = 994,654.2 | Budget = 111,079.8 | inventory = 2
[ 2024-08-05 10:09:19,143 ] 186 : Bought 1 shares at price 69,700 | Portfolio Value = 1,002,879.8 | Budget = 41,344.95 | inventory = 3
[ 2024-08-05 10:09:19,157 ] 187 : Sold 5 shares at price 69,600 | Profit = 13,500 | Portfolio Value = 1,017,144.95 | Budget = 389,170.95 | inventory = 2
[ 2024-08-05 10:09:19,232 ] 192 : Sold 8 shares at price 70,500 | Profit = 15,200 | Portfolio Value = 1,021,870.95 | Budget = 952,888.95 | inventory = 1
[ 2024-08-05 10:09:19,262 ] 194 : Sold 1 shares at price 70,800 | Profit = 1,100 | Portfolio Value = 1,023,288.95 | Budget = 1,023,653.55 | inventory = 0
[ 2024-08-05 10:09:19,276 ] 195 : Bought 14 shares at price 72,200 | Portfolio Value = 1,023,653.55 | Budget = 12,348.15 | inventory = 1
[ 2024-08-05 10:09:19,306 ] 197 : Sold 14 shares at price 72,500 | Profit = 4,200 | Portfolio Value = 1,031,548.15 | Budget = 1,026,840.65 | inventory = 0
[ 2024-08-05 10:09:19,320 ] 198 : Bought 6 shares at price 72,700 | Portfolio Value = 1,026,840.65 | Budget = 590,422.55 | inventory = 1
[ 2024-08-05 10:09:19,336 ] 199 : Bought 6 shares at price 72,800 | Portfolio Value = 1,026,622.55 | Budget = 153,404.15 | inventory = 2
[ 2024-08-05 10:09:19,352 ] 200 : Bought 2 shares at price 72,800 | Portfolio Value = 1,027,004.15 | Budget = 7,731.35 | inventory = 3
[ 2024-08-05 10:09:19,367 ] 201 : Sold 6 shares at price 72,400 | Profit = -1,800 | Portfolio Value = 1,026,931.35 | Budget = 441,914.15 | inventory = 2
[ 2024-08-05 10:09:19,397 ] 203 : Sold 6 shares at price 71,300 | Profit = -9,000 | Portfolio Value = 1,015,514.15 | Budget = 869,500.25 | inventory = 1
[ 2024-08-05 10:09:19,412 ] 204 : Sold 2 shares at price 72,700 | Profit = -200 | Portfolio Value = 1,012,100.25 | Budget = 1,014,827.55 | inventory = 0
[ 2024-08-05 10:09:19,427 ] 205 : Bought 3 shares at price 72,700 | Portfolio Value = 1,014,827.55 | Budget = 796,618.5 | inventory = 1
[ 2024-08-05 10:09:19,458 ] 207 : Sold 3 shares at price 72,000 | Profit = -2,100 | Portfolio Value = 1,015,018.5 | Budget = 1,012,510.5 | inventory = 0
[ 2024-08-05 10:09:19,519 ] 211 : Bought 4 shares at price 71,500 | Portfolio Value = 1,012,510.5 | Budget = 726,367.5 | inventory = 1
[ 2024-08-05 10:09:19,534 ] 212 : Sold 4 shares at price 72,600 | Profit = 4,400 | Portfolio Value = 1,012,367.5 | Budget = 1,016,622.3 | inventory = 0
[ 2024-08-05 10:09:19,579 ] 215 : Bought 6 shares at price 72,800 | Portfolio Value = 1,016,622.3 | Budget = 579,603.9 | inventory = 1
[ 2024-08-05 10:09:19,593 ] 216 : Bought 3 shares at price 73,100 | Portfolio Value = 1,016,403.9 | Budget = 360,194.25 | inventory = 2
[ 2024-08-05 10:09:19,608 ] 217 : Bought 2 shares at price 73,300 | Portfolio Value = 1,018,094.25 | Budget = 213,520.95 | inventory = 3
[ 2024-08-05 10:09:19,623 ] 218 : Sold 6 shares at price 72,900 | Profit = 600 | Portfolio Value = 1,019,820.95 | Budget = 650,702.25 | inventory = 2
[ 2024-08-05 10:09:19,653 ] 220 : Sold 3 shares at price 74,800 | Profit = 5,100 | Portfolio Value = 1,017,702.25 | Budget = 874,990.05 | inventory = 1
[ 2024-08-05 10:09:19,668 ] 221 : Bought 5 shares at price 75,000 | Portfolio Value = 1,024,590.05 | Budget = 499,802.55 | inventory = 2
[ 2024-08-05 10:09:19,683 ] 222 : Bought 3 shares at price 75,900 | Portfolio Value = 1,024,802.55 | Budget = 271,988.7 | inventory = 3
[ 2024-08-05 10:09:19,698 ] 223 : Sold 2 shares at price 76,600 | Profit = 6,600 | Portfolio Value = 1,030,988.7 | Budget = 425,112.1 | inventory = 2
[ 2024-08-05 10:09:19,713 ] 224 : Bought 5 shares at price 78,000 | Portfolio Value = 1,037,912.1 | Budget = 34,917.1 | inventory = 3
[ 2024-08-05 10:09:19,728 ] 225 : Sold 5 shares at price 78,500 | Profit = 17,500 | Portfolio Value = 1,048,917.1 | Budget = 427,220.85 | inventory = 2
[ 2024-08-05 10:09:19,728 ] Evaluation at Episode 1: Average Reward: -238090.58176898453 Average Profit: 81,060, Profit Rate: 8.11%
[ 2024-08-05 10:09:19,728 ] ----------------------------------------------------------------------------------------------------
[ 2024-08-05 10:09:19,728 ] Starting Episode 2
[ 2024-08-05 10:09:19,759 ] 1 : Bought 16 shares at price 61,800 | Portfolio Value = 1,000,000.0 | Budget = 10,705.6 | inventory = 1
[ 2024-08-05 10:09:19,803 ] 4 : Sold 16 shares at price 61,600 | Profit = -3,200 | Portfolio Value = 1,031,505.6 | Budget = 995,812.8 | inventory = 0
[ 2024-08-05 10:09:19,833 ] 6 : Bought 4 shares at price 63,100 | Portfolio Value = 995,812.8 | Budget = 743,286.6 | inventory = 1
[ 2024-08-05 10:09:19,848 ] 7 : Bought 5 shares at price 63,000 | Portfolio Value = 995,686.6 | Budget = 428,129.1 | inventory = 2
[ 2024-08-05 10:09:19,862 ] 8 : Sold 4 shares at price 62,800 | Profit = -1,200 | Portfolio Value = 995,129.1 | Budget = 679,203.5 | inventory = 1
[ 2024-08-05 10:09:19,893 ] 10 : Sold 5 shares at price 63,200 | Profit = 1,000 | Portfolio Value = 993,703.5 | Budget = 995,045.5 | inventory = 0
[ 2024-08-05 10:09:20,004 ] 17 : Bought 3 shares at price 62,000 | Portfolio Value = 995,045.5 | Budget = 808,952.5 | inventory = 1
[ 2024-08-05 10:09:20,034 ] 19 : Sold 3 shares at price 60,500 | Profit = -4,500 | Portfolio Value = 992,852.5 | Budget = 990,361.75 | inventory = 0
[ 2024-08-05 10:09:20,050 ] 20 : Bought 14 shares at price 60,600 | Portfolio Value = 990,361.75 | Budget = 141,537.55 | inventory = 1
[ 2024-08-05 10:09:20,065 ] 21 : Bought 1 shares at price 60,800 | Portfolio Value = 989,937.55 | Budget = 80,707.15 | inventory = 2
[ 2024-08-05 10:09:20,082 ] 22 : Bought 1 shares at price 60,500 | Portfolio Value = 992,707.15 | Budget = 20,176.9 | inventory = 3
[ 2024-08-05 10:09:20,142 ] 26 : Sold 14 shares at price 60,100 | Profit = -7,000 | Portfolio Value = 984,976.9 | Budget = 861,156.2 | inventory = 2
[ 2024-08-05 10:09:20,172 ] 28 : Bought 3 shares at price 60,000 | Portfolio Value = 980,156.2 | Budget = 681,066.2 | inventory = 3
[ 2024-08-05 10:09:20,203 ] 30 : Sold 1 shares at price 59,800 | Profit = -1,000 | Portfolio Value = 976,066.2 | Budget = 740,836.3 | inventory = 2
[ 2024-08-05 10:09:20,233 ] 32 : Sold 1 shares at price 61,300 | Profit = 800 | Portfolio Value = 980,436.3 | Budget = 802,105.65 | inventory = 1
[ 2024-08-05 10:09:20,248 ] 33 : Bought 11 shares at price 60,200 | Portfolio Value = 986,005.65 | Budget = 139,574.55 | inventory = 2
[ 2024-08-05 10:09:20,308 ] 37 : Bought 2 shares at price 63,000 | Portfolio Value = 1,011,774.55 | Budget = 13,511.55 | inventory = 3
[ 2024-08-05 10:09:20,338 ] 39 : Sold 3 shares at price 62,900 | Profit = 8,700 | Portfolio Value = 1,007,111.55 | Budget = 202,117.2 | inventory = 2
[ 2024-08-05 10:09:20,354 ] 40 : Bought 2 shares at price 62,700 | Portfolio Value = 1,019,817.2 | Budget = 76,654.5 | inventory = 3
[ 2024-08-05 10:09:20,384 ] 42 : Bought 1 shares at price 64,000 | Portfolio Value = 1,024,654.5 | Budget = 12,622.5 | inventory = 4
[ 2024-08-05 10:09:20,400 ] 43 : Sold 11 shares at price 63,100 | Profit = 31,900 | Portfolio Value = 1,036,622.5 | Budget = 706,375.45 | inventory = 3
[ 2024-08-05 10:09:20,460 ] 47 : Sold 2 shares at price 65,000 | Profit = 4,000 | Portfolio Value = 1,017,875.45 | Budget = 836,310.45 | inventory = 2
[ 2024-08-05 10:09:20,475 ] 48 : Bought 9 shares at price 65,700 | Portfolio Value = 1,031,310.45 | Budget = 244,714.8 | inventory = 3
[ 2024-08-05 10:09:20,490 ] 49 : Bought 1 shares at price 65,900 | Portfolio Value = 1,033,114.8 | Budget = 178,781.85 | inventory = 4
[ 2024-08-05 10:09:20,505 ] 50 : Sold 2 shares at price 66,000 | Profit = 6,600 | Portfolio Value = 1,035,481.85 | Budget = 310,715.85 | inventory = 3
[ 2024-08-05 10:09:20,521 ] 51 : Sold 1 shares at price 66,100 | Profit = 2,100 | Portfolio Value = 1,036,715.85 | Budget = 376,782.8 | inventory = 2
[ 2024-08-05 10:09:20,535 ] 52 : Bought 2 shares at price 65,100 | Portfolio Value = 1,037,782.8 | Budget = 246,517.7 | inventory = 3
[ 2024-08-05 10:09:20,551 ] 53 : Sold 9 shares at price 65,300 | Profit = -3,600 | Portfolio Value = 1,027,717.7 | Budget = 833,923.85 | inventory = 2
[ 2024-08-05 10:09:20,626 ] 58 : Bought 5 shares at price 65,200 | Portfolio Value = 1,031,023.85 | Budget = 507,760.85 | inventory = 3
[ 2024-08-05 10:09:20,640 ] 59 : Sold 1 shares at price 63,600 | Profit = -2,300 | Portfolio Value = 1,029,360.85 | Budget = 571,329.05 | inventory = 2
[ 2024-08-05 10:09:20,687 ] 62 : Bought 1 shares at price 65,500 | Portfolio Value = 1,023,529.05 | Budget = 505,796.3 | inventory = 3
[ 2024-08-05 10:09:20,702 ] 63 : Sold 2 shares at price 65,700 | Profit = 1,200 | Portfolio Value = 1,029,796.3 | Budget = 637,130.6 | inventory = 2
[ 2024-08-05 10:09:20,732 ] 65 : Bought 5 shares at price 65,100 | Portfolio Value = 1,029,530.6 | Budget = 311,467.85 | inventory = 3
[ 2024-08-05 10:09:20,778 ] 68 : Sold 5 shares at price 64,600 | Profit = -3,000 | Portfolio Value = 1,029,767.85 | Budget = 634,306.35 | inventory = 2
[ 2024-08-05 10:09:20,794 ] 69 : Sold 1 shares at price 64,200 | Profit = -1,300 | Portfolio Value = 1,021,906.35 | Budget = 698,474.25 | inventory = 1
[ 2024-08-05 10:09:20,824 ] 71 : Sold 5 shares at price 64,500 | Profit = -3,000 | Portfolio Value = 1,018,974.25 | Budget = 1,020,813.0 | inventory = 0
[ 2024-08-05 10:09:20,839 ] 72 : Bought 15 shares at price 65,400 | Portfolio Value = 1,020,813.0 | Budget = 39,322.5 | inventory = 1
[ 2024-08-05 10:09:20,854 ] 73 : Sold 15 shares at price 65,000 | Profit = -6,000 | Portfolio Value = 1,020,322.5 | Budget = 1,013,835.0 | inventory = 0
[ 2024-08-05 10:09:20,869 ] 74 : Bought 8 shares at price 66,200 | Portfolio Value = 1,013,835.0 | Budget = 483,970.2 | inventory = 1
[ 2024-08-05 10:09:20,883 ] 75 : Bought 7 shares at price 68,400 | Portfolio Value = 1,013,570.2 | Budget = 4,930.8 | inventory = 2
[ 2024-08-05 10:09:20,913 ] 77 : Sold 8 shares at price 68,400 | Profit = 17,600 | Portfolio Value = 1,032,430.8 | Budget = 551,857.2 | inventory = 1
[ 2024-08-05 10:09:20,971 ] 81 : Sold 7 shares at price 72,300 | Profit = 27,300 | Portfolio Value = 1,043,957.2 | Budget = 1,057,704.15 | inventory = 0
[ 2024-08-05 10:09:21,059 ] 87 : Bought 3 shares at price 70,900 | Portfolio Value = 1,057,704.15 | Budget = 844,897.8 | inventory = 1
[ 2024-08-05 10:09:21,074 ] 88 : Sold 3 shares at price 72,000 | Profit = 3,300 | Portfolio Value = 1,057,597.8 | Budget = 1,060,789.8 | inventory = 0
[ 2024-08-05 10:09:21,166 ] 94 : Bought 12 shares at price 71,200 | Portfolio Value = 1,060,789.8 | Budget = 205,962.6 | inventory = 1
[ 2024-08-05 10:09:21,181 ] 95 : Bought 1 shares at price 71,400 | Portfolio Value = 1,060,362.6 | Budget = 134,526.9 | inventory = 2
[ 2024-08-05 10:09:21,197 ] 96 : Sold 12 shares at price 70,500 | Profit = -8,400 | Portfolio Value = 1,062,726.9 | Budget = 980,103.9 | inventory = 1
[ 2024-08-05 10:09:21,211 ] 97 : Bought 13 shares at price 71,300 | Portfolio Value = 1,050,603.9 | Budget = 52,740.45 | inventory = 2
[ 2024-08-05 10:09:21,240 ] 99 : Sold 1 shares at price 72,400 | Profit = 1,000 | Portfolio Value = 1,055,140.45 | Budget = 125,104.25 | inventory = 1
[ 2024-08-05 10:09:21,256 ] 100 : Sold 13 shares at price 72,600 | Profit = 16,900 | Portfolio Value = 1,066,304.25 | Budget = 1,068,432.35 | inventory = 0
[ 2024-08-05 10:09:21,302 ] 103 : Bought 5 shares at price 72,200 | Portfolio Value = 1,068,432.35 | Budget = 707,251.85 | inventory = 1
[ 2024-08-05 10:09:21,317 ] 104 : Bought 8 shares at price 73,000 | Portfolio Value = 1,068,251.85 | Budget = 122,959.85 | inventory = 2
[ 2024-08-05 10:09:21,332 ] 105 : Bought 1 shares at price 73,000 | Portfolio Value = 1,071,959.85 | Budget = 49,923.35 | inventory = 3
[ 2024-08-05 10:09:21,375 ] 108 : Sold 5 shares at price 69,900 | Profit = -11,500 | Portfolio Value = 1,052,323.35 | Budget = 399,248.6 | inventory = 2
[ 2024-08-05 10:09:21,405 ] 110 : Sold 8 shares at price 71,500 | Profit = -12,000 | Portfolio Value = 1,024,748.6 | Budget = 970,962.6 | inventory = 1
[ 2024-08-05 10:09:21,421 ] 111 : Bought 13 shares at price 71,900 | Portfolio Value = 1,042,462.6 | Budget = 35,795.25 | inventory = 2
[ 2024-08-05 10:09:21,436 ] 112 : Sold 1 shares at price 71,900 | Profit = -1,100 | Portfolio Value = 1,042,395.25 | Budget = 107,659.3 | inventory = 1
[ 2024-08-05 10:09:21,452 ] 113 : Sold 13 shares at price 73,400 | Profit = 19,500 | Portfolio Value = 1,042,359.3 | Budget = 1,061,382.2 | inventory = 0
[ 2024-08-05 10:09:21,466 ] 114 : Bought 12 shares at price 73,300 | Portfolio Value = 1,061,382.2 | Budget = 181,342.4 | inventory = 1
[ 2024-08-05 10:09:21,482 ] 115 : Sold 12 shares at price 72,000 | Profit = -15,600 | Portfolio Value = 1,060,942.4 | Budget = 1,044,910.4 | inventory = 0
[ 2024-08-05 10:09:21,512 ] 117 : Bought 8 shares at price 71,000 | Portfolio Value = 1,044,910.4 | Budget = 476,626.4 | inventory = 1
[ 2024-08-05 10:09:21,542 ] 119 : Sold 8 shares at price 70,400 | Profit = -4,800 | Portfolio Value = 1,039,026.4 | Budget = 1,039,544.8 | inventory = 0
[ 2024-08-05 10:09:21,603 ] 123 : Bought 2 shares at price 70,600 | Portfolio Value = 1,039,544.8 | Budget = 898,274.2 | inventory = 1
[ 2024-08-05 10:09:21,619 ] 124 : Sold 2 shares at price 69,800 | Profit = -1,600 | Portfolio Value = 1,039,474.2 | Budget = 1,037,804.4 | inventory = 0
[ 2024-08-05 10:09:21,649 ] 126 : Bought 8 shares at price 69,900 | Portfolio Value = 1,037,804.4 | Budget = 478,324.8 | inventory = 1
[ 2024-08-05 10:09:21,693 ] 129 : Bought 6 shares at price 68,500 | Portfolio Value = 1,024,724.8 | Budget = 67,119.3 | inventory = 2
[ 2024-08-05 10:09:21,722 ] 131 : Sold 8 shares at price 68,900 | Profit = -8,000 | Portfolio Value = 1,013,519.3 | Budget = 618,043.7 | inventory = 1
[ 2024-08-05 10:09:21,737 ] 132 : Bought 4 shares at price 68,000 | Portfolio Value = 1,031,443.7 | Budget = 345,907.7 | inventory = 2
[ 2024-08-05 10:09:21,752 ] 133 : Bought 1 shares at price 67,500 | Portfolio Value = 1,025,907.7 | Budget = 278,373.95 | inventory = 3
[ 2024-08-05 10:09:21,781 ] 135 : Bought 4 shares at price 67,000 | Portfolio Value = 1,018,673.95 | Budget = 10,239.95 | inventory = 4
[ 2024-08-05 10:09:21,844 ] 139 : Sold 6 shares at price 66,600 | Profit = -11,400 | Portfolio Value = 1,009,239.95 | Budget = 409,640.15 | inventory = 3
[ 2024-08-05 10:09:21,860 ] 140 : Bought 1 shares at price 67,100 | Portfolio Value = 1,009,040.15 | Budget = 342,506.6 | inventory = 4
[ 2024-08-05 10:09:21,875 ] 141 : Bought 1 shares at price 68,200 | Portfolio Value = 1,013,506.6 | Budget = 274,272.5 | inventory = 5
[ 2024-08-05 10:09:21,890 ] 142 : Bought 3 shares at price 67,100 | Portfolio Value = 1,024,472.5 | Budget = 72,871.85 | inventory = 6
[ 2024-08-05 10:09:21,905 ] 143 : Sold 4 shares at price 66,800 | Profit = -4,800 | Portfolio Value = 1,012,271.85 | Budget = 339,938.25 | inventory = 5
[ 2024-08-05 10:09:21,921 ] 144 : Bought 1 shares at price 66,800 | Portfolio Value = 1,007,938.25 | Budget = 273,104.85 | inventory = 6
[ 2024-08-05 10:09:21,937 ] 145 : Bought 2 shares at price 67,100 | Portfolio Value = 1,007,904.85 | Budget = 138,837.75 | inventory = 7
[ 2024-08-05 10:09:21,968 ] 147 : Bought 1 shares at price 71,000 | Portfolio Value = 1,008,537.75 | Budget = 67,802.25 | inventory = 8
[ 2024-08-05 10:09:22,056 ] 153 : Sold 1 shares at price 70,800 | Profit = 3,300 | Portfolio Value = 1,052,002.25 | Budget = 138,566.85 | inventory = 7
[ 2024-08-05 10:09:22,071 ] 154 : Sold 4 shares at price 70,500 | Profit = 14,000 | Portfolio Value = 1,058,966.85 | Budget = 420,425.85 | inventory = 6
[ 2024-08-05 10:09:22,086 ] 155 : Sold 1 shares at price 70,900 | Profit = 3,800 | Portfolio Value = 1,054,925.85 | Budget = 491,290.4 | inventory = 5
[ 2024-08-05 10:09:22,101 ] 156 : Sold 1 shares at price 71,700 | Profit = 3,500 | Portfolio Value = 1,058,490.4 | Budget = 562,954.55 | inventory = 4
[ 2024-08-05 10:09:22,162 ] 160 : Bought 7 shares at price 69,600 | Portfolio Value = 1,051,554.55 | Budget = 75,510.95 | inventory = 5
[ 2024-08-05 10:09:22,177 ] 161 : Sold 3 shares at price 68,900 | Profit = 5,400 | Portfolio Value = 1,049,910.95 | Budget = 282,107.6 | inventory = 4
[ 2024-08-05 10:09:22,206 ] 163 : Sold 1 shares at price 69,400 | Profit = 2,600 | Portfolio Value = 1,038,907.6 | Budget = 351,472.9 | inventory = 3
[ 2024-08-05 10:09:22,236 ] 165 : Sold 2 shares at price 68,400 | Profit = 2,600 | Portfolio Value = 1,037,472.9 | Budget = 488,204.5 | inventory = 2
[ 2024-08-05 10:09:22,252 ] 166 : Bought 4 shares at price 67,500 | Portfolio Value = 1,035,404.5 | Budget = 218,069.5 | inventory = 3
[ 2024-08-05 10:09:22,281 ] 168 : Bought 3 shares at price 66,000 | Portfolio Value = 1,018,469.5 | Budget = 19,970.5 | inventory = 4
[ 2024-08-05 10:09:22,343 ] 172 : Sold 1 shares at price 68,000 | Profit = -3,000 | Portfolio Value = 1,053,470.5 | Budget = 87,936.5 | inventory = 3
[ 2024-08-05 10:09:22,359 ] 173 : Bought 1 shares at price 67,300 | Portfolio Value = 1,039,936.5 | Budget = 20,602.85 | inventory = 4
[ 2024-08-05 10:09:22,404 ] 176 : Sold 7 shares at price 69,500 | Profit = -700 | Portfolio Value = 1,078,102.85 | Budget = 506,859.6 | inventory = 3
[ 2024-08-05 10:09:22,435 ] 178 : Bought 6 shares at price 68,400 | Portfolio Value = 1,057,259.6 | Budget = 96,254.4 | inventory = 4
[ 2024-08-05 10:09:22,479 ] 181 : Sold 4 shares at price 66,700 | Profit = -3,200 | Portfolio Value = 1,048,254.4 | Budget = 362,921.0 | inventory = 3
[ 2024-08-05 10:09:22,510 ] 183 : Bought 3 shares at price 67,300 | Portfolio Value = 1,035,921.0 | Budget = 160,920.05 | inventory = 4
[ 2024-08-05 10:09:22,526 ] 184 : Sold 3 shares at price 66,900 | Profit = 2,700 | Portfolio Value = 1,035,820.05 | Budget = 361,519.7 | inventory = 3
[ 2024-08-05 10:09:22,556 ] 186 : Bought 4 shares at price 69,700 | Portfolio Value = 1,047,519.7 | Budget = 82,580.3 | inventory = 4
[ 2024-08-05 10:09:22,586 ] 188 : Sold 1 shares at price 70,900 | Profit = 3,600 | Portfolio Value = 1,056,980.3 | Budget = 153,444.85 | inventory = 3
[ 2024-08-05 10:09:22,601 ] 189 : Bought 1 shares at price 70,900 | Portfolio Value = 1,075,144.85 | Budget = 82,509.4 | inventory = 4
[ 2024-08-05 10:09:22,616 ] 190 : Sold 6 shares at price 69,900 | Profit = 9,000 | Portfolio Value = 1,075,109.4 | Budget = 501,699.7 | inventory = 3
[ 2024-08-05 10:09:22,631 ] 191 : Bought 1 shares at price 70,300 | Portfolio Value = 1,060,899.7 | Budget = 431,364.55 | inventory = 4
[ 2024-08-05 10:09:22,661 ] 193 : Bought 6 shares at price 70,400 | Portfolio Value = 1,065,864.55 | Budget = 8,753.35 | inventory = 5
[ 2024-08-05 10:09:22,676 ] 194 : Sold 3 shares at price 70,800 | Profit = 10,500 | Portfolio Value = 1,064,753.35 | Budget = 221,047.15 | inventory = 4
[ 2024-08-05 10:09:22,691 ] 195 : Bought 2 shares at price 72,200 | Portfolio Value = 1,070,647.15 | Budget = 76,574.95 | inventory = 5
[ 2024-08-05 10:09:22,707 ] 196 : Sold 4 shares at price 72,800 | Profit = 12,400 | Portfolio Value = 1,087,374.95 | Budget = 367,629.35 | inventory = 4
[ 2024-08-05 10:09:22,723 ] 197 : Sold 1 shares at price 72,500 | Profit = 1,600 | Portfolio Value = 1,095,629.35 | Budget = 440,093.1 | inventory = 3
[ 2024-08-05 10:09:22,766 ] 200 : Bought 1 shares at price 72,800 | Portfolio Value = 1,095,293.1 | Budget = 367,256.7 | inventory = 4
[ 2024-08-05 10:09:22,781 ] 201 : Bought 1 shares at price 72,400 | Portfolio Value = 1,095,256.7 | Budget = 294,820.5 | inventory = 5
[ 2024-08-05 10:09:22,796 ] 202 : Sold 1 shares at price 71,700 | Profit = 1,400 | Portfolio Value = 1,091,220.5 | Budget = 366,484.65 | inventory = 4
[ 2024-08-05 10:09:22,811 ] 203 : Sold 6 shares at price 71,300 | Profit = 5,400 | Portfolio Value = 1,083,484.65 | Budget = 794,070.75 | inventory = 3
[ 2024-08-05 10:09:22,826 ] 204 : Bought 5 shares at price 72,700 | Portfolio Value = 1,079,270.75 | Budget = 430,389.0 | inventory = 4
[ 2024-08-05 10:09:22,856 ] 206 : Sold 2 shares at price 72,800 | Profit = 1,200 | Portfolio Value = 1,084,689.0 | Budget = 575,916.2 | inventory = 3
[ 2024-08-05 10:09:22,887 ] 208 : Sold 1 shares at price 72,600 | Profit = -200 | Portfolio Value = 1,079,916.2 | Budget = 648,479.9 | inventory = 2
[ 2024-08-05 10:09:22,902 ] 209 : Bought 6 shares at price 71,200 | Portfolio Value = 1,084,079.9 | Budget = 221,066.3 | inventory = 3
[ 2024-08-05 10:09:22,917 ] 210 : Sold 1 shares at price 71,700 | Profit = -700 | Portfolio Value = 1,075,466.3 | Budget = 292,730.45 | inventory = 2
[ 2024-08-05 10:09:22,947 ] 212 : Bought 4 shares at price 72,600 | Portfolio Value = 1,079,230.45 | Budget = 2,185.25 | inventory = 3
[ 2024-08-05 10:09:23,007 ] 216 : Sold 5 shares at price 73,100 | Profit = 2,000 | Portfolio Value = 1,094,185.25 | Budget = 367,502.5 | inventory = 2
[ 2024-08-05 10:09:23,022 ] 217 : Sold 6 shares at price 73,300 | Profit = 12,600 | Portfolio Value = 1,098,502.5 | Budget = 807,082.6 | inventory = 1
[ 2024-08-05 10:09:23,082 ] 221 : Bought 1 shares at price 75,000 | Portfolio Value = 1,106,282.6 | Budget = 732,045.1 | inventory = 2
[ 2024-08-05 10:09:23,098 ] 222 : Bought 6 shares at price 75,900 | Portfolio Value = 1,107,045.1 | Budget = 276,417.4 | inventory = 3
[ 2024-08-05 10:09:23,113 ] 223 : Bought 2 shares at price 76,600 | Portfolio Value = 1,111,317.4 | Budget = 123,140.8 | inventory = 4
[ 2024-08-05 10:09:23,143 ] 225 : Bought 1 shares at price 78,500 | Portfolio Value = 1,137,140.8 | Budget = 44,601.55 | inventory = 5
[ 2024-08-05 10:09:23,143 ] Episode: 2, Total Reward: -207,840.36545872613, Total Profit: 116,400, Profit Rate: 11.64%
[ 2024-08-05 10:09:23,143 ] ----------------------------------------------------------------------------------------------------
[ 2024-08-05 10:09:23,143 ] Starting Episode 3
[ 2024-08-05 10:09:23,158 ] 0 : Bought 5 shares at price 61,000 | Portfolio Value = 1,000,000 | Budget = 694,847.5 | inventory = 1
[ 2024-08-05 10:09:23,173 ] 1 : Bought 10 shares at price 61,800 | Portfolio Value = 999,847.5 | Budget = 76,538.5 | inventory = 2
[ 2024-08-05 10:09:23,188 ] 2 : Sold 5 shares at price 63,500 | Profit = 12,500 | Portfolio Value = 1,003,538.5 | Budget = 393,879.75 | inventory = 1
[ 2024-08-05 10:09:23,218 ] 4 : Sold 10 shares at price 61,600 | Profit = -2,000 | Portfolio Value = 1,031,879.75 | Budget = 1,009,571.75 | inventory = 0
[ 2024-08-05 10:09:23,232 ] 5 : Bought 9 shares at price 61,900 | Portfolio Value = 1,009,571.75 | Budget = 452,193.2 | inventory = 1
[ 2024-08-05 10:09:23,247 ] 6 : Bought 3 shares at price 63,100 | Portfolio Value = 1,009,293.2 | Budget = 262,798.55 | inventory = 2
[ 2024-08-05 10:09:23,262 ] 7 : Sold 9 shares at price 63,000 | Profit = 9,900 | Portfolio Value = 1,019,998.55 | Budget = 829,515.05 | inventory = 1
[ 2024-08-05 10:09:23,277 ] 8 : Sold 3 shares at price 62,800 | Profit = -900 | Portfolio Value = 1,018,515.05 | Budget = 1,017,820.85 | inventory = 0
[ 2024-08-05 10:09:23,353 ] 13 : Bought 12 shares at price 62,600 | Portfolio Value = 1,017,820.85 | Budget = 266,245.25 | inventory = 1
[ 2024-08-05 10:09:23,416 ] 17 : Sold 12 shares at price 62,000 | Profit = -7,200 | Portfolio Value = 999,445.25 | Budget = 1,009,873.25 | inventory = 0
[ 2024-08-05 10:09:23,476 ] 21 : Bought 3 shares at price 60,800 | Portfolio Value = 1,009,873.25 | Budget = 827,382.05 | inventory = 1
[ 2024-08-05 10:09:23,507 ] 23 : Bought 13 shares at price 61,500 | Portfolio Value = 1,008,882.05 | Budget = 27,482.3 | inventory = 2
[ 2024-08-05 10:09:23,538 ] 25 : Sold 3 shares at price 60,300 | Profit = -1,500 | Portfolio Value = 998,682.3 | Budget = 208,291.85 | inventory = 1
[ 2024-08-05 10:09:23,568 ] 27 : Bought 3 shares at price 59,500 | Portfolio Value = 989,591.85 | Budget = 29,702.6 | inventory = 2
[ 2024-08-05 10:09:23,584 ] 28 : Sold 13 shares at price 60,000 | Profit = -19,500 | Portfolio Value = 981,702.6 | Budget = 809,312.6 | inventory = 1
[ 2024-08-05 10:09:23,600 ] 29 : Bought 13 shares at price 59,000 | Portfolio Value = 989,312.6 | Budget = 41,929.1 | inventory = 2
[ 2024-08-05 10:09:23,660 ] 33 : Sold 3 shares at price 60,200 | Profit = 2,100 | Portfolio Value = 1,022,729.1 | Budget = 222,438.8 | inventory = 1
[ 2024-08-05 10:09:23,675 ] 34 : Sold 13 shares at price 60,300 | Profit = 16,900 | Portfolio Value = 1,005,038.8 | Budget = 1,005,946.85 | inventory = 0
[ 2024-08-05 10:09:23,690 ] 35 : Bought 14 shares at price 61,100 | Portfolio Value = 1,005,946.85 | Budget = 150,119.15 | inventory = 1
[ 2024-08-05 10:09:23,706 ] 36 : Bought 2 shares at price 62,300 | Portfolio Value = 1,005,519.15 | Budget = 25,456.85 | inventory = 2
[ 2024-08-05 10:09:23,721 ] 37 : Sold 14 shares at price 63,000 | Profit = 26,600 | Portfolio Value = 1,022,256.85 | Budget = 907,015.85 | inventory = 1
[ 2024-08-05 10:09:23,736 ] 38 : Bought 13 shares at price 62,100 | Portfolio Value = 1,033,015.85 | Budget = 99,312.2 | inventory = 2
[ 2024-08-05 10:09:23,766 ] 40 : Bought 1 shares at price 62,700 | Portfolio Value = 1,042,812.2 | Budget = 36,580.85 | inventory = 3
[ 2024-08-05 10:09:23,782 ] 41 : Sold 2 shares at price 63,200 | Profit = 1,800 | Portfolio Value = 1,039,780.85 | Budget = 162,917.65 | inventory = 2
[ 2024-08-05 10:09:23,814 ] 43 : Sold 13 shares at price 63,100 | Profit = 13,000 | Portfolio Value = 1,058,917.65 | Budget = 982,807.5 | inventory = 1
[ 2024-08-05 10:09:23,844 ] 45 : Bought 3 shares at price 63,900 | Portfolio Value = 1,046,407.5 | Budget = 791,011.65 | inventory = 2
[ 2024-08-05 10:09:23,877 ] 47 : Bought 5 shares at price 65,000 | Portfolio Value = 1,040,211.65 | Budget = 465,849.15 | inventory = 3
[ 2024-08-05 10:09:23,891 ] 48 : Sold 1 shares at price 65,700 | Profit = 3,000 | Portfolio Value = 1,050,849.15 | Budget = 531,516.3 | inventory = 2
[ 2024-08-05 10:09:23,907 ] 49 : Bought 4 shares at price 65,900 | Portfolio Value = 1,057,116.3 | Budget = 267,784.5 | inventory = 3
[ 2024-08-05 10:09:23,923 ] 50 : Bought 3 shares at price 66,000 | Portfolio Value = 1,058,584.5 | Budget = 69,685.5 | inventory = 4
[ 2024-08-05 10:09:23,938 ] 51 : Sold 3 shares at price 66,100 | Profit = 6,600 | Portfolio Value = 1,059,685.5 | Budget = 267,886.35 | inventory = 3
[ 2024-08-05 10:09:23,953 ] 52 : Sold 5 shares at price 65,100 | Profit = 500 | Portfolio Value = 1,061,086.35 | Budget = 593,223.6 | inventory = 2
[ 2024-08-05 10:09:23,983 ] 54 : Bought 6 shares at price 65,600 | Portfolio Value = 1,050,323.6 | Budget = 199,426.8 | inventory = 3
[ 2024-08-05 10:09:24,014 ] 56 : Sold 4 shares at price 65,300 | Profit = -2,400 | Portfolio Value = 1,050,926.8 | Budget = 460,496.2 | inventory = 2
[ 2024-08-05 10:09:24,029 ] 57 : Sold 3 shares at price 65,700 | Profit = -900 | Portfolio Value = 1,048,196.2 | Budget = 657,497.65 | inventory = 1
[ 2024-08-05 10:09:24,044 ] 58 : Bought 9 shares at price 65,200 | Portfolio Value = 1,051,697.65 | Budget = 70,404.25 | inventory = 2
[ 2024-08-05 10:09:24,059 ] 59 : Sold 6 shares at price 63,600 | Profit = -12,000 | Portfolio Value = 1,048,404.25 | Budget = 451,813.45 | inventory = 1
[ 2024-08-05 10:09:24,074 ] 60 : Bought 2 shares at price 64,100 | Portfolio Value = 1,024,213.45 | Budget = 323,549.35 | inventory = 2
[ 2024-08-05 10:09:24,089 ] 61 : Bought 2 shares at price 64,600 | Portfolio Value = 1,028,649.35 | Budget = 194,284.75 | inventory = 3
[ 2024-08-05 10:09:24,118 ] 63 : Sold 9 shares at price 65,700 | Profit = 4,500 | Portfolio Value = 1,045,784.75 | Budget = 785,289.1 | inventory = 2
[ 2024-08-05 10:09:24,148 ] 65 : Sold 2 shares at price 65,100 | Profit = 2,000 | Portfolio Value = 1,046,889.1 | Budget = 915,424.0 | inventory = 1
[ 2024-08-05 10:09:24,162 ] 66 : Sold 2 shares at price 65,900 | Profit = 2,600 | Portfolio Value = 1,045,624.0 | Budget = 1,047,158.1 | inventory = 0
[ 2024-08-05 10:09:24,236 ] 71 : Bought 8 shares at price 64,500 | Portfolio Value = 1,047,158.1 | Budget = 530,900.1 | inventory = 1
[ 2024-08-05 10:09:24,266 ] 73 : Sold 8 shares at price 65,000 | Profit = 4,000 | Portfolio Value = 1,054,100.1 | Budget = 1,050,640.1 | inventory = 0
[ 2024-08-05 10:09:24,282 ] 74 : Bought 3 shares at price 66,200 | Portfolio Value = 1,050,640.1 | Budget = 851,940.8 | inventory = 1
[ 2024-08-05 10:09:24,313 ] 76 : Bought 2 shares at price 68,500 | Portfolio Value = 1,057,140.8 | Budget = 714,872.3 | inventory = 2
[ 2024-08-05 10:09:24,328 ] 77 : Bought 5 shares at price 68,400 | Portfolio Value = 1,057,372.3 | Budget = 372,701.3 | inventory = 3
[ 2024-08-05 10:09:24,343 ] 78 : Bought 5 shares at price 68,500 | Portfolio Value = 1,056,701.3 | Budget = 30,030.05 | inventory = 4
[ 2024-08-05 10:09:24,373 ] 80 : Sold 3 shares at price 70,300 | Profit = 12,300 | Portfolio Value = 1,062,030.05 | Budget = 240,824.6 | inventory = 3
[ 2024-08-05 10:09:24,388 ] 81 : Bought 3 shares at price 72,300 | Portfolio Value = 1,084,424.6 | Budget = 23,816.15 | inventory = 4
[ 2024-08-05 10:09:24,404 ] 82 : Sold 2 shares at price 71,400 | Profit = 5,800 | Portfolio Value = 1,108,316.15 | Budget = 166,544.75 | inventory = 3
[ 2024-08-05 10:09:24,419 ] 83 : Sold 5 shares at price 70,900 | Profit = 12,500 | Portfolio Value = 1,094,744.75 | Budget = 520,867.5 | inventory = 2
[ 2024-08-05 10:09:24,451 ] 85 : Sold 5 shares at price 71,700 | Profit = 16,000 | Portfolio Value = 1,098,467.5 | Budget = 879,188.25 | inventory = 1
[ 2024-08-05 10:09:24,481 ] 87 : Sold 3 shares at price 70,900 | Profit = -4,200 | Portfolio Value = 1,092,188.25 | Budget = 1,091,781.9 | inventory = 0
[ 2024-08-05 10:09:24,497 ] 88 : Bought 11 shares at price 72,000 | Portfolio Value = 1,091,781.9 | Budget = 299,385.9 | inventory = 1
[ 2024-08-05 10:09:24,512 ] 89 : Sold 11 shares at price 71,000 | Profit = -11,000 | Portfolio Value = 1,091,385.9 | Budget = 1,079,995.4 | inventory = 0
[ 2024-08-05 10:09:24,602 ] 95 : Bought 15 shares at price 71,400 | Portfolio Value = 1,079,995.4 | Budget = 8,459.9 | inventory = 1
[ 2024-08-05 10:09:24,633 ] 97 : Sold 15 shares at price 71,300 | Profit = -1,500 | Portfolio Value = 1,065,959.9 | Budget = 1,077,425.15 | inventory = 0
[ 2024-08-05 10:09:24,649 ] 98 : Bought 1 shares at price 71,600 | Portfolio Value = 1,077,425.15 | Budget = 1,005,789.35 | inventory = 1
[ 2024-08-05 10:09:24,664 ] 99 : Sold 1 shares at price 72,400 | Profit = 800 | Portfolio Value = 1,077,389.35 | Budget = 1,078,153.15 | inventory = 0
[ 2024-08-05 10:09:24,680 ] 100 : Bought 2 shares at price 72,600 | Portfolio Value = 1,078,153.15 | Budget = 932,880.55 | inventory = 1
[ 2024-08-05 10:09:24,695 ] 101 : Sold 2 shares at price 72,700 | Profit = 200 | Portfolio Value = 1,078,080.55 | Budget = 1,078,207.85 | inventory = 0
[ 2024-08-05 10:09:24,755 ] 105 : Bought 9 shares at price 73,000 | Portfolio Value = 1,078,207.85 | Budget = 420,879.35 | inventory = 1
[ 2024-08-05 10:09:24,770 ] 106 : Bought 2 shares at price 72,000 | Portfolio Value = 1,077,879.35 | Budget = 276,807.35 | inventory = 2
[ 2024-08-05 10:09:24,784 ] 107 : Sold 9 shares at price 71,600 | Profit = -12,600 | Portfolio Value = 1,068,807.35 | Budget = 920,885.15 | inventory = 1
[ 2024-08-05 10:09:24,814 ] 109 : Bought 7 shares at price 69,500 | Portfolio Value = 1,060,685.15 | Budget = 434,141.9 | inventory = 2
[ 2024-08-05 10:09:24,829 ] 110 : Bought 4 shares at price 71,500 | Portfolio Value = 1,059,641.9 | Budget = 147,998.9 | inventory = 3
[ 2024-08-05 10:09:24,858 ] 112 : Bought 2 shares at price 71,900 | Portfolio Value = 1,082,698.9 | Budget = 4,127.0 | inventory = 4
[ 2024-08-05 10:09:24,917 ] 116 : Sold 2 shares at price 71,700 | Profit = -600 | Portfolio Value = 1,084,127.0 | Budget = 147,455.3 | inventory = 3
[ 2024-08-05 10:09:24,931 ] 117 : Bought 2 shares at price 71,000 | Portfolio Value = 1,079,555.3 | Budget = 5,384.3 | inventory = 4
[ 2024-08-05 10:09:24,946 ] 118 : Sold 7 shares at price 70,300 | Profit = 5,600 | Portfolio Value = 1,070,384.3 | Budget = 497,238.25 | inventory = 3
[ 2024-08-05 10:09:24,962 ] 119 : Bought 2 shares at price 70,400 | Portfolio Value = 1,059,638.25 | Budget = 356,367.85 | inventory = 4
[ 2024-08-05 10:09:24,991 ] 121 : Bought 3 shares at price 69,800 | Portfolio Value = 1,056,367.85 | Budget = 146,863.15 | inventory = 5
[ 2024-08-05 10:09:25,007 ] 122 : Bought 2 shares at price 71,700 | Portfolio Value = 1,054,263.15 | Budget = 3,391.45 | inventory = 6
[ 2024-08-05 10:09:25,126 ] 130 : Sold 4 shares at price 67,600 | Profit = -15,600 | Portfolio Value = 1,030,891.45 | Budget = 273,656.25 | inventory = 5
[ 2024-08-05 10:09:25,141 ] 131 : Bought 3 shares at price 68,900 | Portfolio Value = 1,017,256.25 | Budget = 66,852.9 | inventory = 6
[ 2024-08-05 10:09:25,172 ] 133 : Sold 2 shares at price 67,500 | Profit = -8,800 | Portfolio Value = 1,018,852.9 | Budget = 201,785.4 | inventory = 5
[ 2024-08-05 10:09:25,201 ] 135 : Sold 2 shares at price 67,000 | Profit = -8,000 | Portfolio Value = 1,009,385.4 | Budget = 335,718.4 | inventory = 4
[ 2024-08-05 10:09:25,216 ] 136 : Sold 2 shares at price 66,700 | Profit = -7,400 | Portfolio Value = 1,005,718.4 | Budget = 469,051.7 | inventory = 3
[ 2024-08-05 10:09:25,304 ] 142 : Sold 3 shares at price 67,100 | Profit = -8,100 | Portfolio Value = 1,014,651.7 | Budget = 670,251.05 | inventory = 2
[ 2024-08-05 10:09:25,334 ] 144 : Bought 5 shares at price 66,800 | Portfolio Value = 1,004,251.05 | Budget = 336,084.05 | inventory = 3
[ 2024-08-05 10:09:25,349 ] 145 : Sold 2 shares at price 67,100 | Profit = -9,200 | Portfolio Value = 1,004,084.05 | Budget = 470,216.95 | inventory = 2
[ 2024-08-05 10:09:25,363 ] 146 : Sold 3 shares at price 66,900 | Profit = -6,000 | Portfolio Value = 1,007,016.95 | Budget = 670,816.6 | inventory = 1
[ 2024-08-05 10:09:25,377 ] 147 : Bought 1 shares at price 71,000 | Portfolio Value = 1,005,316.6 | Budget = 599,781.1 | inventory = 2
[ 2024-08-05 10:09:25,407 ] 149 : Bought 4 shares at price 70,700 | Portfolio Value = 1,026,981.1 | Budget = 316,839.7 | inventory = 3
[ 2024-08-05 10:09:25,421 ] 150 : Bought 4 shares at price 70,000 | Portfolio Value = 1,023,839.7 | Budget = 36,699.7 | inventory = 4
[ 2024-08-05 10:09:25,466 ] 153 : Sold 5 shares at price 70,800 | Profit = 20,000 | Portfolio Value = 1,020,899.7 | Budget = 390,522.7 | inventory = 3
[ 2024-08-05 10:09:25,482 ] 154 : Bought 1 shares at price 70,500 | Portfolio Value = 1,027,722.7 | Budget = 319,987.45 | inventory = 4
[ 2024-08-05 10:09:25,511 ] 156 : Bought 3 shares at price 71,700 | Portfolio Value = 1,028,987.45 | Budget = 104,779.9 | inventory = 5
[ 2024-08-05 10:09:25,527 ] 157 : Bought 1 shares at price 72,000 | Portfolio Value = 1,036,879.9 | Budget = 32,743.9 | inventory = 6
[ 2024-08-05 10:09:25,541 ] 158 : Sold 1 shares at price 70,200 | Profit = -800 | Portfolio Value = 1,040,743.9 | Budget = 102,908.8 | inventory = 5
[ 2024-08-05 10:09:25,557 ] 159 : Sold 4 shares at price 69,800 | Profit = -3,600 | Portfolio Value = 1,015,508.8 | Budget = 381,969.2 | inventory = 4
[ 2024-08-05 10:09:25,572 ] 160 : Sold 4 shares at price 69,600 | Profit = -1,600 | Portfolio Value = 1,010,169.2 | Budget = 660,230.0 | inventory = 3
[ 2024-08-05 10:09:25,603 ] 162 : Bought 5 shares at price 68,800 | Portfolio Value = 1,004,730.0 | Budget = 316,058.0 | inventory = 4
[ 2024-08-05 10:09:25,618 ] 163 : Bought 4 shares at price 69,400 | Portfolio Value = 1,004,058.0 | Budget = 38,319.2 | inventory = 5
[ 2024-08-05 10:09:25,662 ] 166 : Sold 1 shares at price 67,500 | Profit = -3,000 | Portfolio Value = 995,919.2 | Budget = 105,785.45 | inventory = 4
[ 2024-08-05 10:09:25,692 ] 168 : Bought 1 shares at price 66,000 | Portfolio Value = 972,885.45 | Budget = 39,752.45 | inventory = 5
[ 2024-08-05 10:09:25,750 ] 172 : Sold 3 shares at price 68,000 | Profit = -11,100 | Portfolio Value = 1,004,352.45 | Budget = 243,650.45 | inventory = 4
[ 2024-08-05 10:09:25,764 ] 173 : Sold 1 shares at price 67,300 | Profit = -4,700 | Portfolio Value = 991,650.45 | Budget = 310,916.8 | inventory = 3
[ 2024-08-05 10:09:25,779 ] 174 : Sold 5 shares at price 69,400 | Profit = 3,000 | Portfolio Value = 983,916.8 | Budget = 657,743.3 | inventory = 2
[ 2024-08-05 10:09:25,794 ] 175 : Bought 1 shares at price 70,500 | Portfolio Value = 1,004,743.3 | Budget = 587,208.05 | inventory = 3
[ 2024-08-05 10:09:25,824 ] 177 : Bought 4 shares at price 68,800 | Portfolio Value = 1,004,208.05 | Budget = 311,870.45 | inventory = 4
[ 2024-08-05 10:09:25,839 ] 178 : Bought 2 shares at price 68,400 | Portfolio Value = 999,870.45 | Budget = 175,002.05 | inventory = 5
[ 2024-08-05 10:09:25,854 ] 179 : Sold 4 shares at price 68,500 | Profit = -3,600 | Portfolio Value = 995,802.05 | Budget = 448,865.05 | inventory = 4
[ 2024-08-05 10:09:25,884 ] 181 : Bought 3 shares at price 66,700 | Portfolio Value = 992,865.05 | Budget = 248,665.0 | inventory = 5
[ 2024-08-05 10:09:25,927 ] 184 : Sold 1 shares at price 66,900 | Profit = 900 | Portfolio Value = 988,965.0 | Budget = 315,531.55 | inventory = 4
[ 2024-08-05 10:09:25,943 ] 185 : Bought 1 shares at price 68,600 | Portfolio Value = 984,531.55 | Budget = 246,897.25 | inventory = 5
[ 2024-08-05 10:09:25,958 ] 186 : Bought 3 shares at price 69,700 | Portfolio Value = 1,001,497.25 | Budget = 37,692.7 | inventory = 6
[ 2024-08-05 10:09:26,003 ] 189 : Sold 1 shares at price 70,900 | Profit = 400 | Portfolio Value = 1,030,292.7 | Budget = 108,557.25 | inventory = 5
[ 2024-08-05 10:09:26,018 ] 190 : Sold 4 shares at price 69,900 | Profit = 4,400 | Portfolio Value = 1,030,257.25 | Budget = 388,017.45 | inventory = 4
[ 2024-08-05 10:09:26,034 ] 191 : Sold 2 shares at price 70,300 | Profit = 3,800 | Portfolio Value = 1,017,117.45 | Budget = 528,547.15 | inventory = 3
[ 2024-08-05 10:09:26,049 ] 192 : Sold 3 shares at price 70,500 | Profit = 11,400 | Portfolio Value = 1,020,647.15 | Budget = 739,941.4 | inventory = 2
[ 2024-08-05 10:09:26,080 ] 194 : Sold 1 shares at price 70,800 | Profit = 2,200 | Portfolio Value = 1,021,541.4 | Budget = 810,706.0 | inventory = 1
[ 2024-08-05 10:09:26,096 ] 195 : Bought 5 shares at price 72,200 | Portfolio Value = 1,023,106.0 | Budget = 449,525.5 | inventory = 2
[ 2024-08-05 10:09:26,127 ] 197 : Sold 3 shares at price 72,500 | Profit = 8,400 | Portfolio Value = 1,031,925.5 | Budget = 666,916.75 | inventory = 1
[ 2024-08-05 10:09:26,157 ] 199 : Sold 5 shares at price 72,800 | Profit = 3,000 | Portfolio Value = 1,030,416.75 | Budget = 1,030,734.75 | inventory = 0
[ 2024-08-05 10:09:26,172 ] 200 : Bought 11 shares at price 72,800 | Portfolio Value = 1,030,734.75 | Budget = 229,534.35 | inventory = 1
[ 2024-08-05 10:09:26,186 ] 201 : Bought 1 shares at price 72,400 | Portfolio Value = 1,030,334.35 | Budget = 157,098.15 | inventory = 2
[ 2024-08-05 10:09:26,202 ] 202 : Bought 1 shares at price 71,700 | Portfolio Value = 1,025,898.15 | Budget = 85,362.3 | inventory = 3
[ 2024-08-05 10:09:26,216 ] 203 : Sold 11 shares at price 71,300 | Profit = -16,500 | Portfolio Value = 1,017,462.3 | Budget = 869,270.15 | inventory = 2
[ 2024-08-05 10:09:26,231 ] 204 : Bought 11 shares at price 72,700 | Portfolio Value = 1,011,870.15 | Budget = 69,170.3 | inventory = 3
[ 2024-08-05 10:09:26,307 ] 209 : Sold 1 shares at price 71,200 | Profit = -1,200 | Portfolio Value = 1,012,970.3 | Budget = 140,334.7 | inventory = 2
[ 2024-08-05 10:09:26,322 ] 210 : Bought 1 shares at price 71,700 | Portfolio Value = 994,734.7 | Budget = 68,598.85 | inventory = 3
[ 2024-08-05 10:09:26,338 ] 211 : Sold 1 shares at price 71,500 | Profit = -200 | Portfolio Value = 1,000,698.85 | Budget = 140,063.1 | inventory = 2
[ 2024-08-05 10:09:26,385 ] 214 : Sold 11 shares at price 73,500 | Profit = 8,800 | Portfolio Value = 1,016,063.1 | Budget = 948,158.85 | inventory = 1
[ 2024-08-05 10:09:26,448 ] 218 : Sold 1 shares at price 72,900 | Profit = 1,200 | Portfolio Value = 1,021,458.85 | Budget = 1,021,022.4 | inventory = 0
[ 2024-08-05 10:09:26,478 ] 220 : Bought 4 shares at price 74,800 | Portfolio Value = 1,021,022.4 | Budget = 721,672.8 | inventory = 1
[ 2024-08-05 10:09:26,508 ] 222 : Bought 8 shares at price 75,900 | Portfolio Value = 1,021,672.8 | Budget = 114,169.2 | inventory = 2
[ 2024-08-05 10:09:26,524 ] 223 : Sold 4 shares at price 76,600 | Profit = 7,200 | Portfolio Value = 1,024,969.2 | Budget = 420,416.0 | inventory = 1
[ 2024-08-05 10:09:26,539 ] 224 : Bought 2 shares at price 78,000 | Portfolio Value = 1,033,216.0 | Budget = 264,338.0 | inventory = 2
[ 2024-08-05 10:09:26,555 ] Episode: 3, Total Reward: -276,846.35392511945, Total Profit: 48,200, Profit Rate: 4.82%
[ 2024-08-05 10:09:26,555 ] ----------------------------------------------------------------------------------------------------
[ 2024-08-05 10:09:26,555 ] Starting Episode 4
[ 2024-08-05 10:09:26,601 ] 2 : Bought 4 shares at price 63,500 | Portfolio Value = 1,000,000.0 | Budget = 745,873.0 | inventory = 1
[ 2024-08-05 10:09:26,617 ] 3 : Sold 4 shares at price 63,800 | Profit = 1,200 | Portfolio Value = 999,873.0 | Budget = 1,000,945.4 | inventory = 0
[ 2024-08-05 10:09:26,722 ] 10 : Bought 11 shares at price 63,200 | Portfolio Value = 1,000,945.4 | Budget = 305,397.8 | inventory = 1
[ 2024-08-05 10:09:26,737 ] 11 : Bought 3 shares at price 62,200 | Portfolio Value = 1,000,597.8 | Budget = 118,704.5 | inventory = 2
[ 2024-08-05 10:09:26,783 ] 14 : Bought 1 shares at price 62,700 | Portfolio Value = 995,104.5 | Budget = 55,973.15 | inventory = 3
[ 2024-08-05 10:09:26,798 ] 15 : Sold 11 shares at price 62,100 | Profit = -12,100 | Portfolio Value = 996,473.15 | Budget = 738,731.6 | inventory = 2
[ 2024-08-05 10:09:26,815 ] 16 : Bought 3 shares at price 61,100 | Portfolio Value = 987,131.6 | Budget = 555,339.95 | inventory = 3
[ 2024-08-05 10:09:26,830 ] 17 : Bought 1 shares at price 62,000 | Portfolio Value = 983,039.95 | Budget = 493,308.95 | inventory = 4
[ 2024-08-05 10:09:26,862 ] 19 : Sold 3 shares at price 60,500 | Profit = -5,100 | Portfolio Value = 983,708.95 | Budget = 674,718.2 | inventory = 3
[ 2024-08-05 10:09:26,877 ] 20 : Sold 1 shares at price 60,600 | Profit = -2,100 | Portfolio Value = 977,218.2 | Budget = 735,287.9 | inventory = 2
[ 2024-08-05 10:09:26,910 ] 22 : Sold 3 shares at price 60,500 | Profit = -1,800 | Portfolio Value = 978,487.9 | Budget = 916,697.15 | inventory = 1
[ 2024-08-05 10:09:26,927 ] 23 : Bought 3 shares at price 61,500 | Portfolio Value = 977,197.15 | Budget = 732,104.9 | inventory = 2
[ 2024-08-05 10:09:26,942 ] 24 : Bought 3 shares at price 60,700 | Portfolio Value = 978,104.9 | Budget = 549,913.85 | inventory = 3
[ 2024-08-05 10:09:26,959 ] 25 : Sold 1 shares at price 60,300 | Profit = -1,700 | Portfolio Value = 974,813.85 | Budget = 610,183.7 | inventory = 2
[ 2024-08-05 10:09:26,974 ] 26 : Sold 3 shares at price 60,100 | Profit = -4,200 | Portfolio Value = 971,983.7 | Budget = 790,393.55 | inventory = 1
[ 2024-08-05 10:09:26,990 ] 27 : Bought 10 shares at price 59,500 | Portfolio Value = 970,693.55 | Budget = 195,096.05 | inventory = 2
[ 2024-08-05 10:09:27,023 ] 29 : Bought 2 shares at price 59,000 | Portfolio Value = 975,096.05 | Budget = 77,037.05 | inventory = 3
[ 2024-08-05 10:09:27,040 ] 30 : Sold 3 shares at price 59,800 | Profit = -2,700 | Portfolio Value = 962,037.05 | Budget = 256,347.35 | inventory = 2
[ 2024-08-05 10:09:27,072 ] 32 : Bought 3 shares at price 61,300 | Portfolio Value = 975,147.35 | Budget = 72,355.4 | inventory = 3
[ 2024-08-05 10:09:27,089 ] 33 : Bought 1 shares at price 60,200 | Portfolio Value = 991,855.4 | Budget = 12,125.3 | inventory = 4
[ 2024-08-05 10:09:27,134 ] 36 : Sold 10 shares at price 62,300 | Profit = 28,000 | Portfolio Value = 989,725.3 | Budget = 634,813.8 | inventory = 3
[ 2024-08-05 10:09:27,194 ] 40 : Sold 2 shares at price 62,700 | Profit = 7,400 | Portfolio Value = 1,012,213.8 | Budget = 760,151.1 | inventory = 2
[ 2024-08-05 10:09:27,210 ] 41 : Bought 9 shares at price 63,200 | Portfolio Value = 1,010,951.1 | Budget = 191,066.7 | inventory = 3
[ 2024-08-05 10:09:27,239 ] 43 : Sold 3 shares at price 63,100 | Profit = 5,400 | Portfolio Value = 1,023,066.7 | Budget = 380,272.05 | inventory = 2
[ 2024-08-05 10:09:27,254 ] 44 : Sold 1 shares at price 63,600 | Profit = 3,400 | Portfolio Value = 1,011,272.05 | Budget = 443,840.25 | inventory = 1
[ 2024-08-05 10:09:27,269 ] 45 : Sold 9 shares at price 63,900 | Profit = 6,300 | Portfolio Value = 1,016,240.25 | Budget = 1,018,652.7 | inventory = 0
[ 2024-08-05 10:09:27,330 ] 49 : Bought 13 shares at price 65,900 | Portfolio Value = 1,018,652.7 | Budget = 161,524.35 | inventory = 1
[ 2024-08-05 10:09:27,345 ] 50 : Sold 13 shares at price 66,000 | Profit = 1,300 | Portfolio Value = 1,018,224.35 | Budget = 1,019,095.35 | inventory = 0
[ 2024-08-05 10:09:27,390 ] 53 : Bought 12 shares at price 65,300 | Portfolio Value = 1,019,095.35 | Budget = 235,103.55 | inventory = 1
[ 2024-08-05 10:09:27,421 ] 55 : Bought 1 shares at price 65,500 | Portfolio Value = 1,022,303.55 | Budget = 169,570.8 | inventory = 2
[ 2024-08-05 10:09:27,437 ] 56 : Sold 12 shares at price 65,300 | Profit = 0 | Portfolio Value = 1,021,070.8 | Budget = 952,779.0 | inventory = 1
[ 2024-08-05 10:09:27,452 ] 57 : Sold 1 shares at price 65,700 | Profit = 200 | Portfolio Value = 1,018,079.0 | Budget = 1,018,446.15 | inventory = 0
[ 2024-08-05 10:09:27,563 ] 64 : Bought 8 shares at price 65,400 | Portfolio Value = 1,018,446.15 | Budget = 494,984.55 | inventory = 1
[ 2024-08-05 10:09:27,579 ] 65 : Sold 8 shares at price 65,100 | Profit = -2,400 | Portfolio Value = 1,018,184.55 | Budget = 1,015,524.15 | inventory = 0
[ 2024-08-05 10:09:27,611 ] 67 : Bought 11 shares at price 65,300 | Portfolio Value = 1,015,524.15 | Budget = 296,865.0 | inventory = 1
[ 2024-08-05 10:09:27,627 ] 68 : Bought 1 shares at price 64,600 | Portfolio Value = 1,015,165.0 | Budget = 232,232.7 | inventory = 2
[ 2024-08-05 10:09:27,644 ] 69 : Bought 3 shares at price 64,200 | Portfolio Value = 1,007,432.7 | Budget = 39,536.4 | inventory = 3
[ 2024-08-05 10:09:27,689 ] 72 : Sold 11 shares at price 65,400 | Profit = 1,100 | Portfolio Value = 1,007,036.4 | Budget = 758,576.7 | inventory = 2
[ 2024-08-05 10:09:27,704 ] 73 : Sold 1 shares at price 65,000 | Profit = 400 | Portfolio Value = 1,020,176.7 | Budget = 823,544.2 | inventory = 1
[ 2024-08-05 10:09:27,719 ] 74 : Bought 6 shares at price 66,200 | Portfolio Value = 1,018,544.2 | Budget = 426,145.6 | inventory = 2
[ 2024-08-05 10:09:27,734 ] 75 : Sold 3 shares at price 68,400 | Profit = 12,600 | Portfolio Value = 1,021,945.6 | Budget = 631,243.0 | inventory = 1
[ 2024-08-05 10:09:27,766 ] 77 : Bought 8 shares at price 68,400 | Portfolio Value = 1,042,243.0 | Budget = 83,769.4 | inventory = 2
[ 2024-08-05 10:09:27,812 ] 80 : Sold 6 shares at price 70,300 | Profit = 24,600 | Portfolio Value = 1,046,969.4 | Budget = 505,358.5 | inventory = 1
[ 2024-08-05 10:09:27,827 ] 81 : Sold 8 shares at price 72,300 | Profit = 31,200 | Portfolio Value = 1,067,758.5 | Budget = 1,083,469.3 | inventory = 0
[ 2024-08-05 10:09:27,858 ] 83 : Bought 3 shares at price 70,900 | Portfolio Value = 1,083,469.3 | Budget = 870,662.95 | inventory = 1
[ 2024-08-05 10:09:27,874 ] 84 : Sold 3 shares at price 72,200 | Profit = 3,900 | Portfolio Value = 1,083,362.95 | Budget = 1,087,154.65 | inventory = 0
[ 2024-08-05 10:09:27,906 ] 86 : Bought 6 shares at price 71,000 | Portfolio Value = 1,087,154.65 | Budget = 660,941.65 | inventory = 1
[ 2024-08-05 10:09:27,922 ] 87 : Sold 6 shares at price 70,900 | Profit = -600 | Portfolio Value = 1,086,941.65 | Budget = 1,086,128.95 | inventory = 0
[ 2024-08-05 10:09:27,938 ] 88 : Bought 11 shares at price 72,000 | Portfolio Value = 1,086,128.95 | Budget = 293,732.95 | inventory = 1
[ 2024-08-05 10:09:27,969 ] 90 : Bought 3 shares at price 72,000 | Portfolio Value = 1,074,732.95 | Budget = 77,624.95 | inventory = 2
[ 2024-08-05 10:09:27,983 ] 91 : Sold 11 shares at price 71,900 | Profit = -1,100 | Portfolio Value = 1,085,624.95 | Budget = 868,129.5 | inventory = 1
[ 2024-08-05 10:09:27,999 ] 92 : Bought 11 shares at price 71,500 | Portfolio Value = 1,083,829.5 | Budget = 81,236.25 | inventory = 2
[ 2024-08-05 10:09:28,028 ] 94 : Sold 3 shares at price 71,200 | Profit = -2,400 | Portfolio Value = 1,086,436.25 | Budget = 294,729.45 | inventory = 1
[ 2024-08-05 10:09:28,060 ] 96 : Sold 11 shares at price 70,500 | Profit = -11,000 | Portfolio Value = 1,080,129.45 | Budget = 1,069,841.7 | inventory = 0
[ 2024-08-05 10:09:28,107 ] 99 : Bought 9 shares at price 72,400 | Portfolio Value = 1,069,841.7 | Budget = 417,915.9 | inventory = 1
[ 2024-08-05 10:09:28,171 ] 103 : Sold 9 shares at price 72,200 | Profit = -1,800 | Portfolio Value = 1,069,515.9 | Budget = 1,067,391.0 | inventory = 0
[ 2024-08-05 10:09:28,202 ] 105 : Bought 8 shares at price 73,000 | Portfolio Value = 1,067,391.0 | Budget = 483,099.0 | inventory = 1
[ 2024-08-05 10:09:28,217 ] 106 : Bought 4 shares at price 72,000 | Portfolio Value = 1,067,099.0 | Budget = 194,955.0 | inventory = 2
[ 2024-08-05 10:09:28,233 ] 107 : Sold 8 shares at price 71,600 | Profit = -11,200 | Portfolio Value = 1,058,955.0 | Budget = 767,468.6 | inventory = 1
[ 2024-08-05 10:09:28,249 ] 108 : Sold 4 shares at price 69,900 | Profit = -8,400 | Portfolio Value = 1,053,868.6 | Budget = 1,046,928.8 | inventory = 0
[ 2024-08-05 10:09:28,265 ] 109 : Bought 14 shares at price 69,500 | Portfolio Value = 1,046,928.8 | Budget = 73,442.3 | inventory = 1
[ 2024-08-05 10:09:28,281 ] 110 : Bought 1 shares at price 71,500 | Portfolio Value = 1,046,442.3 | Budget = 1,906.55 | inventory = 2
[ 2024-08-05 10:09:28,313 ] 112 : Sold 14 shares at price 71,900 | Profit = 33,600 | Portfolio Value = 1,080,406.55 | Budget = 1,008,003.25 | inventory = 1
[ 2024-08-05 10:09:28,343 ] 114 : Bought 1 shares at price 73,300 | Portfolio Value = 1,081,403.25 | Budget = 934,666.6 | inventory = 2
[ 2024-08-05 10:09:28,359 ] 115 : Bought 7 shares at price 72,000 | Portfolio Value = 1,081,266.6 | Budget = 430,414.6 | inventory = 3
[ 2024-08-05 10:09:28,373 ] 116 : Sold 1 shares at price 71,700 | Profit = 200 | Portfolio Value = 1,078,414.6 | Budget = 502,078.75 | inventory = 2
[ 2024-08-05 10:09:28,403 ] 118 : Bought 7 shares at price 70,300 | Portfolio Value = 1,070,078.75 | Budget = 9,732.7 | inventory = 3
[ 2024-08-05 10:09:28,524 ] 126 : Sold 1 shares at price 69,900 | Profit = -3,400 | Portfolio Value = 1,076,232.7 | Budget = 79,597.75 | inventory = 2
[ 2024-08-05 10:09:28,539 ] 127 : Sold 7 shares at price 68,800 | Profit = -22,400 | Portfolio Value = 1,058,197.75 | Budget = 560,956.95 | inventory = 1
[ 2024-08-05 10:09:28,569 ] 129 : Sold 7 shares at price 68,500 | Profit = -12,600 | Portfolio Value = 1,039,056.95 | Budget = 1,040,217.2 | inventory = 0
[ 2024-08-05 10:09:28,584 ] 130 : Bought 6 shares at price 67,600 | Portfolio Value = 1,040,217.2 | Budget = 634,414.4 | inventory = 1
[ 2024-08-05 10:09:28,631 ] 133 : Bought 7 shares at price 67,500 | Portfolio Value = 1,042,414.4 | Budget = 161,678.15 | inventory = 2
[ 2024-08-05 10:09:28,646 ] 134 : Sold 6 shares at price 67,300 | Profit = -1,800 | Portfolio Value = 1,039,178.15 | Budget = 565,276.25 | inventory = 1
[ 2024-08-05 10:09:28,661 ] 135 : Sold 7 shares at price 67,000 | Profit = -3,500 | Portfolio Value = 1,036,376.25 | Budget = 1,034,041.75 | inventory = 0
[ 2024-08-05 10:09:28,692 ] 137 : Bought 4 shares at price 66,300 | Portfolio Value = 1,034,041.75 | Budget = 768,709.15 | inventory = 1
[ 2024-08-05 10:09:28,707 ] 138 : Bought 7 shares at price 66,600 | Portfolio Value = 1,033,909.15 | Budget = 302,276.05 | inventory = 2
[ 2024-08-05 10:09:28,753 ] 141 : Bought 4 shares at price 68,200 | Portfolio Value = 1,040,376.05 | Budget = 29,339.65 | inventory = 3
[ 2024-08-05 10:09:28,813 ] 145 : Sold 4 shares at price 67,100 | Profit = 3,200 | Portfolio Value = 1,031,339.65 | Budget = 297,605.45 | inventory = 2
[ 2024-08-05 10:09:28,828 ] 146 : Sold 7 shares at price 66,900 | Profit = 2,100 | Portfolio Value = 1,035,705.45 | Budget = 765,671.3 | inventory = 1
[ 2024-08-05 10:09:28,843 ] 147 : Sold 4 shares at price 71,000 | Profit = 11,200 | Portfolio Value = 1,033,271.3 | Budget = 1,049,529.3 | inventory = 0
[ 2024-08-05 10:09:28,858 ] 148 : Bought 11 shares at price 71,200 | Portfolio Value = 1,049,529.3 | Budget = 265,937.7 | inventory = 1
[ 2024-08-05 10:09:28,874 ] 149 : Bought 3 shares at price 70,700 | Portfolio Value = 1,049,137.7 | Budget = 53,731.65 | inventory = 2
[ 2024-08-05 10:09:28,904 ] 151 : Sold 11 shares at price 70,400 | Profit = -8,800 | Portfolio Value = 1,033,731.65 | Budget = 827,744.45 | inventory = 1
[ 2024-08-05 10:09:28,935 ] 153 : Bought 9 shares at price 70,800 | Portfolio Value = 1,038,644.45 | Budget = 190,225.85 | inventory = 2
[ 2024-08-05 10:09:28,950 ] 154 : Sold 3 shares at price 70,500 | Profit = -600 | Portfolio Value = 1,039,825.85 | Budget = 401,620.1 | inventory = 1
[ 2024-08-05 10:09:28,964 ] 155 : Bought 5 shares at price 70,900 | Portfolio Value = 1,036,120.1 | Budget = 46,942.85 | inventory = 2
[ 2024-08-05 10:09:29,086 ] 163 : Sold 9 shares at price 69,400 | Profit = -12,600 | Portfolio Value = 1,010,142.85 | Budget = 671,230.55 | inventory = 1
[ 2024-08-05 10:09:29,117 ] 165 : Bought 6 shares at price 68,400 | Portfolio Value = 1,014,230.55 | Budget = 260,625.35 | inventory = 2
[ 2024-08-05 10:09:29,147 ] 167 : Sold 5 shares at price 66,700 | Profit = -21,000 | Portfolio Value = 1,003,125.35 | Budget = 593,958.6 | inventory = 1
[ 2024-08-05 10:09:29,178 ] 169 : Bought 4 shares at price 66,400 | Portfolio Value = 989,958.6 | Budget = 328,225.8 | inventory = 2
[ 2024-08-05 10:09:29,192 ] 170 : Sold 6 shares at price 68,200 | Profit = -1,200 | Portfolio Value = 992,225.8 | Budget = 737,221.2 | inventory = 1
[ 2024-08-05 10:09:29,208 ] 171 : Sold 4 shares at price 68,900 | Profit = 10,000 | Portfolio Value = 1,010,021.2 | Budget = 1,012,683.4 | inventory = 0
[ 2024-08-05 10:09:29,253 ] 174 : Bought 2 shares at price 69,400 | Portfolio Value = 1,012,683.4 | Budget = 873,814.0 | inventory = 1
[ 2024-08-05 10:09:29,268 ] 175 : Bought 5 shares at price 70,500 | Portfolio Value = 1,012,614.0 | Budget = 521,137.75 | inventory = 2
[ 2024-08-05 10:09:29,313 ] 178 : Sold 2 shares at price 68,400 | Profit = -2,000 | Portfolio Value = 1,002,737.75 | Budget = 657,869.35 | inventory = 1
[ 2024-08-05 10:09:29,327 ] 179 : Bought 1 shares at price 68,500 | Portfolio Value = 999,869.35 | Budget = 589,335.1 | inventory = 2
[ 2024-08-05 10:09:29,344 ] 180 : Bought 3 shares at price 68,000 | Portfolio Value = 1,000,335.1 | Budget = 385,233.1 | inventory = 3
[ 2024-08-05 10:09:29,359 ] 181 : Sold 5 shares at price 66,700 | Profit = -19,000 | Portfolio Value = 997,233.1 | Budget = 718,566.35 | inventory = 2
[ 2024-08-05 10:09:29,375 ] 182 : Sold 1 shares at price 67,300 | Profit = -1,200 | Portfolio Value = 985,366.35 | Budget = 785,832.7 | inventory = 1
[ 2024-08-05 10:09:29,408 ] 184 : Bought 3 shares at price 66,900 | Portfolio Value = 987,732.7 | Budget = 585,032.35 | inventory = 2
[ 2024-08-05 10:09:29,439 ] 186 : Sold 3 shares at price 69,700 | Profit = 5,100 | Portfolio Value = 996,632.35 | Budget = 794,027.8 | inventory = 1
[ 2024-08-05 10:09:29,456 ] 187 : Bought 10 shares at price 69,600 | Portfolio Value = 1,003,127.8 | Budget = 97,679.8 | inventory = 2
[ 2024-08-05 10:09:29,472 ] 188 : Sold 3 shares at price 70,900 | Profit = 12,000 | Portfolio Value = 1,002,479.8 | Budget = 310,273.45 | inventory = 1
[ 2024-08-05 10:09:29,563 ] 194 : Sold 10 shares at price 70,800 | Profit = 12,000 | Portfolio Value = 1,014,273.45 | Budget = 1,017,919.45 | inventory = 0
[ 2024-08-05 10:09:29,623 ] 198 : Bought 1 shares at price 72,700 | Portfolio Value = 1,017,919.45 | Budget = 945,183.1 | inventory = 1
[ 2024-08-05 10:09:29,638 ] 199 : Sold 1 shares at price 72,800 | Profit = 100 | Portfolio Value = 1,017,883.1 | Budget = 1,017,946.7 | inventory = 0
[ 2024-08-05 10:09:29,668 ] 201 : Bought 10 shares at price 72,400 | Portfolio Value = 1,017,946.7 | Budget = 293,584.7 | inventory = 1
[ 2024-08-05 10:09:29,714 ] 204 : Sold 10 shares at price 72,700 | Profit = 3,000 | Portfolio Value = 1,006,584.7 | Budget = 1,020,221.2 | inventory = 0
[ 2024-08-05 10:09:29,743 ] 206 : Bought 12 shares at price 72,800 | Portfolio Value = 1,020,221.2 | Budget = 146,184.4 | inventory = 1
[ 2024-08-05 10:09:29,759 ] 207 : Bought 2 shares at price 72,000 | Portfolio Value = 1,019,784.4 | Budget = 2,112.4 | inventory = 2
[ 2024-08-05 10:09:29,790 ] 209 : Sold 12 shares at price 71,200 | Profit = -19,200 | Portfolio Value = 1,018,512.4 | Budget = 856,085.2 | inventory = 1
[ 2024-08-05 10:09:29,821 ] 211 : Bought 2 shares at price 71,500 | Portfolio Value = 999,485.2 | Budget = 713,013.7 | inventory = 2
[ 2024-08-05 10:09:29,836 ] 212 : Sold 2 shares at price 72,600 | Profit = 1,200 | Portfolio Value = 999,013.7 | Budget = 858,141.1 | inventory = 1
[ 2024-08-05 10:09:29,852 ] 213 : Bought 10 shares at price 73,000 | Portfolio Value = 1,003,341.1 | Budget = 127,776.1 | inventory = 2
[ 2024-08-05 10:09:29,867 ] 214 : Sold 2 shares at price 73,500 | Profit = 4,000 | Portfolio Value = 1,003,776.1 | Budget = 274,702.6 | inventory = 1
[ 2024-08-05 10:09:29,897 ] 216 : Bought 2 shares at price 73,100 | Portfolio Value = 1,002,702.6 | Budget = 128,429.5 | inventory = 2
[ 2024-08-05 10:09:29,927 ] 218 : Sold 10 shares at price 72,900 | Profit = -1,000 | Portfolio Value = 1,008,029.5 | Budget = 857,065.0 | inventory = 1
[ 2024-08-05 10:09:29,942 ] 219 : Sold 2 shares at price 73,400 | Profit = 600 | Portfolio Value = 1,002,865.0 | Budget = 1,003,791.6 | inventory = 0
[ 2024-08-05 10:09:29,972 ] 221 : Bought 3 shares at price 75,000 | Portfolio Value = 1,003,791.6 | Budget = 778,679.1 | inventory = 1
[ 2024-08-05 10:09:30,001 ] 223 : Bought 1 shares at price 76,600 | Portfolio Value = 1,006,379.1 | Budget = 702,040.8 | inventory = 2
[ 2024-08-05 10:09:30,017 ] 224 : Bought 3 shares at price 78,000 | Portfolio Value = 1,008,440.8 | Budget = 467,923.8 | inventory = 3
[ 2024-08-05 10:09:30,033 ] 225 : Sold 3 shares at price 78,500 | Profit = 10,500 | Portfolio Value = 1,013,923.8 | Budget = 703,306.05 | inventory = 2
[ 2024-08-05 10:09:30,033 ] Episode: 4, Total Reward: -225,091.51122616878, Total Profit: 36,900, Profit Rate: 3.69%
[ 2024-08-05 10:09:30,033 ] ----------------------------------------------------------------------------------------------------
[ 2024-08-05 10:09:30,033 ] Starting Episode 5
[ 2024-08-05 10:09:30,049 ] 0 : Bought 10 shares at price 61,000 | Portfolio Value = 1,000,000 | Budget = 389,695.0 | inventory = 1
[ 2024-08-05 10:09:30,065 ] 1 : Bought 3 shares at price 61,800 | Portfolio Value = 999,695.0 | Budget = 204,202.3 | inventory = 2
[ 2024-08-05 10:09:30,146 ] 6 : Sold 10 shares at price 63,100 | Profit = 21,000 | Portfolio Value = 1,008,902.3 | Budget = 834,886.8 | inventory = 1
[ 2024-08-05 10:09:30,162 ] 7 : Bought 1 shares at price 63,000 | Portfolio Value = 1,024,186.8 | Budget = 771,855.3 | inventory = 2
[ 2024-08-05 10:09:30,178 ] 8 : Bought 12 shares at price 62,800 | Portfolio Value = 1,023,855.3 | Budget = 17,878.5 | inventory = 3
[ 2024-08-05 10:09:30,209 ] 10 : Sold 3 shares at price 63,200 | Profit = 4,200 | Portfolio Value = 1,024,278.5 | Budget = 207,383.7 | inventory = 2
[ 2024-08-05 10:09:30,225 ] 11 : Sold 1 shares at price 62,200 | Profit = -800 | Portfolio Value = 1,028,983.7 | Budget = 269,552.6 | inventory = 1
[ 2024-08-05 10:09:30,257 ] 13 : Sold 12 shares at price 62,600 | Profit = -2,400 | Portfolio Value = 1,033,952.6 | Budget = 1,020,377.0 | inventory = 0
[ 2024-08-05 10:09:30,273 ] 14 : Bought 4 shares at price 62,700 | Portfolio Value = 1,020,377.0 | Budget = 769,451.6 | inventory = 1
[ 2024-08-05 10:09:30,305 ] 16 : Bought 3 shares at price 61,100 | Portfolio Value = 1,017,851.6 | Budget = 586,059.95 | inventory = 2
[ 2024-08-05 10:09:30,320 ] 17 : Bought 8 shares at price 62,000 | Portfolio Value = 1,013,759.95 | Budget = 89,811.95 | inventory = 3
[ 2024-08-05 10:09:30,350 ] 19 : Sold 4 shares at price 60,500 | Profit = -8,800 | Portfolio Value = 1,009,311.95 | Budget = 331,690.95 | inventory = 2
[ 2024-08-05 10:09:30,365 ] 20 : Sold 3 shares at price 60,600 | Profit = -1,500 | Portfolio Value = 997,190.95 | Budget = 513,400.05 | inventory = 1
[ 2024-08-05 10:09:30,381 ] 21 : Sold 8 shares at price 60,800 | Profit = -9,600 | Portfolio Value = 998,200.05 | Budget = 999,556.85 | inventory = 0
[ 2024-08-05 10:09:30,398 ] 22 : Bought 6 shares at price 60,500 | Portfolio Value = 999,556.85 | Budget = 636,375.35 | inventory = 1
[ 2024-08-05 10:09:30,412 ] 23 : Bought 2 shares at price 61,500 | Portfolio Value = 999,375.35 | Budget = 513,313.85 | inventory = 2
[ 2024-08-05 10:09:30,426 ] 24 : Bought 1 shares at price 60,700 | Portfolio Value = 1,005,313.85 | Budget = 452,583.5 | inventory = 3
[ 2024-08-05 10:09:30,442 ] 25 : Bought 2 shares at price 60,300 | Portfolio Value = 998,883.5 | Budget = 331,923.2 | inventory = 4
[ 2024-08-05 10:09:30,472 ] 27 : Bought 5 shares at price 59,500 | Portfolio Value = 993,023.2 | Budget = 34,274.45 | inventory = 5
[ 2024-08-05 10:09:30,487 ] 28 : Sold 6 shares at price 60,000 | Profit = -3,000 | Portfolio Value = 986,274.45 | Budget = 394,094.45 | inventory = 4
[ 2024-08-05 10:09:30,502 ] 29 : Bought 4 shares at price 59,000 | Portfolio Value = 994,094.45 | Budget = 157,976.45 | inventory = 5
[ 2024-08-05 10:09:30,531 ] 31 : Sold 2 shares at price 59,900 | Profit = -3,200 | Portfolio Value = 995,176.45 | Budget = 277,716.55 | inventory = 4
[ 2024-08-05 10:09:30,606 ] 36 : Sold 1 shares at price 62,300 | Profit = 1,600 | Portfolio Value = 1,010,916.55 | Budget = 339,985.4 | inventory = 3
[ 2024-08-05 10:09:30,621 ] 37 : Bought 1 shares at price 63,000 | Portfolio Value = 1,025,285.4 | Budget = 276,953.9 | inventory = 4
[ 2024-08-05 10:09:30,651 ] 39 : Sold 2 shares at price 62,900 | Profit = 5,200 | Portfolio Value = 1,022,153.9 | Budget = 402,691.0 | inventory = 3
[ 2024-08-05 10:09:30,666 ] 40 : Sold 5 shares at price 62,700 | Profit = 16,000 | Portfolio Value = 1,031,691.0 | Budget = 716,034.25 | inventory = 2
[ 2024-08-05 10:09:30,681 ] 41 : Sold 4 shares at price 63,200 | Profit = 16,800 | Portfolio Value = 1,029,534.25 | Budget = 968,707.85 | inventory = 1
[ 2024-08-05 10:09:30,711 ] 43 : Bought 4 shares at price 63,100 | Portfolio Value = 1,032,707.85 | Budget = 716,181.65 | inventory = 2
[ 2024-08-05 10:09:30,726 ] 44 : Sold 1 shares at price 63,600 | Profit = 600 | Portfolio Value = 1,031,681.65 | Budget = 779,749.85 | inventory = 1
[ 2024-08-05 10:09:30,741 ] 45 : Sold 4 shares at price 63,900 | Profit = 3,200 | Portfolio Value = 1,034,149.85 | Budget = 1,035,222.05 | inventory = 0
[ 2024-08-05 10:09:30,788 ] 48 : Bought 8 shares at price 65,700 | Portfolio Value = 1,035,222.05 | Budget = 509,359.25 | inventory = 1
[ 2024-08-05 10:09:30,804 ] 49 : Sold 8 shares at price 65,900 | Profit = 1,600 | Portfolio Value = 1,034,959.25 | Budget = 1,036,295.65 | inventory = 0
[ 2024-08-05 10:09:30,819 ] 50 : Bought 12 shares at price 66,000 | Portfolio Value = 1,036,295.65 | Budget = 243,899.65 | inventory = 1
[ 2024-08-05 10:09:30,834 ] 51 : Bought 2 shares at price 66,100 | Portfolio Value = 1,035,899.65 | Budget = 111,633.55 | inventory = 2
[ 2024-08-05 10:09:30,865 ] 53 : Bought 1 shares at price 65,300 | Portfolio Value = 1,023,033.55 | Budget = 46,300.9 | inventory = 3
[ 2024-08-05 10:09:30,881 ] 54 : Sold 12 shares at price 65,600 | Profit = -4,800 | Portfolio Value = 1,025,800.9 | Budget = 833,107.3 | inventory = 2
[ 2024-08-05 10:09:30,896 ] 55 : Bought 4 shares at price 65,500 | Portfolio Value = 1,029,907.3 | Budget = 570,976.3 | inventory = 3
[ 2024-08-05 10:09:30,911 ] 56 : Sold 2 shares at price 65,300 | Profit = -1,600 | Portfolio Value = 1,029,476.3 | Budget = 701,511.0 | inventory = 2
[ 2024-08-05 10:09:30,927 ] 57 : Sold 1 shares at price 65,700 | Profit = 400 | Portfolio Value = 1,028,011.0 | Budget = 767,178.15 | inventory = 1
[ 2024-08-05 10:09:30,957 ] 59 : Bought 4 shares at price 63,600 | Portfolio Value = 1,027,978.15 | Budget = 512,650.95 | inventory = 2
[ 2024-08-05 10:09:30,987 ] 61 : Sold 4 shares at price 64,600 | Profit = -3,600 | Portfolio Value = 1,025,450.95 | Budget = 770,921.75 | inventory = 1
[ 2024-08-05 10:09:31,002 ] 62 : Bought 7 shares at price 65,500 | Portfolio Value = 1,029,321.75 | Budget = 312,192.5 | inventory = 2
[ 2024-08-05 10:09:31,017 ] 63 : Bought 4 shares at price 65,700 | Portfolio Value = 1,032,692.5 | Budget = 49,261.1 | inventory = 3
[ 2024-08-05 10:09:31,031 ] 64 : Sold 4 shares at price 65,400 | Profit = 7,200 | Portfolio Value = 1,034,761.1 | Budget = 310,730.3 | inventory = 2
[ 2024-08-05 10:09:31,047 ] 65 : Bought 2 shares at price 65,100 | Portfolio Value = 1,030,130.3 | Budget = 180,465.2 | inventory = 3
[ 2024-08-05 10:09:31,063 ] 66 : Sold 7 shares at price 65,900 | Profit = 2,800 | Portfolio Value = 1,026,765.2 | Budget = 641,534.55 | inventory = 2
[ 2024-08-05 10:09:31,078 ] 67 : Bought 1 shares at price 65,300 | Portfolio Value = 1,036,934.55 | Budget = 576,201.9 | inventory = 3
[ 2024-08-05 10:09:31,108 ] 69 : Sold 4 shares at price 64,200 | Profit = -6,000 | Portfolio Value = 1,028,401.9 | Budget = 832,873.5 | inventory = 2
[ 2024-08-05 10:09:31,123 ] 70 : Sold 2 shares at price 64,100 | Profit = -2,000 | Portfolio Value = 1,025,473.5 | Budget = 961,009.4 | inventory = 1
[ 2024-08-05 10:09:31,154 ] 72 : Sold 1 shares at price 65,400 | Profit = 100 | Portfolio Value = 1,025,509.4 | Budget = 1,026,376.7 | inventory = 0
[ 2024-08-05 10:09:31,272 ] 80 : Bought 14 shares at price 70,300 | Portfolio Value = 1,026,376.7 | Budget = 41,684.6 | inventory = 1
[ 2024-08-05 10:09:31,346 ] 85 : Sold 14 shares at price 71,700 | Profit = 19,600 | Portfolio Value = 1,052,484.6 | Budget = 1,044,982.7 | inventory = 0
[ 2024-08-05 10:09:31,377 ] 87 : Bought 8 shares at price 70,900 | Portfolio Value = 1,044,982.7 | Budget = 477,499.1 | inventory = 1
[ 2024-08-05 10:09:31,393 ] 88 : Sold 8 shares at price 72,000 | Profit = 8,800 | Portfolio Value = 1,044,699.1 | Budget = 1,053,211.1 | inventory = 0
[ 2024-08-05 10:09:31,409 ] 89 : Bought 1 shares at price 71,000 | Portfolio Value = 1,053,211.1 | Budget = 982,175.6 | inventory = 1
[ 2024-08-05 10:09:31,424 ] 90 : Sold 1 shares at price 72,000 | Profit = 1,000 | Portfolio Value = 1,053,175.6 | Budget = 1,054,139.6 | inventory = 0
[ 2024-08-05 10:09:31,454 ] 92 : Bought 8 shares at price 71,500 | Portfolio Value = 1,054,139.6 | Budget = 481,853.6 | inventory = 1
[ 2024-08-05 10:09:31,484 ] 94 : Sold 8 shares at price 71,200 | Profit = -2,400 | Portfolio Value = 1,056,253.6 | Budget = 1,051,168.8 | inventory = 0
[ 2024-08-05 10:09:31,499 ] 95 : Bought 13 shares at price 71,400 | Portfolio Value = 1,051,168.8 | Budget = 122,504.7 | inventory = 1
[ 2024-08-05 10:09:31,543 ] 98 : Bought 1 shares at price 71,600 | Portfolio Value = 1,049,404.7 | Budget = 50,868.9 | inventory = 2
[ 2024-08-05 10:09:31,574 ] 100 : Sold 13 shares at price 72,600 | Profit = 15,600 | Portfolio Value = 1,064,468.9 | Budget = 994,197.0 | inventory = 1
[ 2024-08-05 10:09:31,589 ] 101 : Sold 1 shares at price 72,700 | Profit = 1,100 | Portfolio Value = 1,066,797.0 | Budget = 1,066,860.65 | inventory = 0
[ 2024-08-05 10:09:31,679 ] 107 : Bought 11 shares at price 71,600 | Portfolio Value = 1,066,860.65 | Budget = 278,866.85 | inventory = 1
[ 2024-08-05 10:09:31,693 ] 108 : Sold 11 shares at price 69,900 | Profit = -18,700 | Portfolio Value = 1,066,466.85 | Budget = 1,047,382.4 | inventory = 0
[ 2024-08-05 10:09:31,723 ] 110 : Bought 10 shares at price 71,500 | Portfolio Value = 1,047,382.4 | Budget = 332,024.9 | inventory = 1
[ 2024-08-05 10:09:31,738 ] 111 : Sold 10 shares at price 71,900 | Profit = 4,000 | Portfolio Value = 1,047,024.9 | Budget = 1,050,665.4 | inventory = 0
[ 2024-08-05 10:09:31,753 ] 112 : Bought 9 shares at price 71,900 | Portfolio Value = 1,050,665.4 | Budget = 403,241.85 | inventory = 1
[ 2024-08-05 10:09:31,767 ] 113 : Bought 4 shares at price 73,400 | Portfolio Value = 1,050,341.85 | Budget = 109,495.05 | inventory = 2
[ 2024-08-05 10:09:31,782 ] 114 : Bought 1 shares at price 73,300 | Portfolio Value = 1,063,695.05 | Budget = 36,158.4 | inventory = 3
[ 2024-08-05 10:09:31,798 ] 115 : Sold 9 shares at price 72,000 | Profit = 900 | Portfolio Value = 1,062,358.4 | Budget = 683,834.4 | inventory = 2
[ 2024-08-05 10:09:31,812 ] 116 : Bought 5 shares at price 71,700 | Portfolio Value = 1,043,834.4 | Budget = 325,155.15 | inventory = 3
[ 2024-08-05 10:09:31,842 ] 118 : Sold 4 shares at price 70,300 | Profit = -12,400 | Portfolio Value = 1,035,155.15 | Budget = 606,214.55 | inventory = 2
[ 2024-08-05 10:09:31,857 ] 119 : Sold 1 shares at price 70,400 | Profit = -2,900 | Portfolio Value = 1,028,014.55 | Budget = 676,579.35 | inventory = 1
[ 2024-08-05 10:11:06,656 ] Starting Episode 1
[ 2024-08-05 10:13:04,208 ] Starting Episode 1
[ 2024-08-05 10:13:04,427 ] 0 : Bought 11 shares at price 61,000 | Portfolio Value = 1,000,000 | Budget = 328,664.5 | inventory = 1
[ 2024-08-05 10:13:04,444 ] 1 : Sold 11 shares at price 61,800 | Profit = 8,800 | Portfolio Value = 999,664.5 | Budget = 1,008,124.6 | inventory = 0
[ 2024-08-05 10:13:04,475 ] 3 : Bought 10 shares at price 63,800 | Portfolio Value = 1,008,124.6 | Budget = 369,805.6 | inventory = 1
[ 2024-08-05 10:13:04,584 ] 7 : Sold 10 shares at price 63,000 | Profit = -8,000 | Portfolio Value = 1,000,805.6 | Budget = 999,490.6 | inventory = 0
[ 2024-08-05 10:13:04,612 ] 8 : Bought 11 shares at price 62,800 | Portfolio Value = 999,490.6 | Budget = 308,345.2 | inventory = 1
[ 2024-08-05 10:13:04,631 ] 9 : Sold 11 shares at price 62,900 | Profit = 1,100 | Portfolio Value = 999,145.2 | Budget = 999,899.25 | inventory = 0
[ 2024-08-05 10:13:04,811 ] 17 : Bought 16 shares at price 62,000 | Portfolio Value = 999,899.25 | Budget = 7,403.25 | inventory = 1
[ 2024-08-05 10:13:04,996 ] 25 : Sold 16 shares at price 60,300 | Profit = -27,200 | Portfolio Value = 978,603.25 | Budget = 971,720.85 | inventory = 0
[ 2024-08-05 10:13:05,027 ] 27 : Bought 11 shares at price 59,500 | Portfolio Value = 971,720.85 | Budget = 316,893.6 | inventory = 1
[ 2024-08-05 10:13:05,042 ] 28 : Bought 1 shares at price 60,000 | Portfolio Value = 971,393.6 | Budget = 256,863.6 | inventory = 2
[ 2024-08-05 10:13:05,074 ] 30 : Bought 2 shares at price 59,800 | Portfolio Value = 964,863.6 | Budget = 137,203.8 | inventory = 3
[ 2024-08-05 10:13:05,128 ] 33 : Sold 11 shares at price 60,200 | Profit = 7,700 | Portfolio Value = 995,403.8 | Budget = 799,072.7 | inventory = 2
[ 2024-08-05 10:13:05,145 ] 34 : Sold 1 shares at price 60,300 | Profit = 300 | Portfolio Value = 979,672.7 | Budget = 859,342.55 | inventory = 1
[ 2024-08-05 10:13:05,166 ] 35 : Sold 2 shares at price 61,100 | Profit = 2,600 | Portfolio Value = 979,942.55 | Budget = 981,481.45 | inventory = 0
[ 2024-08-05 10:13:05,271 ] 39 : Bought 14 shares at price 62,900 | Portfolio Value = 981,481.45 | Budget = 100,441.15 | inventory = 1
[ 2024-08-05 10:13:05,305 ] 41 : Bought 1 shares at price 63,200 | Portfolio Value = 978,241.15 | Budget = 37,209.55 | inventory = 2
[ 2024-08-05 10:13:05,338 ] 43 : Sold 14 shares at price 63,100 | Profit = 2,800 | Portfolio Value = 997,209.55 | Budget = 920,167.85 | inventory = 1
[ 2024-08-05 10:13:05,370 ] 45 : Bought 4 shares at price 63,900 | Portfolio Value = 983,767.85 | Budget = 664,440.05 | inventory = 2
[ 2024-08-05 10:13:05,400 ] 47 : Bought 3 shares at price 65,000 | Portfolio Value = 975,940.05 | Budget = 469,342.55 | inventory = 3
[ 2024-08-05 10:13:05,415 ] 48 : Bought 1 shares at price 65,700 | Portfolio Value = 989,342.55 | Budget = 403,609.7 | inventory = 4
[ 2024-08-05 10:13:05,444 ] 50 : Sold 1 shares at price 66,000 | Profit = 2,800 | Portfolio Value = 996,709.7 | Budget = 469,576.7 | inventory = 3
[ 2024-08-05 10:13:05,460 ] 51 : Sold 4 shares at price 66,100 | Profit = 8,800 | Portfolio Value = 997,576.7 | Budget = 733,844.5 | inventory = 2
[ 2024-08-05 10:13:05,475 ] 52 : Sold 3 shares at price 65,100 | Profit = 300 | Portfolio Value = 998,244.5 | Budget = 929,046.85 | inventory = 1
[ 2024-08-05 10:13:05,489 ] 53 : Sold 1 shares at price 65,300 | Profit = -400 | Portfolio Value = 994,146.85 | Budget = 994,314.2 | inventory = 0
[ 2024-08-05 10:13:05,504 ] 54 : Bought 11 shares at price 65,600 | Portfolio Value = 994,314.2 | Budget = 272,353.4 | inventory = 1
[ 2024-08-05 10:13:05,520 ] 55 : Sold 11 shares at price 65,500 | Profit = -1,100 | Portfolio Value = 993,953.4 | Budget = 992,493.15 | inventory = 0
[ 2024-08-05 10:13:05,599 ] 60 : Bought 2 shares at price 64,100 | Portfolio Value = 992,493.15 | Budget = 864,229.05 | inventory = 1
[ 2024-08-05 10:13:05,633 ] 62 : Sold 2 shares at price 65,500 | Profit = 2,800 | Portfolio Value = 993,429.05 | Budget = 995,163.55 | inventory = 0
[ 2024-08-05 10:13:05,650 ] 63 : Bought 14 shares at price 65,700 | Portfolio Value = 995,163.55 | Budget = 74,903.65 | inventory = 1
[ 2024-08-05 10:13:05,681 ] 65 : Bought 1 shares at price 65,100 | Portfolio Value = 990,503.65 | Budget = 9,771.1 | inventory = 2
[ 2024-08-05 10:13:05,713 ] 67 : Sold 14 shares at price 65,300 | Profit = -5,600 | Portfolio Value = 998,271.1 | Budget = 923,514.0 | inventory = 1
[ 2024-08-05 10:13:05,743 ] 69 : Sold 1 shares at price 64,200 | Profit = -900 | Portfolio Value = 988,114.0 | Budget = 987,681.9 | inventory = 0
[ 2024-08-05 10:13:05,883 ] 78 : Bought 6 shares at price 68,500 | Portfolio Value = 987,681.9 | Budget = 576,476.4 | inventory = 1
[ 2024-08-05 10:13:05,914 ] 80 : Sold 6 shares at price 70,300 | Profit = 10,800 | Portfolio Value = 989,276.4 | Budget = 998,065.5 | inventory = 0
[ 2024-08-05 10:13:05,929 ] 81 : Bought 3 shares at price 72,300 | Portfolio Value = 998,065.5 | Budget = 781,057.05 | inventory = 1
[ 2024-08-05 10:13:06,004 ] 86 : Sold 3 shares at price 71,000 | Profit = -3,900 | Portfolio Value = 996,157.05 | Budget = 993,950.55 | inventory = 0
[ 2024-08-05 10:13:06,019 ] 87 : Bought 8 shares at price 70,900 | Portfolio Value = 993,950.55 | Budget = 426,466.95 | inventory = 1
[ 2024-08-05 10:13:06,035 ] 88 : Sold 8 shares at price 72,000 | Profit = 8,800 | Portfolio Value = 993,666.95 | Budget = 1,002,178.95 | inventory = 0
[ 2024-08-05 10:13:06,049 ] 89 : Bought 9 shares at price 71,000 | Portfolio Value = 1,002,178.95 | Budget = 362,859.45 | inventory = 1
[ 2024-08-05 10:13:06,079 ] 91 : Sold 9 shares at price 71,900 | Profit = 8,100 | Portfolio Value = 1,010,859.45 | Budget = 1,009,635.9 | inventory = 0
[ 2024-08-05 10:13:06,109 ] 93 : Bought 11 shares at price 71,800 | Portfolio Value = 1,009,635.9 | Budget = 219,441.0 | inventory = 1
[ 2024-08-05 10:13:06,124 ] 94 : Sold 11 shares at price 71,200 | Profit = -6,600 | Portfolio Value = 1,009,241.0 | Budget = 1,002,249.4 | inventory = 0
[ 2024-08-05 10:13:06,139 ] 95 : Bought 11 shares at price 71,400 | Portfolio Value = 1,002,249.4 | Budget = 216,456.7 | inventory = 1
[ 2024-08-05 10:13:06,154 ] 96 : Bought 2 shares at price 70,500 | Portfolio Value = 1,001,856.7 | Budget = 75,386.2 | inventory = 2
[ 2024-08-05 10:13:06,172 ] 97 : Bought 1 shares at price 71,300 | Portfolio Value = 991,886.2 | Budget = 4,050.55 | inventory = 3
[ 2024-08-05 10:13:06,292 ] 104 : Sold 11 shares at price 73,000 | Profit = 17,600 | Portfolio Value = 1,014,850.55 | Budget = 806,649.05 | inventory = 2
[ 2024-08-05 10:13:06,322 ] 106 : Bought 9 shares at price 72,000 | Portfolio Value = 1,025,649.05 | Budget = 158,325.05 | inventory = 3
[ 2024-08-05 10:13:06,338 ] 107 : Sold 2 shares at price 71,600 | Profit = 2,200 | Portfolio Value = 1,022,325.05 | Budget = 301,453.45 | inventory = 2
[ 2024-08-05 10:13:06,416 ] 112 : Sold 1 shares at price 71,900 | Profit = 600 | Portfolio Value = 1,020,453.45 | Budget = 373,317.5 | inventory = 1
[ 2024-08-05 10:13:06,432 ] 113 : Sold 9 shares at price 73,400 | Profit = 12,600 | Portfolio Value = 1,020,417.5 | Budget = 1,033,587.2 | inventory = 0
[ 2024-08-05 10:13:06,448 ] 114 : Bought 12 shares at price 73,300 | Portfolio Value = 1,033,587.2 | Budget = 153,547.4 | inventory = 1
[ 2024-08-05 10:13:06,464 ] 115 : Sold 12 shares at price 72,000 | Profit = -15,600 | Portfolio Value = 1,033,147.4 | Budget = 1,017,115.4 | inventory = 0
[ 2024-08-05 10:13:06,583 ] 119 : Bought 12 shares at price 70,400 | Portfolio Value = 1,017,115.4 | Budget = 171,893.0 | inventory = 1
[ 2024-08-05 10:13:06,605 ] 120 : Sold 12 shares at price 70,000 | Profit = -4,800 | Portfolio Value = 1,016,693.0 | Budget = 1,011,473.0 | inventory = 0
[ 2024-08-05 10:13:06,711 ] 125 : Bought 3 shares at price 71,100 | Portfolio Value = 1,011,473.0 | Budget = 798,066.35 | inventory = 1
[ 2024-08-05 10:13:06,733 ] 126 : Sold 3 shares at price 69,900 | Profit = -3,600 | Portfolio Value = 1,011,366.35 | Budget = 1,007,661.5 | inventory = 0
[ 2024-08-05 10:13:06,818 ] 129 : Bought 13 shares at price 68,500 | Portfolio Value = 1,007,661.5 | Budget = 116,716.25 | inventory = 1
[ 2024-08-05 10:13:06,839 ] 130 : Bought 1 shares at price 67,600 | Portfolio Value = 1,007,216.25 | Budget = 49,082.45 | inventory = 2
[ 2024-08-05 10:13:06,920 ] 134 : Sold 13 shares at price 67,300 | Profit = -15,600 | Portfolio Value = 994,082.45 | Budget = 923,545.0 | inventory = 1
[ 2024-08-05 10:13:06,950 ] 136 : Bought 10 shares at price 66,700 | Portfolio Value = 990,545.0 | Budget = 256,211.5 | inventory = 2
[ 2024-08-05 10:13:06,966 ] 137 : Sold 1 shares at price 66,300 | Profit = -1,300 | Portfolio Value = 989,911.5 | Budget = 322,478.35 | inventory = 1
[ 2024-08-05 10:13:06,982 ] 138 : Bought 2 shares at price 66,600 | Portfolio Value = 985,478.35 | Budget = 189,211.75 | inventory = 2
[ 2024-08-05 10:13:06,997 ] 139 : Sold 10 shares at price 66,600 | Profit = -1,000 | Portfolio Value = 988,411.75 | Budget = 854,878.75 | inventory = 1
[ 2024-08-05 10:13:07,012 ] 140 : Sold 2 shares at price 67,100 | Profit = 1,000 | Portfolio Value = 988,078.75 | Budget = 989,011.65 | inventory = 0
[ 2024-08-05 10:13:07,042 ] 142 : Bought 12 shares at price 67,100 | Portfolio Value = 989,011.65 | Budget = 183,409.05 | inventory = 1
[ 2024-08-05 10:13:07,099 ] 146 : Bought 1 shares at price 66,900 | Portfolio Value = 988,609.05 | Budget = 116,475.6 | inventory = 2
[ 2024-08-05 10:13:07,114 ] 147 : Bought 1 shares at price 71,000 | Portfolio Value = 986,175.6 | Budget = 45,440.1 | inventory = 3
[ 2024-08-05 10:13:07,159 ] 150 : Sold 12 shares at price 70,000 | Profit = 34,800 | Portfolio Value = 1,035,240.1 | Budget = 885,020.1 | inventory = 2
[ 2024-08-05 10:13:07,202 ] 153 : Bought 10 shares at price 70,800 | Portfolio Value = 1,025,620.1 | Budget = 176,666.1 | inventory = 3
[ 2024-08-05 10:13:07,217 ] 154 : Sold 1 shares at price 70,500 | Profit = 3,600 | Portfolio Value = 1,026,266.1 | Budget = 247,130.85 | inventory = 2
[ 2024-08-05 10:13:07,248 ] 156 : Sold 1 shares at price 71,700 | Profit = 700 | Portfolio Value = 1,027,030.85 | Budget = 318,795.0 | inventory = 1
[ 2024-08-05 10:13:07,262 ] 157 : Sold 10 shares at price 72,000 | Profit = 12,000 | Portfolio Value = 1,035,795.0 | Budget = 1,038,435.0 | inventory = 0
[ 2024-08-05 10:13:07,308 ] 160 : Bought 8 shares at price 69,600 | Portfolio Value = 1,038,435.0 | Budget = 481,356.6 | inventory = 1
[ 2024-08-05 10:13:07,328 ] 161 : Bought 3 shares at price 68,900 | Portfolio Value = 1,038,156.6 | Budget = 274,553.25 | inventory = 2
[ 2024-08-05 10:13:07,348 ] 162 : Bought 2 shares at price 68,800 | Portfolio Value = 1,032,453.25 | Budget = 136,884.45 | inventory = 3
[ 2024-08-05 10:13:07,365 ] 163 : Bought 1 shares at price 69,400 | Portfolio Value = 1,031,284.45 | Budget = 67,449.75 | inventory = 4
[ 2024-08-05 10:13:07,396 ] 165 : Sold 8 shares at price 68,400 | Profit = -9,600 | Portfolio Value = 1,027,849.75 | Budget = 614,376.15 | inventory = 3
[ 2024-08-05 10:13:07,458 ] 169 : Bought 5 shares at price 66,400 | Portfolio Value = 1,010,376.15 | Budget = 282,210.15 | inventory = 4
[ 2024-08-05 10:13:07,473 ] 170 : Sold 3 shares at price 68,200 | Profit = -2,100 | Portfolio Value = 1,012,610.15 | Budget = 486,707.85 | inventory = 3
[ 2024-08-05 10:13:07,503 ] 172 : Bought 2 shares at price 68,000 | Portfolio Value = 1,037,907.85 | Budget = 350,639.85 | inventory = 4
[ 2024-08-05 10:13:07,534 ] 174 : Bought 1 shares at price 69,400 | Portfolio Value = 1,023,639.85 | Budget = 281,205.15 | inventory = 5
[ 2024-08-05 10:13:07,566 ] 176 : Sold 2 shares at price 69,500 | Profit = 1,400 | Portfolio Value = 1,056,705.15 | Budget = 420,135.65 | inventory = 4
[ 2024-08-05 10:13:07,586 ] 177 : Bought 1 shares at price 68,800 | Portfolio Value = 1,045,635.65 | Budget = 351,301.25 | inventory = 5
[ 2024-08-05 10:13:07,629 ] 178 : Sold 1 shares at price 68,400 | Profit = -1,000 | Portfolio Value = 1,039,301.25 | Budget = 419,667.05 | inventory = 4
[ 2024-08-05 10:13:07,695 ] 180 : Bought 3 shares at price 68,000 | Portfolio Value = 1,036,167.05 | Budget = 215,565.05 | inventory = 5
[ 2024-08-05 10:13:07,764 ] 182 : Sold 5 shares at price 67,300 | Profit = 4,500 | Portfolio Value = 1,015,965.05 | Budget = 551,896.8 | inventory = 4
[ 2024-08-05 10:13:07,799 ] 183 : Sold 2 shares at price 67,300 | Profit = -1,400 | Portfolio Value = 1,022,996.8 | Budget = 686,429.5 | inventory = 3
[ 2024-08-05 10:13:07,836 ] 185 : Bought 9 shares at price 68,600 | Portfolio Value = 1,020,929.5 | Budget = 68,720.8 | inventory = 4
[ 2024-08-05 10:13:07,927 ] 186 : Sold 1 shares at price 69,700 | Profit = 300 | Portfolio Value = 1,029,120.8 | Budget = 138,385.95 | inventory = 3
[ 2024-08-05 10:13:08,046 ] 187 : Bought 1 shares at price 69,600 | Portfolio Value = 1,044,485.95 | Budget = 68,751.15 | inventory = 4
[ 2024-08-05 10:13:08,528 ] 191 : Sold 1 shares at price 70,300 | Profit = 1,500 | Portfolio Value = 1,047,351.15 | Budget = 139,016.0 | inventory = 3
[ 2024-08-05 10:13:08,588 ] 192 : Sold 3 shares at price 70,500 | Profit = 7,500 | Portfolio Value = 1,052,916.0 | Budget = 350,410.25 | inventory = 2
[ 2024-08-05 10:13:08,606 ] 193 : Bought 4 shares at price 70,400 | Portfolio Value = 1,055,410.25 | Budget = 68,669.45 | inventory = 3
[ 2024-08-05 10:13:08,659 ] 196 : Sold 9 shares at price 72,800 | Profit = 37,800 | Portfolio Value = 1,079,469.45 | Budget = 723,541.85 | inventory = 2
[ 2024-08-05 10:13:08,676 ] 197 : Sold 1 shares at price 72,500 | Profit = 2,900 | Portfolio Value = 1,087,541.85 | Budget = 796,005.6 | inventory = 1
[ 2024-08-05 10:13:08,693 ] 198 : Sold 4 shares at price 72,700 | Profit = 9,200 | Portfolio Value = 1,086,005.6 | Budget = 1,086,660.2 | inventory = 0
[ 2024-08-05 10:13:08,726 ] 200 : Bought 3 shares at price 72,800 | Portfolio Value = 1,086,660.2 | Budget = 868,151.0 | inventory = 1
[ 2024-08-05 10:13:08,777 ] 203 : Sold 3 shares at price 71,300 | Profit = -4,500 | Portfolio Value = 1,083,251.0 | Budget = 1,081,944.05 | inventory = 0
[ 2024-08-05 10:13:08,793 ] 204 : Bought 12 shares at price 72,700 | Portfolio Value = 1,081,944.05 | Budget = 209,107.85 | inventory = 1
[ 2024-08-05 10:13:08,846 ] 207 : Bought 1 shares at price 72,000 | Portfolio Value = 1,082,707.85 | Budget = 137,071.85 | inventory = 2
[ 2024-08-05 10:13:08,895 ] 210 : Bought 1 shares at price 71,700 | Portfolio Value = 1,062,671.85 | Budget = 65,336.0 | inventory = 3
[ 2024-08-05 10:13:08,912 ] 211 : Sold 12 shares at price 71,500 | Profit = -14,400 | Portfolio Value = 1,069,136.0 | Budget = 922,907.0 | inventory = 2
[ 2024-08-05 10:13:08,929 ] 212 : Bought 3 shares at price 72,600 | Portfolio Value = 1,065,907.0 | Budget = 704,998.1 | inventory = 3
[ 2024-08-05 10:13:08,963 ] 214 : Sold 1 shares at price 73,500 | Profit = 1,500 | Portfolio Value = 1,069,998.1 | Budget = 778,461.35 | inventory = 2
[ 2024-08-05 10:13:09,015 ] 217 : Sold 1 shares at price 73,300 | Profit = 1,600 | Portfolio Value = 1,070,861.35 | Budget = 851,724.7 | inventory = 1
[ 2024-08-05 10:13:09,031 ] 218 : Bought 3 shares at price 72,900 | Portfolio Value = 1,071,624.7 | Budget = 632,915.35 | inventory = 2
[ 2024-08-05 10:13:09,047 ] 219 : Sold 3 shares at price 73,400 | Profit = 2,400 | Portfolio Value = 1,070,315.35 | Budget = 853,005.25 | inventory = 1
[ 2024-08-05 10:13:09,063 ] 220 : Bought 9 shares at price 74,800 | Portfolio Value = 1,073,205.25 | Budget = 179,468.65 | inventory = 2
[ 2024-08-05 10:13:09,080 ] 221 : Bought 1 shares at price 75,000 | Portfolio Value = 1,077,068.65 | Budget = 104,431.15 | inventory = 3
[ 2024-08-05 10:13:09,114 ] 223 : Bought 1 shares at price 76,600 | Portfolio Value = 1,091,131.15 | Budget = 27,792.85 | inventory = 4
[ 2024-08-05 10:13:09,145 ] Episode: 1, Total Reward: -112,181.23466882393, Total Profit: 92,800, Profit Rate: 9.28%
[ 2024-08-05 10:13:09,145 ] ----------------------------------------------------------------------------------------------------
[ 2024-08-05 10:13:09,182 ] 1 : Bought 4 shares at price 61,800 | Portfolio Value = 1,000,000.0 | Budget = 752,676.4 | inventory = 1
[ 2024-08-05 10:13:09,199 ] 2 : Sold 4 shares at price 63,500 | Profit = 6,800 | Portfolio Value = 999,876.4 | Budget = 1,006,549.4 | inventory = 0
[ 2024-08-05 10:13:09,215 ] 3 : Bought 5 shares at price 63,800 | Portfolio Value = 1,006,549.4 | Budget = 687,389.9 | inventory = 1
[ 2024-08-05 10:13:09,230 ] 4 : Sold 5 shares at price 61,600 | Profit = -11,000 | Portfolio Value = 1,006,389.9 | Budget = 995,235.9 | inventory = 0
[ 2024-08-05 10:13:09,245 ] 5 : Bought 1 shares at price 61,900 | Portfolio Value = 995,235.9 | Budget = 933,304.95 | inventory = 1
[ 2024-08-05 10:13:09,261 ] 6 : Bought 11 shares at price 63,100 | Portfolio Value = 995,204.95 | Budget = 238,857.9 | inventory = 2
[ 2024-08-05 10:13:09,277 ] 7 : Bought 2 shares at price 63,000 | Portfolio Value = 996,057.9 | Budget = 112,794.9 | inventory = 3
[ 2024-08-05 10:13:09,309 ] 9 : Sold 1 shares at price 62,900 | Profit = 1,000 | Portfolio Value = 991,994.9 | Budget = 175,663.45 | inventory = 2
[ 2024-08-05 10:13:09,357 ] 12 : Bought 1 shares at price 63,700 | Portfolio Value = 984,263.45 | Budget = 111,931.6 | inventory = 3
[ 2024-08-05 10:13:09,393 ] 14 : Sold 11 shares at price 62,700 | Profit = -4,400 | Portfolio Value = 988,331.6 | Budget = 801,286.75 | inventory = 2
[ 2024-08-05 10:13:09,411 ] 15 : Sold 2 shares at price 62,100 | Profit = -1,800 | Portfolio Value = 989,386.75 | Budget = 925,424.65 | inventory = 1
[ 2024-08-05 10:13:09,427 ] 16 : Sold 1 shares at price 61,100 | Profit = -2,600 | Portfolio Value = 987,524.65 | Budget = 986,494.1 | inventory = 0
[ 2024-08-05 10:13:09,456 ] 17 : Bought 4 shares at price 62,000 | Portfolio Value = 986,494.1 | Budget = 738,370.1 | inventory = 1
[ 2024-08-05 10:13:09,489 ] 19 : Sold 4 shares at price 60,500 | Profit = -6,000 | Portfolio Value = 983,570.1 | Budget = 980,249.1 | inventory = 0
[ 2024-08-05 10:13:09,507 ] 20 : Bought 11 shares at price 60,600 | Portfolio Value = 980,249.1 | Budget = 313,315.8 | inventory = 1
[ 2024-08-05 10:13:09,524 ] 21 : Sold 11 shares at price 60,800 | Profit = 2,200 | Portfolio Value = 979,915.8 | Budget = 981,781.4 | inventory = 0
[ 2024-08-05 10:13:09,591 ] 25 : Bought 2 shares at price 60,300 | Portfolio Value = 981,781.4 | Budget = 861,121.1 | inventory = 1
[ 2024-08-05 10:13:09,608 ] 26 : Sold 2 shares at price 60,100 | Profit = -400 | Portfolio Value = 981,721.1 | Budget = 981,261.0 | inventory = 0
[ 2024-08-05 10:13:09,655 ] 29 : Bought 2 shares at price 59,000 | Portfolio Value = 981,261.0 | Budget = 863,202.0 | inventory = 1
[ 2024-08-05 10:13:09,670 ] 30 : Sold 2 shares at price 59,800 | Profit = 1,600 | Portfolio Value = 981,202.0 | Budget = 982,742.2 | inventory = 0
[ 2024-08-05 10:13:09,710 ] 32 : Bought 10 shares at price 61,300 | Portfolio Value = 982,742.2 | Budget = 369,435.7 | inventory = 1
[ 2024-08-05 10:13:09,743 ] 34 : Bought 5 shares at price 60,300 | Portfolio Value = 971,435.7 | Budget = 67,784.95 | inventory = 2
[ 2024-08-05 10:13:09,759 ] 35 : Sold 10 shares at price 61,100 | Profit = -2,000 | Portfolio Value = 972,284.95 | Budget = 678,479.45 | inventory = 1
[ 2024-08-05 10:13:09,789 ] 37 : Bought 8 shares at price 63,000 | Portfolio Value = 989,979.45 | Budget = 174,227.45 | inventory = 2
[ 2024-08-05 10:13:09,805 ] 38 : Sold 5 shares at price 62,100 | Profit = 9,000 | Portfolio Value = 993,227.45 | Budget = 484,572.2 | inventory = 1
[ 2024-08-05 10:13:09,824 ] 39 : Sold 8 shares at price 62,900 | Profit = -800 | Portfolio Value = 981,372.2 | Budget = 987,520.6 | inventory = 0
[ 2024-08-05 10:13:09,872 ] 42 : Bought 6 shares at price 64,000 | Portfolio Value = 987,520.6 | Budget = 603,328.6 | inventory = 1
[ 2024-08-05 10:13:09,905 ] 44 : Sold 6 shares at price 63,600 | Profit = -2,400 | Portfolio Value = 981,928.6 | Budget = 984,737.8 | inventory = 0
[ 2024-08-05 10:13:09,971 ] 48 : Bought 1 shares at price 65,700 | Portfolio Value = 984,737.8 | Budget = 919,004.95 | inventory = 1
[ 2024-08-05 10:13:09,988 ] 49 : Bought 6 shares at price 65,900 | Portfolio Value = 984,704.95 | Budget = 523,407.25 | inventory = 2
[ 2024-08-05 10:13:10,005 ] 50 : Sold 1 shares at price 66,000 | Profit = 300 | Portfolio Value = 984,707.25 | Budget = 589,374.25 | inventory = 1
[ 2024-08-05 10:13:10,020 ] 51 : Bought 7 shares at price 66,100 | Portfolio Value = 985,374.25 | Budget = 126,442.9 | inventory = 2
[ 2024-08-05 10:13:10,036 ] 52 : Sold 6 shares at price 65,100 | Profit = -4,800 | Portfolio Value = 985,742.9 | Budget = 516,847.6 | inventory = 1
[ 2024-08-05 10:13:10,052 ] 53 : Sold 7 shares at price 65,300 | Profit = -5,600 | Portfolio Value = 972,547.6 | Budget = 973,719.05 | inventory = 0
[ 2024-08-05 10:13:10,084 ] 55 : Bought 10 shares at price 65,500 | Portfolio Value = 973,719.05 | Budget = 318,391.55 | inventory = 1
[ 2024-08-05 10:13:10,098 ] 56 : Bought 2 shares at price 65,300 | Portfolio Value = 973,391.55 | Budget = 187,726.25 | inventory = 2
[ 2024-08-05 10:13:10,131 ] 58 : Bought 1 shares at price 65,200 | Portfolio Value = 976,126.25 | Budget = 122,493.65 | inventory = 3
[ 2024-08-05 10:13:10,162 ] 60 : Bought 1 shares at price 64,100 | Portfolio Value = 949,293.65 | Budget = 58,361.6 | inventory = 4
[ 2024-08-05 10:13:10,263 ] 66 : Sold 10 shares at price 65,900 | Profit = 4,000 | Portfolio Value = 969,761.6 | Budget = 717,032.1 | inventory = 3
[ 2024-08-05 10:13:10,283 ] 67 : Bought 2 shares at price 65,300 | Portfolio Value = 980,632.1 | Budget = 586,366.8 | inventory = 4
[ 2024-08-05 10:13:10,318 ] 69 : Bought 3 shares at price 64,200 | Portfolio Value = 973,966.8 | Budget = 393,670.5 | inventory = 5
[ 2024-08-05 10:13:10,335 ] 70 : Sold 2 shares at price 64,100 | Profit = -2,400 | Portfolio Value = 971,470.5 | Budget = 521,806.4 | inventory = 4
[ 2024-08-05 10:13:10,370 ] 72 : Bought 1 shares at price 65,400 | Portfolio Value = 973,306.4 | Budget = 456,373.7 | inventory = 5
[ 2024-08-05 10:13:10,420 ] 75 : Bought 4 shares at price 68,400 | Portfolio Value = 985,973.7 | Budget = 182,636.9 | inventory = 6
[ 2024-08-05 10:13:10,435 ] 76 : Bought 2 shares at price 68,500 | Portfolio Value = 1,003,436.9 | Budget = 45,568.4 | inventory = 7
[ 2024-08-05 10:13:10,468 ] 78 : Sold 1 shares at price 68,500 | Profit = 3,300 | Portfolio Value = 1,003,168.4 | Budget = 114,034.15 | inventory = 6
[ 2024-08-05 10:13:10,485 ] 79 : Sold 1 shares at price 68,800 | Profit = 4,700 | Portfolio Value = 1,004,534.15 | Budget = 182,799.75 | inventory = 5
[ 2024-08-05 10:13:10,501 ] 80 : Bought 1 shares at price 70,300 | Portfolio Value = 1,008,399.75 | Budget = 112,464.6 | inventory = 6
[ 2024-08-05 10:13:10,532 ] 82 : Sold 2 shares at price 71,400 | Profit = 12,200 | Portfolio Value = 1,052,364.6 | Budget = 255,193.2 | inventory = 5
[ 2024-08-05 10:13:10,566 ] 84 : Bought 1 shares at price 72,200 | Portfolio Value = 1,035,093.2 | Budget = 182,957.1 | inventory = 6
[ 2024-08-05 10:13:10,614 ] 87 : Sold 3 shares at price 70,900 | Profit = 20,100 | Portfolio Value = 1,034,957.1 | Budget = 395,550.75 | inventory = 5
[ 2024-08-05 10:13:10,629 ] 88 : Sold 1 shares at price 72,000 | Profit = 6,600 | Portfolio Value = 1,033,650.75 | Budget = 467,514.75 | inventory = 4
[ 2024-08-05 10:13:10,646 ] 89 : Sold 4 shares at price 71,000 | Profit = 10,400 | Portfolio Value = 1,043,514.75 | Budget = 751,372.75 | inventory = 3
[ 2024-08-05 10:13:10,663 ] 90 : Bought 4 shares at price 72,000 | Portfolio Value = 1,035,372.75 | Budget = 463,228.75 | inventory = 4
[ 2024-08-05 10:13:10,726 ] 94 : Bought 5 shares at price 71,200 | Portfolio Value = 1,037,628.75 | Budget = 107,050.75 | inventory = 5
[ 2024-08-05 10:13:10,743 ] 95 : Sold 2 shares at price 71,400 | Profit = 5,800 | Portfolio Value = 1,032,650.75 | Budget = 249,779.35 | inventory = 4
[ 2024-08-05 10:13:10,759 ] 96 : Bought 1 shares at price 70,500 | Portfolio Value = 1,035,179.35 | Budget = 179,244.1 | inventory = 5
[ 2024-08-05 10:13:10,790 ] 98 : Sold 1 shares at price 71,600 | Profit = 1,300 | Portfolio Value = 1,034,844.1 | Budget = 250,808.3 | inventory = 4
[ 2024-08-05 10:13:10,805 ] 99 : Sold 1 shares at price 72,400 | Profit = 200 | Portfolio Value = 1,038,408.3 | Budget = 323,172.1 | inventory = 3
[ 2024-08-05 10:13:10,820 ] 100 : Bought 1 shares at price 72,600 | Portfolio Value = 1,047,172.1 | Budget = 250,535.8 | inventory = 4
[ 2024-08-05 10:13:10,836 ] 101 : Bought 3 shares at price 72,700 | Portfolio Value = 1,049,135.8 | Budget = 32,326.75 | inventory = 5
[ 2024-08-05 10:13:10,929 ] 105 : Sold 4 shares at price 73,000 | Profit = 4,000 | Portfolio Value = 1,054,326.75 | Budget = 324,180.75 | inventory = 4
[ 2024-08-05 10:13:11,011 ] 110 : Sold 5 shares at price 71,500 | Profit = 1,500 | Portfolio Value = 1,019,180.75 | Budget = 681,502.0 | inventory = 3
[ 2024-08-05 10:13:11,028 ] 111 : Sold 1 shares at price 71,900 | Profit = 1,400 | Portfolio Value = 1,039,002.0 | Budget = 753,366.05 | inventory = 2
[ 2024-08-05 10:13:11,043 ] 112 : Bought 1 shares at price 71,900 | Portfolio Value = 1,040,966.05 | Budget = 681,430.1 | inventory = 3
[ 2024-08-05 10:13:11,075 ] 114 : Bought 3 shares at price 73,300 | Portfolio Value = 1,048,430.1 | Budget = 461,420.15 | inventory = 4
[ 2024-08-05 10:13:11,091 ] 115 : Bought 5 shares at price 72,000 | Portfolio Value = 1,047,820.15 | Budget = 101,240.15 | inventory = 5
[ 2024-08-05 10:13:11,122 ] 117 : Bought 1 shares at price 71,000 | Portfolio Value = 1,033,340.15 | Budget = 30,204.65 | inventory = 6
[ 2024-08-05 10:13:11,247 ] 125 : Sold 1 shares at price 71,100 | Profit = -1,500 | Portfolio Value = 1,007,404.65 | Budget = 101,269.1 | inventory = 5
[ 2024-08-05 10:13:11,262 ] 126 : Bought 1 shares at price 69,900 | Portfolio Value = 1,025,569.1 | Budget = 31,334.15 | inventory = 6
[ 2024-08-05 10:13:11,357 ] 132 : Sold 3 shares at price 68,000 | Profit = -14,100 | Portfolio Value = 995,934.15 | Budget = 235,232.15 | inventory = 5
[ 2024-08-05 10:13:11,372 ] 133 : Bought 1 shares at price 67,500 | Portfolio Value = 983,232.15 | Budget = 167,698.4 | inventory = 6
[ 2024-08-05 10:13:11,387 ] 134 : Bought 1 shares at price 67,300 | Portfolio Value = 977,698.4 | Budget = 100,364.75 | inventory = 7
[ 2024-08-05 10:13:11,403 ] 135 : Bought 1 shares at price 67,000 | Portfolio Value = 975,264.75 | Budget = 33,331.25 | inventory = 8
[ 2024-08-05 10:13:11,449 ] 138 : Sold 1 shares at price 66,600 | Profit = -5,300 | Portfolio Value = 961,531.25 | Budget = 99,897.95 | inventory = 7
[ 2024-08-05 10:13:11,463 ] 139 : Bought 1 shares at price 66,600 | Portfolio Value = 965,697.95 | Budget = 33,264.65 | inventory = 8
[ 2024-08-05 10:13:11,478 ] 140 : Sold 3 shares at price 67,100 | Profit = -18,600 | Portfolio Value = 965,664.65 | Budget = 234,464.0 | inventory = 7
[ 2024-08-05 10:13:11,494 ] 141 : Sold 5 shares at price 68,200 | Profit = -19,000 | Portfolio Value = 972,564.0 | Budget = 575,293.5 | inventory = 6
[ 2024-08-05 10:13:11,584 ] 147 : Sold 1 shares at price 71,000 | Profit = 0 | Portfolio Value = 976,693.5 | Budget = 646,258.0 | inventory = 5
[ 2024-08-05 10:13:11,630 ] 150 : Sold 1 shares at price 70,000 | Profit = 100 | Portfolio Value = 999,758.0 | Budget = 716,223.0 | inventory = 4
[ 2024-08-05 10:13:11,661 ] 152 : Sold 1 shares at price 70,300 | Profit = 2,800 | Portfolio Value = 997,823.0 | Budget = 786,487.85 | inventory = 3
[ 2024-08-05 10:13:11,707 ] 155 : Sold 1 shares at price 70,900 | Profit = 3,600 | Portfolio Value = 997,987.85 | Budget = 857,352.4 | inventory = 2
[ 2024-08-05 10:13:11,722 ] 156 : Bought 7 shares at price 71,700 | Portfolio Value = 999,152.4 | Budget = 355,201.45 | inventory = 3
[ 2024-08-05 10:13:11,737 ] 157 : Sold 1 shares at price 72,000 | Profit = 5,000 | Portfolio Value = 1,000,501.45 | Budget = 427,165.45 | inventory = 2
[ 2024-08-05 10:13:11,752 ] 158 : Sold 1 shares at price 70,200 | Profit = 3,600 | Portfolio Value = 1,003,165.45 | Budget = 497,330.35 | inventory = 1
[ 2024-08-05 10:13:11,767 ] 159 : Sold 7 shares at price 69,800 | Profit = -13,300 | Portfolio Value = 988,730.35 | Budget = 985,686.05 | inventory = 0
[ 2024-08-05 10:13:11,859 ] 165 : Bought 12 shares at price 68,400 | Portfolio Value = 985,686.05 | Budget = 164,475.65 | inventory = 1
[ 2024-08-05 10:13:11,874 ] 166 : Bought 1 shares at price 67,500 | Portfolio Value = 985,275.65 | Budget = 96,941.9 | inventory = 2
[ 2024-08-05 10:13:11,889 ] 167 : Sold 12 shares at price 66,700 | Profit = -20,400 | Portfolio Value = 974,441.9 | Budget = 896,941.7 | inventory = 1
[ 2024-08-05 10:13:11,904 ] 168 : Bought 6 shares at price 66,000 | Portfolio Value = 963,641.7 | Budget = 500,743.7 | inventory = 2
[ 2024-08-05 10:13:11,920 ] 169 : Sold 1 shares at price 66,400 | Profit = -1,100 | Portfolio Value = 962,743.7 | Budget = 567,110.5 | inventory = 1
[ 2024-08-05 10:13:11,937 ] 170 : Sold 6 shares at price 68,200 | Profit = 13,200 | Portfolio Value = 965,510.5 | Budget = 976,105.9 | inventory = 0
[ 2024-08-05 10:13:11,955 ] 171 : Bought 4 shares at price 68,900 | Portfolio Value = 976,105.9 | Budget = 700,368.1 | inventory = 1
[ 2024-08-05 10:13:11,971 ] 172 : Sold 4 shares at price 68,000 | Profit = -3,600 | Portfolio Value = 975,968.1 | Budget = 972,232.1 | inventory = 0
[ 2024-08-05 10:13:12,032 ] 176 : Bought 2 shares at price 69,500 | Portfolio Value = 972,232.1 | Budget = 833,162.6 | inventory = 1
[ 2024-08-05 10:13:12,047 ] 177 : Sold 2 shares at price 68,800 | Profit = -1,400 | Portfolio Value = 972,162.6 | Budget = 970,693.8 | inventory = 0
[ 2024-08-05 10:13:12,092 ] 180 : Bought 6 shares at price 68,000 | Portfolio Value = 970,693.8 | Budget = 562,489.8 | inventory = 1
[ 2024-08-05 10:13:12,122 ] 182 : Sold 6 shares at price 67,300 | Profit = -4,200 | Portfolio Value = 962,689.8 | Budget = 966,087.9 | inventory = 0
[ 2024-08-05 10:13:12,201 ] 187 : Bought 10 shares at price 69,600 | Portfolio Value = 966,087.9 | Budget = 269,739.9 | inventory = 1
[ 2024-08-05 10:13:12,218 ] 188 : Bought 3 shares at price 70,900 | Portfolio Value = 965,739.9 | Budget = 56,933.55 | inventory = 2
[ 2024-08-05 10:13:12,281 ] 192 : Sold 10 shares at price 70,500 | Profit = 9,000 | Portfolio Value = 970,833.55 | Budget = 761,581.05 | inventory = 1
[ 2024-08-05 10:13:12,296 ] 193 : Sold 3 shares at price 70,400 | Profit = -1,500 | Portfolio Value = 973,081.05 | Budget = 972,675.45 | inventory = 0
[ 2024-08-05 10:13:12,357 ] 197 : Bought 4 shares at price 72,500 | Portfolio Value = 972,675.45 | Budget = 682,530.45 | inventory = 1
[ 2024-08-05 10:13:12,387 ] 199 : Bought 2 shares at price 72,800 | Portfolio Value = 973,330.45 | Budget = 536,857.65 | inventory = 2
[ 2024-08-05 10:13:12,401 ] 200 : Bought 4 shares at price 72,800 | Portfolio Value = 973,657.65 | Budget = 245,512.05 | inventory = 3
[ 2024-08-05 10:13:12,417 ] 201 : Sold 4 shares at price 72,400 | Profit = -400 | Portfolio Value = 973,512.05 | Budget = 534,967.25 | inventory = 2
[ 2024-08-05 10:13:12,431 ] 202 : Bought 1 shares at price 71,700 | Portfolio Value = 969,367.25 | Budget = 463,231.4 | inventory = 3
[ 2024-08-05 10:13:12,480 ] 205 : Sold 2 shares at price 72,700 | Profit = -200 | Portfolio Value = 972,131.4 | Budget = 608,558.7 | inventory = 2
[ 2024-08-05 10:13:12,496 ] 206 : Bought 2 shares at price 72,800 | Portfolio Value = 972,058.7 | Budget = 462,885.9 | inventory = 3
[ 2024-08-05 10:13:12,541 ] 209 : Sold 4 shares at price 71,200 | Profit = -6,400 | Portfolio Value = 971,085.9 | Budget = 747,543.5 | inventory = 2
[ 2024-08-05 10:13:12,571 ] 211 : Sold 1 shares at price 71,500 | Profit = -200 | Portfolio Value = 962,643.5 | Budget = 819,007.75 | inventory = 1
[ 2024-08-05 10:13:12,586 ] 212 : Sold 2 shares at price 72,600 | Profit = -400 | Portfolio Value = 962,007.75 | Budget = 964,135.15 | inventory = 0
[ 2024-08-05 10:13:12,647 ] 216 : Bought 9 shares at price 73,100 | Portfolio Value = 964,135.15 | Budget = 305,906.2 | inventory = 1
[ 2024-08-05 10:13:12,663 ] 217 : Bought 4 shares at price 73,300 | Portfolio Value = 963,806.2 | Budget = 12,559.6 | inventory = 2
[ 2024-08-05 10:13:12,678 ] 218 : Sold 9 shares at price 72,900 | Profit = -1,800 | Portfolio Value = 965,459.6 | Budget = 668,331.55 | inventory = 1
[ 2024-08-05 10:13:12,695 ] 219 : Sold 4 shares at price 73,400 | Profit = 400 | Portfolio Value = 959,931.55 | Budget = 961,784.75 | inventory = 0
[ 2024-08-05 10:13:12,742 ] 222 : Bought 12 shares at price 75,900 | Portfolio Value = 961,784.75 | Budget = 50,529.35 | inventory = 1
[ 2024-08-05 10:13:12,772 ] 224 : Sold 12 shares at price 78,000 | Profit = 25,200 | Portfolio Value = 969,729.35 | Budget = 986,061.35 | inventory = 0
[ 2024-08-05 10:13:12,786 ] 225 : Bought 11 shares at price 78,500 | Portfolio Value = 986,061.35 | Budget = 122,129.6 | inventory = 1
[ 2024-08-05 10:13:12,801 ] 0 : Bought 15 shares at price 61,000 | Portfolio Value = 1,000,000 | Budget = 84,542.5 | inventory = 1
[ 2024-08-05 10:13:12,817 ] 1 : Sold 15 shares at price 61,800 | Profit = 12,000 | Portfolio Value = 999,542.5 | Budget = 1,011,079.0 | inventory = 0
[ 2024-08-05 10:13:12,848 ] 3 : Bought 9 shares at price 63,800 | Portfolio Value = 1,011,079.0 | Budget = 436,591.9 | inventory = 1
[ 2024-08-05 10:13:12,878 ] 5 : Bought 3 shares at price 61,900 | Portfolio Value = 990,991.9 | Budget = 250,799.05 | inventory = 2
[ 2024-08-05 10:13:12,937 ] 9 : Bought 2 shares at price 62,900 | Portfolio Value = 1,004,399.05 | Budget = 124,936.15 | inventory = 3
[ 2024-08-05 10:13:12,955 ] 10 : Sold 9 shares at price 63,200 | Profit = -5,400 | Portfolio Value = 1,005,536.15 | Budget = 693,451.75 | inventory = 2
[ 2024-08-05 10:13:12,971 ] 11 : Bought 5 shares at price 62,200 | Portfolio Value = 1,009,451.75 | Budget = 382,296.25 | inventory = 3
[ 2024-08-05 10:13:12,987 ] 12 : Sold 3 shares at price 63,700 | Profit = 5,400 | Portfolio Value = 1,004,296.25 | Budget = 573,300.7 | inventory = 2
[ 2024-08-05 10:13:13,002 ] 13 : Bought 9 shares at price 62,600 | Portfolio Value = 1,019,200.7 | Budget = 9,619.0 | inventory = 3
[ 2024-08-05 10:13:13,033 ] 15 : Sold 2 shares at price 62,100 | Profit = -1,600 | Portfolio Value = 1,012,819.0 | Budget = 133,756.9 | inventory = 2
[ 2024-08-05 10:13:13,063 ] 17 : Sold 5 shares at price 62,000 | Profit = -1,000 | Portfolio Value = 989,156.9 | Budget = 443,601.9 | inventory = 1
[ 2024-08-05 10:13:13,093 ] 19 : Sold 9 shares at price 60,500 | Profit = -18,900 | Portfolio Value = 995,301.9 | Budget = 987,829.65 | inventory = 0
[ 2024-08-05 10:13:13,138 ] 22 : Bought 9 shares at price 60,500 | Portfolio Value = 987,829.65 | Budget = 443,057.4 | inventory = 1
[ 2024-08-05 10:13:13,153 ] 23 : Sold 9 shares at price 61,500 | Profit = 9,000 | Portfolio Value = 987,557.4 | Budget = 996,280.65 | inventory = 0
[ 2024-08-05 10:13:13,184 ] 25 : Bought 5 shares at price 60,300 | Portfolio Value = 996,280.65 | Budget = 694,629.9 | inventory = 1
[ 2024-08-05 10:13:13,204 ] 26 : Sold 5 shares at price 60,100 | Profit = -1,000 | Portfolio Value = 996,129.9 | Budget = 994,979.65 | inventory = 0
[ 2024-08-05 10:13:13,220 ] 27 : Bought 3 shares at price 59,500 | Portfolio Value = 994,979.65 | Budget = 816,390.4 | inventory = 1
[ 2024-08-05 10:13:13,236 ] 28 : Bought 5 shares at price 60,000 | Portfolio Value = 994,890.4 | Budget = 516,240.4 | inventory = 2
[ 2024-08-05 10:13:13,252 ] 29 : Sold 3 shares at price 59,000 | Profit = -1,500 | Portfolio Value = 996,240.4 | Budget = 693,151.9 | inventory = 1
[ 2024-08-05 10:13:13,267 ] 30 : Bought 6 shares at price 59,800 | Portfolio Value = 988,151.9 | Budget = 334,172.5 | inventory = 2
[ 2024-08-05 10:13:13,282 ] 31 : Bought 1 shares at price 59,900 | Portfolio Value = 991,972.5 | Budget = 274,242.55 | inventory = 3
[ 2024-08-05 10:13:13,297 ] 32 : Bought 1 shares at price 61,300 | Portfolio Value = 993,042.55 | Budget = 212,911.9 | inventory = 4
[ 2024-08-05 10:13:13,312 ] 33 : Sold 5 shares at price 60,200 | Profit = 1,000 | Portfolio Value = 1,009,811.9 | Budget = 513,761.4 | inventory = 3
[ 2024-08-05 10:13:13,357 ] 36 : Sold 6 shares at price 62,300 | Profit = 15,000 | Portfolio Value = 1,002,561.4 | Budget = 887,374.5 | inventory = 2
[ 2024-08-05 10:13:13,372 ] 37 : Sold 1 shares at price 63,000 | Profit = 3,100 | Portfolio Value = 1,011,974.5 | Budget = 950,343.0 | inventory = 1
[ 2024-08-05 10:13:13,387 ] 38 : Bought 12 shares at price 62,100 | Portfolio Value = 1,013,343.0 | Budget = 204,770.4 | inventory = 2
[ 2024-08-05 10:13:13,403 ] 39 : Bought 1 shares at price 62,900 | Portfolio Value = 1,012,070.4 | Budget = 141,838.95 | inventory = 3
[ 2024-08-05 10:13:13,448 ] 42 : Bought 2 shares at price 64,000 | Portfolio Value = 1,026,638.95 | Budget = 13,774.95 | inventory = 4
[ 2024-08-05 10:13:13,509 ] 46 : Sold 1 shares at price 62,300 | Profit = 1,000 | Portfolio Value = 1,036,174.95 | Budget = 76,043.8 | inventory = 3
[ 2024-08-05 10:13:13,524 ] 47 : Sold 12 shares at price 65,000 | Profit = 34,800 | Portfolio Value = 1,010,543.8 | Budget = 855,653.8 | inventory = 2
[ 2024-08-05 10:13:13,539 ] 48 : Sold 1 shares at price 65,700 | Profit = 2,800 | Portfolio Value = 1,050,653.8 | Budget = 921,320.95 | inventory = 1
[ 2024-08-05 10:13:13,554 ] 49 : Bought 10 shares at price 65,900 | Portfolio Value = 1,052,720.95 | Budget = 261,991.45 | inventory = 2
[ 2024-08-05 10:13:13,585 ] 51 : Sold 2 shares at price 66,100 | Profit = 4,200 | Portfolio Value = 1,053,991.45 | Budget = 394,125.35 | inventory = 1
[ 2024-08-05 10:13:13,600 ] 52 : Sold 10 shares at price 65,100 | Profit = -8,000 | Portfolio Value = 1,055,125.35 | Budget = 1,044,799.85 | inventory = 0
[ 2024-08-05 10:13:13,689 ] 58 : Bought 11 shares at price 65,200 | Portfolio Value = 1,044,799.85 | Budget = 327,241.25 | inventory = 1
[ 2024-08-05 10:13:13,708 ] 59 : Bought 5 shares at price 63,600 | Portfolio Value = 1,044,441.25 | Budget = 9,082.25 | inventory = 2
[ 2024-08-05 10:13:13,724 ] 60 : Sold 11 shares at price 64,100 | Profit = -12,100 | Portfolio Value = 1,026,682.25 | Budget = 713,829.7 | inventory = 1
[ 2024-08-05 10:13:13,739 ] 61 : Sold 5 shares at price 64,600 | Profit = 5,000 | Portfolio Value = 1,034,329.7 | Budget = 1,036,668.2 | inventory = 0
[ 2024-08-05 10:13:13,785 ] 64 : Bought 1 shares at price 65,400 | Portfolio Value = 1,036,668.2 | Budget = 971,235.5 | inventory = 1
[ 2024-08-05 10:13:13,800 ] 65 : Sold 1 shares at price 65,100 | Profit = -300 | Portfolio Value = 1,036,635.5 | Budget = 1,036,302.95 | inventory = 0
[ 2024-08-05 10:13:13,845 ] 68 : Bought 8 shares at price 64,600 | Portfolio Value = 1,036,302.95 | Budget = 519,244.55 | inventory = 1
[ 2024-08-05 10:13:13,861 ] 69 : Bought 7 shares at price 64,200 | Portfolio Value = 1,036,044.55 | Budget = 69,619.85 | inventory = 2
[ 2024-08-05 10:13:13,876 ] 70 : Sold 8 shares at price 64,100 | Profit = -4,000 | Portfolio Value = 1,032,619.85 | Budget = 582,163.45 | inventory = 1
[ 2024-08-05 10:13:13,891 ] 71 : Sold 7 shares at price 64,500 | Profit = 2,100 | Portfolio Value = 1,030,863.45 | Budget = 1,033,437.7 | inventory = 0
[ 2024-08-05 10:13:13,921 ] 73 : Bought 3 shares at price 65,000 | Portfolio Value = 1,033,437.7 | Budget = 838,340.2 | inventory = 1
[ 2024-08-05 10:13:13,936 ] 74 : Bought 1 shares at price 66,200 | Portfolio Value = 1,033,340.2 | Budget = 772,107.1 | inventory = 2
[ 2024-08-05 10:13:13,983 ] 77 : Sold 3 shares at price 68,400 | Profit = 10,200 | Portfolio Value = 1,046,107.1 | Budget = 977,204.5 | inventory = 1
[ 2024-08-05 10:13:13,999 ] 78 : Sold 1 shares at price 68,500 | Profit = 2,300 | Portfolio Value = 1,045,604.5 | Budget = 1,045,670.25 | inventory = 0
[ 2024-08-05 10:13:14,045 ] 81 : Bought 4 shares at price 72,300 | Portfolio Value = 1,045,670.25 | Budget = 756,325.65 | inventory = 1
[ 2024-08-05 10:13:14,060 ] 82 : Sold 4 shares at price 71,400 | Profit = -3,600 | Portfolio Value = 1,045,525.65 | Budget = 1,041,782.85 | inventory = 0
[ 2024-08-05 10:13:14,122 ] 86 : Bought 14 shares at price 71,000 | Portfolio Value = 1,041,782.85 | Budget = 47,285.85 | inventory = 1
[ 2024-08-05 10:13:14,152 ] 88 : Sold 14 shares at price 72,000 | Profit = 14,000 | Portfolio Value = 1,039,885.85 | Budget = 1,054,781.85 | inventory = 0
[ 2024-08-05 10:13:14,168 ] 89 : Bought 5 shares at price 71,000 | Portfolio Value = 1,054,781.85 | Budget = 699,604.35 | inventory = 1
[ 2024-08-05 10:13:14,199 ] 91 : Sold 5 shares at price 71,900 | Profit = 4,500 | Portfolio Value = 1,059,604.35 | Budget = 1,058,924.6 | inventory = 0
[ 2024-08-05 10:13:14,216 ] 92 : Bought 6 shares at price 71,500 | Portfolio Value = 1,058,924.6 | Budget = 629,710.1 | inventory = 1
[ 2024-08-05 10:13:14,232 ] 93 : Bought 3 shares at price 71,800 | Portfolio Value = 1,058,710.1 | Budget = 414,202.4 | inventory = 2
[ 2024-08-05 10:13:14,262 ] 95 : Sold 6 shares at price 71,400 | Profit = -600 | Portfolio Value = 1,055,002.4 | Budget = 842,388.2 | inventory = 1
[ 2024-08-05 10:13:14,277 ] 96 : Bought 9 shares at price 70,500 | Portfolio Value = 1,056,588.2 | Budget = 207,570.95 | inventory = 2
[ 2024-08-05 10:13:14,292 ] 97 : Sold 3 shares at price 71,300 | Profit = -1,500 | Portfolio Value = 1,053,570.95 | Budget = 421,364.0 | inventory = 1
[ 2024-08-05 10:13:14,307 ] 98 : Bought 3 shares at price 71,600 | Portfolio Value = 1,063,064.0 | Budget = 206,456.6 | inventory = 2
[ 2024-08-05 10:13:14,321 ] 99 : Sold 9 shares at price 72,400 | Profit = 17,100 | Portfolio Value = 1,065,656.6 | Budget = 857,730.8 | inventory = 1
[ 2024-08-05 10:13:14,336 ] 100 : Bought 10 shares at price 72,600 | Portfolio Value = 1,074,930.8 | Budget = 131,367.8 | inventory = 2
[ 2024-08-05 10:13:14,351 ] 101 : Bought 1 shares at price 72,700 | Portfolio Value = 1,075,167.8 | Budget = 58,631.45 | inventory = 3
[ 2024-08-05 10:13:14,366 ] 102 : Sold 3 shares at price 72,400 | Profit = 2,400 | Portfolio Value = 1,076,431.45 | Budget = 275,722.85 | inventory = 2
[ 2024-08-05 10:13:14,381 ] 103 : Bought 3 shares at price 72,200 | Portfolio Value = 1,072,122.85 | Budget = 59,014.55 | inventory = 3
[ 2024-08-05 10:13:14,427 ] 106 : Sold 10 shares at price 72,000 | Profit = -6,000 | Portfolio Value = 1,081,014.55 | Budget = 778,654.55 | inventory = 2
[ 2024-08-05 10:13:14,441 ] 107 : Bought 6 shares at price 71,600 | Portfolio Value = 1,066,654.55 | Budget = 348,839.75 | inventory = 3
[ 2024-08-05 10:13:14,463 ] 108 : Sold 1 shares at price 69,900 | Profit = -2,800 | Portfolio Value = 1,064,839.75 | Budget = 418,704.8 | inventory = 2
[ 2024-08-05 10:13:14,524 ] 112 : Bought 2 shares at price 71,900 | Portfolio Value = 1,065,804.8 | Budget = 274,832.9 | inventory = 3
[ 2024-08-05 10:13:14,540 ] 113 : Bought 2 shares at price 73,400 | Portfolio Value = 1,065,732.9 | Budget = 127,959.5 | inventory = 4
[ 2024-08-05 10:13:14,556 ] 114 : Bought 1 shares at price 73,300 | Portfolio Value = 1,082,159.5 | Budget = 54,622.85 | inventory = 5
[ 2024-08-05 10:13:14,586 ] 116 : Sold 3 shares at price 71,700 | Profit = -1,500 | Portfolio Value = 1,062,622.85 | Budget = 269,615.3 | inventory = 4
[ 2024-08-05 10:13:14,601 ] 117 : Bought 3 shares at price 71,000 | Portfolio Value = 1,058,315.3 | Budget = 56,508.8 | inventory = 5
[ 2024-08-05 10:13:14,633 ] 119 : Sold 6 shares at price 70,400 | Profit = -7,200 | Portfolio Value = 1,040,708.8 | Budget = 478,697.6 | inventory = 4
[ 2024-08-05 10:13:14,647 ] 120 : Bought 1 shares at price 70,000 | Portfolio Value = 1,041,897.6 | Budget = 408,662.6 | inventory = 5
[ 2024-08-05 10:13:14,662 ] 121 : Bought 3 shares at price 69,800 | Portfolio Value = 1,038,662.6 | Budget = 199,157.9 | inventory = 6
[ 2024-08-05 10:13:14,678 ] 122 : Sold 2 shares at price 71,700 | Profit = -400 | Portfolio Value = 1,036,757.9 | Budget = 342,486.2 | inventory = 5
[ 2024-08-05 10:13:14,695 ] 123 : Sold 2 shares at price 70,600 | Profit = -5,600 | Portfolio Value = 1,059,486.2 | Budget = 483,615.6 | inventory = 4
[ 2024-08-05 10:13:14,726 ] 125 : Sold 1 shares at price 71,100 | Profit = -2,200 | Portfolio Value = 1,042,015.6 | Budget = 554,680.05 | inventory = 3
[ 2024-08-05 10:13:14,741 ] 126 : Bought 2 shares at price 69,900 | Portfolio Value = 1,052,380.05 | Budget = 414,810.15 | inventory = 4
[ 2024-08-05 10:13:14,772 ] 128 : Bought 1 shares at price 68,300 | Portfolio Value = 1,034,010.15 | Budget = 346,476.0 | inventory = 5
[ 2024-08-05 10:13:14,787 ] 129 : Sold 3 shares at price 68,500 | Profit = -7,500 | Portfolio Value = 1,029,476.0 | Budget = 551,873.25 | inventory = 4
[ 2024-08-05 10:13:14,802 ] 130 : Bought 4 shares at price 67,600 | Portfolio Value = 1,031,373.25 | Budget = 281,338.05 | inventory = 5
[ 2024-08-05 10:13:14,833 ] 132 : Bought 2 shares at price 68,000 | Portfolio Value = 1,039,238.05 | Budget = 145,270.05 | inventory = 6
[ 2024-08-05 10:13:14,942 ] 139 : Bought 1 shares at price 66,600 | Portfolio Value = 1,011,070.05 | Budget = 78,636.75 | inventory = 7
[ 2024-08-05 10:13:14,976 ] 141 : Bought 1 shares at price 68,200 | Portfolio Value = 1,018,036.75 | Budget = 10,402.65 | inventory = 8
[ 2024-08-05 10:13:14,992 ] 142 : Sold 1 shares at price 67,100 | Profit = -2,900 | Portfolio Value = 1,033,402.65 | Budget = 77,469.1 | inventory = 7
[ 2024-08-05 10:13:15,007 ] 143 : Bought 1 shares at price 66,800 | Portfolio Value = 1,016,869.1 | Budget = 10,635.7 | inventory = 8
[ 2024-08-05 10:13:15,022 ] 144 : Sold 3 shares at price 66,800 | Profit = -9,000 | Portfolio Value = 1,012,635.7 | Budget = 210,935.5 | inventory = 7
[ 2024-08-05 10:13:15,160 ] 153 : Bought 1 shares at price 70,800 | Portfolio Value = 1,054,535.5 | Budget = 140,100.1 | inventory = 8
[ 2024-08-05 10:13:15,190 ] 155 : Bought 1 shares at price 70,900 | Portfolio Value = 1,056,600.1 | Budget = 69,164.65 | inventory = 9
[ 2024-08-05 10:13:15,223 ] 157 : Sold 2 shares at price 72,000 | Profit = 4,200 | Portfolio Value = 1,072,964.65 | Budget = 213,092.65 | inventory = 8
[ 2024-08-05 10:13:15,252 ] 159 : Sold 1 shares at price 69,800 | Profit = 1,500 | Portfolio Value = 1,055,492.65 | Budget = 282,857.75 | inventory = 7
[ 2024-08-05 10:13:15,267 ] 160 : Bought 4 shares at price 69,600 | Portfolio Value = 1,050,657.75 | Budget = 4,318.55 | inventory = 8
[ 2024-08-05 10:13:15,297 ] 162 : Sold 4 shares at price 68,800 | Profit = 4,800 | Portfolio Value = 1,037,818.55 | Budget = 279,380.95 | inventory = 7
[ 2024-08-05 10:13:15,312 ] 163 : Sold 2 shares at price 69,400 | Profit = 2,800 | Portfolio Value = 1,036,180.95 | Budget = 418,111.55 | inventory = 6
[ 2024-08-05 10:13:15,355 ] 166 : Sold 1 shares at price 67,500 | Profit = 900 | Portfolio Value = 1,033,711.55 | Budget = 485,577.8 | inventory = 5
[ 2024-08-05 10:13:15,370 ] 167 : Sold 1 shares at price 66,700 | Profit = -1,500 | Portfolio Value = 1,025,577.8 | Budget = 552,244.45 | inventory = 4
[ 2024-08-05 10:13:15,415 ] 170 : Bought 3 shares at price 68,200 | Portfolio Value = 1,017,044.45 | Budget = 347,542.15 | inventory = 5
[ 2024-08-05 10:13:15,429 ] 171 : Bought 4 shares at price 68,900 | Portfolio Value = 1,029,542.15 | Budget = 71,804.35 | inventory = 6
[ 2024-08-05 10:13:15,443 ] 172 : Bought 1 shares at price 68,000 | Portfolio Value = 1,036,404.35 | Budget = 3,770.35 | inventory = 7
[ 2024-08-05 10:13:15,496 ] 175 : Sold 1 shares at price 70,500 | Profit = 3,700 | Portfolio Value = 1,044,770.35 | Budget = 74,235.1 | inventory = 6
[ 2024-08-05 10:13:15,542 ] 178 : Sold 1 shares at price 68,400 | Profit = -2,400 | Portfolio Value = 1,037,435.1 | Budget = 142,600.9 | inventory = 5
[ 2024-08-05 10:13:15,557 ] 179 : Sold 1 shares at price 68,500 | Profit = -2,400 | Portfolio Value = 1,031,800.9 | Budget = 211,066.65 | inventory = 4
[ 2024-08-05 10:13:15,572 ] 180 : Bought 1 shares at price 68,000 | Portfolio Value = 1,033,066.65 | Budget = 143,032.65 | inventory = 5
[ 2024-08-05 10:13:15,586 ] 181 : Bought 1 shares at price 66,700 | Portfolio Value = 1,027,032.65 | Budget = 76,299.3 | inventory = 6
[ 2024-08-05 10:13:15,615 ] 183 : Bought 1 shares at price 67,300 | Portfolio Value = 1,018,499.3 | Budget = 8,965.65 | inventory = 7
[ 2024-08-05 10:13:15,770 ] 193 : Sold 4 shares at price 70,400 | Profit = 3,200 | Portfolio Value = 1,066,465.65 | Budget = 290,424.85 | inventory = 6
[ 2024-08-05 10:13:15,785 ] 194 : Bought 1 shares at price 70,800 | Portfolio Value = 1,064,824.85 | Budget = 219,589.45 | inventory = 7
[ 2024-08-05 10:13:15,801 ] 195 : Sold 3 shares at price 72,200 | Profit = 12,000 | Portfolio Value = 1,069,189.45 | Budget = 436,081.15 | inventory = 6
[ 2024-08-05 10:13:15,816 ] 196 : Sold 4 shares at price 72,800 | Profit = 15,600 | Portfolio Value = 1,085,881.15 | Budget = 727,135.55 | inventory = 5
[ 2024-08-05 10:13:15,831 ] 197 : Bought 6 shares at price 72,500 | Portfolio Value = 1,091,135.55 | Budget = 291,918.05 | inventory = 6
[ 2024-08-05 10:13:15,861 ] 199 : Bought 3 shares at price 72,800 | Portfolio Value = 1,091,618.05 | Budget = 73,408.85 | inventory = 7
[ 2024-08-05 10:13:15,875 ] 200 : Bought 1 shares at price 72,800 | Portfolio Value = 1,092,608.85 | Budget = 572.45 | inventory = 8
[ 2024-08-05 10:13:15,889 ] 201 : Sold 1 shares at price 72,400 | Profit = 4,400 | Portfolio Value = 1,092,572.45 | Budget = 72,936.25 | inventory = 7
[ 2024-08-05 10:13:15,904 ] 202 : Bought 1 shares at price 71,700 | Portfolio Value = 1,086,536.25 | Budget = 1,200.4 | inventory = 8
[ 2024-08-05 10:13:16,013 ] 209 : Sold 1 shares at price 71,200 | Profit = 3,200 | Portfolio Value = 1,090,200.4 | Budget = 72,364.8 | inventory = 7
[ 2024-08-05 10:13:16,029 ] 210 : Bought 1 shares at price 71,700 | Portfolio Value = 1,069,164.8 | Budget = 628.95 | inventory = 8
[ 2024-08-05 10:13:16,167 ] 219 : Sold 1 shares at price 73,400 | Profit = 6,700 | Portfolio Value = 1,094,128.95 | Budget = 73,992.25 | inventory = 7
[ 2024-08-05 10:13:16,233 ] 223 : Sold 1 shares at price 76,600 | Profit = 9,300 | Portfolio Value = 1,136,592.25 | Budget = 150,553.95 | inventory = 6
[ 2024-08-05 10:13:16,265 ] 225 : Bought 1 shares at price 78,500 | Portfolio Value = 1,164,553.95 | Budget = 72,014.7 | inventory = 7
[ 2024-08-05 10:13:16,383 ] 7 : Bought 4 shares at price 63,000 | Portfolio Value = 1,000,000.0 | Budget = 747,874.0 | inventory = 1
[ 2024-08-05 10:13:16,399 ] 8 : Bought 7 shares at price 62,800 | Portfolio Value = 999,874.0 | Budget = 308,054.2 | inventory = 2
[ 2024-08-05 10:13:16,428 ] 10 : Sold 4 shares at price 63,200 | Profit = 800 | Portfolio Value = 999,954.2 | Budget = 560,727.8 | inventory = 1
[ 2024-08-05 10:13:16,480 ] 13 : Bought 2 shares at price 62,600 | Portfolio Value = 1,006,627.8 | Budget = 435,465.2 | inventory = 2
[ 2024-08-05 10:13:16,496 ] 14 : Bought 3 shares at price 62,700 | Portfolio Value = 998,865.2 | Budget = 247,271.15 | inventory = 3
[ 2024-08-05 10:13:16,542 ] 17 : Bought 1 shares at price 62,000 | Portfolio Value = 980,471.15 | Budget = 185,240.15 | inventory = 4
[ 2024-08-05 10:13:16,571 ] 19 : Bought 2 shares at price 60,500 | Portfolio Value = 982,140.15 | Budget = 64,179.65 | inventory = 5
[ 2024-08-05 10:13:16,601 ] 21 : Bought 1 shares at price 60,800 | Portfolio Value = 973,179.65 | Budget = 3,349.25 | inventory = 6
[ 2024-08-05 10:13:16,691 ] 27 : Sold 7 shares at price 59,500 | Profit = -23,100 | Portfolio Value = 964,949.25 | Budget = 419,641.0 | inventory = 5
[ 2024-08-05 10:13:16,728 ] 29 : Sold 2 shares at price 59,000 | Profit = -7,200 | Portfolio Value = 959,641.0 | Budget = 537,582.0 | inventory = 4
[ 2024-08-05 10:13:16,757 ] 31 : Sold 3 shares at price 59,900 | Profit = -8,400 | Portfolio Value = 956,182.0 | Budget = 717,192.15 | inventory = 3
[ 2024-08-05 10:13:16,773 ] 32 : Sold 1 shares at price 61,300 | Profit = -700 | Portfolio Value = 956,792.15 | Budget = 778,461.5 | inventory = 2
[ 2024-08-05 10:13:16,788 ] 33 : Bought 9 shares at price 60,200 | Portfolio Value = 962,361.5 | Budget = 236,390.6 | inventory = 3
[ 2024-08-05 10:13:16,803 ] 34 : Bought 2 shares at price 60,300 | Portfolio Value = 958,790.6 | Budget = 115,730.3 | inventory = 4
[ 2024-08-05 10:13:16,818 ] 35 : Bought 1 shares at price 61,100 | Portfolio Value = 959,930.3 | Budget = 54,599.75 | inventory = 5
[ 2024-08-05 10:13:16,849 ] 37 : Sold 2 shares at price 63,000 | Profit = 5,000 | Portfolio Value = 989,099.75 | Budget = 180,536.75 | inventory = 4
[ 2024-08-05 10:13:16,863 ] 38 : Sold 1 shares at price 62,100 | Profit = 1,300 | Portfolio Value = 999,536.75 | Budget = 242,605.7 | inventory = 3
[ 2024-08-05 10:13:16,877 ] 39 : Sold 9 shares at price 62,900 | Profit = 24,300 | Portfolio Value = 987,805.7 | Budget = 808,422.65 | inventory = 2
[ 2024-08-05 10:13:16,907 ] 41 : Sold 2 shares at price 63,200 | Profit = 5,800 | Portfolio Value = 996,522.65 | Budget = 934,759.45 | inventory = 1
[ 2024-08-05 10:13:16,921 ] 42 : Sold 1 shares at price 64,000 | Profit = 2,900 | Portfolio Value = 997,959.45 | Budget = 998,727.45 | inventory = 0
[ 2024-08-05 10:13:16,987 ] 46 : Bought 5 shares at price 62,300 | Portfolio Value = 998,727.45 | Budget = 687,071.7 | inventory = 1
[ 2024-08-05 10:13:17,003 ] 47 : Sold 5 shares at price 65,000 | Profit = 13,500 | Portfolio Value = 998,571.7 | Budget = 1,011,909.2 | inventory = 0
[ 2024-08-05 10:13:17,106 ] 54 : Bought 13 shares at price 65,600 | Portfolio Value = 1,011,909.2 | Budget = 158,682.8 | inventory = 1
[ 2024-08-05 10:13:17,121 ] 55 : Bought 2 shares at price 65,500 | Portfolio Value = 1,011,482.8 | Budget = 27,617.3 | inventory = 2
[ 2024-08-05 10:13:17,152 ] 57 : Sold 13 shares at price 65,700 | Profit = 1,300 | Portfolio Value = 1,007,117.3 | Budget = 881,290.25 | inventory = 1
[ 2024-08-05 10:13:17,167 ] 58 : Bought 13 shares at price 65,200 | Portfolio Value = 1,012,690.25 | Budget = 33,266.45 | inventory = 2
[ 2024-08-05 10:13:17,183 ] 59 : Sold 2 shares at price 63,600 | Profit = -3,800 | Portfolio Value = 1,011,266.45 | Budget = 160,402.85 | inventory = 1
[ 2024-08-05 10:13:17,197 ] 60 : Bought 1 shares at price 64,100 | Portfolio Value = 987,202.85 | Budget = 96,270.8 | inventory = 2
[ 2024-08-05 10:13:17,214 ] 61 : Bought 1 shares at price 64,600 | Portfolio Value = 993,670.8 | Budget = 31,638.5 | inventory = 3
[ 2024-08-05 10:13:17,260 ] 64 : Sold 13 shares at price 65,400 | Profit = 2,600 | Portfolio Value = 1,017,138.5 | Budget = 881,413.4 | inventory = 2
[ 2024-08-05 10:13:17,274 ] 65 : Bought 10 shares at price 65,100 | Portfolio Value = 1,012,213.4 | Budget = 230,087.9 | inventory = 3
[ 2024-08-05 10:13:17,303 ] 67 : Sold 1 shares at price 65,300 | Profit = 1,200 | Portfolio Value = 1,020,887.9 | Budget = 295,355.25 | inventory = 2
[ 2024-08-05 10:13:17,318 ] 68 : Bought 2 shares at price 64,600 | Portfolio Value = 1,013,655.25 | Budget = 166,090.65 | inventory = 3
[ 2024-08-05 10:13:17,334 ] 69 : Bought 2 shares at price 64,200 | Portfolio Value = 1,005,890.65 | Budget = 37,626.45 | inventory = 4
[ 2024-08-05 10:13:17,349 ] 70 : Sold 1 shares at price 64,100 | Profit = -500 | Portfolio Value = 1,000,626.45 | Budget = 101,694.4 | inventory = 3
[ 2024-08-05 10:13:17,365 ] 71 : Bought 1 shares at price 64,500 | Portfolio Value = 999,094.4 | Budget = 37,162.15 | inventory = 4
[ 2024-08-05 10:13:17,396 ] 73 : Sold 10 shares at price 65,000 | Profit = -1,000 | Portfolio Value = 1,018,162.15 | Budget = 686,837.15 | inventory = 3
[ 2024-08-05 10:13:17,412 ] 74 : Bought 9 shares at price 66,200 | Portfolio Value = 1,011,837.15 | Budget = 90,739.25 | inventory = 4
[ 2024-08-05 10:13:17,426 ] 75 : Bought 1 shares at price 68,400 | Portfolio Value = 1,017,539.25 | Budget = 22,305.05 | inventory = 5
[ 2024-08-05 10:13:17,459 ] 77 : Sold 2 shares at price 68,400 | Profit = 7,600 | Portfolio Value = 1,049,805.05 | Budget = 159,036.65 | inventory = 4
[ 2024-08-05 10:13:17,474 ] 78 : Bought 2 shares at price 68,500 | Portfolio Value = 1,048,236.65 | Budget = 21,968.15 | inventory = 5
[ 2024-08-05 10:13:17,504 ] 80 : Sold 2 shares at price 70,300 | Profit = 12,200 | Portfolio Value = 1,053,968.15 | Budget = 162,497.85 | inventory = 4
[ 2024-08-05 10:13:17,519 ] 81 : Sold 1 shares at price 72,300 | Profit = 7,800 | Portfolio Value = 1,076,397.85 | Budget = 234,761.7 | inventory = 3
[ 2024-08-05 10:13:17,578 ] 85 : Sold 9 shares at price 71,700 | Profit = 49,500 | Portfolio Value = 1,101,161.7 | Budget = 879,739.05 | inventory = 2
[ 2024-08-05 10:13:17,609 ] 87 : Bought 4 shares at price 70,900 | Portfolio Value = 1,092,739.05 | Budget = 595,997.25 | inventory = 3
[ 2024-08-05 10:13:17,623 ] 88 : Sold 1 shares at price 72,000 | Profit = 3,600 | Portfolio Value = 1,092,297.25 | Budget = 667,961.25 | inventory = 2
[ 2024-08-05 10:13:17,638 ] 89 : Sold 2 shares at price 71,000 | Profit = 5,000 | Portfolio Value = 1,099,961.25 | Budget = 809,890.25 | inventory = 1
[ 2024-08-05 10:13:17,652 ] 90 : Bought 3 shares at price 72,000 | Portfolio Value = 1,093,890.25 | Budget = 593,782.25 | inventory = 2
[ 2024-08-05 10:13:17,668 ] 91 : Sold 4 shares at price 71,900 | Profit = 4,000 | Portfolio Value = 1,097,782.25 | Budget = 881,238.45 | inventory = 1
[ 2024-08-05 10:13:17,697 ] 93 : Sold 3 shares at price 71,800 | Profit = -600 | Portfolio Value = 1,095,738.45 | Budget = 1,096,530.75 | inventory = 0
[ 2024-08-05 10:13:17,727 ] 95 : Bought 1 shares at price 71,400 | Portfolio Value = 1,096,530.75 | Budget = 1,025,095.05 | inventory = 1
[ 2024-08-05 10:13:17,741 ] 96 : Sold 1 shares at price 70,500 | Profit = -900 | Portfolio Value = 1,096,495.05 | Budget = 1,095,559.8 | inventory = 0
[ 2024-08-05 10:13:17,820 ] 101 : Bought 11 shares at price 72,700 | Portfolio Value = 1,095,559.8 | Budget = 295,459.95 | inventory = 1
[ 2024-08-05 10:13:17,835 ] 102 : Sold 11 shares at price 72,400 | Profit = -3,300 | Portfolio Value = 1,095,159.95 | Budget = 1,091,461.75 | inventory = 0
[ 2024-08-05 10:13:17,851 ] 103 : Bought 8 shares at price 72,200 | Portfolio Value = 1,091,461.75 | Budget = 513,572.95 | inventory = 1
[ 2024-08-05 10:13:17,882 ] 105 : Bought 4 shares at price 73,000 | Portfolio Value = 1,097,572.95 | Budget = 221,426.95 | inventory = 2
[ 2024-08-05 10:13:17,913 ] 107 : Sold 8 shares at price 71,600 | Profit = -4,800 | Portfolio Value = 1,085,426.95 | Budget = 793,940.55 | inventory = 1
[ 2024-08-05 10:13:17,928 ] 108 : Bought 4 shares at price 69,900 | Portfolio Value = 1,080,340.55 | Budget = 514,200.75 | inventory = 2
[ 2024-08-05 10:13:17,943 ] 109 : Bought 7 shares at price 69,500 | Portfolio Value = 1,073,400.75 | Budget = 27,457.5 | inventory = 3
[ 2024-08-05 10:13:17,977 ] 111 : Sold 4 shares at price 71,900 | Profit = -4,400 | Portfolio Value = 1,099,957.5 | Budget = 314,913.7 | inventory = 2
[ 2024-08-05 10:13:18,007 ] 113 : Bought 4 shares at price 73,400 | Portfolio Value = 1,105,813.7 | Budget = 21,166.9 | inventory = 3
[ 2024-08-05 10:13:18,066 ] 117 : Sold 4 shares at price 71,000 | Profit = 4,400 | Portfolio Value = 1,096,666.9 | Budget = 305,024.9 | inventory = 2
[ 2024-08-05 10:13:18,080 ] 118 : Sold 7 shares at price 70,300 | Profit = 5,600 | Portfolio Value = 1,086,024.9 | Budget = 796,878.85 | inventory = 1
[ 2024-08-05 10:13:18,095 ] 119 : Bought 5 shares at price 70,400 | Portfolio Value = 1,078,078.85 | Budget = 444,702.85 | inventory = 2
[ 2024-08-05 10:13:18,110 ] 120 : Sold 4 shares at price 70,000 | Profit = -13,600 | Portfolio Value = 1,078,302.85 | Budget = 724,562.85 | inventory = 1
[ 2024-08-05 10:13:18,124 ] 121 : Sold 5 shares at price 69,800 | Profit = -3,000 | Portfolio Value = 1,074,562.85 | Budget = 1,073,388.35 | inventory = 0
[ 2024-08-05 10:13:18,170 ] 124 : Bought 15 shares at price 69,800 | Portfolio Value = 1,073,388.35 | Budget = 25,864.85 | inventory = 1
[ 2024-08-05 10:13:18,218 ] 127 : Sold 15 shares at price 68,800 | Profit = -15,000 | Portfolio Value = 1,074,364.85 | Budget = 1,057,348.85 | inventory = 0
[ 2024-08-05 10:13:18,264 ] 130 : Bought 12 shares at price 67,600 | Portfolio Value = 1,057,348.85 | Budget = 245,743.25 | inventory = 1
[ 2024-08-05 10:13:18,293 ] 132 : Sold 12 shares at price 68,000 | Profit = 4,800 | Portfolio Value = 1,072,543.25 | Budget = 1,061,335.25 | inventory = 0
[ 2024-08-05 10:13:18,370 ] 137 : Bought 13 shares at price 66,300 | Portfolio Value = 1,061,335.25 | Budget = 199,004.3 | inventory = 1
[ 2024-08-05 10:13:18,386 ] 138 : Bought 1 shares at price 66,600 | Portfolio Value = 1,060,904.3 | Budget = 132,371.0 | inventory = 2
[ 2024-08-05 10:13:18,403 ] 139 : Bought 1 shares at price 66,600 | Portfolio Value = 1,064,771.0 | Budget = 65,737.7 | inventory = 3
[ 2024-08-05 10:13:18,447 ] 142 : Sold 13 shares at price 67,100 | Profit = 10,400 | Portfolio Value = 1,088,737.7 | Budget = 937,601.55 | inventory = 2
[ 2024-08-05 10:13:18,484 ] 144 : Bought 1 shares at price 66,800 | Portfolio Value = 1,071,201.55 | Budget = 870,768.15 | inventory = 3
[ 2024-08-05 10:13:18,500 ] 145 : Bought 9 shares at price 67,100 | Portfolio Value = 1,071,168.15 | Budget = 266,566.2 | inventory = 4
[ 2024-08-05 10:13:18,516 ] 146 : Bought 3 shares at price 66,900 | Portfolio Value = 1,071,766.2 | Budget = 65,765.85 | inventory = 5
[ 2024-08-05 10:13:18,530 ] 147 : Sold 1 shares at price 71,000 | Profit = 4,400 | Portfolio Value = 1,069,265.85 | Budget = 136,730.35 | inventory = 4
[ 2024-08-05 10:13:18,546 ] 148 : Bought 1 shares at price 71,200 | Portfolio Value = 1,130,730.35 | Budget = 65,494.75 | inventory = 5
[ 2024-08-05 10:13:18,579 ] 150 : Sold 1 shares at price 70,000 | Profit = 3,400 | Portfolio Value = 1,125,994.75 | Budget = 135,459.75 | inventory = 4
[ 2024-08-05 10:13:18,596 ] 151 : Bought 1 shares at price 70,400 | Portfolio Value = 1,115,459.75 | Budget = 65,024.55 | inventory = 5
[ 2024-08-05 10:13:18,714 ] 158 : Sold 1 shares at price 70,200 | Profit = 3,400 | Portfolio Value = 1,145,024.55 | Budget = 135,189.45 | inventory = 4
[ 2024-08-05 10:13:18,730 ] 159 : Bought 1 shares at price 69,800 | Portfolio Value = 1,117,989.45 | Budget = 65,354.55 | inventory = 5
[ 2024-08-05 10:13:18,825 ] 165 : Sold 9 shares at price 68,400 | Profit = 11,700 | Portfolio Value = 1,094,354.55 | Budget = 680,646.75 | inventory = 4
[ 2024-08-05 10:13:18,856 ] 167 : Bought 10 shares at price 66,700 | Portfolio Value = 1,085,646.75 | Budget = 13,313.25 | inventory = 5
[ 2024-08-05 10:13:18,888 ] 169 : Sold 3 shares at price 66,400 | Profit = -1,500 | Portfolio Value = 1,069,313.25 | Budget = 212,413.65 | inventory = 4
[ 2024-08-05 10:13:18,903 ] 170 : Bought 3 shares at price 68,200 | Portfolio Value = 1,075,613.65 | Budget = 7,711.35 | inventory = 5
[ 2024-08-05 10:13:18,948 ] 173 : Sold 1 shares at price 67,300 | Profit = -3,900 | Portfolio Value = 1,095,711.35 | Budget = 74,977.7 | inventory = 4
[ 2024-08-05 10:13:18,983 ] 175 : Sold 1 shares at price 70,500 | Profit = 100 | Portfolio Value = 1,115,977.7 | Budget = 145,442.45 | inventory = 3
[ 2024-08-05 10:13:19,044 ] 179 : Bought 1 shares at price 68,500 | Portfolio Value = 1,103,042.45 | Budget = 76,908.2 | inventory = 4
[ 2024-08-05 10:13:19,059 ] 180 : Bought 1 shares at price 68,000 | Portfolio Value = 1,104,408.2 | Budget = 8,874.2 | inventory = 5
[ 2024-08-05 10:13:19,089 ] 182 : Sold 1 shares at price 67,300 | Profit = -2,500 | Portfolio Value = 1,076,074.2 | Budget = 76,140.55 | inventory = 4
[ 2024-08-05 10:13:19,104 ] 183 : Bought 1 shares at price 67,300 | Portfolio Value = 1,085,640.55 | Budget = 8,806.9 | inventory = 5
[ 2024-08-05 10:13:19,206 ] 190 : Sold 10 shares at price 69,900 | Profit = 32,000 | Portfolio Value = 1,143,206.9 | Budget = 707,457.4 | inventory = 4
[ 2024-08-05 10:13:19,223 ] 191 : Sold 3 shares at price 70,300 | Profit = 6,300 | Portfolio Value = 1,126,857.4 | Budget = 918,251.95 | inventory = 3
[ 2024-08-05 10:13:19,238 ] 192 : Bought 11 shares at price 70,500 | Portfolio Value = 1,129,151.95 | Budget = 142,364.2 | inventory = 4
[ 2024-08-05 10:13:19,267 ] 194 : Bought 2 shares at price 70,800 | Portfolio Value = 1,127,964.2 | Budget = 693.4 | inventory = 5
[ 2024-08-05 10:13:19,324 ] 198 : Sold 1 shares at price 72,700 | Profit = 4,200 | Portfolio Value = 1,160,693.4 | Budget = 73,357.05 | inventory = 4
[ 2024-08-05 10:13:19,339 ] 199 : Bought 1 shares at price 72,800 | Portfolio Value = 1,163,857.05 | Budget = 520.65 | inventory = 5
[ 2024-08-05 10:13:19,398 ] 203 : Sold 1 shares at price 71,300 | Profit = 3,300 | Portfolio Value = 1,147,720.65 | Budget = 71,785.0 | inventory = 4
[ 2024-08-05 10:13:19,445 ] 206 : Sold 1 shares at price 72,800 | Profit = 5,500 | Portfolio Value = 1,162,285.0 | Budget = 144,548.6 | inventory = 3
[ 2024-08-05 10:13:19,480 ] 208 : Bought 1 shares at price 72,600 | Portfolio Value = 1,152,548.6 | Budget = 71,912.3 | inventory = 4
[ 2024-08-05 10:13:19,541 ] 212 : Sold 11 shares at price 72,600 | Profit = 23,100 | Portfolio Value = 1,144,412.3 | Budget = 870,113.0 | inventory = 3
[ 2024-08-05 10:13:19,554 ] 213 : Sold 2 shares at price 73,000 | Profit = 4,400 | Portfolio Value = 1,160,513.0 | Budget = 1,016,040.0 | inventory = 2
[ 2024-08-05 10:13:19,569 ] 214 : Sold 1 shares at price 73,500 | Profit = 700 | Portfolio Value = 1,162,040.0 | Budget = 1,089,503.25 | inventory = 1
[ 2024-08-05 10:13:19,584 ] 215 : Bought 3 shares at price 72,800 | Portfolio Value = 1,163,003.25 | Budget = 870,994.05 | inventory = 2
[ 2024-08-05 10:13:19,599 ] 216 : Sold 1 shares at price 73,100 | Profit = 500 | Portfolio Value = 1,162,194.05 | Budget = 944,057.5 | inventory = 1
[ 2024-08-05 10:13:19,647 ] 219 : Sold 3 shares at price 73,400 | Profit = 1,800 | Portfolio Value = 1,162,757.5 | Budget = 1,164,147.4 | inventory = 0
[ 2024-08-05 10:13:19,743 ] 225 : Bought 5 shares at price 78,500 | Portfolio Value = 1,164,147.4 | Budget = 771,451.15 | inventory = 1
[ 2024-08-05 10:13:19,759 ] 0 : Bought 3 shares at price 61,000 | Portfolio Value = 1,000,000 | Budget = 816,908.5 | inventory = 1
[ 2024-08-05 10:13:19,774 ] 1 : Sold 3 shares at price 61,800 | Profit = 2,400 | Portfolio Value = 999,908.5 | Budget = 1,002,215.8 | inventory = 0
[ 2024-08-05 10:13:19,805 ] 3 : Bought 14 shares at price 63,800 | Portfolio Value = 1,002,215.8 | Budget = 108,569.2 | inventory = 1
[ 2024-08-05 10:13:19,835 ] 5 : Bought 1 shares at price 61,900 | Portfolio Value = 970,969.2 | Budget = 46,638.25 | inventory = 2
[ 2024-08-05 10:13:19,952 ] 13 : Sold 14 shares at price 62,600 | Profit = -16,800 | Portfolio Value = 1,002,138.25 | Budget = 922,600.05 | inventory = 1
[ 2024-08-05 10:13:19,971 ] 14 : Sold 1 shares at price 62,700 | Profit = 800 | Portfolio Value = 985,200.05 | Budget = 985,268.7 | inventory = 0
[ 2024-08-05 10:13:20,019 ] 17 : Bought 15 shares at price 62,000 | Portfolio Value = 985,268.7 | Budget = 54,803.7 | inventory = 1
[ 2024-08-05 10:13:20,035 ] 18 : Sold 15 shares at price 61,300 | Profit = -10,500 | Portfolio Value = 984,803.7 | Budget = 973,843.95 | inventory = 0
[ 2024-08-05 10:13:20,065 ] 20 : Bought 16 shares at price 60,600 | Portfolio Value = 973,843.95 | Budget = 3,759.15 | inventory = 1
[ 2024-08-05 10:13:20,173 ] 27 : Sold 16 shares at price 59,500 | Profit = -17,600 | Portfolio Value = 965,359.15 | Budget = 955,283.15 | inventory = 0
[ 2024-08-05 10:13:20,205 ] 29 : Bought 16 shares at price 59,000 | Portfolio Value = 955,283.15 | Budget = 10,811.15 | inventory = 1
[ 2024-08-05 10:13:20,283 ] 33 : Sold 16 shares at price 60,200 | Profit = 19,200 | Portfolio Value = 991,611.15 | Budget = 973,529.55 | inventory = 0
[ 2024-08-05 10:13:20,314 ] 35 : Bought 14 shares at price 61,100 | Portfolio Value = 973,529.55 | Budget = 117,701.85 | inventory = 1
[ 2024-08-05 10:13:20,345 ] 37 : Bought 1 shares at price 63,000 | Portfolio Value = 989,901.85 | Budget = 54,670.35 | inventory = 2
[ 2024-08-05 10:13:20,377 ] 39 : Sold 14 shares at price 62,900 | Profit = 25,200 | Portfolio Value = 986,170.35 | Budget = 934,830.05 | inventory = 1
[ 2024-08-05 10:13:20,437 ] 43 : Sold 1 shares at price 63,100 | Profit = 100 | Portfolio Value = 998,830.05 | Budget = 997,898.5 | inventory = 0
[ 2024-08-05 10:13:20,472 ] 45 : Bought 6 shares at price 63,900 | Portfolio Value = 997,898.5 | Budget = 614,306.8 | inventory = 1
[ 2024-08-05 10:13:20,488 ] 46 : Bought 3 shares at price 62,300 | Portfolio Value = 997,706.8 | Budget = 427,313.35 | inventory = 2
[ 2024-08-05 10:13:20,503 ] 47 : Bought 4 shares at price 65,000 | Portfolio Value = 988,013.35 | Budget = 167,183.35 | inventory = 3
[ 2024-08-05 10:13:20,535 ] 49 : Sold 6 shares at price 65,900 | Profit = 12,000 | Portfolio Value = 1,021,283.35 | Budget = 562,385.65 | inventory = 2
[ 2024-08-05 10:13:20,554 ] 50 : Bought 5 shares at price 66,000 | Portfolio Value = 1,023,685.65 | Budget = 232,220.65 | inventory = 3
[ 2024-08-05 10:13:20,571 ] 51 : Bought 1 shares at price 66,100 | Portfolio Value = 1,024,220.65 | Budget = 166,087.6 | inventory = 4
[ 2024-08-05 10:13:20,586 ] 52 : Bought 1 shares at price 65,100 | Portfolio Value = 1,025,387.6 | Budget = 100,955.05 | inventory = 5
[ 2024-08-05 10:13:20,632 ] 55 : Sold 3 shares at price 65,500 | Profit = 9,600 | Portfolio Value = 1,019,355.05 | Budget = 297,356.8 | inventory = 4
[ 2024-08-05 10:13:20,663 ] 57 : Bought 1 shares at price 65,700 | Portfolio Value = 1,015,656.8 | Budget = 231,623.95 | inventory = 5
[ 2024-08-05 10:13:20,695 ] 59 : Bought 3 shares at price 63,600 | Portfolio Value = 1,014,023.95 | Budget = 40,728.55 | inventory = 6
[ 2024-08-05 10:13:20,746 ] 62 : Sold 4 shares at price 65,500 | Profit = 2,000 | Portfolio Value = 1,009,728.55 | Budget = 302,597.55 | inventory = 5
[ 2024-08-05 10:13:20,775 ] 64 : Bought 2 shares at price 65,400 | Portfolio Value = 1,025,297.55 | Budget = 171,732.15 | inventory = 6
[ 2024-08-05 10:13:20,791 ] 65 : Bought 2 shares at price 65,100 | Portfolio Value = 1,021,932.15 | Budget = 41,467.05 | inventory = 7
[ 2024-08-05 10:13:20,821 ] 67 : Sold 5 shares at price 65,300 | Profit = -3,500 | Portfolio Value = 1,029,967.05 | Budget = 367,803.8 | inventory = 6
[ 2024-08-05 10:13:20,835 ] 68 : Sold 1 shares at price 64,600 | Profit = -1,500 | Portfolio Value = 1,020,803.8 | Budget = 432,371.5 | inventory = 5
[ 2024-08-05 10:13:20,898 ] 72 : Bought 2 shares at price 65,400 | Portfolio Value = 1,012,871.5 | Budget = 301,506.1 | inventory = 6
[ 2024-08-05 10:13:20,928 ] 74 : Bought 2 shares at price 66,200 | Portfolio Value = 1,016,506.1 | Budget = 169,039.9 | inventory = 7
[ 2024-08-05 10:13:20,944 ] 75 : Bought 1 shares at price 68,400 | Portfolio Value = 1,029,639.9 | Budget = 100,605.7 | inventory = 8
[ 2024-08-05 10:13:20,958 ] 76 : Bought 1 shares at price 68,500 | Portfolio Value = 1,058,205.7 | Budget = 32,071.45 | inventory = 9
[ 2024-08-05 10:13:20,976 ] 77 : Sold 1 shares at price 68,400 | Profit = 3,300 | Portfolio Value = 1,059,571.45 | Budget = 100,437.25 | inventory = 8
[ 2024-08-05 10:13:21,020 ] 80 : Sold 1 shares at price 70,300 | Profit = 4,600 | Portfolio Value = 1,063,637.25 | Budget = 170,702.1 | inventory = 7
[ 2024-08-05 10:13:21,035 ] 81 : Bought 1 shares at price 72,300 | Portfolio Value = 1,084,602.1 | Budget = 98,365.95 | inventory = 8
[ 2024-08-05 10:13:21,050 ] 82 : Sold 3 shares at price 71,400 | Profit = 23,400 | Portfolio Value = 1,110,565.95 | Budget = 312,458.85 | inventory = 7
[ 2024-08-05 10:13:21,065 ] 83 : Bought 2 shares at price 70,900 | Portfolio Value = 1,097,858.85 | Budget = 170,587.95 | inventory = 8
[ 2024-08-05 10:13:21,094 ] 85 : Sold 2 shares at price 71,700 | Profit = 12,600 | Portfolio Value = 1,109,187.95 | Budget = 313,916.25 | inventory = 7
[ 2024-08-05 10:13:21,108 ] 86 : Sold 2 shares at price 71,000 | Profit = 11,800 | Portfolio Value = 1,102,616.25 | Budget = 455,845.25 | inventory = 6
[ 2024-08-05 10:13:21,122 ] 87 : Sold 2 shares at price 70,900 | Profit = 11,000 | Portfolio Value = 1,094,845.25 | Budget = 597,574.35 | inventory = 5
[ 2024-08-05 10:13:21,152 ] 89 : Bought 7 shares at price 71,000 | Portfolio Value = 1,101,574.35 | Budget = 100,325.85 | inventory = 6
[ 2024-08-05 10:13:21,166 ] 90 : Bought 1 shares at price 72,000 | Portfolio Value = 1,094,325.85 | Budget = 28,289.85 | inventory = 7
[ 2024-08-05 10:13:21,195 ] 92 : Sold 2 shares at price 71,500 | Profit = 10,600 | Portfolio Value = 1,106,789.85 | Budget = 171,218.35 | inventory = 6
[ 2024-08-05 10:13:21,224 ] 94 : Sold 1 shares at price 71,200 | Profit = 2,800 | Portfolio Value = 1,104,618.35 | Budget = 242,382.75 | inventory = 5
[ 2024-08-05 10:13:21,238 ] 95 : Bought 1 shares at price 71,400 | Portfolio Value = 1,096,782.75 | Budget = 170,947.05 | inventory = 6
[ 2024-08-05 10:13:21,267 ] 97 : Bought 1 shares at price 71,300 | Portfolio Value = 1,087,447.05 | Budget = 99,611.4 | inventory = 7
[ 2024-08-05 10:13:21,282 ] 98 : Sold 1 shares at price 71,600 | Profit = 3,100 | Portfolio Value = 1,097,811.4 | Budget = 171,175.6 | inventory = 6
[ 2024-08-05 10:13:21,297 ] 99 : Sold 1 shares at price 72,400 | Profit = 100 | Portfolio Value = 1,101,975.6 | Budget = 243,539.4 | inventory = 5
[ 2024-08-05 10:13:21,311 ] 100 : Sold 2 shares at price 72,600 | Profit = 3,400 | Portfolio Value = 1,112,339.4 | Budget = 388,666.8 | inventory = 4
[ 2024-08-05 10:13:21,326 ] 101 : Bought 1 shares at price 72,700 | Portfolio Value = 1,114,666.8 | Budget = 315,930.45 | inventory = 5
[ 2024-08-05 10:13:21,340 ] 102 : Sold 7 shares at price 72,400 | Profit = 9,800 | Portfolio Value = 1,115,630.45 | Budget = 822,477.05 | inventory = 4
[ 2024-08-05 10:13:21,355 ] 103 : Sold 1 shares at price 72,200 | Profit = 200 | Portfolio Value = 1,112,077.05 | Budget = 894,640.95 | inventory = 3
[ 2024-08-05 10:13:21,385 ] 105 : Bought 7 shares at price 73,000 | Portfolio Value = 1,113,640.95 | Budget = 383,385.45 | inventory = 4
[ 2024-08-05 10:13:21,415 ] 107 : Sold 1 shares at price 71,600 | Profit = 200 | Portfolio Value = 1,103,385.45 | Budget = 454,949.65 | inventory = 3
[ 2024-08-05 10:13:21,430 ] 108 : Sold 1 shares at price 69,900 | Profit = -1,400 | Portfolio Value = 1,099,349.65 | Budget = 524,814.7 | inventory = 2
[ 2024-08-05 10:13:21,459 ] 110 : Sold 1 shares at price 71,500 | Profit = -1,200 | Portfolio Value = 1,080,814.7 | Budget = 596,278.95 | inventory = 1
[ 2024-08-05 10:13:21,477 ] 111 : Sold 7 shares at price 71,900 | Profit = -7,700 | Portfolio Value = 1,096,778.95 | Budget = 1,099,327.3 | inventory = 0
[ 2024-08-05 10:13:21,507 ] 113 : Bought 5 shares at price 73,400 | Portfolio Value = 1,099,327.3 | Budget = 732,143.8 | inventory = 1
[ 2024-08-05 10:13:21,523 ] 114 : Sold 5 shares at price 73,300 | Profit = -500 | Portfolio Value = 1,099,143.8 | Budget = 1,098,460.55 | inventory = 0
[ 2024-08-05 10:13:21,628 ] 121 : Bought 1 shares at price 69,800 | Portfolio Value = 1,098,460.55 | Budget = 1,028,625.65 | inventory = 1
[ 2024-08-05 10:13:21,643 ] 122 : Sold 1 shares at price 71,700 | Profit = 1,900 | Portfolio Value = 1,098,425.65 | Budget = 1,100,289.8 | inventory = 0
[ 2024-08-05 10:13:21,718 ] 127 : Bought 6 shares at price 68,800 | Portfolio Value = 1,100,289.8 | Budget = 687,283.4 | inventory = 1
[ 2024-08-05 10:13:21,777 ] 131 : Sold 6 shares at price 68,900 | Profit = 600 | Portfolio Value = 1,092,883.4 | Budget = 1,100,476.7 | inventory = 0
[ 2024-08-05 10:13:21,791 ] 132 : Bought 14 shares at price 68,000 | Portfolio Value = 1,100,476.7 | Budget = 148,000.7 | inventory = 1
[ 2024-08-05 10:13:21,806 ] 133 : Sold 14 shares at price 67,500 | Profit = -7,000 | Portfolio Value = 1,100,000.7 | Budget = 1,092,528.2 | inventory = 0
[ 2024-08-05 10:13:21,849 ] 136 : Bought 15 shares at price 66,700 | Portfolio Value = 1,092,528.2 | Budget = 91,527.95 | inventory = 1
[ 2024-08-05 10:13:21,863 ] 137 : Sold 15 shares at price 66,300 | Profit = -6,000 | Portfolio Value = 1,092,027.95 | Budget = 1,085,530.7 | inventory = 0
[ 2024-08-05 10:13:21,893 ] 139 : Bought 9 shares at price 66,600 | Portfolio Value = 1,085,530.7 | Budget = 485,831.0 | inventory = 1
[ 2024-08-05 10:13:21,907 ] 140 : Sold 9 shares at price 67,100 | Profit = 4,500 | Portfolio Value = 1,085,231.0 | Budget = 1,089,429.05 | inventory = 0
[ 2024-08-05 10:13:21,923 ] 141 : Bought 13 shares at price 68,200 | Portfolio Value = 1,089,429.05 | Budget = 202,385.75 | inventory = 1
[ 2024-08-05 10:13:21,966 ] 144 : Sold 13 shares at price 66,800 | Profit = -18,200 | Portfolio Value = 1,070,785.75 | Budget = 1,070,351.55 | inventory = 0
[ 2024-08-05 10:13:22,011 ] 147 : Bought 13 shares at price 71,000 | Portfolio Value = 1,070,351.55 | Budget = 146,890.05 | inventory = 1
[ 2024-08-05 10:13:22,025 ] 148 : Sold 13 shares at price 71,200 | Profit = 2,600 | Portfolio Value = 1,069,890.05 | Budget = 1,072,027.25 | inventory = 0
[ 2024-08-05 10:13:22,071 ] 151 : Bought 7 shares at price 70,400 | Portfolio Value = 1,072,027.25 | Budget = 578,980.85 | inventory = 1
[ 2024-08-05 10:13:22,086 ] 152 : Sold 7 shares at price 70,300 | Profit = -700 | Portfolio Value = 1,071,780.85 | Budget = 1,070,834.8 | inventory = 0
[ 2024-08-05 10:13:22,102 ] 153 : Bought 11 shares at price 70,800 | Portfolio Value = 1,070,834.8 | Budget = 291,645.4 | inventory = 1
[ 2024-08-05 10:13:22,117 ] 154 : Bought 3 shares at price 70,500 | Portfolio Value = 1,070,445.4 | Budget = 80,039.65 | inventory = 2
[ 2024-08-05 10:13:22,132 ] 155 : Bought 1 shares at price 70,900 | Portfolio Value = 1,067,039.65 | Budget = 9,104.2 | inventory = 3
[ 2024-08-05 10:13:22,147 ] 156 : Sold 11 shares at price 71,700 | Profit = 9,900 | Portfolio Value = 1,072,604.2 | Budget = 797,409.85 | inventory = 2
[ 2024-08-05 10:13:22,162 ] 157 : Sold 3 shares at price 72,000 | Profit = 4,500 | Portfolio Value = 1,084,209.85 | Budget = 1,013,301.85 | inventory = 1
[ 2024-08-05 10:13:22,177 ] 158 : Sold 1 shares at price 70,200 | Profit = -700 | Portfolio Value = 1,085,301.85 | Budget = 1,083,466.75 | inventory = 0
[ 2024-08-05 10:13:22,191 ] 159 : Bought 2 shares at price 69,800 | Portfolio Value = 1,083,466.75 | Budget = 943,796.95 | inventory = 1
[ 2024-08-05 10:13:22,207 ] 160 : Bought 12 shares at price 69,600 | Portfolio Value = 1,083,396.95 | Budget = 108,179.35 | inventory = 2
[ 2024-08-05 10:13:22,222 ] 161 : Sold 2 shares at price 68,900 | Profit = -1,800 | Portfolio Value = 1,082,579.35 | Budget = 245,910.45 | inventory = 1
[ 2024-08-05 10:13:22,268 ] 164 : Bought 1 shares at price 68,600 | Portfolio Value = 1,078,710.45 | Budget = 177,276.15 | inventory = 2
[ 2024-08-05 10:13:22,358 ] 170 : Sold 12 shares at price 68,200 | Profit = -16,800 | Portfolio Value = 1,040,476.15 | Budget = 995,266.95 | inventory = 1
[ 2024-08-05 10:13:22,373 ] 171 : Bought 3 shares at price 68,900 | Portfolio Value = 1,063,466.95 | Budget = 788,463.6 | inventory = 2
[ 2024-08-05 10:13:22,388 ] 172 : Bought 8 shares at price 68,000 | Portfolio Value = 1,064,063.6 | Budget = 244,191.6 | inventory = 3
[ 2024-08-05 10:13:22,403 ] 173 : Sold 1 shares at price 67,300 | Profit = -1,300 | Portfolio Value = 1,060,191.6 | Budget = 311,457.95 | inventory = 2
[ 2024-08-05 10:13:22,432 ] 175 : Sold 3 shares at price 70,500 | Profit = 4,800 | Portfolio Value = 1,074,857.95 | Budget = 522,852.2 | inventory = 1
[ 2024-08-05 10:13:22,446 ] 176 : Sold 8 shares at price 69,500 | Profit = 12,000 | Portfolio Value = 1,086,852.2 | Budget = 1,078,574.2 | inventory = 0
[ 2024-08-05 10:13:22,476 ] 178 : Bought 7 shares at price 68,400 | Portfolio Value = 1,078,574.2 | Budget = 599,534.8 | inventory = 1
[ 2024-08-05 10:13:22,491 ] 179 : Sold 7 shares at price 68,500 | Profit = 700 | Portfolio Value = 1,078,334.8 | Budget = 1,078,795.05 | inventory = 0
[ 2024-08-05 10:13:22,521 ] 181 : Bought 1 shares at price 66,700 | Portfolio Value = 1,078,795.05 | Budget = 1,012,061.7 | inventory = 1
[ 2024-08-05 10:13:22,535 ] 182 : Bought 1 shares at price 67,300 | Portfolio Value = 1,078,761.7 | Budget = 944,728.05 | inventory = 2
[ 2024-08-05 10:13:22,564 ] 184 : Sold 1 shares at price 66,900 | Profit = 200 | Portfolio Value = 1,079,328.05 | Budget = 1,011,594.6 | inventory = 1
[ 2024-08-05 10:13:22,593 ] 186 : Sold 1 shares at price 69,700 | Profit = 2,400 | Portfolio Value = 1,080,194.6 | Budget = 1,081,259.75 | inventory = 0
[ 2024-08-05 10:13:22,607 ] 187 : Bought 14 shares at price 69,600 | Portfolio Value = 1,081,259.75 | Budget = 106,372.55 | inventory = 1
[ 2024-08-05 10:13:22,624 ] 188 : Bought 1 shares at price 70,900 | Portfolio Value = 1,080,772.55 | Budget = 35,437.1 | inventory = 2
[ 2024-08-05 10:13:22,714 ] 194 : Sold 14 shares at price 70,800 | Profit = 16,800 | Portfolio Value = 1,091,437.1 | Budget = 1,026,141.5 | inventory = 1
[ 2024-08-05 10:13:22,730 ] 195 : Bought 2 shares at price 72,200 | Portfolio Value = 1,096,941.5 | Budget = 881,669.3 | inventory = 2
[ 2024-08-05 10:13:22,759 ] 197 : Sold 1 shares at price 72,500 | Profit = 1,600 | Portfolio Value = 1,100,069.3 | Budget = 954,133.05 | inventory = 1
[ 2024-08-05 10:13:22,775 ] 198 : Sold 2 shares at price 72,700 | Profit = 1,000 | Portfolio Value = 1,099,133.05 | Budget = 1,099,460.35 | inventory = 0
[ 2024-08-05 10:13:22,835 ] 202 : Bought 6 shares at price 71,700 | Portfolio Value = 1,099,460.35 | Budget = 669,045.25 | inventory = 1
[ 2024-08-05 10:13:22,849 ] 203 : Sold 6 shares at price 71,300 | Profit = -2,400 | Portfolio Value = 1,099,245.25 | Budget = 1,096,631.35 | inventory = 0
[ 2024-08-05 10:13:22,938 ] 209 : Bought 15 shares at price 71,200 | Portfolio Value = 1,096,631.35 | Budget = 28,097.35 | inventory = 1
[ 2024-08-05 10:13:22,997 ] 213 : Sold 15 shares at price 73,000 | Profit = 27,000 | Portfolio Value = 1,117,097.35 | Budget = 1,122,549.85 | inventory = 0
[ 2024-08-05 10:13:23,100 ] 220 : Bought 10 shares at price 74,800 | Portfolio Value = 1,122,549.85 | Budget = 374,175.85 | inventory = 1
[ 2024-08-05 10:13:23,115 ] 221 : Bought 2 shares at price 75,000 | Portfolio Value = 1,122,175.85 | Budget = 224,100.85 | inventory = 2
[ 2024-08-05 10:13:23,145 ] 223 : Bought 2 shares at price 76,600 | Portfolio Value = 1,134,900.85 | Budget = 70,824.25 | inventory = 3
[ 2024-08-05 10:13:23,205 ] 1 : Bought 16 shares at price 61,800 | Portfolio Value = 1,000,000.0 | Budget = 10,705.6 | inventory = 1
[ 2024-08-05 10:13:23,251 ] 4 : Sold 16 shares at price 61,600 | Profit = -3,200 | Portfolio Value = 1,031,505.6 | Budget = 995,812.8 | inventory = 0
[ 2024-08-05 10:13:23,295 ] 7 : Bought 9 shares at price 63,000 | Portfolio Value = 995,812.8 | Budget = 428,529.3 | inventory = 1
[ 2024-08-05 10:13:23,310 ] 8 : Bought 3 shares at price 62,800 | Portfolio Value = 995,529.3 | Budget = 240,035.1 | inventory = 2
[ 2024-08-05 10:13:23,325 ] 9 : Bought 1 shares at price 62,900 | Portfolio Value = 993,635.1 | Budget = 177,103.65 | inventory = 3
[ 2024-08-05 10:13:23,340 ] 10 : Sold 9 shares at price 63,200 | Profit = 1,800 | Portfolio Value = 994,803.65 | Budget = 745,619.25 | inventory = 2
[ 2024-08-05 10:13:23,355 ] 11 : Bought 4 shares at price 62,200 | Portfolio Value = 998,419.25 | Budget = 496,694.85 | inventory = 3
[ 2024-08-05 10:13:23,370 ] 12 : Sold 3 shares at price 63,700 | Profit = 2,700 | Portfolio Value = 994,294.85 | Budget = 687,699.3 | inventory = 2
[ 2024-08-05 10:13:23,385 ] 13 : Bought 3 shares at price 62,600 | Portfolio Value = 1,006,199.3 | Budget = 499,805.4 | inventory = 3
[ 2024-08-05 10:13:23,413 ] 15 : Sold 1 shares at price 62,100 | Profit = -800 | Portfolio Value = 1,001,405.4 | Budget = 561,874.35 | inventory = 2
[ 2024-08-05 10:13:23,428 ] 16 : Sold 4 shares at price 61,100 | Profit = -4,400 | Portfolio Value = 996,574.35 | Budget = 806,152.15 | inventory = 1
[ 2024-08-05 10:13:23,443 ] 17 : Bought 6 shares at price 62,000 | Portfolio Value = 989,452.15 | Budget = 433,966.15 | inventory = 2
[ 2024-08-05 10:13:23,458 ] 18 : Sold 3 shares at price 61,300 | Profit = -3,900 | Portfolio Value = 991,966.15 | Budget = 617,774.2 | inventory = 1
[ 2024-08-05 10:13:23,472 ] 19 : Sold 6 shares at price 60,500 | Profit = -9,000 | Portfolio Value = 985,574.2 | Budget = 980,592.7 | inventory = 0
[ 2024-08-05 10:13:23,546 ] 24 : Bought 9 shares at price 60,700 | Portfolio Value = 980,592.7 | Budget = 434,019.55 | inventory = 1
[ 2024-08-05 10:13:23,562 ] 25 : Sold 9 shares at price 60,300 | Profit = -3,600 | Portfolio Value = 980,319.55 | Budget = 976,448.2 | inventory = 0
[ 2024-08-05 10:13:23,665 ] 32 : Bought 10 shares at price 61,300 | Portfolio Value = 976,448.2 | Budget = 363,141.7 | inventory = 1
[ 2024-08-05 10:13:23,680 ] 33 : Sold 10 shares at price 60,200 | Profit = -11,000 | Portfolio Value = 976,141.7 | Budget = 964,840.7 | inventory = 0
[ 2024-08-05 10:13:23,739 ] 37 : Bought 11 shares at price 63,000 | Portfolio Value = 964,840.7 | Budget = 271,494.2 | inventory = 1
[ 2024-08-05 10:13:23,786 ] 40 : Bought 2 shares at price 62,700 | Portfolio Value = 963,394.2 | Budget = 146,031.5 | inventory = 2
[ 2024-08-05 10:13:23,801 ] 41 : Sold 11 shares at price 63,200 | Profit = 2,200 | Portfolio Value = 961,131.5 | Budget = 840,883.9 | inventory = 1
[ 2024-08-05 10:13:23,817 ] 42 : Bought 5 shares at price 64,000 | Portfolio Value = 967,283.9 | Budget = 520,723.9 | inventory = 2
[ 2024-08-05 10:13:23,846 ] 44 : Bought 1 shares at price 63,600 | Portfolio Value = 962,423.9 | Budget = 457,092.1 | inventory = 3
[ 2024-08-05 10:13:23,862 ] 45 : Bought 7 shares at price 63,900 | Portfolio Value = 965,892.1 | Budget = 9,568.45 | inventory = 4
[ 2024-08-05 10:13:23,878 ] 46 : Sold 2 shares at price 62,300 | Profit = -800 | Portfolio Value = 968,068.45 | Budget = 134,106.15 | inventory = 3
[ 2024-08-05 10:13:23,907 ] 48 : Sold 5 shares at price 65,700 | Profit = 8,500 | Portfolio Value = 979,106.15 | Budget = 462,441.9 | inventory = 2
[ 2024-08-05 10:13:23,922 ] 49 : Bought 1 shares at price 65,900 | Portfolio Value = 988,041.9 | Budget = 396,508.95 | inventory = 3
[ 2024-08-05 10:13:23,937 ] 50 : Sold 1 shares at price 66,000 | Profit = 2,400 | Portfolio Value = 989,608.95 | Budget = 462,475.95 | inventory = 2
[ 2024-08-05 10:13:23,953 ] 51 : Bought 5 shares at price 66,100 | Portfolio Value = 990,475.95 | Budget = 131,810.7 | inventory = 3
[ 2024-08-05 10:13:23,967 ] 52 : Bought 1 shares at price 65,100 | Portfolio Value = 991,110.7 | Budget = 66,678.15 | inventory = 4
[ 2024-08-05 10:13:23,982 ] 53 : Sold 7 shares at price 65,300 | Profit = 9,800 | Portfolio Value = 978,078.15 | Budget = 523,549.6 | inventory = 3
[ 2024-08-05 10:13:24,011 ] 55 : Sold 1 shares at price 65,500 | Profit = -400 | Portfolio Value = 982,749.6 | Budget = 589,016.85 | inventory = 2
[ 2024-08-05 10:13:24,027 ] 56 : Sold 5 shares at price 65,300 | Profit = -4,000 | Portfolio Value = 982,016.85 | Budget = 915,353.6 | inventory = 1
[ 2024-08-05 10:13:24,072 ] 59 : Sold 1 shares at price 63,600 | Profit = -1,500 | Portfolio Value = 980,553.6 | Budget = 978,921.8 | inventory = 0
[ 2024-08-05 10:13:24,101 ] 61 : Bought 3 shares at price 64,600 | Portfolio Value = 978,921.8 | Budget = 785,024.9 | inventory = 1
[ 2024-08-05 10:13:24,116 ] 62 : Bought 3 shares at price 65,500 | Portfolio Value = 978,824.9 | Budget = 588,426.65 | inventory = 2
[ 2024-08-05 10:13:24,131 ] 63 : Bought 2 shares at price 65,700 | Portfolio Value = 981,426.65 | Budget = 456,960.95 | inventory = 3
[ 2024-08-05 10:13:24,160 ] 65 : Sold 3 shares at price 65,100 | Profit = 1,500 | Portfolio Value = 980,160.95 | Budget = 652,163.3 | inventory = 2
[ 2024-08-05 10:13:24,176 ] 66 : Sold 3 shares at price 65,900 | Profit = 1,200 | Portfolio Value = 977,663.3 | Budget = 849,764.45 | inventory = 1
[ 2024-08-05 10:13:24,191 ] 67 : Sold 2 shares at price 65,300 | Profit = -800 | Portfolio Value = 981,564.45 | Budget = 980,299.15 | inventory = 0
[ 2024-08-05 10:13:24,294 ] 74 : Bought 10 shares at price 66,200 | Portfolio Value = 980,299.15 | Budget = 317,968.15 | inventory = 1
[ 2024-08-05 10:13:24,309 ] 75 : Sold 10 shares at price 68,400 | Profit = 22,000 | Portfolio Value = 979,968.15 | Budget = 1,001,626.15 | inventory = 0
[ 2024-08-05 10:13:24,338 ] 77 : Bought 13 shares at price 68,400 | Portfolio Value = 1,001,626.15 | Budget = 111,981.55 | inventory = 1
[ 2024-08-05 10:13:24,368 ] 79 : Sold 13 shares at price 68,800 | Profit = 5,200 | Portfolio Value = 1,002,481.55 | Budget = 1,005,934.35 | inventory = 0
[ 2024-08-05 10:13:24,383 ] 80 : Bought 11 shares at price 70,300 | Portfolio Value = 1,005,934.35 | Budget = 232,247.7 | inventory = 1
[ 2024-08-05 10:13:24,398 ] 81 : Bought 1 shares at price 72,300 | Portfolio Value = 1,005,547.7 | Budget = 159,911.55 | inventory = 2
[ 2024-08-05 10:13:24,428 ] 83 : Sold 11 shares at price 70,900 | Profit = 6,600 | Portfolio Value = 1,016,711.55 | Budget = 939,421.6 | inventory = 1
[ 2024-08-05 10:13:24,443 ] 84 : Sold 1 shares at price 72,200 | Profit = -100 | Portfolio Value = 1,010,321.6 | Budget = 1,011,585.5 | inventory = 0
[ 2024-08-05 10:13:24,502 ] 88 : Bought 2 shares at price 72,000 | Portfolio Value = 1,011,585.5 | Budget = 867,513.5 | inventory = 1
[ 2024-08-05 10:13:24,532 ] 90 : Sold 2 shares at price 72,000 | Profit = 0 | Portfolio Value = 1,009,513.5 | Budget = 1,011,441.5 | inventory = 0
[ 2024-08-05 10:13:24,561 ] 92 : Bought 8 shares at price 71,500 | Portfolio Value = 1,011,441.5 | Budget = 439,155.5 | inventory = 1
[ 2024-08-05 10:13:24,576 ] 93 : Sold 8 shares at price 71,800 | Profit = 2,400 | Portfolio Value = 1,011,155.5 | Budget = 1,013,268.3 | inventory = 0
[ 2024-08-05 10:13:24,591 ] 94 : Bought 12 shares at price 71,200 | Portfolio Value = 1,013,268.3 | Budget = 158,441.1 | inventory = 1
[ 2024-08-05 10:13:24,606 ] 95 : Bought 2 shares at price 71,400 | Portfolio Value = 1,012,841.1 | Budget = 15,569.7 | inventory = 2
[ 2024-08-05 10:13:24,650 ] 98 : Sold 12 shares at price 71,600 | Profit = 4,800 | Portfolio Value = 1,013,769.7 | Budget = 874,340.1 | inventory = 1
[ 2024-08-05 10:13:24,665 ] 99 : Bought 9 shares at price 72,400 | Portfolio Value = 1,017,540.1 | Budget = 222,414.3 | inventory = 2
[ 2024-08-05 10:13:24,679 ] 100 : Sold 2 shares at price 72,600 | Profit = 2,400 | Portfolio Value = 1,018,814.3 | Budget = 367,541.7 | inventory = 1
[ 2024-08-05 10:13:24,740 ] 104 : Bought 4 shares at price 73,000 | Portfolio Value = 1,017,341.7 | Budget = 75,395.7 | inventory = 2
[ 2024-08-05 10:13:24,754 ] 105 : Bought 1 shares at price 73,000 | Portfolio Value = 1,024,395.7 | Budget = 2,359.2 | inventory = 3
[ 2024-08-05 10:13:24,768 ] 106 : Sold 9 shares at price 72,000 | Profit = -3,600 | Portfolio Value = 1,024,359.2 | Budget = 650,035.2 | inventory = 2
[ 2024-08-05 10:13:24,783 ] 107 : Bought 5 shares at price 71,600 | Portfolio Value = 1,010,035.2 | Budget = 291,856.2 | inventory = 3
[ 2024-08-05 10:13:24,797 ] 108 : Sold 4 shares at price 69,900 | Profit = -12,400 | Portfolio Value = 1,007,856.2 | Budget = 571,316.4 | inventory = 2
[ 2024-08-05 10:13:24,827 ] 110 : Sold 1 shares at price 71,500 | Profit = -1,500 | Portfolio Value = 988,316.4 | Budget = 642,780.65 | inventory = 1
[ 2024-08-05 10:13:24,841 ] 111 : Sold 5 shares at price 71,900 | Profit = 1,500 | Portfolio Value = 1,000,280.65 | Budget = 1,002,100.9 | inventory = 0
[ 2024-08-05 10:13:24,901 ] 115 : Bought 3 shares at price 72,000 | Portfolio Value = 1,002,100.9 | Budget = 785,992.9 | inventory = 1
[ 2024-08-05 10:13:24,946 ] 118 : Sold 3 shares at price 70,300 | Profit = -5,100 | Portfolio Value = 998,992.9 | Budget = 996,787.45 | inventory = 0
[ 2024-08-05 10:13:24,961 ] 119 : Bought 8 shares at price 70,400 | Portfolio Value = 996,787.45 | Budget = 433,305.85 | inventory = 1
[ 2024-08-05 10:13:24,977 ] 120 : Sold 8 shares at price 70,000 | Profit = -3,200 | Portfolio Value = 996,505.85 | Budget = 993,025.85 | inventory = 0
[ 2024-08-05 10:13:24,991 ] 121 : Bought 13 shares at price 69,800 | Portfolio Value = 993,025.85 | Budget = 85,172.15 | inventory = 1
[ 2024-08-05 10:13:25,035 ] 124 : Sold 13 shares at price 69,800 | Profit = 0 | Portfolio Value = 1,002,972.15 | Budget = 992,118.45 | inventory = 0
[ 2024-08-05 10:13:25,050 ] 125 : Bought 9 shares at price 71,100 | Portfolio Value = 992,118.45 | Budget = 351,898.5 | inventory = 1
[ 2024-08-05 10:13:25,079 ] 127 : Bought 1 shares at price 68,800 | Portfolio Value = 980,998.5 | Budget = 283,064.1 | inventory = 2
[ 2024-08-05 10:13:25,108 ] 129 : Bought 3 shares at price 68,500 | Portfolio Value = 966,064.1 | Budget = 77,461.35 | inventory = 3
[ 2024-08-05 10:13:25,139 ] 131 : Sold 9 shares at price 68,900 | Profit = -19,800 | Portfolio Value = 956,261.35 | Budget = 697,251.3 | inventory = 2
[ 2024-08-05 10:13:25,167 ] 133 : Bought 5 shares at price 67,500 | Portfolio Value = 969,251.3 | Budget = 359,582.55 | inventory = 3
[ 2024-08-05 10:13:25,211 ] 136 : Bought 4 shares at price 66,700 | Portfolio Value = 962,582.55 | Budget = 92,649.15 | inventory = 4
[ 2024-08-05 10:13:25,226 ] 137 : Bought 1 shares at price 66,300 | Portfolio Value = 959,749.15 | Budget = 26,316.0 | inventory = 5
[ 2024-08-05 10:13:25,270 ] 140 : Sold 1 shares at price 67,100 | Profit = -1,700 | Portfolio Value = 958,716.0 | Budget = 93,382.45 | inventory = 4
[ 2024-08-05 10:13:25,285 ] 141 : Sold 3 shares at price 68,200 | Profit = -900 | Portfolio Value = 965,682.45 | Budget = 297,880.15 | inventory = 3
[ 2024-08-05 10:13:25,300 ] 142 : Sold 5 shares at price 67,100 | Profit = -2,000 | Portfolio Value = 979,880.15 | Budget = 633,212.4 | inventory = 2
[ 2024-08-05 10:13:25,329 ] 144 : Bought 6 shares at price 66,800 | Portfolio Value = 967,212.4 | Budget = 232,212.0 | inventory = 3
[ 2024-08-05 10:13:25,375 ] 147 : Sold 4 shares at price 71,000 | Profit = 17,200 | Portfolio Value = 968,112.0 | Budget = 516,070.0 | inventory = 2
[ 2024-08-05 10:13:25,405 ] 149 : Bought 5 shares at price 70,700 | Portfolio Value = 1,014,470.0 | Budget = 162,393.25 | inventory = 3
[ 2024-08-05 10:13:25,421 ] 150 : Bought 2 shares at price 70,000 | Portfolio Value = 1,010,793.25 | Budget = 22,323.25 | inventory = 4
[ 2024-08-05 10:13:25,436 ] 151 : Sold 1 shares at price 70,400 | Profit = 4,100 | Portfolio Value = 1,002,323.25 | Budget = 92,688.05 | inventory = 3
[ 2024-08-05 10:13:25,451 ] 152 : Bought 1 shares at price 70,300 | Portfolio Value = 1,007,888.05 | Budget = 22,352.9 | inventory = 4
[ 2024-08-05 10:13:25,616 ] 163 : Sold 6 shares at price 69,400 | Profit = 15,600 | Portfolio Value = 985,552.9 | Budget = 438,544.7 | inventory = 3
[ 2024-08-05 10:13:25,631 ] 164 : Sold 5 shares at price 68,600 | Profit = -10,500 | Portfolio Value = 993,744.7 | Budget = 781,373.2 | inventory = 2
[ 2024-08-05 10:13:25,691 ] 168 : Bought 8 shares at price 66,000 | Portfolio Value = 981,473.2 | Budget = 253,109.2 | inventory = 3
[ 2024-08-05 10:13:25,705 ] 169 : Sold 2 shares at price 66,400 | Profit = -7,200 | Portfolio Value = 979,109.2 | Budget = 385,842.8 | inventory = 2
[ 2024-08-05 10:13:25,735 ] 171 : Sold 1 shares at price 68,900 | Profit = -1,400 | Portfolio Value = 999,642.8 | Budget = 454,708.35 | inventory = 1
[ 2024-08-05 10:13:25,766 ] 173 : Bought 5 shares at price 67,300 | Portfolio Value = 998,708.35 | Budget = 118,040.1 | inventory = 2
[ 2024-08-05 10:13:25,781 ] 174 : Sold 8 shares at price 69,400 | Profit = 27,200 | Portfolio Value = 992,940.1 | Budget = 672,962.5 | inventory = 1
[ 2024-08-05 10:13:25,796 ] 175 : Sold 5 shares at price 70,500 | Profit = 16,000 | Portfolio Value = 1,019,962.5 | Budget = 1,025,286.25 | inventory = 0
[ 2024-08-05 10:13:25,840 ] 178 : Bought 2 shares at price 68,400 | Portfolio Value = 1,025,286.25 | Budget = 888,417.85 | inventory = 1
[ 2024-08-05 10:13:25,856 ] 179 : Sold 2 shares at price 68,500 | Profit = 200 | Portfolio Value = 1,025,217.85 | Budget = 1,025,349.35 | inventory = 0
[ 2024-08-05 10:13:25,901 ] 182 : Bought 1 shares at price 67,300 | Portfolio Value = 1,025,349.35 | Budget = 958,015.7 | inventory = 1
[ 2024-08-05 10:13:25,915 ] 183 : Sold 1 shares at price 67,300 | Profit = 0 | Portfolio Value = 1,025,315.7 | Budget = 1,025,282.05 | inventory = 0
[ 2024-08-05 10:13:25,931 ] 184 : Bought 2 shares at price 66,900 | Portfolio Value = 1,025,282.05 | Budget = 891,415.15 | inventory = 1
[ 2024-08-05 10:13:25,946 ] 185 : Bought 11 shares at price 68,600 | Portfolio Value = 1,025,215.15 | Budget = 136,437.85 | inventory = 2
[ 2024-08-05 10:13:25,960 ] 186 : Bought 1 shares at price 69,700 | Portfolio Value = 1,028,237.85 | Budget = 66,703.0 | inventory = 3
[ 2024-08-05 10:13:25,974 ] 187 : Sold 2 shares at price 69,600 | Profit = 5,400 | Portfolio Value = 1,042,503.0 | Budget = 205,833.4 | inventory = 2
[ 2024-08-05 10:13:26,049 ] 192 : Sold 11 shares at price 70,500 | Profit = 20,900 | Portfolio Value = 1,049,433.4 | Budget = 980,945.65 | inventory = 1
[ 2024-08-05 10:13:26,079 ] 194 : Sold 1 shares at price 70,800 | Profit = 1,100 | Portfolio Value = 1,051,345.65 | Budget = 1,051,710.25 | inventory = 0
[ 2024-08-05 10:13:26,095 ] 195 : Bought 12 shares at price 72,200 | Portfolio Value = 1,051,710.25 | Budget = 184,877.05 | inventory = 1
[ 2024-08-05 10:13:26,126 ] 197 : Sold 12 shares at price 72,500 | Profit = 3,600 | Portfolio Value = 1,058,477.05 | Budget = 1,054,442.05 | inventory = 0
[ 2024-08-05 10:13:26,141 ] 198 : Bought 2 shares at price 72,700 | Portfolio Value = 1,054,442.05 | Budget = 908,969.35 | inventory = 1
[ 2024-08-05 10:13:26,156 ] 199 : Bought 7 shares at price 72,800 | Portfolio Value = 1,054,369.35 | Budget = 399,114.55 | inventory = 2
[ 2024-08-05 10:13:26,171 ] 200 : Bought 3 shares at price 72,800 | Portfolio Value = 1,054,314.55 | Budget = 180,605.35 | inventory = 3
[ 2024-08-05 10:13:26,186 ] 201 : Sold 2 shares at price 72,400 | Profit = -600 | Portfolio Value = 1,054,205.35 | Budget = 325,332.95 | inventory = 2
[ 2024-08-05 10:13:26,215 ] 203 : Sold 7 shares at price 71,300 | Profit = -10,500 | Portfolio Value = 1,042,332.95 | Budget = 824,183.4 | inventory = 1
[ 2024-08-05 10:13:26,230 ] 204 : Sold 3 shares at price 72,700 | Profit = -300 | Portfolio Value = 1,038,083.4 | Budget = 1,042,174.35 | inventory = 0
[ 2024-08-05 10:13:26,246 ] 205 : Bought 14 shares at price 72,700 | Portfolio Value = 1,042,174.35 | Budget = 23,865.45 | inventory = 1
[ 2024-08-05 10:13:26,274 ] 207 : Sold 14 shares at price 72,000 | Profit = -9,800 | Portfolio Value = 1,043,065.45 | Budget = 1,031,361.45 | inventory = 0
[ 2024-08-05 10:13:26,334 ] 211 : Bought 6 shares at price 71,500 | Portfolio Value = 1,031,361.45 | Budget = 602,146.95 | inventory = 1
[ 2024-08-05 10:13:26,350 ] 212 : Sold 6 shares at price 72,600 | Profit = 6,600 | Portfolio Value = 1,031,146.95 | Budget = 1,037,529.15 | inventory = 0
[ 2024-08-05 10:13:26,394 ] 215 : Bought 6 shares at price 72,800 | Portfolio Value = 1,037,529.15 | Budget = 600,510.75 | inventory = 1
[ 2024-08-05 10:13:26,408 ] 216 : Bought 2 shares at price 73,100 | Portfolio Value = 1,037,310.75 | Budget = 454,237.65 | inventory = 2
[ 2024-08-05 10:13:26,423 ] 217 : Bought 1 shares at price 73,300 | Portfolio Value = 1,039,037.65 | Budget = 380,901.0 | inventory = 3
[ 2024-08-05 10:13:26,438 ] 218 : Sold 6 shares at price 72,900 | Profit = 600 | Portfolio Value = 1,040,601.0 | Budget = 818,082.3 | inventory = 2
[ 2024-08-05 10:13:26,467 ] 220 : Sold 2 shares at price 74,800 | Profit = 3,400 | Portfolio Value = 1,038,282.3 | Budget = 967,607.5 | inventory = 1
[ 2024-08-05 10:13:26,482 ] 221 : Bought 9 shares at price 75,000 | Portfolio Value = 1,042,407.5 | Budget = 292,270.0 | inventory = 2
[ 2024-08-05 10:13:26,497 ] 222 : Bought 2 shares at price 75,900 | Portfolio Value = 1,042,270.0 | Budget = 140,394.1 | inventory = 3
[ 2024-08-05 10:13:26,512 ] 223 : Sold 1 shares at price 76,600 | Profit = 3,300 | Portfolio Value = 1,051,194.1 | Budget = 216,955.8 | inventory = 2
[ 2024-08-05 10:13:26,527 ] 224 : Bought 1 shares at price 78,000 | Portfolio Value = 1,059,555.8 | Budget = 138,916.8 | inventory = 3
[ 2024-08-05 10:13:26,542 ] 225 : Sold 9 shares at price 78,500 | Profit = 31,500 | Portfolio Value = 1,074,916.8 | Budget = 845,063.55 | inventory = 2
[ 2024-08-05 10:13:26,542 ] Evaluation at Episode 1: Average Reward: -315638.1017019603 Average Profit: 106,000, Profit Rate: 10.60%
[ 2024-08-05 10:13:26,542 ] ----------------------------------------------------------------------------------------------------
[ 2024-08-05 10:13:26,542 ] Starting Episode 2
[ 2024-08-05 10:13:26,572 ] 1 : Bought 12 shares at price 61,800 | Portfolio Value = 1,000,000.0 | Budget = 258,029.2 | inventory = 1
[ 2024-08-05 10:13:26,600 ] 3 : Bought 2 shares at price 63,800 | Portfolio Value = 1,020,029.2 | Budget = 130,365.4 | inventory = 2
[ 2024-08-05 10:13:26,615 ] 4 : Sold 12 shares at price 61,600 | Profit = -2,400 | Portfolio Value = 1,023,565.4 | Budget = 869,195.8 | inventory = 1
[ 2024-08-05 10:13:26,645 ] 6 : Bought 6 shares at price 63,100 | Portfolio Value = 992,995.8 | Budget = 490,406.5 | inventory = 2
[ 2024-08-05 10:13:26,660 ] 7 : Bought 5 shares at price 63,000 | Portfolio Value = 995,206.5 | Budget = 175,249.0 | inventory = 3
[ 2024-08-05 10:13:26,676 ] 8 : Sold 2 shares at price 62,800 | Profit = -2,000 | Portfolio Value = 994,249.0 | Budget = 300,786.2 | inventory = 2
[ 2024-08-05 10:13:26,706 ] 10 : Sold 6 shares at price 63,200 | Profit = 600 | Portfolio Value = 992,686.2 | Budget = 679,796.6 | inventory = 1
[ 2024-08-05 10:13:26,721 ] 11 : Sold 5 shares at price 62,200 | Profit = -4,000 | Portfolio Value = 995,796.6 | Budget = 990,641.1 | inventory = 0
[ 2024-08-05 10:13:26,814 ] 17 : Bought 10 shares at price 62,000 | Portfolio Value = 990,641.1 | Budget = 370,331.1 | inventory = 1
[ 2024-08-05 10:13:26,846 ] 19 : Sold 10 shares at price 60,500 | Profit = -15,000 | Portfolio Value = 983,331.1 | Budget = 975,028.6 | inventory = 0
[ 2024-08-05 10:13:26,864 ] 20 : Bought 8 shares at price 60,600 | Portfolio Value = 975,028.6 | Budget = 489,986.2 | inventory = 1
[ 2024-08-05 10:13:26,880 ] 21 : Bought 6 shares at price 60,800 | Portfolio Value = 974,786.2 | Budget = 125,003.8 | inventory = 2
[ 2024-08-05 10:13:26,895 ] 22 : Bought 1 shares at price 60,500 | Portfolio Value = 976,203.8 | Budget = 64,473.55 | inventory = 3
[ 2024-08-05 10:13:26,910 ] 23 : Bought 1 shares at price 61,500 | Portfolio Value = 971,973.55 | Budget = 2,942.8 | inventory = 4
[ 2024-08-05 10:13:26,955 ] 26 : Sold 8 shares at price 60,100 | Profit = -4,000 | Portfolio Value = 967,742.8 | Budget = 483,502.4 | inventory = 3
[ 2024-08-05 10:13:26,985 ] 28 : Bought 6 shares at price 60,000 | Portfolio Value = 959,502.4 | Budget = 123,322.4 | inventory = 4
[ 2024-08-05 10:13:27,016 ] 30 : Sold 6 shares at price 59,800 | Profit = -6,000 | Portfolio Value = 949,322.4 | Budget = 481,943.0 | inventory = 3
[ 2024-08-05 10:13:27,045 ] 32 : Sold 1 shares at price 61,300 | Profit = 800 | Portfolio Value = 961,143.0 | Budget = 543,212.35 | inventory = 2
[ 2024-08-05 10:13:27,060 ] 33 : Bought 8 shares at price 60,200 | Portfolio Value = 972,312.35 | Budget = 61,371.55 | inventory = 3
[ 2024-08-05 10:13:27,149 ] 39 : Sold 1 shares at price 62,900 | Profit = 1,400 | Portfolio Value = 992,871.55 | Budget = 124,240.1 | inventory = 2
[ 2024-08-05 10:13:27,165 ] 40 : Bought 1 shares at price 62,700 | Portfolio Value = 1,004,840.1 | Budget = 61,508.75 | inventory = 3
[ 2024-08-05 10:13:27,209 ] 43 : Sold 6 shares at price 63,100 | Profit = 18,600 | Portfolio Value = 1,021,508.75 | Budget = 439,919.45 | inventory = 2
[ 2024-08-05 10:13:27,269 ] 47 : Sold 8 shares at price 65,000 | Profit = 38,400 | Portfolio Value = 1,000,619.45 | Budget = 959,659.45 | inventory = 1
[ 2024-08-05 10:13:27,283 ] 48 : Bought 7 shares at price 65,700 | Portfolio Value = 1,024,659.45 | Budget = 499,529.5 | inventory = 2
[ 2024-08-05 10:13:27,298 ] 49 : Bought 3 shares at price 65,900 | Portfolio Value = 1,025,129.5 | Budget = 301,730.65 | inventory = 3
[ 2024-08-05 10:13:27,313 ] 50 : Sold 1 shares at price 66,000 | Profit = 3,300 | Portfolio Value = 1,026,630.65 | Budget = 367,697.65 | inventory = 2
[ 2024-08-05 10:13:27,328 ] 51 : Sold 7 shares at price 66,100 | Profit = 2,800 | Portfolio Value = 1,027,697.65 | Budget = 830,166.3 | inventory = 1
[ 2024-08-05 10:13:27,343 ] 52 : Bought 1 shares at price 65,100 | Portfolio Value = 1,028,466.3 | Budget = 765,033.75 | inventory = 2
[ 2024-08-05 10:13:27,357 ] 53 : Sold 3 shares at price 65,300 | Profit = -1,800 | Portfolio Value = 1,025,433.75 | Budget = 960,835.8 | inventory = 1
[ 2024-08-05 10:13:27,430 ] 58 : Bought 6 shares at price 65,200 | Portfolio Value = 1,026,535.8 | Budget = 569,440.2 | inventory = 2
[ 2024-08-05 10:13:27,445 ] 59 : Sold 1 shares at price 63,600 | Profit = -1,500 | Portfolio Value = 1,025,840.2 | Budget = 633,008.4 | inventory = 1
[ 2024-08-05 10:13:27,489 ] 62 : Bought 3 shares at price 65,500 | Portfolio Value = 1,020,608.4 | Budget = 436,410.15 | inventory = 2
[ 2024-08-05 10:13:27,504 ] 63 : Sold 6 shares at price 65,700 | Profit = 3,000 | Portfolio Value = 1,025,910.15 | Budget = 830,413.05 | inventory = 1
[ 2024-08-05 10:13:27,534 ] 65 : Bought 9 shares at price 65,100 | Portfolio Value = 1,026,613.05 | Budget = 244,220.1 | inventory = 2
[ 2024-08-05 10:13:27,577 ] 68 : Sold 3 shares at price 64,600 | Profit = -2,700 | Portfolio Value = 1,027,820.1 | Budget = 437,923.2 | inventory = 1
[ 2024-08-05 10:13:27,592 ] 69 : Sold 9 shares at price 64,200 | Profit = -8,100 | Portfolio Value = 1,019,323.2 | Budget = 1,015,434.3 | inventory = 0
[ 2024-08-05 10:13:27,637 ] 72 : Bought 7 shares at price 65,400 | Portfolio Value = 1,015,434.3 | Budget = 557,405.4 | inventory = 1
[ 2024-08-05 10:13:27,652 ] 73 : Sold 7 shares at price 65,000 | Profit = -2,800 | Portfolio Value = 1,015,205.4 | Budget = 1,012,177.9 | inventory = 0
[ 2024-08-05 10:13:27,668 ] 74 : Bought 10 shares at price 66,200 | Portfolio Value = 1,012,177.9 | Budget = 349,846.9 | inventory = 1
[ 2024-08-05 10:13:27,683 ] 75 : Bought 5 shares at price 68,400 | Portfolio Value = 1,011,846.9 | Budget = 7,675.9 | inventory = 2
[ 2024-08-05 10:13:27,714 ] 77 : Sold 10 shares at price 68,400 | Profit = 22,000 | Portfolio Value = 1,035,175.9 | Budget = 691,333.9 | inventory = 1
[ 2024-08-05 10:13:27,775 ] 81 : Sold 5 shares at price 72,300 | Profit = 19,500 | Portfolio Value = 1,042,833.9 | Budget = 1,052,653.15 | inventory = 0
[ 2024-08-05 10:13:27,866 ] 87 : Bought 5 shares at price 70,900 | Portfolio Value = 1,052,653.15 | Budget = 697,975.9 | inventory = 1
[ 2024-08-05 10:13:27,882 ] 88 : Sold 5 shares at price 72,000 | Profit = 5,500 | Portfolio Value = 1,052,475.9 | Budget = 1,057,795.9 | inventory = 0
[ 2024-08-05 10:13:27,971 ] 94 : Bought 2 shares at price 71,200 | Portfolio Value = 1,057,795.9 | Budget = 915,324.7 | inventory = 1
[ 2024-08-05 10:13:27,985 ] 95 : Bought 10 shares at price 71,400 | Portfolio Value = 1,057,724.7 | Budget = 200,967.7 | inventory = 2
[ 2024-08-05 10:13:28,000 ] 96 : Sold 2 shares at price 70,500 | Profit = -1,400 | Portfolio Value = 1,057,767.7 | Budget = 341,897.2 | inventory = 1
[ 2024-08-05 10:13:28,016 ] 97 : Bought 3 shares at price 71,300 | Portfolio Value = 1,046,897.2 | Budget = 127,890.25 | inventory = 2
[ 2024-08-05 10:13:28,047 ] 99 : Sold 10 shares at price 72,400 | Profit = 10,000 | Portfolio Value = 1,058,690.25 | Budget = 851,528.25 | inventory = 1
[ 2024-08-05 10:13:28,062 ] 100 : Sold 3 shares at price 72,600 | Profit = 3,900 | Portfolio Value = 1,068,728.25 | Budget = 1,069,219.35 | inventory = 0
[ 2024-08-05 10:13:28,109 ] 103 : Bought 1 shares at price 72,200 | Portfolio Value = 1,069,219.35 | Budget = 996,983.25 | inventory = 1
[ 2024-08-05 10:13:28,125 ] 104 : Bought 2 shares at price 73,000 | Portfolio Value = 1,069,183.25 | Budget = 850,910.25 | inventory = 2
[ 2024-08-05 10:13:28,140 ] 105 : Bought 3 shares at price 73,000 | Portfolio Value = 1,069,910.25 | Budget = 631,800.75 | inventory = 3
[ 2024-08-05 10:13:28,170 ] 107 : Bought 6 shares at price 71,600 | Portfolio Value = 1,063,800.75 | Budget = 201,985.95 | inventory = 4
[ 2024-08-05 10:13:28,185 ] 108 : Sold 1 shares at price 69,900 | Profit = -2,300 | Portfolio Value = 1,061,185.95 | Budget = 271,851.0 | inventory = 3
[ 2024-08-05 10:13:28,214 ] 110 : Sold 2 shares at price 71,500 | Profit = -3,000 | Portfolio Value = 1,036,351.0 | Budget = 414,779.5 | inventory = 2
[ 2024-08-05 10:13:28,229 ] 111 : Bought 2 shares at price 71,900 | Portfolio Value = 1,058,279.5 | Budget = 270,907.6 | inventory = 3
[ 2024-08-05 10:13:28,245 ] 112 : Sold 3 shares at price 71,900 | Profit = -3,300 | Portfolio Value = 1,061,807.6 | Budget = 486,499.75 | inventory = 2
[ 2024-08-05 10:13:28,259 ] 113 : Sold 6 shares at price 73,400 | Profit = 10,800 | Portfolio Value = 1,061,699.75 | Budget = 926,679.55 | inventory = 1
[ 2024-08-05 10:13:28,274 ] 114 : Bought 2 shares at price 73,300 | Portfolio Value = 1,073,479.55 | Budget = 780,006.25 | inventory = 2
[ 2024-08-05 10:13:28,290 ] 115 : Sold 2 shares at price 72,000 | Profit = 200 | Portfolio Value = 1,073,206.25 | Budget = 923,934.25 | inventory = 1
[ 2024-08-05 10:13:28,306 ] 116 : Sold 2 shares at price 71,700 | Profit = -3,200 | Portfolio Value = 1,067,934.25 | Budget = 1,067,262.55 | inventory = 0
[ 2024-08-05 10:13:28,321 ] 117 : Bought 12 shares at price 71,000 | Portfolio Value = 1,067,262.55 | Budget = 214,836.55 | inventory = 1
[ 2024-08-05 10:13:28,351 ] 119 : Sold 12 shares at price 70,400 | Profit = -7,200 | Portfolio Value = 1,058,436.55 | Budget = 1,059,214.15 | inventory = 0
[ 2024-08-05 10:13:28,410 ] 123 : Bought 10 shares at price 70,600 | Portfolio Value = 1,059,214.15 | Budget = 352,861.15 | inventory = 1
[ 2024-08-05 10:13:28,425 ] 124 : Sold 10 shares at price 69,800 | Profit = -8,000 | Portfolio Value = 1,058,861.15 | Budget = 1,050,512.15 | inventory = 0
[ 2024-08-05 10:13:28,456 ] 126 : Bought 8 shares at price 69,900 | Portfolio Value = 1,050,512.15 | Budget = 491,032.55 | inventory = 1
[ 2024-08-05 10:13:28,499 ] 129 : Bought 6 shares at price 68,500 | Portfolio Value = 1,037,432.55 | Budget = 79,827.05 | inventory = 2
[ 2024-08-05 10:13:28,514 ] 130 : Bought 1 shares at price 67,600 | Portfolio Value = 1,038,827.05 | Budget = 12,193.25 | inventory = 3
[ 2024-08-05 10:13:28,529 ] 131 : Sold 8 shares at price 68,900 | Profit = -8,000 | Portfolio Value = 1,026,193.25 | Budget = 563,117.65 | inventory = 2
[ 2024-08-05 10:13:28,543 ] 132 : Bought 1 shares at price 68,000 | Portfolio Value = 1,045,417.65 | Budget = 495,083.65 | inventory = 3
[ 2024-08-05 10:13:28,558 ] 133 : Bought 6 shares at price 67,500 | Portfolio Value = 1,039,083.65 | Budget = 89,881.15 | inventory = 4
[ 2024-08-05 10:13:28,588 ] 135 : Bought 1 shares at price 67,000 | Portfolio Value = 1,032,081.15 | Budget = 22,847.65 | inventory = 5
[ 2024-08-05 10:13:28,647 ] 139 : Sold 6 shares at price 66,600 | Profit = -11,400 | Portfolio Value = 1,021,847.65 | Budget = 422,247.85 | inventory = 4
[ 2024-08-05 10:13:28,662 ] 140 : Bought 3 shares at price 67,100 | Portfolio Value = 1,021,647.85 | Budget = 220,847.2 | inventory = 5
[ 2024-08-05 10:13:28,677 ] 141 : Bought 2 shares at price 68,200 | Portfolio Value = 1,026,047.2 | Budget = 84,379.0 | inventory = 6
[ 2024-08-05 10:13:28,692 ] 142 : Bought 1 shares at price 67,100 | Portfolio Value = 1,039,179.0 | Budget = 17,245.45 | inventory = 7
[ 2024-08-05 10:13:28,706 ] 143 : Sold 1 shares at price 66,800 | Profit = -800 | Portfolio Value = 1,023,745.45 | Budget = 84,012.05 | inventory = 6
[ 2024-08-05 10:13:28,720 ] 144 : Bought 1 shares at price 66,800 | Portfolio Value = 1,019,212.05 | Budget = 17,178.65 | inventory = 7
[ 2024-08-05 10:13:28,854 ] 153 : Sold 1 shares at price 70,800 | Profit = 2,800 | Portfolio Value = 1,071,678.65 | Budget = 87,943.25 | inventory = 6
[ 2024-08-05 10:13:28,868 ] 154 : Sold 6 shares at price 70,500 | Profit = 18,000 | Portfolio Value = 1,079,143.25 | Budget = 510,731.75 | inventory = 5
[ 2024-08-05 10:13:28,883 ] 155 : Sold 1 shares at price 70,900 | Profit = 3,900 | Portfolio Value = 1,074,731.75 | Budget = 581,596.3 | inventory = 4
[ 2024-08-05 10:13:28,899 ] 156 : Sold 3 shares at price 71,700 | Profit = 13,800 | Portfolio Value = 1,077,896.3 | Budget = 796,588.75 | inventory = 3
[ 2024-08-05 10:13:28,957 ] 160 : Bought 10 shares at price 69,600 | Portfolio Value = 1,075,788.75 | Budget = 100,240.75 | inventory = 4
[ 2024-08-05 10:13:28,972 ] 161 : Sold 2 shares at price 68,900 | Profit = 1,400 | Portfolio Value = 1,074,640.75 | Budget = 237,971.85 | inventory = 3
[ 2024-08-05 10:13:29,002 ] 163 : Sold 1 shares at price 69,400 | Profit = 2,300 | Portfolio Value = 1,063,571.85 | Budget = 307,337.15 | inventory = 2
[ 2024-08-05 10:13:29,032 ] 165 : Sold 1 shares at price 68,400 | Profit = 1,600 | Portfolio Value = 1,061,937.15 | Budget = 375,702.95 | inventory = 1
[ 2024-08-05 10:13:29,047 ] 166 : Bought 5 shares at price 67,500 | Portfolio Value = 1,059,702.95 | Budget = 38,034.2 | inventory = 2
[ 2024-08-05 10:13:29,135 ] 172 : Sold 10 shares at price 68,000 | Profit = -16,000 | Portfolio Value = 1,071,534.2 | Budget = 717,694.2 | inventory = 1
[ 2024-08-05 10:13:29,150 ] 173 : Bought 6 shares at price 67,300 | Portfolio Value = 1,057,694.2 | Budget = 313,692.3 | inventory = 2
[ 2024-08-05 10:13:29,180 ] 175 : Bought 2 shares at price 70,500 | Portfolio Value = 1,077,092.3 | Budget = 172,621.8 | inventory = 3
[ 2024-08-05 10:13:29,194 ] 176 : Sold 5 shares at price 69,500 | Profit = 10,000 | Portfolio Value = 1,089,121.8 | Budget = 519,948.05 | inventory = 2
[ 2024-08-05 10:13:29,223 ] 178 : Bought 7 shares at price 68,400 | Portfolio Value = 1,070,348.05 | Budget = 40,908.65 | inventory = 3
[ 2024-08-05 10:13:29,266 ] 181 : Sold 6 shares at price 66,700 | Profit = -3,600 | Portfolio Value = 1,060,908.65 | Budget = 440,908.55 | inventory = 2
[ 2024-08-05 10:13:29,293 ] 183 : Bought 2 shares at price 67,300 | Portfolio Value = 1,046,608.55 | Budget = 306,241.25 | inventory = 3
[ 2024-08-05 10:13:29,308 ] 184 : Sold 2 shares at price 66,900 | Profit = -7,200 | Portfolio Value = 1,046,541.25 | Budget = 439,974.35 | inventory = 2
[ 2024-08-05 10:13:29,336 ] 186 : Bought 1 shares at price 69,700 | Portfolio Value = 1,057,374.35 | Budget = 370,239.5 | inventory = 3
[ 2024-08-05 10:13:29,365 ] 188 : Sold 7 shares at price 70,900 | Profit = 17,500 | Portfolio Value = 1,066,239.5 | Budget = 866,291.35 | inventory = 2
[ 2024-08-05 10:13:29,381 ] 189 : Bought 7 shares at price 70,900 | Portfolio Value = 1,078,991.35 | Budget = 369,743.2 | inventory = 3
[ 2024-08-05 10:13:29,396 ] 190 : Sold 2 shares at price 69,900 | Profit = 5,200 | Portfolio Value = 1,078,743.2 | Budget = 509,473.3 | inventory = 2
[ 2024-08-05 10:13:29,410 ] 191 : Bought 4 shares at price 70,300 | Portfolio Value = 1,068,673.3 | Budget = 228,132.7 | inventory = 3
[ 2024-08-05 10:13:29,439 ] 193 : Bought 2 shares at price 70,400 | Portfolio Value = 1,074,132.7 | Budget = 87,262.3 | inventory = 4
[ 2024-08-05 10:13:29,454 ] 194 : Sold 1 shares at price 70,800 | Profit = 1,100 | Portfolio Value = 1,072,862.3 | Budget = 158,026.9 | inventory = 3
[ 2024-08-05 10:13:29,468 ] 195 : Bought 1 shares at price 72,200 | Portfolio Value = 1,078,426.9 | Budget = 85,790.8 | inventory = 4
[ 2024-08-05 10:13:29,484 ] 196 : Sold 7 shares at price 72,800 | Profit = 13,300 | Portfolio Value = 1,096,590.8 | Budget = 595,136.0 | inventory = 3
[ 2024-08-05 10:13:29,499 ] 197 : Sold 4 shares at price 72,500 | Profit = 8,800 | Portfolio Value = 1,104,736.0 | Budget = 884,991.0 | inventory = 2
[ 2024-08-05 10:13:29,543 ] 200 : Bought 3 shares at price 72,800 | Portfolio Value = 1,103,391.0 | Budget = 666,481.8 | inventory = 3
[ 2024-08-05 10:13:29,558 ] 201 : Bought 2 shares at price 72,400 | Portfolio Value = 1,103,281.8 | Budget = 521,609.4 | inventory = 4
[ 2024-08-05 10:13:29,573 ] 202 : Sold 2 shares at price 71,700 | Profit = 2,600 | Portfolio Value = 1,100,809.4 | Budget = 664,937.7 | inventory = 3
[ 2024-08-05 10:13:29,588 ] 203 : Sold 1 shares at price 71,300 | Profit = -900 | Portfolio Value = 1,095,137.7 | Budget = 736,202.05 | inventory = 2
[ 2024-08-05 10:13:29,603 ] 204 : Bought 10 shares at price 72,700 | Portfolio Value = 1,092,702.05 | Budget = 8,838.55 | inventory = 3
[ 2024-08-05 10:13:29,632 ] 206 : Sold 3 shares at price 72,800 | Profit = 0 | Portfolio Value = 1,099,338.55 | Budget = 227,129.35 | inventory = 2
[ 2024-08-05 10:13:29,662 ] 208 : Sold 2 shares at price 72,600 | Profit = 400 | Portfolio Value = 1,091,129.35 | Budget = 372,256.75 | inventory = 1
[ 2024-08-05 10:13:29,677 ] 209 : Bought 2 shares at price 71,200 | Portfolio Value = 1,098,256.75 | Budget = 229,785.55 | inventory = 2
[ 2024-08-05 10:13:29,692 ] 210 : Sold 10 shares at price 71,700 | Profit = -10,000 | Portfolio Value = 1,084,185.55 | Budget = 946,427.05 | inventory = 1
[ 2024-08-05 10:13:29,721 ] 212 : Bought 9 shares at price 72,600 | Portfolio Value = 1,089,427.05 | Budget = 292,700.35 | inventory = 2
[ 2024-08-05 10:13:29,736 ] 213 : Bought 2 shares at price 73,000 | Portfolio Value = 1,091,300.35 | Budget = 146,627.35 | inventory = 3
[ 2024-08-05 10:13:29,751 ] 214 : Bought 1 shares at price 73,500 | Portfolio Value = 1,095,627.35 | Budget = 73,090.6 | inventory = 4
[ 2024-08-05 10:13:29,780 ] 216 : Sold 2 shares at price 73,100 | Profit = 3,800 | Portfolio Value = 1,092,290.6 | Budget = 219,217.5 | inventory = 3
[ 2024-08-05 10:13:29,795 ] 217 : Sold 9 shares at price 73,300 | Profit = 6,300 | Portfolio Value = 1,096,417.5 | Budget = 878,587.65 | inventory = 2
[ 2024-08-05 10:13:29,871 ] 221 : Bought 4 shares at price 75,000 | Portfolio Value = 1,102,987.65 | Budget = 578,437.65 | inventory = 3
[ 2024-08-05 10:13:29,892 ] 222 : Bought 2 shares at price 75,900 | Portfolio Value = 1,103,437.65 | Budget = 426,561.75 | inventory = 4
[ 2024-08-05 10:13:29,908 ] 223 : Bought 3 shares at price 76,600 | Portfolio Value = 1,109,661.75 | Budget = 196,646.85 | inventory = 5
[ 2024-08-05 10:13:29,938 ] 225 : Bought 1 shares at price 78,500 | Portfolio Value = 1,132,646.85 | Budget = 118,107.6 | inventory = 6
[ 2024-08-05 10:13:29,938 ] Episode: 2, Total Reward: -209,137.2173590639, Total Profit: 117,000, Profit Rate: 11.70%
[ 2024-08-05 10:13:29,938 ] ----------------------------------------------------------------------------------------------------
[ 2024-08-05 10:13:29,938 ] Starting Episode 3
[ 2024-08-05 10:13:29,953 ] 0 : Bought 14 shares at price 61,000 | Portfolio Value = 1,000,000 | Budget = 145,573.0 | inventory = 1
[ 2024-08-05 10:13:29,967 ] 1 : Bought 2 shares at price 61,800 | Portfolio Value = 999,573.0 | Budget = 21,911.2 | inventory = 2
[ 2024-08-05 10:13:29,983 ] 2 : Sold 14 shares at price 63,500 | Profit = 35,000 | Portfolio Value = 1,010,711.2 | Budget = 910,466.7 | inventory = 1
[ 2024-08-05 10:13:30,013 ] 4 : Sold 2 shares at price 61,600 | Profit = -400 | Portfolio Value = 1,038,066.7 | Budget = 1,033,605.1 | inventory = 0
[ 2024-08-05 10:13:30,029 ] 5 : Bought 15 shares at price 61,900 | Portfolio Value = 1,033,605.1 | Budget = 104,640.85 | inventory = 1
[ 2024-08-05 10:13:30,044 ] 6 : Bought 1 shares at price 63,100 | Portfolio Value = 1,033,140.85 | Budget = 41,509.3 | inventory = 2
[ 2024-08-05 10:13:30,059 ] 7 : Sold 15 shares at price 63,000 | Profit = 16,500 | Portfolio Value = 1,051,109.3 | Budget = 986,036.8 | inventory = 1
[ 2024-08-05 10:13:30,074 ] 8 : Sold 1 shares at price 62,800 | Profit = -300 | Portfolio Value = 1,049,036.8 | Budget = 1,048,805.4 | inventory = 0
[ 2024-08-05 10:13:30,152 ] 13 : Bought 2 shares at price 62,600 | Portfolio Value = 1,048,805.4 | Budget = 923,542.8 | inventory = 1
[ 2024-08-05 10:13:30,214 ] 17 : Sold 2 shares at price 62,000 | Profit = -1,200 | Portfolio Value = 1,045,742.8 | Budget = 1,047,480.8 | inventory = 0
[ 2024-08-05 10:13:30,275 ] 21 : Bought 12 shares at price 60,800 | Portfolio Value = 1,047,480.8 | Budget = 317,516.0 | inventory = 1
[ 2024-08-05 10:13:30,306 ] 23 : Bought 1 shares at price 61,500 | Portfolio Value = 1,043,516.0 | Budget = 255,985.25 | inventory = 2
[ 2024-08-05 10:13:30,336 ] 25 : Sold 12 shares at price 60,300 | Profit = -6,000 | Portfolio Value = 1,045,085.25 | Budget = 979,223.45 | inventory = 1
[ 2024-08-05 10:13:30,366 ] 27 : Bought 5 shares at price 59,500 | Portfolio Value = 1,039,323.45 | Budget = 681,574.7 | inventory = 2
[ 2024-08-05 10:13:30,380 ] 28 : Sold 1 shares at price 60,000 | Profit = -1,500 | Portfolio Value = 1,038,574.7 | Budget = 741,544.7 | inventory = 1
[ 2024-08-05 10:13:30,396 ] 29 : Bought 2 shares at price 59,000 | Portfolio Value = 1,041,544.7 | Budget = 623,485.7 | inventory = 2
[ 2024-08-05 10:13:30,410 ] 30 : Bought 5 shares at price 59,800 | Portfolio Value = 1,036,485.7 | Budget = 324,336.2 | inventory = 3
[ 2024-08-05 10:13:30,454 ] 33 : Sold 5 shares at price 60,200 | Profit = 3,500 | Portfolio Value = 1,059,936.2 | Budget = 625,185.7 | inventory = 2
[ 2024-08-05 10:13:30,470 ] 34 : Sold 2 shares at price 60,300 | Profit = 2,600 | Portfolio Value = 1,046,585.7 | Budget = 745,725.4 | inventory = 1
[ 2024-08-05 10:13:30,485 ] 35 : Bought 10 shares at price 61,100 | Portfolio Value = 1,047,225.4 | Budget = 134,419.9 | inventory = 2
[ 2024-08-05 10:13:30,500 ] 36 : Bought 2 shares at price 62,300 | Portfolio Value = 1,050,919.9 | Budget = 9,757.6 | inventory = 3
[ 2024-08-05 10:13:30,516 ] 37 : Sold 5 shares at price 63,000 | Profit = 16,000 | Portfolio Value = 1,068,857.6 | Budget = 324,600.1 | inventory = 2
[ 2024-08-05 10:13:30,531 ] 38 : Bought 2 shares at price 62,100 | Portfolio Value = 1,080,600.1 | Budget = 200,338.0 | inventory = 3
[ 2024-08-05 10:13:30,561 ] 40 : Bought 1 shares at price 62,700 | Portfolio Value = 1,080,938.0 | Budget = 137,606.65 | inventory = 4
[ 2024-08-05 10:13:30,575 ] 41 : Sold 10 shares at price 63,200 | Profit = 21,000 | Portfolio Value = 1,078,106.65 | Budget = 769,290.65 | inventory = 3
[ 2024-08-05 10:13:30,605 ] 43 : Sold 2 shares at price 63,100 | Profit = 1,600 | Portfolio Value = 1,089,290.65 | Budget = 895,427.55 | inventory = 2
[ 2024-08-05 10:13:30,635 ] 45 : Bought 14 shares at price 63,900 | Portfolio Value = 1,086,227.55 | Budget = 380.25 | inventory = 3
[ 2024-08-05 10:13:30,680 ] 48 : Sold 2 shares at price 65,700 | Profit = 7,200 | Portfolio Value = 1,105,380.25 | Budget = 131,714.55 | inventory = 2
[ 2024-08-05 10:13:30,695 ] 49 : Bought 1 shares at price 65,900 | Portfolio Value = 1,117,214.55 | Budget = 65,781.6 | inventory = 3
[ 2024-08-05 10:13:30,724 ] 51 : Sold 1 shares at price 66,100 | Profit = 3,400 | Portfolio Value = 1,121,781.6 | Budget = 131,848.55 | inventory = 2
[ 2024-08-05 10:13:30,739 ] 52 : Sold 14 shares at price 65,100 | Profit = 16,800 | Portfolio Value = 1,123,348.55 | Budget = 1,042,792.85 | inventory = 1
[ 2024-08-05 10:13:30,769 ] 54 : Bought 2 shares at price 65,600 | Portfolio Value = 1,108,092.85 | Budget = 911,527.25 | inventory = 2
[ 2024-08-05 10:13:30,800 ] 56 : Sold 1 shares at price 65,300 | Profit = -600 | Portfolio Value = 1,108,027.25 | Budget = 976,794.6 | inventory = 1
[ 2024-08-05 10:13:30,815 ] 57 : Sold 2 shares at price 65,700 | Profit = 200 | Portfolio Value = 1,107,394.6 | Budget = 1,108,128.9 | inventory = 0
[ 2024-08-05 10:13:30,830 ] 58 : Bought 16 shares at price 65,200 | Portfolio Value = 1,108,128.9 | Budget = 64,407.3 | inventory = 1
[ 2024-08-05 10:13:30,846 ] 59 : Sold 16 shares at price 63,600 | Profit = -25,600 | Portfolio Value = 1,107,607.3 | Budget = 1,081,498.5 | inventory = 0
[ 2024-08-05 10:13:30,860 ] 60 : Bought 12 shares at price 64,100 | Portfolio Value = 1,081,498.5 | Budget = 311,913.9 | inventory = 1
[ 2024-08-05 10:13:30,875 ] 61 : Bought 2 shares at price 64,600 | Portfolio Value = 1,081,113.9 | Budget = 182,649.3 | inventory = 2
[ 2024-08-05 10:13:30,906 ] 63 : Sold 12 shares at price 65,700 | Profit = 19,200 | Portfolio Value = 1,099,649.3 | Budget = 970,655.1 | inventory = 1
[ 2024-08-05 10:13:30,937 ] 65 : Sold 2 shares at price 65,100 | Profit = 1,000 | Portfolio Value = 1,101,455.1 | Budget = 1,100,790.0 | inventory = 0
[ 2024-08-05 10:13:31,025 ] 71 : Bought 14 shares at price 64,500 | Portfolio Value = 1,100,790.0 | Budget = 197,338.5 | inventory = 1
[ 2024-08-05 10:13:31,054 ] 73 : Sold 14 shares at price 65,000 | Profit = 7,000 | Portfolio Value = 1,112,938.5 | Budget = 1,106,883.5 | inventory = 0
[ 2024-08-05 10:13:31,069 ] 74 : Bought 2 shares at price 66,200 | Portfolio Value = 1,106,883.5 | Budget = 974,417.3 | inventory = 1
[ 2024-08-05 10:13:31,099 ] 76 : Bought 8 shares at price 68,500 | Portfolio Value = 1,111,217.3 | Budget = 426,143.3 | inventory = 2
[ 2024-08-05 10:13:31,114 ] 77 : Bought 3 shares at price 68,400 | Portfolio Value = 1,111,143.3 | Budget = 220,840.7 | inventory = 3
[ 2024-08-05 10:13:31,129 ] 78 : Bought 2 shares at price 68,500 | Portfolio Value = 1,110,040.7 | Budget = 83,772.2 | inventory = 4
[ 2024-08-05 10:13:31,144 ] 79 : Bought 1 shares at price 68,800 | Portfolio Value = 1,111,272.2 | Budget = 14,937.8 | inventory = 5
[ 2024-08-05 10:13:31,158 ] 80 : Sold 2 shares at price 70,300 | Profit = 8,200 | Portfolio Value = 1,115,737.8 | Budget = 155,467.5 | inventory = 4
[ 2024-08-05 10:13:31,173 ] 81 : Bought 1 shares at price 72,300 | Portfolio Value = 1,139,667.5 | Budget = 83,131.35 | inventory = 5
[ 2024-08-05 10:13:31,187 ] 82 : Sold 8 shares at price 71,400 | Profit = 23,200 | Portfolio Value = 1,167,631.35 | Budget = 654,045.75 | inventory = 4
[ 2024-08-05 10:13:31,202 ] 83 : Sold 3 shares at price 70,900 | Profit = 7,500 | Portfolio Value = 1,153,845.75 | Budget = 866,639.4 | inventory = 3
[ 2024-08-05 10:13:31,230 ] 85 : Sold 2 shares at price 71,700 | Profit = 6,400 | Portfolio Value = 1,155,439.4 | Budget = 1,009,967.7 | inventory = 2
[ 2024-08-05 10:13:31,261 ] 87 : Sold 1 shares at price 70,900 | Profit = 2,100 | Portfolio Value = 1,151,967.7 | Budget = 1,080,832.25 | inventory = 1
[ 2024-08-05 10:13:31,276 ] 88 : Bought 14 shares at price 72,000 | Portfolio Value = 1,151,732.25 | Budget = 72,328.25 | inventory = 2
[ 2024-08-05 10:13:31,292 ] 89 : Sold 1 shares at price 71,000 | Profit = -1,300 | Portfolio Value = 1,152,328.25 | Budget = 143,292.75 | inventory = 1
[ 2024-08-05 10:13:31,307 ] 90 : Sold 14 shares at price 72,000 | Profit = 0 | Portfolio Value = 1,137,292.75 | Budget = 1,150,788.75 | inventory = 0
[ 2024-08-05 10:13:31,381 ] 95 : Bought 12 shares at price 71,400 | Portfolio Value = 1,150,788.75 | Budget = 293,560.35 | inventory = 1
[ 2024-08-05 10:13:31,410 ] 97 : Sold 12 shares at price 71,300 | Profit = -1,200 | Portfolio Value = 1,139,560.35 | Budget = 1,148,732.55 | inventory = 0
[ 2024-08-05 10:13:31,425 ] 98 : Bought 1 shares at price 71,600 | Portfolio Value = 1,148,732.55 | Budget = 1,077,096.75 | inventory = 1
[ 2024-08-05 10:13:31,440 ] 99 : Sold 1 shares at price 72,400 | Profit = 800 | Portfolio Value = 1,148,696.75 | Budget = 1,149,460.55 | inventory = 0
[ 2024-08-05 10:13:31,455 ] 100 : Bought 15 shares at price 72,600 | Portfolio Value = 1,149,460.55 | Budget = 59,916.05 | inventory = 1
[ 2024-08-05 10:13:31,470 ] 101 : Sold 15 shares at price 72,700 | Profit = 1,500 | Portfolio Value = 1,148,916.05 | Budget = 1,149,870.8 | inventory = 0
[ 2024-08-05 10:13:31,529 ] 105 : Bought 1 shares at price 73,000 | Portfolio Value = 1,149,870.8 | Budget = 1,076,834.3 | inventory = 1
[ 2024-08-05 10:13:31,545 ] 106 : Bought 10 shares at price 72,000 | Portfolio Value = 1,149,834.3 | Budget = 356,474.3 | inventory = 2
[ 2024-08-05 10:13:31,560 ] 107 : Sold 1 shares at price 71,600 | Profit = -1,400 | Portfolio Value = 1,148,474.3 | Budget = 428,038.5 | inventory = 1
[ 2024-08-05 10:13:31,588 ] 109 : Bought 1 shares at price 69,500 | Portfolio Value = 1,127,038.5 | Budget = 358,503.75 | inventory = 2
[ 2024-08-05 10:13:31,603 ] 110 : Bought 1 shares at price 71,500 | Portfolio Value = 1,123,003.75 | Budget = 286,968.0 | inventory = 3
[ 2024-08-05 10:13:31,633 ] 112 : Bought 3 shares at price 71,900 | Portfolio Value = 1,149,768.0 | Budget = 71,160.15 | inventory = 4
[ 2024-08-05 10:13:31,692 ] 116 : Sold 10 shares at price 71,700 | Profit = -3,000 | Portfolio Value = 1,151,160.15 | Budget = 787,801.65 | inventory = 3
[ 2024-08-05 10:13:31,707 ] 117 : Bought 5 shares at price 71,000 | Portfolio Value = 1,146,301.65 | Budget = 432,624.15 | inventory = 4
[ 2024-08-05 10:13:31,721 ] 118 : Sold 1 shares at price 70,300 | Profit = 800 | Portfolio Value = 1,142,624.15 | Budget = 502,889.0 | inventory = 3
[ 2024-08-05 10:13:31,735 ] 119 : Bought 3 shares at price 70,400 | Portfolio Value = 1,135,589.0 | Budget = 291,583.4 | inventory = 4
[ 2024-08-05 10:13:31,766 ] 121 : Bought 4 shares at price 69,800 | Portfolio Value = 1,131,583.4 | Budget = 12,243.8 | inventory = 5
[ 2024-08-05 10:13:31,901 ] 130 : Sold 1 shares at price 67,600 | Profit = -3,900 | Portfolio Value = 1,108,243.8 | Budget = 79,810.0 | inventory = 4
[ 2024-08-05 10:13:31,915 ] 131 : Bought 1 shares at price 68,900 | Portfolio Value = 1,093,810.0 | Budget = 10,875.55 | inventory = 5
[ 2024-08-05 10:13:31,945 ] 133 : Sold 3 shares at price 67,500 | Profit = -13,200 | Portfolio Value = 1,098,875.55 | Budget = 213,274.3 | inventory = 4
[ 2024-08-05 10:13:31,973 ] 135 : Sold 5 shares at price 67,000 | Profit = -20,000 | Portfolio Value = 1,088,174.3 | Budget = 548,106.8 | inventory = 3
[ 2024-08-05 10:13:31,988 ] 136 : Sold 3 shares at price 66,700 | Profit = -11,100 | Portfolio Value = 1,084,106.8 | Budget = 748,106.75 | inventory = 2
[ 2024-08-05 10:13:32,081 ] 142 : Sold 4 shares at price 67,100 | Profit = -10,800 | Portfolio Value = 1,089,106.75 | Budget = 1,016,372.55 | inventory = 1
[ 2024-08-05 10:13:32,111 ] 144 : Bought 2 shares at price 66,800 | Portfolio Value = 1,083,172.55 | Budget = 882,705.75 | inventory = 2
[ 2024-08-05 10:13:32,127 ] 145 : Sold 1 shares at price 67,100 | Profit = -1,800 | Portfolio Value = 1,083,105.75 | Budget = 949,772.2 | inventory = 1
[ 2024-08-05 10:13:32,142 ] 146 : Sold 2 shares at price 66,900 | Profit = 200 | Portfolio Value = 1,083,972.2 | Budget = 1,083,505.3 | inventory = 0
[ 2024-08-05 10:13:32,156 ] 147 : Bought 8 shares at price 71,000 | Portfolio Value = 1,083,505.3 | Budget = 515,221.3 | inventory = 1
[ 2024-08-05 10:13:32,186 ] 149 : Bought 5 shares at price 70,700 | Portfolio Value = 1,084,821.3 | Budget = 161,544.55 | inventory = 2
[ 2024-08-05 10:13:32,201 ] 150 : Bought 2 shares at price 70,000 | Portfolio Value = 1,080,644.55 | Budget = 21,474.55 | inventory = 3
[ 2024-08-05 10:13:32,245 ] 153 : Sold 8 shares at price 70,800 | Profit = -1,600 | Portfolio Value = 1,075,974.55 | Budget = 587,591.35 | inventory = 2
[ 2024-08-05 10:13:32,260 ] 154 : Bought 2 shares at price 70,500 | Portfolio Value = 1,083,191.35 | Budget = 446,520.85 | inventory = 3
[ 2024-08-05 10:13:32,290 ] 156 : Bought 5 shares at price 71,700 | Portfolio Value = 1,084,620.85 | Budget = 87,841.6 | inventory = 4
[ 2024-08-05 10:13:32,305 ] 157 : Bought 1 shares at price 72,000 | Portfolio Value = 1,091,641.6 | Budget = 15,805.6 | inventory = 5
[ 2024-08-05 10:13:32,320 ] 158 : Sold 5 shares at price 70,200 | Profit = -2,500 | Portfolio Value = 1,095,805.6 | Budget = 366,630.1 | inventory = 4
[ 2024-08-05 10:13:32,335 ] 159 : Sold 2 shares at price 69,800 | Profit = -400 | Portfolio Value = 1,068,630.1 | Budget = 506,160.3 | inventory = 3
[ 2024-08-05 10:13:32,350 ] 160 : Sold 2 shares at price 69,600 | Profit = -1,800 | Portfolio Value = 1,064,560.3 | Budget = 645,290.7 | inventory = 2
[ 2024-08-05 10:13:32,380 ] 162 : Bought 9 shares at price 68,800 | Portfolio Value = 1,058,690.7 | Budget = 25,781.1 | inventory = 3
[ 2024-08-05 10:13:32,439 ] 166 : Sold 5 shares at price 67,500 | Profit = -21,000 | Portfolio Value = 1,051,781.1 | Budget = 363,112.35 | inventory = 2
[ 2024-08-05 10:13:32,469 ] 168 : Bought 2 shares at price 66,000 | Portfolio Value = 1,030,112.35 | Budget = 231,046.35 | inventory = 3
[ 2024-08-05 10:13:32,531 ] 172 : Sold 1 shares at price 68,000 | Profit = -4,000 | Portfolio Value = 1,057,846.35 | Budget = 299,012.35 | inventory = 2
[ 2024-08-05 10:13:32,546 ] 173 : Sold 9 shares at price 67,300 | Profit = -13,500 | Portfolio Value = 1,047,012.35 | Budget = 904,409.5 | inventory = 1
[ 2024-08-05 10:13:32,560 ] 174 : Sold 2 shares at price 69,400 | Profit = 6,800 | Portfolio Value = 1,039,009.5 | Budget = 1,043,140.1 | inventory = 0
[ 2024-08-05 10:13:32,576 ] 175 : Bought 10 shares at price 70,500 | Portfolio Value = 1,043,140.1 | Budget = 337,787.6 | inventory = 1
[ 2024-08-05 10:13:32,606 ] 177 : Bought 4 shares at price 68,800 | Portfolio Value = 1,032,787.6 | Budget = 62,450.0 | inventory = 2
[ 2024-08-05 10:13:32,635 ] 179 : Sold 10 shares at price 68,500 | Profit = -20,000 | Portfolio Value = 1,020,050.0 | Budget = 747,107.5 | inventory = 1
[ 2024-08-05 10:13:32,665 ] 181 : Bought 2 shares at price 66,700 | Portfolio Value = 1,019,107.5 | Budget = 613,640.8 | inventory = 2
[ 2024-08-05 10:13:32,708 ] 184 : Sold 4 shares at price 66,900 | Profit = -7,600 | Portfolio Value = 1,017,440.8 | Budget = 881,107.0 | inventory = 1
[ 2024-08-05 10:13:32,723 ] 185 : Bought 7 shares at price 68,600 | Portfolio Value = 1,014,907.0 | Budget = 400,666.9 | inventory = 2
[ 2024-08-05 10:13:32,739 ] 186 : Bought 5 shares at price 69,700 | Portfolio Value = 1,018,066.9 | Budget = 51,992.65 | inventory = 3
[ 2024-08-05 10:13:32,783 ] 189 : Sold 2 shares at price 70,900 | Profit = 8,400 | Portfolio Value = 1,044,592.65 | Budget = 193,721.75 | inventory = 2
[ 2024-08-05 10:13:32,798 ] 190 : Sold 7 shares at price 69,900 | Profit = 9,100 | Portfolio Value = 1,044,521.75 | Budget = 682,777.1 | inventory = 1
[ 2024-08-05 10:13:32,812 ] 191 : Sold 5 shares at price 70,300 | Profit = 3,000 | Portfolio Value = 1,032,277.1 | Budget = 1,034,101.35 | inventory = 0
[ 2024-08-05 10:13:32,871 ] 195 : Bought 3 shares at price 72,200 | Portfolio Value = 1,034,101.35 | Budget = 817,393.05 | inventory = 1
[ 2024-08-05 10:13:32,899 ] 197 : Sold 3 shares at price 72,500 | Profit = 900 | Portfolio Value = 1,035,793.05 | Budget = 1,034,784.3 | inventory = 0
[ 2024-08-05 10:13:32,944 ] 200 : Bought 3 shares at price 72,800 | Portfolio Value = 1,034,784.3 | Budget = 816,275.1 | inventory = 1
[ 2024-08-05 10:13:32,958 ] 201 : Bought 6 shares at price 72,400 | Portfolio Value = 1,034,675.1 | Budget = 381,657.9 | inventory = 2
[ 2024-08-05 10:13:32,974 ] 202 : Bought 1 shares at price 71,700 | Portfolio Value = 1,033,257.9 | Budget = 309,922.05 | inventory = 3
[ 2024-08-05 10:13:32,989 ] 203 : Sold 3 shares at price 71,300 | Profit = -4,500 | Portfolio Value = 1,026,922.05 | Budget = 523,715.1 | inventory = 2
[ 2024-08-05 10:13:33,005 ] 204 : Bought 7 shares at price 72,700 | Portfolio Value = 1,022,815.1 | Budget = 14,560.65 | inventory = 3
[ 2024-08-05 10:13:33,081 ] 209 : Sold 6 shares at price 71,200 | Profit = -7,200 | Portfolio Value = 1,030,960.65 | Budget = 441,547.05 | inventory = 2
[ 2024-08-05 10:13:33,098 ] 210 : Bought 5 shares at price 71,700 | Portfolio Value = 1,011,147.05 | Budget = 82,867.8 | inventory = 3
[ 2024-08-05 10:13:33,113 ] 211 : Sold 1 shares at price 71,500 | Profit = -200 | Portfolio Value = 1,014,967.8 | Budget = 154,332.05 | inventory = 2
[ 2024-08-05 10:13:33,157 ] 214 : Sold 7 shares at price 73,500 | Profit = 5,600 | Portfolio Value = 1,030,332.05 | Budget = 668,574.8 | inventory = 1
[ 2024-08-05 10:13:33,216 ] 218 : Sold 5 shares at price 72,900 | Profit = 6,000 | Portfolio Value = 1,035,074.8 | Budget = 1,032,892.55 | inventory = 0
[ 2024-08-05 10:13:33,245 ] 220 : Bought 4 shares at price 74,800 | Portfolio Value = 1,032,892.55 | Budget = 733,542.95 | inventory = 1
[ 2024-08-05 10:13:33,274 ] 222 : Bought 7 shares at price 75,900 | Portfolio Value = 1,033,542.95 | Budget = 201,977.3 | inventory = 2
[ 2024-08-05 10:13:33,289 ] 223 : Sold 4 shares at price 76,600 | Profit = 7,200 | Portfolio Value = 1,036,877.3 | Budget = 508,224.1 | inventory = 1
[ 2024-08-05 10:13:33,304 ] 224 : Bought 3 shares at price 78,000 | Portfolio Value = 1,044,424.1 | Budget = 274,107.1 | inventory = 2
[ 2024-08-05 10:13:33,320 ] Episode: 3, Total Reward: -252,131.1903653398, Total Profit: 61,100, Profit Rate: 6.11%
[ 2024-08-05 10:13:33,320 ] ----------------------------------------------------------------------------------------------------
[ 2024-08-05 10:13:33,320 ] Starting Episode 4
[ 2024-08-05 10:13:33,365 ] 2 : Bought 15 shares at price 63,500 | Portfolio Value = 1,000,000.0 | Budget = 47,023.75 | inventory = 1
[ 2024-08-05 10:13:33,379 ] 3 : Sold 15 shares at price 63,800 | Profit = 4,500 | Portfolio Value = 999,523.75 | Budget = 1,003,545.25 | inventory = 0
[ 2024-08-05 10:13:33,482 ] 10 : Bought 10 shares at price 63,200 | Portfolio Value = 1,003,545.25 | Budget = 371,229.25 | inventory = 1
[ 2024-08-05 10:13:33,497 ] 11 : Bought 4 shares at price 62,200 | Portfolio Value = 1,003,229.25 | Budget = 122,304.85 | inventory = 2
[ 2024-08-05 10:13:33,542 ] 14 : Bought 1 shares at price 62,700 | Portfolio Value = 998,704.85 | Budget = 59,573.5 | inventory = 3
[ 2024-08-05 10:13:33,567 ] 15 : Sold 10 shares at price 62,100 | Profit = -11,000 | Portfolio Value = 1,000,073.5 | Budget = 680,263.0 | inventory = 2
[ 2024-08-05 10:13:33,586 ] 16 : Bought 11 shares at price 61,100 | Portfolio Value = 990,763.0 | Budget = 7,826.95 | inventory = 3
[ 2024-08-05 10:13:33,636 ] 19 : Sold 4 shares at price 60,500 | Profit = -6,800 | Portfolio Value = 988,626.95 | Budget = 249,705.95 | inventory = 2
[ 2024-08-05 10:13:33,651 ] 20 : Sold 1 shares at price 60,600 | Profit = -2,100 | Portfolio Value = 975,705.95 | Budget = 310,275.65 | inventory = 1
[ 2024-08-05 10:13:33,682 ] 22 : Sold 11 shares at price 60,500 | Profit = -6,600 | Portfolio Value = 979,075.65 | Budget = 975,442.9 | inventory = 0
[ 2024-08-05 10:13:33,698 ] 23 : Bought 8 shares at price 61,500 | Portfolio Value = 975,442.9 | Budget = 483,196.9 | inventory = 1
[ 2024-08-05 10:13:33,714 ] 24 : Bought 1 shares at price 60,700 | Portfolio Value = 975,196.9 | Budget = 422,466.55 | inventory = 2
[ 2024-08-05 10:13:33,729 ] 25 : Sold 8 shares at price 60,300 | Profit = -9,600 | Portfolio Value = 968,766.55 | Budget = 904,625.35 | inventory = 1
[ 2024-08-05 10:13:33,745 ] 26 : Sold 1 shares at price 60,100 | Profit = -600 | Portfolio Value = 964,925.35 | Budget = 964,695.3 | inventory = 0
[ 2024-08-05 10:13:33,761 ] 27 : Bought 9 shares at price 59,500 | Portfolio Value = 964,695.3 | Budget = 428,927.55 | inventory = 1
[ 2024-08-05 10:13:33,791 ] 29 : Bought 5 shares at price 59,000 | Portfolio Value = 968,927.55 | Budget = 133,780.05 | inventory = 2
[ 2024-08-05 10:13:33,808 ] 30 : Sold 9 shares at price 59,800 | Profit = 2,700 | Portfolio Value = 959,780.05 | Budget = 671,710.95 | inventory = 1
[ 2024-08-05 10:13:33,838 ] 32 : Bought 5 shares at price 61,300 | Portfolio Value = 971,210.95 | Budget = 365,057.7 | inventory = 2
[ 2024-08-05 10:13:33,854 ] 33 : Bought 4 shares at price 60,200 | Portfolio Value = 978,057.7 | Budget = 124,137.3 | inventory = 3
[ 2024-08-05 10:13:33,869 ] 34 : Bought 2 shares at price 60,300 | Portfolio Value = 966,937.3 | Budget = 3,477.0 | inventory = 4
[ 2024-08-05 10:13:33,900 ] 36 : Sold 5 shares at price 62,300 | Profit = 16,500 | Portfolio Value = 981,077.0 | Budget = 314,821.25 | inventory = 3
[ 2024-08-05 10:13:33,961 ] 40 : Sold 5 shares at price 62,700 | Profit = 7,000 | Portfolio Value = 1,006,721.25 | Budget = 628,164.5 | inventory = 2
[ 2024-08-05 10:13:33,977 ] 41 : Bought 3 shares at price 63,200 | Portfolio Value = 1,004,364.5 | Budget = 438,469.7 | inventory = 3
[ 2024-08-05 10:13:34,006 ] 43 : Sold 4 shares at price 63,100 | Profit = 11,600 | Portfolio Value = 1,014,469.7 | Budget = 690,743.5 | inventory = 2
[ 2024-08-05 10:13:34,021 ] 44 : Sold 2 shares at price 63,600 | Profit = 6,600 | Portfolio Value = 1,006,243.5 | Budget = 817,879.9 | inventory = 1
[ 2024-08-05 10:13:34,036 ] 45 : Sold 3 shares at price 63,900 | Profit = 2,100 | Portfolio Value = 1,008,679.9 | Budget = 1,009,484.05 | inventory = 0
[ 2024-08-05 10:13:34,099 ] 49 : Bought 5 shares at price 65,900 | Portfolio Value = 1,009,484.05 | Budget = 679,819.3 | inventory = 1
[ 2024-08-05 10:13:34,115 ] 50 : Sold 5 shares at price 66,000 | Profit = 500 | Portfolio Value = 1,009,319.3 | Budget = 1,009,654.3 | inventory = 0
[ 2024-08-05 10:13:34,160 ] 53 : Bought 11 shares at price 65,300 | Portfolio Value = 1,009,654.3 | Budget = 290,995.15 | inventory = 1
[ 2024-08-05 10:13:34,190 ] 55 : Bought 3 shares at price 65,500 | Portfolio Value = 1,012,595.15 | Budget = 94,396.9 | inventory = 2
[ 2024-08-05 10:13:34,205 ] 56 : Sold 11 shares at price 65,300 | Profit = 0 | Portfolio Value = 1,011,396.9 | Budget = 812,337.75 | inventory = 1
[ 2024-08-05 10:13:34,220 ] 57 : Sold 3 shares at price 65,700 | Profit = 600 | Portfolio Value = 1,008,237.75 | Budget = 1,009,339.2 | inventory = 0
[ 2024-08-05 10:13:34,324 ] 64 : Bought 4 shares at price 65,400 | Portfolio Value = 1,009,339.2 | Budget = 747,608.4 | inventory = 1
[ 2024-08-05 10:13:34,338 ] 65 : Sold 4 shares at price 65,100 | Profit = -1,200 | Portfolio Value = 1,009,208.4 | Budget = 1,007,878.2 | inventory = 0
[ 2024-08-05 10:13:34,369 ] 67 : Bought 2 shares at price 65,300 | Portfolio Value = 1,007,878.2 | Budget = 877,212.9 | inventory = 1
[ 2024-08-05 10:13:34,384 ] 68 : Bought 7 shares at price 64,600 | Portfolio Value = 1,007,812.9 | Budget = 424,786.8 | inventory = 2
[ 2024-08-05 10:13:34,399 ] 69 : Bought 3 shares at price 64,200 | Portfolio Value = 1,006,186.8 | Budget = 232,090.5 | inventory = 3
[ 2024-08-05 10:13:34,429 ] 71 : Bought 2 shares at price 64,500 | Portfolio Value = 1,001,290.5 | Budget = 103,026.0 | inventory = 4
[ 2024-08-05 10:13:34,444 ] 72 : Sold 2 shares at price 65,400 | Profit = 200 | Portfolio Value = 1,006,026.0 | Budget = 233,760.6 | inventory = 3
[ 2024-08-05 10:13:34,459 ] 73 : Sold 7 shares at price 65,000 | Profit = 2,800 | Portfolio Value = 1,018,560.6 | Budget = 688,533.1 | inventory = 2
[ 2024-08-05 10:13:34,475 ] 74 : Bought 4 shares at price 66,200 | Portfolio Value = 1,013,533.1 | Budget = 423,600.7 | inventory = 3
[ 2024-08-05 10:13:34,490 ] 75 : Sold 3 shares at price 68,400 | Profit = 12,600 | Portfolio Value = 1,019,400.7 | Budget = 628,698.1 | inventory = 2
[ 2024-08-05 10:13:34,520 ] 77 : Bought 1 shares at price 68,400 | Portfolio Value = 1,039,698.1 | Budget = 560,263.9 | inventory = 3
[ 2024-08-05 10:13:34,565 ] 80 : Sold 2 shares at price 70,300 | Profit = 11,600 | Portfolio Value = 1,041,863.9 | Budget = 700,793.6 | inventory = 2
[ 2024-08-05 10:13:34,580 ] 81 : Sold 4 shares at price 72,300 | Profit = 24,400 | Portfolio Value = 1,052,293.6 | Budget = 989,849.0 | inventory = 1
[ 2024-08-05 10:13:34,611 ] 83 : Bought 11 shares at price 70,900 | Portfolio Value = 1,061,249.0 | Budget = 209,559.05 | inventory = 2
[ 2024-08-05 10:13:34,626 ] 84 : Sold 1 shares at price 72,200 | Profit = 3,800 | Portfolio Value = 1,060,359.05 | Budget = 281,722.95 | inventory = 1
[ 2024-08-05 10:13:34,656 ] 86 : Bought 2 shares at price 71,000 | Portfolio Value = 1,070,422.95 | Budget = 139,651.95 | inventory = 2
[ 2024-08-05 10:13:34,672 ] 87 : Sold 11 shares at price 70,900 | Profit = 0 | Portfolio Value = 1,062,651.95 | Budget = 919,162.0 | inventory = 1
[ 2024-08-05 10:13:34,687 ] 88 : Bought 1 shares at price 72,000 | Portfolio Value = 1,060,962.0 | Budget = 847,126.0 | inventory = 2
[ 2024-08-05 10:13:34,719 ] 90 : Bought 9 shares at price 72,000 | Portfolio Value = 1,060,126.0 | Budget = 198,802.0 | inventory = 3
[ 2024-08-05 10:13:34,733 ] 91 : Sold 2 shares at price 71,900 | Profit = 1,800 | Portfolio Value = 1,062,802.0 | Budget = 342,530.1 | inventory = 2
[ 2024-08-05 10:13:34,749 ] 92 : Bought 3 shares at price 71,500 | Portfolio Value = 1,061,530.1 | Budget = 127,922.85 | inventory = 3
[ 2024-08-05 10:13:34,778 ] 94 : Sold 1 shares at price 71,200 | Profit = -800 | Portfolio Value = 1,061,322.85 | Budget = 199,087.25 | inventory = 2
[ 2024-08-05 10:13:34,808 ] 96 : Sold 9 shares at price 70,500 | Profit = -13,500 | Portfolio Value = 1,055,887.25 | Budget = 833,270.0 | inventory = 1
[ 2024-08-05 10:13:34,838 ] 98 : Sold 3 shares at price 71,600 | Profit = 300 | Portfolio Value = 1,047,170.0 | Budget = 1,047,962.6 | inventory = 0
[ 2024-08-05 10:13:34,854 ] 99 : Bought 12 shares at price 72,400 | Portfolio Value = 1,047,962.6 | Budget = 178,728.2 | inventory = 1
[ 2024-08-05 10:13:34,913 ] 103 : Sold 12 shares at price 72,200 | Profit = -2,400 | Portfolio Value = 1,047,528.2 | Budget = 1,044,695.0 | inventory = 0
[ 2024-08-05 10:13:34,943 ] 105 : Bought 12 shares at price 73,000 | Portfolio Value = 1,044,695.0 | Budget = 168,257.0 | inventory = 1
[ 2024-08-05 10:13:34,958 ] 106 : Bought 1 shares at price 72,000 | Portfolio Value = 1,044,257.0 | Budget = 96,221.0 | inventory = 2
[ 2024-08-05 10:13:34,973 ] 107 : Sold 12 shares at price 71,600 | Profit = -16,800 | Portfolio Value = 1,032,221.0 | Budget = 954,991.4 | inventory = 1
[ 2024-08-05 10:13:34,989 ] 108 : Sold 1 shares at price 69,900 | Profit = -2,100 | Portfolio Value = 1,026,591.4 | Budget = 1,024,856.45 | inventory = 0
[ 2024-08-05 10:13:35,004 ] 109 : Bought 2 shares at price 69,500 | Portfolio Value = 1,024,856.45 | Budget = 885,786.95 | inventory = 1
[ 2024-08-05 10:13:35,019 ] 110 : Bought 12 shares at price 71,500 | Portfolio Value = 1,024,786.95 | Budget = 27,357.95 | inventory = 2
[ 2024-08-05 10:13:35,047 ] 112 : Sold 2 shares at price 71,900 | Profit = 4,800 | Portfolio Value = 1,033,957.95 | Budget = 171,086.05 | inventory = 1
[ 2024-08-05 10:13:35,077 ] 114 : Bought 1 shares at price 73,300 | Portfolio Value = 1,051,886.05 | Budget = 97,749.4 | inventory = 2
[ 2024-08-05 10:13:35,092 ] 115 : Bought 1 shares at price 72,000 | Portfolio Value = 1,050,649.4 | Budget = 25,713.4 | inventory = 3
[ 2024-08-05 10:13:35,107 ] 116 : Sold 12 shares at price 71,700 | Profit = 2,400 | Portfolio Value = 1,033,713.4 | Budget = 885,683.2 | inventory = 2
[ 2024-08-05 10:13:35,135 ] 118 : Bought 9 shares at price 70,300 | Portfolio Value = 1,027,683.2 | Budget = 252,666.85 | inventory = 3
[ 2024-08-05 10:13:35,150 ] 119 : Bought 2 shares at price 70,400 | Portfolio Value = 1,025,966.85 | Budget = 111,796.45 | inventory = 4
[ 2024-08-05 10:13:35,164 ] 120 : Bought 1 shares at price 70,000 | Portfolio Value = 1,026,996.45 | Budget = 41,761.45 | inventory = 5
[ 2024-08-05 10:13:35,253 ] 126 : Sold 1 shares at price 69,900 | Profit = -3,400 | Portfolio Value = 1,037,161.45 | Budget = 111,626.5 | inventory = 4
[ 2024-08-05 10:13:35,267 ] 127 : Sold 1 shares at price 68,800 | Profit = -3,200 | Portfolio Value = 1,020,326.5 | Budget = 180,392.1 | inventory = 3
[ 2024-08-05 10:13:35,296 ] 129 : Sold 9 shares at price 68,500 | Profit = -16,200 | Portfolio Value = 999,992.1 | Budget = 796,583.85 | inventory = 2
[ 2024-08-05 10:13:35,310 ] 130 : Bought 3 shares at price 67,600 | Portfolio Value = 1,002,083.85 | Budget = 593,682.45 | inventory = 3
[ 2024-08-05 10:13:35,356 ] 133 : Bought 8 shares at price 67,500 | Portfolio Value = 1,001,682.45 | Budget = 53,412.45 | inventory = 4
[ 2024-08-05 10:13:35,371 ] 134 : Sold 2 shares at price 67,300 | Profit = -6,200 | Portfolio Value = 998,412.45 | Budget = 187,945.15 | inventory = 3
[ 2024-08-05 10:13:35,386 ] 135 : Sold 1 shares at price 67,000 | Profit = -3,000 | Portfolio Value = 995,545.15 | Budget = 254,911.65 | inventory = 2
[ 2024-08-05 10:13:35,401 ] 136 : Sold 3 shares at price 66,700 | Profit = -2,700 | Portfolio Value = 991,911.65 | Budget = 454,911.6 | inventory = 1
[ 2024-08-05 10:13:35,415 ] 137 : Bought 2 shares at price 66,300 | Portfolio Value = 988,511.6 | Budget = 322,245.3 | inventory = 2
[ 2024-08-05 10:13:35,430 ] 138 : Bought 1 shares at price 66,600 | Portfolio Value = 985,245.3 | Budget = 255,612.0 | inventory = 3
[ 2024-08-05 10:13:35,475 ] 141 : Bought 2 shares at price 68,200 | Portfolio Value = 993,712.0 | Budget = 119,143.8 | inventory = 4
[ 2024-08-05 10:13:35,520 ] 144 : Bought 1 shares at price 66,800 | Portfolio Value = 987,543.8 | Budget = 52,310.4 | inventory = 5
[ 2024-08-05 10:13:35,535 ] 145 : Sold 8 shares at price 67,100 | Profit = -3,200 | Portfolio Value = 987,510.4 | Budget = 588,842.0 | inventory = 4
[ 2024-08-05 10:13:35,550 ] 146 : Sold 2 shares at price 66,900 | Profit = 1,200 | Portfolio Value = 991,442.0 | Budget = 722,575.1 | inventory = 3
[ 2024-08-05 10:13:35,565 ] 147 : Sold 1 shares at price 71,000 | Profit = 4,400 | Portfolio Value = 990,175.1 | Budget = 793,539.6 | inventory = 2
[ 2024-08-05 10:13:35,580 ] 148 : Bought 7 shares at price 71,200 | Portfolio Value = 1,006,539.6 | Budget = 294,890.4 | inventory = 3
[ 2024-08-05 10:13:35,595 ] 149 : Bought 1 shares at price 70,700 | Portfolio Value = 1,006,890.4 | Budget = 224,155.05 | inventory = 4
[ 2024-08-05 10:13:35,610 ] 150 : Bought 3 shares at price 70,000 | Portfolio Value = 1,001,855.05 | Budget = 14,050.05 | inventory = 5
[ 2024-08-05 10:13:35,625 ] 151 : Sold 2 shares at price 70,400 | Profit = 4,400 | Portfolio Value = 994,050.05 | Budget = 154,779.65 | inventory = 4
[ 2024-08-05 10:13:35,655 ] 153 : Bought 1 shares at price 70,800 | Portfolio Value = 998,379.65 | Budget = 83,944.25 | inventory = 5
[ 2024-08-05 10:13:35,670 ] 154 : Sold 1 shares at price 70,500 | Profit = 3,700 | Portfolio Value = 1,004,344.25 | Budget = 154,409.0 | inventory = 4
[ 2024-08-05 10:13:35,685 ] 155 : Bought 2 shares at price 70,900 | Portfolio Value = 1,000,409.0 | Budget = 12,538.1 | inventory = 5
[ 2024-08-05 10:13:35,803 ] 163 : Sold 7 shares at price 69,400 | Profit = -12,600 | Portfolio Value = 975,738.1 | Budget = 498,095.2 | inventory = 4
[ 2024-08-05 10:13:35,834 ] 165 : Bought 1 shares at price 68,400 | Portfolio Value = 978,295.2 | Budget = 429,661.0 | inventory = 5
[ 2024-08-05 10:13:35,865 ] 167 : Sold 1 shares at price 66,700 | Profit = -4,000 | Portfolio Value = 969,661.0 | Budget = 496,327.65 | inventory = 4
[ 2024-08-05 10:13:35,895 ] 169 : Bought 6 shares at price 66,400 | Portfolio Value = 958,327.65 | Budget = 97,728.45 | inventory = 5
[ 2024-08-05 10:13:35,910 ] 170 : Sold 3 shares at price 68,200 | Profit = -5,400 | Portfolio Value = 960,928.45 | Budget = 302,226.15 | inventory = 4
[ 2024-08-05 10:13:35,924 ] 171 : Sold 1 shares at price 68,900 | Profit = -1,900 | Portfolio Value = 984,226.15 | Budget = 371,091.7 | inventory = 3
[ 2024-08-05 10:13:35,954 ] 173 : Sold 2 shares at price 67,300 | Profit = -7,200 | Portfolio Value = 983,091.7 | Budget = 505,624.4 | inventory = 2
[ 2024-08-05 10:13:35,968 ] 174 : Bought 7 shares at price 69,400 | Portfolio Value = 976,724.4 | Budget = 19,581.5 | inventory = 3
[ 2024-08-05 10:13:36,027 ] 178 : Sold 1 shares at price 68,400 | Profit = 0 | Portfolio Value = 982,781.5 | Budget = 87,947.3 | inventory = 2
[ 2024-08-05 10:13:36,041 ] 179 : Bought 1 shares at price 68,500 | Portfolio Value = 977,147.3 | Budget = 19,413.05 | inventory = 3
[ 2024-08-05 10:13:36,071 ] 181 : Sold 6 shares at price 66,700 | Profit = 1,800 | Portfolio Value = 971,413.05 | Budget = 419,412.95 | inventory = 2
[ 2024-08-05 10:13:36,086 ] 182 : Sold 7 shares at price 67,300 | Profit = -14,700 | Portfolio Value = 953,012.95 | Budget = 890,277.4 | inventory = 1
[ 2024-08-05 10:13:36,115 ] 184 : Bought 5 shares at price 66,900 | Portfolio Value = 957,577.4 | Budget = 555,610.15 | inventory = 2
[ 2024-08-05 10:13:36,145 ] 186 : Sold 1 shares at price 69,700 | Profit = 1,200 | Portfolio Value = 967,210.15 | Budget = 625,275.3 | inventory = 1
[ 2024-08-05 10:13:36,161 ] 187 : Bought 8 shares at price 69,600 | Portfolio Value = 973,775.3 | Budget = 68,196.9 | inventory = 2
[ 2024-08-05 10:13:36,176 ] 188 : Sold 5 shares at price 70,900 | Profit = 20,000 | Portfolio Value = 972,996.9 | Budget = 422,519.65 | inventory = 1
[ 2024-08-05 10:13:36,266 ] 194 : Sold 8 shares at price 70,800 | Profit = 9,600 | Portfolio Value = 985,719.65 | Budget = 988,636.45 | inventory = 0
[ 2024-08-05 10:13:36,325 ] 198 : Bought 4 shares at price 72,700 | Portfolio Value = 988,636.45 | Budget = 697,691.05 | inventory = 1
[ 2024-08-05 10:13:36,339 ] 199 : Sold 4 shares at price 72,800 | Profit = 400 | Portfolio Value = 988,491.05 | Budget = 988,745.45 | inventory = 0
[ 2024-08-05 10:13:36,369 ] 201 : Bought 11 shares at price 72,400 | Portfolio Value = 988,745.45 | Budget = 191,947.25 | inventory = 1
[ 2024-08-05 10:13:36,414 ] 204 : Sold 11 shares at price 72,700 | Profit = 3,300 | Portfolio Value = 976,247.25 | Budget = 991,247.4 | inventory = 0
[ 2024-08-05 10:13:36,444 ] 206 : Bought 5 shares at price 72,800 | Portfolio Value = 991,247.4 | Budget = 627,065.4 | inventory = 1
[ 2024-08-05 10:13:36,459 ] 207 : Bought 4 shares at price 72,000 | Portfolio Value = 991,065.4 | Budget = 338,921.4 | inventory = 2
[ 2024-08-05 10:13:36,474 ] 208 : Bought 1 shares at price 72,600 | Portfolio Value = 986,921.4 | Budget = 266,285.1 | inventory = 3
[ 2024-08-05 10:13:36,489 ] 209 : Sold 5 shares at price 71,200 | Profit = -8,000 | Portfolio Value = 992,285.1 | Budget = 622,107.1 | inventory = 2
[ 2024-08-05 10:13:36,519 ] 211 : Bought 2 shares at price 71,500 | Portfolio Value = 980,607.1 | Budget = 479,035.6 | inventory = 3
[ 2024-08-05 10:13:36,534 ] 212 : Sold 4 shares at price 72,600 | Profit = 2,400 | Portfolio Value = 979,535.6 | Budget = 769,290.4 | inventory = 2
[ 2024-08-05 10:13:36,549 ] 213 : Bought 7 shares at price 73,000 | Portfolio Value = 987,090.4 | Budget = 258,034.9 | inventory = 3
[ 2024-08-05 10:13:36,564 ] 214 : Sold 1 shares at price 73,500 | Profit = 900 | Portfolio Value = 988,034.9 | Budget = 331,498.15 | inventory = 2
[ 2024-08-05 10:13:36,594 ] 216 : Bought 3 shares at price 73,100 | Portfolio Value = 986,698.15 | Budget = 112,088.5 | inventory = 3
[ 2024-08-05 10:13:36,625 ] 218 : Sold 2 shares at price 72,900 | Profit = 2,800 | Portfolio Value = 991,688.5 | Budget = 257,815.6 | inventory = 2
[ 2024-08-05 10:13:36,641 ] 219 : Sold 7 shares at price 73,400 | Profit = 2,800 | Portfolio Value = 986,815.6 | Budget = 771,358.7 | inventory = 1
[ 2024-08-05 10:13:36,671 ] 221 : Bought 8 shares at price 75,000 | Portfolio Value = 995,758.7 | Budget = 171,058.7 | inventory = 2
[ 2024-08-05 10:13:36,701 ] 223 : Bought 2 shares at price 76,600 | Portfolio Value = 1,005,958.7 | Budget = 17,782.1 | inventory = 3
[ 2024-08-05 10:13:36,730 ] 225 : Sold 3 shares at price 78,500 | Profit = 16,200 | Portfolio Value = 1,031,782.1 | Budget = 253,164.35 | inventory = 2
[ 2024-08-05 10:13:36,730 ] Episode: 4, Total Reward: -340,287.9359324162, Total Profit: 26,700, Profit Rate: 2.67%
[ 2024-08-05 10:13:36,730 ] ----------------------------------------------------------------------------------------------------
[ 2024-08-05 10:13:36,731 ] Starting Episode 5
[ 2024-08-05 10:13:36,746 ] 0 : Bought 2 shares at price 61,000 | Portfolio Value = 1,000,000 | Budget = 877,939.0 | inventory = 1
[ 2024-08-05 10:13:36,762 ] 1 : Bought 3 shares at price 61,800 | Portfolio Value = 999,939.0 | Budget = 692,446.3 | inventory = 2
[ 2024-08-05 10:13:36,838 ] 6 : Sold 2 shares at price 63,100 | Profit = 4,200 | Portfolio Value = 1,001,946.3 | Budget = 818,583.2 | inventory = 1
[ 2024-08-05 10:13:36,854 ] 7 : Bought 10 shares at price 63,000 | Portfolio Value = 1,007,883.2 | Budget = 188,268.2 | inventory = 2
[ 2024-08-05 10:13:36,869 ] 8 : Bought 1 shares at price 62,800 | Portfolio Value = 1,007,268.2 | Budget = 125,436.8 | inventory = 3
[ 2024-08-05 10:13:36,897 ] 10 : Sold 3 shares at price 63,200 | Profit = 4,200 | Portfolio Value = 1,006,036.8 | Budget = 314,942.0 | inventory = 2
[ 2024-08-05 10:13:36,913 ] 11 : Sold 10 shares at price 62,200 | Profit = -8,000 | Portfolio Value = 1,010,142.0 | Budget = 936,631.0 | inventory = 1
[ 2024-08-05 10:13:36,943 ] 13 : Sold 1 shares at price 62,600 | Profit = -200 | Portfolio Value = 1,000,331.0 | Budget = 999,199.7 | inventory = 0
[ 2024-08-05 10:13:36,959 ] 14 : Bought 12 shares at price 62,700 | Portfolio Value = 999,199.7 | Budget = 246,423.5 | inventory = 1
[ 2024-08-05 10:13:36,991 ] 16 : Bought 3 shares at price 61,100 | Portfolio Value = 991,623.5 | Budget = 63,031.85 | inventory = 2
[ 2024-08-05 10:13:37,006 ] 17 : Bought 1 shares at price 62,000 | Portfolio Value = 979,531.85 | Budget = 1,000.85 | inventory = 3
[ 2024-08-05 10:13:37,036 ] 19 : Sold 12 shares at price 60,500 | Profit = -26,400 | Portfolio Value = 981,800.85 | Budget = 726,637.85 | inventory = 2
[ 2024-08-05 10:13:37,051 ] 20 : Sold 3 shares at price 60,600 | Profit = -1,500 | Portfolio Value = 968,637.85 | Budget = 908,346.95 | inventory = 1
[ 2024-08-05 10:13:37,066 ] 21 : Sold 1 shares at price 60,800 | Profit = -1,200 | Portfolio Value = 968,946.95 | Budget = 969,116.55 | inventory = 0
[ 2024-08-05 10:13:37,082 ] 22 : Bought 7 shares at price 60,500 | Portfolio Value = 969,116.55 | Budget = 545,404.8 | inventory = 1
[ 2024-08-05 10:13:37,096 ] 23 : Bought 5 shares at price 61,500 | Portfolio Value = 968,904.8 | Budget = 237,751.05 | inventory = 2
[ 2024-08-05 10:13:37,112 ] 24 : Bought 2 shares at price 60,700 | Portfolio Value = 975,751.05 | Budget = 116,290.35 | inventory = 3
[ 2024-08-05 10:13:37,127 ] 25 : Bought 1 shares at price 60,300 | Portfolio Value = 966,090.35 | Budget = 55,960.2 | inventory = 4
[ 2024-08-05 10:13:37,172 ] 28 : Sold 7 shares at price 60,000 | Profit = -3,500 | Portfolio Value = 948,460.2 | Budget = 475,750.2 | inventory = 3
[ 2024-08-05 10:13:37,187 ] 29 : Bought 6 shares at price 59,000 | Portfolio Value = 955,750.2 | Budget = 121,573.2 | inventory = 4
[ 2024-08-05 10:13:37,217 ] 31 : Sold 5 shares at price 59,900 | Profit = -8,000 | Portfolio Value = 958,773.2 | Budget = 420,923.45 | inventory = 3
[ 2024-08-05 10:13:37,291 ] 36 : Sold 2 shares at price 62,300 | Profit = 3,200 | Portfolio Value = 970,823.45 | Budget = 545,461.15 | inventory = 2
[ 2024-08-05 10:13:37,306 ] 37 : Bought 8 shares at price 63,000 | Portfolio Value = 981,561.15 | Budget = 41,209.15 | inventory = 3
[ 2024-08-05 10:13:37,335 ] 39 : Sold 1 shares at price 62,900 | Profit = 2,600 | Portfolio Value = 972,709.15 | Budget = 104,077.7 | inventory = 2
[ 2024-08-05 10:13:37,352 ] 40 : Sold 6 shares at price 62,700 | Profit = 22,200 | Portfolio Value = 984,677.7 | Budget = 480,089.6 | inventory = 1
[ 2024-08-05 10:13:37,367 ] 41 : Sold 8 shares at price 63,200 | Profit = 1,600 | Portfolio Value = 981,689.6 | Budget = 985,436.8 | inventory = 0
[ 2024-08-05 10:13:37,396 ] 43 : Bought 5 shares at price 63,100 | Portfolio Value = 985,436.8 | Budget = 669,779.05 | inventory = 1
[ 2024-08-05 10:13:37,411 ] 44 : Sold 5 shares at price 63,600 | Profit = 2,500 | Portfolio Value = 985,279.05 | Budget = 987,620.05 | inventory = 0
[ 2024-08-05 10:13:37,471 ] 48 : Bought 9 shares at price 65,700 | Portfolio Value = 987,620.05 | Budget = 396,024.4 | inventory = 1
[ 2024-08-05 10:13:37,486 ] 49 : Sold 9 shares at price 65,900 | Profit = 1,800 | Portfolio Value = 987,324.4 | Budget = 988,827.85 | inventory = 0
[ 2024-08-05 10:13:37,502 ] 50 : Bought 7 shares at price 66,000 | Portfolio Value = 988,827.85 | Budget = 526,596.85 | inventory = 1
[ 2024-08-05 10:13:37,516 ] 51 : Bought 7 shares at price 66,100 | Portfolio Value = 988,596.85 | Budget = 63,665.5 | inventory = 2
[ 2024-08-05 10:13:37,561 ] 54 : Sold 7 shares at price 65,600 | Profit = -2,800 | Portfolio Value = 977,865.5 | Budget = 522,635.9 | inventory = 1
[ 2024-08-05 10:13:37,575 ] 55 : Bought 5 shares at price 65,500 | Portfolio Value = 981,835.9 | Budget = 194,972.15 | inventory = 2
[ 2024-08-05 10:13:37,591 ] 56 : Sold 7 shares at price 65,300 | Profit = -5,600 | Portfolio Value = 980,972.15 | Budget = 651,843.6 | inventory = 1
[ 2024-08-05 10:13:37,606 ] 57 : Sold 5 shares at price 65,700 | Profit = 1,000 | Portfolio Value = 978,343.6 | Budget = 980,179.35 | inventory = 0
[ 2024-08-05 10:13:37,635 ] 59 : Bought 2 shares at price 63,600 | Portfolio Value = 980,179.35 | Budget = 852,915.75 | inventory = 1
[ 2024-08-05 10:13:37,665 ] 61 : Sold 2 shares at price 64,600 | Profit = 2,000 | Portfolio Value = 981,115.75 | Budget = 982,051.15 | inventory = 0
[ 2024-08-05 10:13:37,680 ] 62 : Bought 10 shares at price 65,500 | Portfolio Value = 982,051.15 | Budget = 326,723.65 | inventory = 1
[ 2024-08-05 10:13:37,694 ] 63 : Bought 2 shares at price 65,700 | Portfolio Value = 981,723.65 | Budget = 195,257.95 | inventory = 2
[ 2024-08-05 10:13:37,709 ] 64 : Sold 10 shares at price 65,400 | Profit = -1,000 | Portfolio Value = 983,657.95 | Budget = 848,930.95 | inventory = 1
[ 2024-08-05 10:13:37,724 ] 65 : Bought 7 shares at price 65,100 | Portfolio Value = 979,730.95 | Budget = 393,003.1 | inventory = 2
[ 2024-08-05 10:13:37,738 ] 66 : Sold 2 shares at price 65,900 | Profit = 400 | Portfolio Value = 978,903.1 | Budget = 524,737.2 | inventory = 1
[ 2024-08-05 10:13:37,753 ] 67 : Bought 4 shares at price 65,300 | Portfolio Value = 986,037.2 | Budget = 263,406.6 | inventory = 2
[ 2024-08-05 10:13:37,783 ] 69 : Sold 7 shares at price 64,200 | Profit = -6,300 | Portfolio Value = 974,006.6 | Budget = 712,581.9 | inventory = 1
[ 2024-08-05 10:13:37,798 ] 70 : Sold 4 shares at price 64,100 | Profit = -4,800 | Portfolio Value = 969,381.9 | Budget = 968,853.7 | inventory = 0
[ 2024-08-05 10:13:37,949 ] 80 : Bought 12 shares at price 70,300 | Portfolio Value = 968,853.7 | Budget = 124,831.9 | inventory = 1
[ 2024-08-05 10:13:37,979 ] 82 : Bought 1 shares at price 71,400 | Portfolio Value = 992,431.9 | Budget = 53,396.2 | inventory = 2
[ 2024-08-05 10:13:38,024 ] 85 : Sold 12 shares at price 71,700 | Profit = 16,800 | Portfolio Value = 991,996.2 | Budget = 913,366.0 | inventory = 1
[ 2024-08-05 10:13:38,040 ] 86 : Sold 1 shares at price 71,000 | Profit = -400 | Portfolio Value = 985,066.0 | Budget = 984,330.5 | inventory = 0
[ 2024-08-05 10:13:38,056 ] 87 : Bought 8 shares at price 70,900 | Portfolio Value = 984,330.5 | Budget = 416,846.9 | inventory = 1
[ 2024-08-05 10:13:38,072 ] 88 : Sold 8 shares at price 72,000 | Profit = 8,800 | Portfolio Value = 984,046.9 | Budget = 992,558.9 | inventory = 0
[ 2024-08-05 10:13:38,086 ] 89 : Bought 7 shares at price 71,000 | Portfolio Value = 992,558.9 | Budget = 495,310.4 | inventory = 1
[ 2024-08-05 10:13:38,101 ] 90 : Sold 7 shares at price 72,000 | Profit = 7,000 | Portfolio Value = 992,310.4 | Budget = 999,058.4 | inventory = 0
[ 2024-08-05 10:13:38,132 ] 92 : Bought 1 shares at price 71,500 | Portfolio Value = 999,058.4 | Budget = 927,522.65 | inventory = 1
[ 2024-08-05 10:13:38,162 ] 94 : Sold 1 shares at price 71,200 | Profit = -300 | Portfolio Value = 999,322.65 | Budget = 998,687.05 | inventory = 0
[ 2024-08-05 10:13:38,177 ] 95 : Bought 11 shares at price 71,400 | Portfolio Value = 998,687.05 | Budget = 212,894.35 | inventory = 1
[ 2024-08-05 10:13:38,233 ] 98 : Bought 1 shares at price 71,600 | Portfolio Value = 997,194.35 | Budget = 141,258.55 | inventory = 2
[ 2024-08-05 10:13:38,248 ] 99 : Bought 1 shares at price 72,400 | Portfolio Value = 1,000,458.55 | Budget = 68,822.35 | inventory = 3
[ 2024-08-05 10:13:38,263 ] 100 : Sold 11 shares at price 72,600 | Profit = 13,200 | Portfolio Value = 1,010,022.35 | Budget = 867,023.05 | inventory = 2
[ 2024-08-05 10:13:38,277 ] 101 : Sold 1 shares at price 72,700 | Profit = 1,100 | Portfolio Value = 1,012,223.05 | Budget = 939,686.7 | inventory = 1
[ 2024-08-05 10:13:38,307 ] 103 : Sold 1 shares at price 72,200 | Profit = -200 | Portfolio Value = 1,012,086.7 | Budget = 1,011,850.6 | inventory = 0
[ 2024-08-05 10:13:38,369 ] 107 : Bought 5 shares at price 71,600 | Portfolio Value = 1,011,850.6 | Budget = 653,671.6 | inventory = 1
[ 2024-08-05 10:13:38,383 ] 108 : Sold 5 shares at price 69,900 | Profit = -8,500 | Portfolio Value = 1,011,671.6 | Budget = 1,002,996.85 | inventory = 0
[ 2024-08-05 10:13:38,415 ] 110 : Bought 2 shares at price 71,500 | Portfolio Value = 1,002,996.85 | Budget = 859,925.35 | inventory = 1
[ 2024-08-05 10:13:38,430 ] 111 : Sold 2 shares at price 71,900 | Profit = 800 | Portfolio Value = 1,002,925.35 | Budget = 1,003,653.45 | inventory = 0
[ 2024-08-05 10:13:38,446 ] 112 : Bought 7 shares at price 71,900 | Portfolio Value = 1,003,653.45 | Budget = 500,101.8 | inventory = 1
[ 2024-08-05 10:13:38,460 ] 113 : Bought 6 shares at price 73,400 | Portfolio Value = 1,003,401.8 | Budget = 59,481.6 | inventory = 2
[ 2024-08-05 10:13:38,490 ] 115 : Sold 7 shares at price 72,000 | Profit = 700 | Portfolio Value = 1,012,381.6 | Budget = 563,229.6 | inventory = 1
[ 2024-08-05 10:13:38,505 ] 116 : Bought 3 shares at price 71,700 | Portfolio Value = 995,229.6 | Budget = 348,022.05 | inventory = 2
[ 2024-08-05 10:13:38,534 ] 118 : Sold 6 shares at price 70,300 | Profit = -18,600 | Portfolio Value = 987,022.05 | Budget = 769,611.15 | inventory = 1
[ 2024-08-05 10:13:38,550 ] 119 : Sold 3 shares at price 70,400 | Profit = -3,900 | Portfolio Value = 980,511.15 | Budget = 980,705.55 | inventory = 0
[ 2024-08-05 10:14:31,235 ] Starting Episode 1
[ 2024-08-05 10:14:31,464 ] 0 : Bought 8 shares at price 61,000 | Portfolio Value = 1,000,000 | Budget = 511,756.0 | inventory = 1
[ 2024-08-05 10:14:31,480 ] 1 : Sold 8 shares at price 61,800 | Profit = 6,400 | Portfolio Value = 999,756.0 | Budget = 1,005,908.8 | inventory = 0
[ 2024-08-05 10:14:31,512 ] 3 : Bought 6 shares at price 63,800 | Portfolio Value = 1,005,908.8 | Budget = 622,917.4 | inventory = 1
[ 2024-08-05 10:14:31,644 ] 7 : Sold 6 shares at price 63,000 | Profit = -4,800 | Portfolio Value = 1,001,517.4 | Budget = 1,000,728.4 | inventory = 0
[ 2024-08-05 10:14:31,664 ] 8 : Bought 3 shares at price 62,800 | Portfolio Value = 1,000,728.4 | Budget = 812,234.2 | inventory = 1
[ 2024-08-05 10:14:31,688 ] 9 : Sold 3 shares at price 62,900 | Profit = 300 | Portfolio Value = 1,000,634.2 | Budget = 1,000,839.85 | inventory = 0
[ 2024-08-05 10:14:32,189 ] 17 : Bought 14 shares at price 62,000 | Portfolio Value = 1,000,839.85 | Budget = 132,405.85 | inventory = 1
[ 2024-08-05 10:14:32,210 ] 18 : Bought 1 shares at price 61,300 | Portfolio Value = 1,000,405.85 | Budget = 71,075.2 | inventory = 2
[ 2024-08-05 10:14:32,264 ] 20 : Bought 1 shares at price 60,600 | Portfolio Value = 978,575.2 | Budget = 10,444.9 | inventory = 3
[ 2024-08-05 10:14:32,350 ] 25 : Sold 14 shares at price 60,300 | Profit = -23,800 | Portfolio Value = 981,644.9 | Budget = 854,222.8 | inventory = 2
[ 2024-08-05 10:14:32,409 ] 27 : Bought 1 shares at price 59,500 | Portfolio Value = 974,422.8 | Budget = 794,693.05 | inventory = 3
[ 2024-08-05 10:14:32,457 ] 28 : Bought 1 shares at price 60,000 | Portfolio Value = 973,193.05 | Budget = 734,663.05 | inventory = 4
[ 2024-08-05 10:14:32,498 ] 30 : Bought 5 shares at price 59,800 | Portfolio Value = 970,663.05 | Budget = 435,513.55 | inventory = 5
[ 2024-08-05 10:14:32,551 ] 33 : Sold 1 shares at price 60,200 | Profit = -1,100 | Portfolio Value = 987,213.55 | Budget = 495,683.45 | inventory = 4
[ 2024-08-05 10:14:32,575 ] 34 : Sold 1 shares at price 60,300 | Profit = -300 | Portfolio Value = 977,283.45 | Budget = 555,953.3 | inventory = 3
[ 2024-08-05 10:14:32,593 ] 35 : Sold 1 shares at price 61,100 | Profit = 1,600 | Portfolio Value = 978,053.3 | Budget = 617,022.75 | inventory = 2
[ 2024-08-05 10:14:32,646 ] 38 : Sold 1 shares at price 62,100 | Profit = 2,100 | Portfolio Value = 995,022.75 | Budget = 679,091.7 | inventory = 1
[ 2024-08-05 10:14:32,665 ] 39 : Bought 1 shares at price 62,900 | Portfolio Value = 989,591.7 | Budget = 616,160.25 | inventory = 2
[ 2024-08-05 10:14:32,710 ] 41 : Bought 5 shares at price 63,200 | Portfolio Value = 992,360.25 | Budget = 300,002.25 | inventory = 3
[ 2024-08-05 10:14:32,805 ] 43 : Sold 5 shares at price 63,100 | Profit = 16,500 | Portfolio Value = 1,004,002.25 | Budget = 615,344.5 | inventory = 2
[ 2024-08-05 10:14:32,876 ] 45 : Bought 6 shares at price 63,900 | Portfolio Value = 996,944.5 | Budget = 231,752.8 | inventory = 3
[ 2024-08-05 10:14:32,927 ] 47 : Bought 3 shares at price 65,000 | Portfolio Value = 979,352.8 | Budget = 36,655.3 | inventory = 4
[ 2024-08-05 10:14:33,018 ] 50 : Sold 1 shares at price 66,000 | Profit = 3,100 | Portfolio Value = 1,025,155.3 | Budget = 102,622.3 | inventory = 3
[ 2024-08-05 10:14:33,041 ] 51 : Sold 5 shares at price 66,100 | Profit = 14,500 | Portfolio Value = 1,026,622.3 | Budget = 432,957.05 | inventory = 2
[ 2024-08-05 10:14:33,065 ] 52 : Sold 6 shares at price 65,100 | Profit = 7,200 | Portfolio Value = 1,027,857.05 | Budget = 823,361.75 | inventory = 1
[ 2024-08-05 10:14:33,096 ] 53 : Sold 3 shares at price 65,300 | Profit = 900 | Portfolio Value = 1,018,661.75 | Budget = 1,019,163.8 | inventory = 0
[ 2024-08-05 10:14:33,116 ] 54 : Bought 14 shares at price 65,600 | Portfolio Value = 1,019,163.8 | Budget = 100,304.6 | inventory = 1
[ 2024-08-05 10:14:33,134 ] 55 : Sold 14 shares at price 65,500 | Profit = -1,400 | Portfolio Value = 1,018,704.6 | Budget = 1,016,846.1 | inventory = 0
[ 2024-08-05 10:14:33,253 ] 60 : Bought 3 shares at price 64,100 | Portfolio Value = 1,016,846.1 | Budget = 824,449.95 | inventory = 1
[ 2024-08-05 10:14:33,287 ] 62 : Sold 3 shares at price 65,500 | Profit = 4,200 | Portfolio Value = 1,018,249.95 | Budget = 1,020,851.7 | inventory = 0
[ 2024-08-05 10:14:33,303 ] 63 : Bought 12 shares at price 65,700 | Portfolio Value = 1,020,851.7 | Budget = 232,057.5 | inventory = 1
[ 2024-08-05 10:14:33,338 ] 65 : Bought 2 shares at price 65,100 | Portfolio Value = 1,016,857.5 | Budget = 101,792.4 | inventory = 2
[ 2024-08-05 10:14:33,370 ] 67 : Sold 12 shares at price 65,300 | Profit = -4,800 | Portfolio Value = 1,024,392.4 | Budget = 885,000.6 | inventory = 1
[ 2024-08-05 10:14:33,404 ] 69 : Sold 2 shares at price 64,200 | Profit = -1,800 | Portfolio Value = 1,014,200.6 | Budget = 1,013,336.4 | inventory = 0
[ 2024-08-05 10:14:33,552 ] 78 : Bought 7 shares at price 68,500 | Portfolio Value = 1,013,336.4 | Budget = 533,596.65 | inventory = 1
[ 2024-08-05 10:14:33,588 ] 80 : Sold 7 shares at price 70,300 | Profit = 12,600 | Portfolio Value = 1,015,196.65 | Budget = 1,025,450.6 | inventory = 0
[ 2024-08-05 10:14:33,603 ] 81 : Bought 4 shares at price 72,300 | Portfolio Value = 1,025,450.6 | Budget = 736,106.0 | inventory = 1
[ 2024-08-05 10:14:33,695 ] 86 : Sold 4 shares at price 71,000 | Profit = -5,200 | Portfolio Value = 1,022,906.0 | Budget = 1,019,964.0 | inventory = 0
[ 2024-08-05 10:14:33,712 ] 87 : Bought 11 shares at price 70,900 | Portfolio Value = 1,019,964.0 | Budget = 239,674.05 | inventory = 1
[ 2024-08-05 10:14:33,733 ] 88 : Sold 11 shares at price 72,000 | Profit = 12,100 | Portfolio Value = 1,019,574.05 | Budget = 1,031,278.05 | inventory = 0
[ 2024-08-05 10:14:33,754 ] 89 : Bought 5 shares at price 71,000 | Portfolio Value = 1,031,278.05 | Budget = 676,100.55 | inventory = 1
[ 2024-08-05 10:14:33,790 ] 91 : Sold 5 shares at price 71,900 | Profit = 4,500 | Portfolio Value = 1,036,100.55 | Budget = 1,035,420.8 | inventory = 0
[ 2024-08-05 10:14:33,826 ] 93 : Bought 7 shares at price 71,800 | Portfolio Value = 1,035,420.8 | Budget = 532,569.5 | inventory = 1
[ 2024-08-05 10:14:33,843 ] 94 : Sold 7 shares at price 71,200 | Profit = -4,200 | Portfolio Value = 1,035,169.5 | Budget = 1,030,720.3 | inventory = 0
[ 2024-08-05 10:14:33,864 ] 95 : Bought 7 shares at price 71,400 | Portfolio Value = 1,030,720.3 | Budget = 530,670.4 | inventory = 1
[ 2024-08-05 10:14:33,881 ] 96 : Bought 6 shares at price 70,500 | Portfolio Value = 1,030,470.4 | Budget = 107,458.9 | inventory = 2
[ 2024-08-05 10:14:33,897 ] 97 : Bought 1 shares at price 71,300 | Portfolio Value = 1,023,958.9 | Budget = 36,123.25 | inventory = 3
[ 2024-08-05 10:14:34,012 ] 104 : Sold 7 shares at price 73,000 | Profit = 11,200 | Portfolio Value = 1,046,923.25 | Budget = 546,867.75 | inventory = 2
[ 2024-08-05 10:14:34,049 ] 106 : Bought 1 shares at price 72,000 | Portfolio Value = 1,057,867.75 | Budget = 474,831.75 | inventory = 3
[ 2024-08-05 10:14:34,064 ] 107 : Sold 6 shares at price 71,600 | Profit = 6,600 | Portfolio Value = 1,050,831.75 | Budget = 904,216.95 | inventory = 2
[ 2024-08-05 10:14:34,149 ] 112 : Sold 1 shares at price 71,900 | Profit = 600 | Portfolio Value = 1,048,016.95 | Budget = 976,081.0 | inventory = 1
[ 2024-08-05 10:14:34,166 ] 113 : Sold 1 shares at price 73,400 | Profit = 1,400 | Portfolio Value = 1,047,981.0 | Budget = 1,049,444.3 | inventory = 0
[ 2024-08-05 10:14:34,183 ] 114 : Bought 12 shares at price 73,300 | Portfolio Value = 1,049,444.3 | Budget = 169,404.5 | inventory = 1
[ 2024-08-05 10:14:34,200 ] 115 : Sold 12 shares at price 72,000 | Profit = -15,600 | Portfolio Value = 1,049,004.5 | Budget = 1,032,972.5 | inventory = 0
[ 2024-08-05 10:14:34,268 ] 119 : Bought 1 shares at price 70,400 | Portfolio Value = 1,032,972.5 | Budget = 962,537.3 | inventory = 1
[ 2024-08-05 10:14:34,300 ] 120 : Sold 1 shares at price 70,000 | Profit = -400 | Portfolio Value = 1,032,937.3 | Budget = 1,032,502.3 | inventory = 0
[ 2024-08-05 10:14:34,933 ] 125 : Bought 3 shares at price 71,100 | Portfolio Value = 1,032,502.3 | Budget = 819,095.65 | inventory = 1
[ 2024-08-05 10:14:34,956 ] 126 : Sold 3 shares at price 69,900 | Profit = -3,600 | Portfolio Value = 1,032,395.65 | Budget = 1,028,690.8 | inventory = 0
[ 2024-08-05 10:14:35,106 ] 129 : Bought 7 shares at price 68,500 | Portfolio Value = 1,028,690.8 | Budget = 548,951.05 | inventory = 1
[ 2024-08-05 10:14:35,124 ] 130 : Bought 4 shares at price 67,600 | Portfolio Value = 1,028,451.05 | Budget = 278,415.85 | inventory = 2
[ 2024-08-05 10:14:35,176 ] 133 : Bought 4 shares at price 67,500 | Portfolio Value = 1,026,415.85 | Budget = 8,280.85 | inventory = 3
[ 2024-08-05 10:14:35,195 ] 134 : Sold 7 shares at price 67,300 | Profit = -8,400 | Portfolio Value = 1,020,780.85 | Budget = 479,145.3 | inventory = 2
[ 2024-08-05 10:14:35,228 ] 136 : Bought 3 shares at price 66,700 | Portfolio Value = 1,015,145.3 | Budget = 278,945.25 | inventory = 3
[ 2024-08-05 10:14:35,246 ] 137 : Sold 4 shares at price 66,300 | Profit = -5,200 | Portfolio Value = 1,012,645.25 | Budget = 544,012.65 | inventory = 2
[ 2024-08-05 10:14:35,263 ] 138 : Bought 1 shares at price 66,600 | Portfolio Value = 1,008,112.65 | Budget = 477,379.35 | inventory = 3
[ 2024-08-05 10:14:35,280 ] 139 : Sold 4 shares at price 66,600 | Profit = -3,600 | Portfolio Value = 1,010,179.35 | Budget = 743,646.15 | inventory = 2
[ 2024-08-05 10:14:35,297 ] 140 : Sold 3 shares at price 67,100 | Profit = 1,200 | Portfolio Value = 1,010,046.15 | Budget = 944,845.5 | inventory = 1
[ 2024-08-05 10:14:35,330 ] 142 : Bought 13 shares at price 67,100 | Portfolio Value = 1,013,045.5 | Budget = 72,109.35 | inventory = 2
[ 2024-08-05 10:14:35,401 ] 146 : Bought 1 shares at price 66,900 | Portfolio Value = 1,011,509.35 | Budget = 5,175.9 | inventory = 3
[ 2024-08-05 10:14:35,463 ] 150 : Sold 1 shares at price 70,000 | Profit = 3,400 | Portfolio Value = 1,065,675.9 | Budget = 75,140.9 | inventory = 2
[ 2024-08-05 10:14:35,509 ] 153 : Bought 1 shares at price 70,800 | Portfolio Value = 1,059,340.9 | Budget = 4,305.5 | inventory = 3
[ 2024-08-05 10:14:35,524 ] 154 : Sold 13 shares at price 70,500 | Profit = 44,200 | Portfolio Value = 1,066,305.5 | Budget = 920,347.25 | inventory = 2
[ 2024-08-05 10:14:35,553 ] 156 : Sold 1 shares at price 71,700 | Profit = 4,800 | Portfolio Value = 1,062,147.25 | Budget = 992,011.4 | inventory = 1
[ 2024-08-05 10:14:35,569 ] 157 : Sold 1 shares at price 72,000 | Profit = 1,200 | Portfolio Value = 1,063,711.4 | Budget = 1,063,975.4 | inventory = 0
[ 2024-08-05 10:14:35,625 ] 160 : Bought 13 shares at price 69,600 | Portfolio Value = 1,063,975.4 | Budget = 158,723.0 | inventory = 1
[ 2024-08-05 10:14:35,643 ] 161 : Bought 1 shares at price 68,900 | Portfolio Value = 1,063,523.0 | Budget = 89,788.55 | inventory = 2
[ 2024-08-05 10:14:35,658 ] 162 : Bought 1 shares at price 68,800 | Portfolio Value = 1,054,388.55 | Budget = 20,954.15 | inventory = 3
[ 2024-08-05 10:14:35,708 ] 165 : Sold 13 shares at price 68,400 | Profit = -15,600 | Portfolio Value = 1,049,954.15 | Budget = 909,709.55 | inventory = 2
[ 2024-08-05 10:14:35,782 ] 169 : Bought 10 shares at price 66,400 | Portfolio Value = 1,041,709.55 | Budget = 245,377.55 | inventory = 3
[ 2024-08-05 10:14:35,798 ] 170 : Sold 1 shares at price 68,200 | Profit = -700 | Portfolio Value = 1,042,177.55 | Budget = 313,543.45 | inventory = 2
[ 2024-08-05 10:14:35,830 ] 172 : Bought 4 shares at price 68,000 | Portfolio Value = 1,071,443.45 | Budget = 41,407.45 | inventory = 3
[ 2024-08-05 10:14:35,899 ] 176 : Sold 1 shares at price 69,500 | Profit = 700 | Portfolio Value = 1,098,907.45 | Budget = 110,872.7 | inventory = 2
[ 2024-08-05 10:14:35,915 ] 177 : Bought 1 shares at price 68,800 | Portfolio Value = 1,083,872.7 | Budget = 42,038.3 | inventory = 3
[ 2024-08-05 10:14:35,930 ] 178 : Sold 10 shares at price 68,400 | Profit = 20,000 | Portfolio Value = 1,074,038.3 | Budget = 725,696.3 | inventory = 2
[ 2024-08-05 10:14:35,960 ] 180 : Bought 2 shares at price 68,000 | Portfolio Value = 1,068,196.3 | Budget = 589,628.3 | inventory = 3
[ 2024-08-05 10:14:35,991 ] 182 : Sold 4 shares at price 67,300 | Profit = -2,800 | Portfolio Value = 1,056,528.3 | Budget = 858,693.7 | inventory = 2
[ 2024-08-05 10:14:36,007 ] 183 : Sold 1 shares at price 67,300 | Profit = -1,500 | Portfolio Value = 1,060,593.7 | Budget = 925,960.05 | inventory = 1
[ 2024-08-05 10:14:36,038 ] 185 : Bought 4 shares at price 68,600 | Portfolio Value = 1,059,760.05 | Budget = 651,422.85 | inventory = 2
[ 2024-08-05 10:14:36,052 ] 186 : Sold 2 shares at price 69,700 | Profit = 3,400 | Portfolio Value = 1,063,022.85 | Budget = 790,753.15 | inventory = 1
[ 2024-08-05 10:14:36,068 ] 187 : Bought 8 shares at price 69,600 | Portfolio Value = 1,069,553.15 | Budget = 233,674.75 | inventory = 2
[ 2024-08-05 10:14:36,082 ] 188 : Bought 2 shares at price 70,900 | Portfolio Value = 1,068,874.75 | Budget = 91,803.85 | inventory = 3
[ 2024-08-05 10:14:36,130 ] 191 : Sold 4 shares at price 70,300 | Profit = 6,800 | Portfolio Value = 1,070,403.85 | Budget = 372,863.25 | inventory = 2
[ 2024-08-05 10:14:36,145 ] 192 : Sold 8 shares at price 70,500 | Profit = 7,200 | Portfolio Value = 1,075,863.25 | Budget = 936,581.25 | inventory = 1
[ 2024-08-05 10:14:36,161 ] 193 : Bought 6 shares at price 70,400 | Portfolio Value = 1,077,581.25 | Budget = 513,970.05 | inventory = 2
[ 2024-08-05 10:14:36,176 ] 194 : Bought 1 shares at price 70,800 | Portfolio Value = 1,077,170.05 | Budget = 443,134.65 | inventory = 3
[ 2024-08-05 10:14:36,191 ] 195 : Bought 4 shares at price 72,200 | Portfolio Value = 1,080,334.65 | Budget = 154,190.25 | inventory = 4
[ 2024-08-05 10:14:36,206 ] 196 : Sold 2 shares at price 72,800 | Profit = 3,800 | Portfolio Value = 1,092,790.25 | Budget = 299,717.45 | inventory = 3
[ 2024-08-05 10:14:36,221 ] 197 : Sold 6 shares at price 72,500 | Profit = 12,600 | Portfolio Value = 1,100,517.45 | Budget = 734,499.95 | inventory = 2
[ 2024-08-05 10:14:36,235 ] 198 : Sold 1 shares at price 72,700 | Profit = 1,900 | Portfolio Value = 1,096,999.95 | Budget = 807,163.6 | inventory = 1
[ 2024-08-05 10:14:36,250 ] 199 : Sold 4 shares at price 72,800 | Profit = 2,400 | Portfolio Value = 1,097,963.6 | Budget = 1,098,218.0 | inventory = 0
[ 2024-08-05 10:14:36,267 ] 200 : Bought 1 shares at price 72,800 | Portfolio Value = 1,098,218.0 | Budget = 1,025,381.6 | inventory = 1
[ 2024-08-05 10:14:36,317 ] 203 : Sold 1 shares at price 71,300 | Profit = -1,500 | Portfolio Value = 1,097,081.6 | Budget = 1,096,645.95 | inventory = 0
[ 2024-08-05 10:14:36,343 ] 204 : Bought 12 shares at price 72,700 | Portfolio Value = 1,096,645.95 | Budget = 223,809.75 | inventory = 1
[ 2024-08-05 10:14:36,400 ] 207 : Bought 1 shares at price 72,000 | Portfolio Value = 1,097,409.75 | Budget = 151,773.75 | inventory = 2
[ 2024-08-05 10:14:36,455 ] 210 : Bought 2 shares at price 71,700 | Portfolio Value = 1,077,373.75 | Budget = 8,302.05 | inventory = 3
[ 2024-08-05 10:14:36,472 ] 211 : Sold 12 shares at price 71,500 | Profit = -14,400 | Portfolio Value = 1,083,802.05 | Budget = 865,873.05 | inventory = 2
[ 2024-08-05 10:14:36,491 ] 212 : Bought 6 shares at price 72,600 | Portfolio Value = 1,080,373.05 | Budget = 430,055.25 | inventory = 3
[ 2024-08-05 10:14:36,524 ] 214 : Sold 1 shares at price 73,500 | Profit = 1,500 | Portfolio Value = 1,087,055.25 | Budget = 503,518.5 | inventory = 2
[ 2024-08-05 10:14:36,576 ] 217 : Sold 2 shares at price 73,300 | Profit = 3,200 | Portfolio Value = 1,088,318.5 | Budget = 650,045.2 | inventory = 1
[ 2024-08-05 10:14:36,594 ] 218 : Bought 6 shares at price 72,900 | Portfolio Value = 1,089,845.2 | Budget = 212,426.5 | inventory = 2
[ 2024-08-05 10:14:36,612 ] 219 : Sold 6 shares at price 73,400 | Profit = 4,800 | Portfolio Value = 1,087,226.5 | Budget = 652,606.3 | inventory = 1
[ 2024-08-05 10:14:36,629 ] 220 : Bought 1 shares at price 74,800 | Portfolio Value = 1,093,006.3 | Budget = 577,768.9 | inventory = 2
[ 2024-08-05 10:14:36,645 ] 221 : Bought 7 shares at price 75,000 | Portfolio Value = 1,101,368.9 | Budget = 52,506.4 | inventory = 3
[ 2024-08-05 10:14:36,724 ] Episode: 1, Total Reward: -140,645.63863294915, Total Profit: 108,200, Profit Rate: 10.82%
[ 2024-08-05 10:14:36,724 ] ----------------------------------------------------------------------------------------------------
[ 2024-08-05 10:14:36,758 ] 1 : Bought 7 shares at price 61,800 | Portfolio Value = 1,000,000.0 | Budget = 567,183.7 | inventory = 1
[ 2024-08-05 10:14:36,776 ] 2 : Sold 7 shares at price 63,500 | Profit = 11,900 | Portfolio Value = 999,783.7 | Budget = 1,011,461.45 | inventory = 0
[ 2024-08-05 10:14:36,793 ] 3 : Bought 13 shares at price 63,800 | Portfolio Value = 1,011,461.45 | Budget = 181,646.75 | inventory = 1
[ 2024-08-05 10:14:36,809 ] 4 : Sold 13 shares at price 61,600 | Profit = -28,600 | Portfolio Value = 1,011,046.75 | Budget = 982,046.35 | inventory = 0
[ 2024-08-05 10:14:36,826 ] 5 : Bought 10 shares at price 61,900 | Portfolio Value = 982,046.35 | Budget = 362,736.85 | inventory = 1
[ 2024-08-05 10:14:36,842 ] 6 : Bought 5 shares at price 63,100 | Portfolio Value = 981,736.85 | Budget = 47,079.1 | inventory = 2
[ 2024-08-05 10:14:36,894 ] 9 : Sold 10 shares at price 62,900 | Profit = 10,000 | Portfolio Value = 989,079.1 | Budget = 675,764.6 | inventory = 1
[ 2024-08-05 10:14:36,948 ] 12 : Bought 6 shares at price 63,700 | Portfolio Value = 986,764.6 | Budget = 293,373.5 | inventory = 2
[ 2024-08-05 10:14:36,983 ] 14 : Sold 5 shares at price 62,700 | Profit = -2,000 | Portfolio Value = 981,973.5 | Budget = 606,716.75 | inventory = 1
[ 2024-08-05 10:14:37,000 ] 15 : Sold 6 shares at price 62,100 | Profit = -9,600 | Portfolio Value = 982,916.75 | Budget = 979,130.45 | inventory = 0
[ 2024-08-05 10:14:37,032 ] 17 : Bought 11 shares at price 62,000 | Portfolio Value = 979,130.45 | Budget = 296,789.45 | inventory = 1
[ 2024-08-05 10:14:37,066 ] 19 : Sold 11 shares at price 60,500 | Profit = -16,500 | Portfolio Value = 971,089.45 | Budget = 961,956.7 | inventory = 0
[ 2024-08-05 10:14:37,084 ] 20 : Bought 3 shares at price 60,600 | Portfolio Value = 961,956.7 | Budget = 780,065.8 | inventory = 1
[ 2024-08-05 10:14:37,105 ] 21 : Sold 3 shares at price 60,800 | Profit = 600 | Portfolio Value = 961,865.8 | Budget = 962,374.6 | inventory = 0
[ 2024-08-05 10:14:37,171 ] 25 : Bought 10 shares at price 60,300 | Portfolio Value = 962,374.6 | Budget = 359,073.1 | inventory = 1
[ 2024-08-05 10:14:37,187 ] 26 : Sold 10 shares at price 60,100 | Profit = -2,000 | Portfolio Value = 962,073.1 | Budget = 959,772.6 | inventory = 0
[ 2024-08-05 10:14:37,236 ] 29 : Bought 8 shares at price 59,000 | Portfolio Value = 959,772.6 | Budget = 487,536.6 | inventory = 1
[ 2024-08-05 10:14:37,253 ] 30 : Sold 8 shares at price 59,800 | Profit = 6,400 | Portfolio Value = 959,536.6 | Budget = 965,697.4 | inventory = 0
[ 2024-08-05 10:14:37,284 ] 32 : Bought 14 shares at price 61,300 | Portfolio Value = 965,697.4 | Budget = 107,068.3 | inventory = 1
[ 2024-08-05 10:14:37,316 ] 34 : Bought 1 shares at price 60,300 | Portfolio Value = 949,868.3 | Budget = 46,738.15 | inventory = 2
[ 2024-08-05 10:14:37,331 ] 35 : Sold 14 shares at price 61,100 | Profit = -2,800 | Portfolio Value = 951,238.15 | Budget = 901,710.45 | inventory = 1
[ 2024-08-05 10:14:37,367 ] 37 : Bought 6 shares at price 63,000 | Portfolio Value = 964,010.45 | Budget = 523,521.45 | inventory = 2
[ 2024-08-05 10:14:37,389 ] 38 : Sold 1 shares at price 62,100 | Profit = 1,800 | Portfolio Value = 964,521.45 | Budget = 585,590.4 | inventory = 1
[ 2024-08-05 10:14:37,406 ] 39 : Sold 6 shares at price 62,900 | Profit = -600 | Portfolio Value = 958,190.4 | Budget = 962,801.7 | inventory = 0
[ 2024-08-05 10:14:37,453 ] 42 : Bought 4 shares at price 64,000 | Portfolio Value = 962,801.7 | Budget = 706,673.7 | inventory = 1
[ 2024-08-05 10:14:37,484 ] 44 : Sold 4 shares at price 63,600 | Profit = -1,600 | Portfolio Value = 959,073.7 | Budget = 960,946.5 | inventory = 0
[ 2024-08-05 10:14:37,546 ] 48 : Bought 8 shares at price 65,700 | Portfolio Value = 960,946.5 | Budget = 435,083.7 | inventory = 1
[ 2024-08-05 10:14:37,562 ] 49 : Bought 6 shares at price 65,900 | Portfolio Value = 960,683.7 | Budget = 39,486.0 | inventory = 2
[ 2024-08-05 10:14:37,577 ] 50 : Sold 8 shares at price 66,000 | Profit = 2,400 | Portfolio Value = 962,086.0 | Budget = 567,222.0 | inventory = 1
[ 2024-08-05 10:14:37,593 ] 51 : Bought 7 shares at price 66,100 | Portfolio Value = 963,222.0 | Budget = 104,290.65 | inventory = 2
[ 2024-08-05 10:14:37,615 ] 52 : Sold 6 shares at price 65,100 | Profit = -4,800 | Portfolio Value = 963,590.65 | Budget = 494,695.35 | inventory = 1
[ 2024-08-05 10:14:37,634 ] 53 : Sold 7 shares at price 65,300 | Profit = -5,600 | Portfolio Value = 950,395.35 | Budget = 951,566.8 | inventory = 0
[ 2024-08-05 10:14:37,668 ] 55 : Bought 1 shares at price 65,500 | Portfolio Value = 951,566.8 | Budget = 886,034.05 | inventory = 1
[ 2024-08-05 10:14:37,702 ] 56 : Bought 12 shares at price 65,300 | Portfolio Value = 951,534.05 | Budget = 102,042.25 | inventory = 2
[ 2024-08-05 10:14:37,736 ] 58 : Bought 1 shares at price 65,200 | Portfolio Value = 956,142.25 | Budget = 36,809.65 | inventory = 3
[ 2024-08-05 10:14:37,862 ] 66 : Sold 1 shares at price 65,900 | Profit = 400 | Portfolio Value = 948,209.65 | Budget = 102,676.7 | inventory = 2
[ 2024-08-05 10:14:37,877 ] 67 : Bought 1 shares at price 65,300 | Portfolio Value = 959,376.7 | Budget = 37,344.05 | inventory = 3
[ 2024-08-05 10:14:37,928 ] 70 : Sold 12 shares at price 64,100 | Profit = -14,400 | Portfolio Value = 936,144.05 | Budget = 806,159.45 | inventory = 2
[ 2024-08-05 10:14:37,959 ] 72 : Bought 4 shares at price 65,400 | Portfolio Value = 935,159.45 | Budget = 544,428.65 | inventory = 3
[ 2024-08-05 10:14:38,004 ] 75 : Bought 1 shares at price 68,400 | Portfolio Value = 941,628.65 | Budget = 475,994.45 | inventory = 4
[ 2024-08-05 10:14:38,020 ] 76 : Bought 4 shares at price 68,500 | Portfolio Value = 954,794.45 | Budget = 201,857.45 | inventory = 5
[ 2024-08-05 10:14:38,037 ] 77 : Bought 1 shares at price 68,400 | Portfolio Value = 955,357.45 | Budget = 133,423.25 | inventory = 6
[ 2024-08-05 10:14:38,068 ] 78 : Sold 1 shares at price 68,500 | Profit = 3,300 | Portfolio Value = 954,223.25 | Budget = 201,889.0 | inventory = 5
[ 2024-08-05 10:14:38,085 ] 79 : Sold 1 shares at price 68,800 | Profit = 3,500 | Portfolio Value = 955,389.0 | Budget = 270,654.6 | inventory = 4
[ 2024-08-05 10:14:38,102 ] 80 : Bought 3 shares at price 70,300 | Portfolio Value = 958,654.6 | Budget = 59,649.15 | inventory = 5
[ 2024-08-05 10:14:38,136 ] 82 : Sold 4 shares at price 71,400 | Profit = 24,000 | Portfolio Value = 999,549.15 | Budget = 345,106.35 | inventory = 4
[ 2024-08-05 10:14:38,172 ] 84 : Bought 2 shares at price 72,200 | Portfolio Value = 983,206.35 | Budget = 200,634.15 | inventory = 5
[ 2024-08-05 10:14:38,226 ] 87 : Sold 1 shares at price 70,900 | Profit = 2,500 | Portfolio Value = 981,634.15 | Budget = 271,498.7 | inventory = 4
[ 2024-08-05 10:14:38,244 ] 88 : Sold 4 shares at price 72,000 | Profit = 14,000 | Portfolio Value = 980,498.7 | Budget = 559,354.7 | inventory = 3
[ 2024-08-05 10:14:38,261 ] 89 : Sold 1 shares at price 71,000 | Profit = 2,600 | Portfolio Value = 991,354.7 | Budget = 630,319.2 | inventory = 2
[ 2024-08-05 10:14:38,276 ] 90 : Bought 8 shares at price 72,000 | Portfolio Value = 985,319.2 | Budget = 54,031.2 | inventory = 3
[ 2024-08-05 10:14:38,359 ] 95 : Sold 3 shares at price 71,400 | Profit = 3,300 | Portfolio Value = 979,631.2 | Budget = 268,124.1 | inventory = 2
[ 2024-08-05 10:14:38,376 ] 96 : Bought 1 shares at price 70,500 | Portfolio Value = 982,124.1 | Budget = 197,588.85 | inventory = 3
[ 2024-08-05 10:14:38,409 ] 98 : Sold 2 shares at price 71,600 | Profit = -1,200 | Portfolio Value = 981,888.85 | Budget = 340,717.25 | inventory = 2
[ 2024-08-05 10:14:38,427 ] 99 : Sold 8 shares at price 72,400 | Profit = 3,200 | Portfolio Value = 985,117.25 | Budget = 919,627.65 | inventory = 1
[ 2024-08-05 10:14:38,443 ] 100 : Bought 8 shares at price 72,600 | Portfolio Value = 992,027.65 | Budget = 338,537.25 | inventory = 2
[ 2024-08-05 10:14:38,462 ] 101 : Bought 3 shares at price 72,700 | Portfolio Value = 991,937.25 | Budget = 120,328.2 | inventory = 3
[ 2024-08-05 10:14:38,478 ] 102 : Bought 1 shares at price 72,400 | Portfolio Value = 992,728.2 | Budget = 47,892.0 | inventory = 4
[ 2024-08-05 10:14:38,526 ] 105 : Sold 1 shares at price 73,000 | Profit = 2,500 | Portfolio Value = 996,892.0 | Budget = 120,855.5 | inventory = 3
[ 2024-08-05 10:14:38,649 ] 110 : Sold 8 shares at price 71,500 | Profit = -8,800 | Portfolio Value = 954,855.5 | Budget = 692,569.5 | inventory = 2
[ 2024-08-05 10:14:38,668 ] 111 : Sold 3 shares at price 71,900 | Profit = -2,400 | Portfolio Value = 978,569.5 | Budget = 908,161.65 | inventory = 1
[ 2024-08-05 10:14:38,686 ] 112 : Bought 10 shares at price 71,900 | Portfolio Value = 980,061.65 | Budget = 188,802.15 | inventory = 2
[ 2024-08-05 10:14:38,723 ] 114 : Bought 2 shares at price 73,300 | Portfolio Value = 996,202.15 | Budget = 42,128.85 | inventory = 3
[ 2024-08-05 10:14:38,918 ] 125 : Sold 1 shares at price 71,100 | Profit = -1,300 | Portfolio Value = 949,528.85 | Budget = 113,193.3 | inventory = 2
[ 2024-08-05 10:14:38,935 ] 126 : Bought 1 shares at price 69,900 | Portfolio Value = 966,393.3 | Budget = 43,258.35 | inventory = 3
[ 2024-08-05 10:14:39,037 ] 132 : Sold 10 shares at price 68,000 | Profit = -39,000 | Portfolio Value = 938,958.35 | Budget = 722,918.35 | inventory = 2
[ 2024-08-05 10:14:39,054 ] 133 : Bought 1 shares at price 67,500 | Portfolio Value = 926,918.35 | Budget = 655,384.6 | inventory = 3
[ 2024-08-05 10:14:39,071 ] 134 : Bought 9 shares at price 67,300 | Portfolio Value = 925,384.6 | Budget = 49,381.75 | inventory = 4
[ 2024-08-05 10:14:39,137 ] 138 : Sold 2 shares at price 66,600 | Profit = -13,400 | Portfolio Value = 911,281.75 | Budget = 182,515.15 | inventory = 3
[ 2024-08-05 10:14:39,153 ] 139 : Bought 1 shares at price 66,600 | Portfolio Value = 915,115.15 | Budget = 115,881.85 | inventory = 4
[ 2024-08-05 10:14:39,169 ] 140 : Sold 1 shares at price 67,100 | Profit = -2,800 | Portfolio Value = 915,081.85 | Budget = 182,948.3 | inventory = 3
[ 2024-08-05 10:14:39,186 ] 141 : Sold 1 shares at price 68,200 | Profit = 700 | Portfolio Value = 921,048.3 | Budget = 251,114.2 | inventory = 2
[ 2024-08-05 10:14:39,287 ] 147 : Sold 9 shares at price 71,000 | Profit = 33,300 | Portfolio Value = 920,114.2 | Budget = 889,794.7 | inventory = 1
[ 2024-08-05 10:14:39,336 ] 150 : Sold 1 shares at price 70,000 | Profit = 3,400 | Portfolio Value = 960,494.7 | Budget = 959,759.7 | inventory = 0
[ 2024-08-05 10:14:39,434 ] 156 : Bought 10 shares at price 71,700 | Portfolio Value = 959,759.7 | Budget = 242,401.2 | inventory = 1
[ 2024-08-05 10:14:39,450 ] 157 : Sold 10 shares at price 72,000 | Profit = 3,000 | Portfolio Value = 959,401.2 | Budget = 962,041.2 | inventory = 0
[ 2024-08-05 10:14:39,592 ] 165 : Bought 2 shares at price 68,400 | Portfolio Value = 962,041.2 | Budget = 825,172.8 | inventory = 1
[ 2024-08-05 10:14:39,608 ] 166 : Bought 10 shares at price 67,500 | Portfolio Value = 961,972.8 | Budget = 149,835.3 | inventory = 2
[ 2024-08-05 10:14:39,625 ] 167 : Sold 2 shares at price 66,700 | Profit = -3,400 | Portfolio Value = 959,835.3 | Budget = 283,168.6 | inventory = 1
[ 2024-08-05 10:14:39,642 ] 168 : Bought 4 shares at price 66,000 | Portfolio Value = 950,168.6 | Budget = 19,036.6 | inventory = 2
[ 2024-08-05 10:14:39,658 ] 169 : Sold 10 shares at price 66,400 | Profit = -11,000 | Portfolio Value = 943,036.6 | Budget = 682,704.6 | inventory = 1
[ 2024-08-05 10:14:39,674 ] 170 : Sold 4 shares at price 68,200 | Profit = 8,800 | Portfolio Value = 948,304.6 | Budget = 955,368.2 | inventory = 0
[ 2024-08-05 10:14:39,691 ] 171 : Bought 8 shares at price 68,900 | Portfolio Value = 955,368.2 | Budget = 403,892.6 | inventory = 1
[ 2024-08-05 10:14:39,707 ] 172 : Sold 8 shares at price 68,000 | Profit = -7,200 | Portfolio Value = 955,092.6 | Budget = 947,620.6 | inventory = 0
[ 2024-08-05 10:14:39,775 ] 176 : Bought 6 shares at price 69,500 | Portfolio Value = 947,620.6 | Budget = 530,412.1 | inventory = 1
[ 2024-08-05 10:14:39,791 ] 177 : Sold 6 shares at price 68,800 | Profit = -4,200 | Portfolio Value = 947,412.1 | Budget = 943,005.7 | inventory = 0
[ 2024-08-05 10:14:39,843 ] 180 : Bought 6 shares at price 68,000 | Portfolio Value = 943,005.7 | Budget = 534,801.7 | inventory = 1
[ 2024-08-05 10:14:39,877 ] 182 : Sold 6 shares at price 67,300 | Profit = -4,200 | Portfolio Value = 935,001.7 | Budget = 938,399.8 | inventory = 0
[ 2024-08-05 10:14:39,963 ] 187 : Bought 7 shares at price 69,600 | Portfolio Value = 938,399.8 | Budget = 450,956.2 | inventory = 1
[ 2024-08-05 10:14:39,979 ] 188 : Bought 5 shares at price 70,900 | Portfolio Value = 938,156.2 | Budget = 96,278.95 | inventory = 2
[ 2024-08-05 10:14:39,996 ] 189 : Bought 1 shares at price 70,900 | Portfolio Value = 947,078.95 | Budget = 25,343.5 | inventory = 3
[ 2024-08-05 10:14:40,051 ] 192 : Sold 7 shares at price 70,500 | Profit = 6,300 | Portfolio Value = 939,243.5 | Budget = 518,596.75 | inventory = 2
[ 2024-08-05 10:14:40,069 ] 193 : Sold 5 shares at price 70,400 | Profit = -2,500 | Portfolio Value = 941,596.75 | Budget = 870,420.75 | inventory = 1
[ 2024-08-05 10:14:40,090 ] 194 : Sold 1 shares at price 70,800 | Profit = -100 | Portfolio Value = 940,820.75 | Budget = 941,185.35 | inventory = 0
[ 2024-08-05 10:14:40,144 ] 197 : Bought 12 shares at price 72,500 | Portfolio Value = 941,185.35 | Budget = 70,750.35 | inventory = 1
[ 2024-08-05 10:14:40,213 ] 201 : Sold 12 shares at price 72,400 | Profit = -1,200 | Portfolio Value = 944,350.35 | Budget = 939,115.95 | inventory = 0
[ 2024-08-05 10:14:40,230 ] 202 : Bought 2 shares at price 71,700 | Portfolio Value = 939,115.95 | Budget = 795,644.25 | inventory = 1
[ 2024-08-05 10:14:40,283 ] 205 : Sold 2 shares at price 72,700 | Profit = 2,000 | Portfolio Value = 941,044.25 | Budget = 940,971.55 | inventory = 0
[ 2024-08-05 10:14:40,301 ] 206 : Bought 2 shares at price 72,800 | Portfolio Value = 940,971.55 | Budget = 795,298.75 | inventory = 1
[ 2024-08-05 10:14:40,362 ] 209 : Sold 2 shares at price 71,200 | Profit = -3,200 | Portfolio Value = 940,498.75 | Budget = 937,627.55 | inventory = 0
[ 2024-08-05 10:14:40,485 ] 216 : Bought 3 shares at price 73,100 | Portfolio Value = 937,627.55 | Budget = 718,217.9 | inventory = 1
[ 2024-08-05 10:14:40,502 ] 217 : Bought 7 shares at price 73,300 | Portfolio Value = 937,517.9 | Budget = 204,861.35 | inventory = 2
[ 2024-08-05 10:14:40,521 ] 218 : Sold 3 shares at price 72,900 | Profit = -600 | Portfolio Value = 937,861.35 | Budget = 423,452.0 | inventory = 1
[ 2024-08-05 10:14:40,538 ] 219 : Sold 7 shares at price 73,400 | Profit = 700 | Portfolio Value = 933,752.0 | Budget = 936,995.1 | inventory = 0
[ 2024-08-05 10:14:40,593 ] 222 : Bought 9 shares at price 75,900 | Portfolio Value = 936,995.1 | Budget = 253,553.55 | inventory = 1
[ 2024-08-05 10:14:40,629 ] 224 : Sold 9 shares at price 78,000 | Profit = 18,900 | Portfolio Value = 942,953.55 | Budget = 955,202.55 | inventory = 0
[ 2024-08-05 10:14:40,647 ] 225 : Bought 5 shares at price 78,500 | Portfolio Value = 955,202.55 | Budget = 562,506.3 | inventory = 1
[ 2024-08-05 10:14:40,666 ] 0 : Bought 12 shares at price 61,000 | Portfolio Value = 1,000,000 | Budget = 267,634.0 | inventory = 1
[ 2024-08-05 10:14:40,684 ] 1 : Sold 12 shares at price 61,800 | Profit = 9,600 | Portfolio Value = 999,634.0 | Budget = 1,008,863.2 | inventory = 0
[ 2024-08-05 10:14:40,718 ] 3 : Bought 10 shares at price 63,800 | Portfolio Value = 1,008,863.2 | Budget = 370,544.2 | inventory = 1
[ 2024-08-05 10:14:40,753 ] 5 : Bought 3 shares at price 61,900 | Portfolio Value = 986,544.2 | Budget = 184,751.35 | inventory = 2
[ 2024-08-05 10:14:40,821 ] 9 : Bought 1 shares at price 62,900 | Portfolio Value = 1,001,151.35 | Budget = 121,819.9 | inventory = 3
[ 2024-08-05 10:14:40,838 ] 10 : Sold 10 shares at price 63,200 | Profit = -6,000 | Portfolio Value = 1,002,419.9 | Budget = 753,503.9 | inventory = 2
[ 2024-08-05 10:14:40,859 ] 11 : Bought 7 shares at price 62,200 | Portfolio Value = 1,006,303.9 | Budget = 317,886.2 | inventory = 3
[ 2024-08-05 10:14:40,877 ] 12 : Sold 3 shares at price 63,700 | Profit = 5,400 | Portfolio Value = 1,002,086.2 | Budget = 508,890.65 | inventory = 2
[ 2024-08-05 10:14:40,894 ] 13 : Bought 2 shares at price 62,600 | Portfolio Value = 1,018,490.65 | Budget = 383,628.05 | inventory = 3
[ 2024-08-05 10:14:40,931 ] 15 : Sold 1 shares at price 62,100 | Profit = -800 | Portfolio Value = 1,010,628.05 | Budget = 445,697.0 | inventory = 2
[ 2024-08-05 10:14:40,964 ] 17 : Sold 7 shares at price 62,000 | Profit = -1,400 | Portfolio Value = 995,597.0 | Budget = 879,480.0 | inventory = 1
[ 2024-08-05 10:14:40,998 ] 19 : Sold 2 shares at price 60,500 | Profit = -4,200 | Portfolio Value = 1,002,080.0 | Budget = 1,000,419.5 | inventory = 0
[ 2024-08-05 10:14:41,049 ] 22 : Bought 5 shares at price 60,500 | Portfolio Value = 1,000,419.5 | Budget = 697,768.25 | inventory = 1
[ 2024-08-05 10:14:41,066 ] 23 : Sold 5 shares at price 61,500 | Profit = 5,000 | Portfolio Value = 1,000,268.25 | Budget = 1,005,114.5 | inventory = 0
[ 2024-08-05 10:14:41,107 ] 25 : Bought 7 shares at price 60,300 | Portfolio Value = 1,005,114.5 | Budget = 582,803.45 | inventory = 1
[ 2024-08-05 10:14:41,126 ] 26 : Sold 7 shares at price 60,100 | Profit = -1,400 | Portfolio Value = 1,004,903.45 | Budget = 1,003,293.1 | inventory = 0
[ 2024-08-05 10:14:41,143 ] 27 : Bought 13 shares at price 59,500 | Portfolio Value = 1,003,293.1 | Budget = 229,406.35 | inventory = 1
[ 2024-08-05 10:14:41,162 ] 28 : Bought 1 shares at price 60,000 | Portfolio Value = 1,002,906.35 | Budget = 169,376.35 | inventory = 2
[ 2024-08-05 10:14:41,178 ] 29 : Sold 13 shares at price 59,000 | Profit = -6,500 | Portfolio Value = 1,009,376.35 | Budget = 935,992.85 | inventory = 1
[ 2024-08-05 10:14:41,197 ] 30 : Bought 3 shares at price 59,800 | Portfolio Value = 994,992.85 | Budget = 756,503.15 | inventory = 2
[ 2024-08-05 10:14:41,213 ] 31 : Bought 3 shares at price 59,900 | Portfolio Value = 995,703.15 | Budget = 576,713.3 | inventory = 3
[ 2024-08-05 10:14:41,230 ] 32 : Bought 1 shares at price 61,300 | Portfolio Value = 996,013.3 | Budget = 515,382.65 | inventory = 4
[ 2024-08-05 10:14:41,248 ] 33 : Sold 1 shares at price 60,200 | Profit = 200 | Portfolio Value = 1,005,782.65 | Budget = 575,552.55 | inventory = 3
[ 2024-08-05 10:14:41,298 ] 36 : Sold 3 shares at price 62,300 | Profit = 7,500 | Portfolio Value = 1,003,252.55 | Budget = 762,359.1 | inventory = 2
[ 2024-08-05 10:14:41,315 ] 37 : Sold 3 shares at price 63,000 | Profit = 9,300 | Portfolio Value = 1,011,559.1 | Budget = 951,264.6 | inventory = 1
[ 2024-08-05 10:14:41,331 ] 38 : Bought 15 shares at price 62,100 | Portfolio Value = 1,014,264.6 | Budget = 19,298.85 | inventory = 2
[ 2024-08-05 10:14:41,466 ] 46 : Sold 1 shares at price 62,300 | Profit = 1,000 | Portfolio Value = 1,041,698.85 | Budget = 81,567.7 | inventory = 1
[ 2024-08-05 10:14:41,483 ] 47 : Sold 15 shares at price 65,000 | Profit = 43,500 | Portfolio Value = 1,016,067.7 | Budget = 1,056,080.2 | inventory = 0
[ 2024-08-05 10:14:41,518 ] 49 : Bought 14 shares at price 65,900 | Portfolio Value = 1,056,080.2 | Budget = 133,018.9 | inventory = 1
[ 2024-08-05 10:14:41,552 ] 51 : Sold 14 shares at price 66,100 | Profit = 2,800 | Portfolio Value = 1,057,018.9 | Budget = 1,057,956.2 | inventory = 0
[ 2024-08-05 10:14:41,676 ] 58 : Bought 8 shares at price 65,200 | Portfolio Value = 1,057,956.2 | Budget = 536,095.4 | inventory = 1
[ 2024-08-05 10:14:41,693 ] 59 : Bought 5 shares at price 63,600 | Portfolio Value = 1,057,695.4 | Budget = 217,936.4 | inventory = 2
[ 2024-08-05 10:14:41,709 ] 60 : Sold 8 shares at price 64,100 | Profit = -8,800 | Portfolio Value = 1,044,736.4 | Budget = 730,480.0 | inventory = 1
[ 2024-08-05 10:14:41,728 ] 61 : Sold 5 shares at price 64,600 | Profit = 5,000 | Portfolio Value = 1,050,980.0 | Budget = 1,053,318.5 | inventory = 0
[ 2024-08-05 10:14:41,777 ] 64 : Bought 7 shares at price 65,400 | Portfolio Value = 1,053,318.5 | Budget = 595,289.6 | inventory = 1
[ 2024-08-05 10:14:41,796 ] 65 : Sold 7 shares at price 65,100 | Profit = -2,100 | Portfolio Value = 1,053,089.6 | Budget = 1,050,761.75 | inventory = 0
[ 2024-08-05 10:14:41,850 ] 68 : Bought 7 shares at price 64,600 | Portfolio Value = 1,050,761.75 | Budget = 598,335.65 | inventory = 1
[ 2024-08-05 10:14:41,868 ] 69 : Bought 3 shares at price 64,200 | Portfolio Value = 1,050,535.65 | Budget = 405,639.35 | inventory = 2
[ 2024-08-05 10:14:41,884 ] 70 : Sold 7 shares at price 64,100 | Profit = -3,500 | Portfolio Value = 1,047,639.35 | Budget = 854,115.0 | inventory = 1
[ 2024-08-05 10:14:41,911 ] 71 : Sold 3 shares at price 64,500 | Profit = 900 | Portfolio Value = 1,046,415.0 | Budget = 1,047,518.25 | inventory = 0
[ 2024-08-05 10:14:41,945 ] 73 : Bought 3 shares at price 65,000 | Portfolio Value = 1,047,518.25 | Budget = 852,420.75 | inventory = 1
[ 2024-08-05 10:14:41,963 ] 74 : Bought 9 shares at price 66,200 | Portfolio Value = 1,047,420.75 | Budget = 256,322.85 | inventory = 2
[ 2024-08-05 10:14:42,013 ] 77 : Sold 3 shares at price 68,400 | Profit = 10,200 | Portfolio Value = 1,078,322.85 | Budget = 461,420.25 | inventory = 1
[ 2024-08-05 10:14:42,029 ] 78 : Sold 9 shares at price 68,500 | Profit = 20,700 | Portfolio Value = 1,077,020.25 | Budget = 1,077,612.0 | inventory = 0
[ 2024-08-05 10:14:42,080 ] 81 : Bought 5 shares at price 72,300 | Portfolio Value = 1,077,612.0 | Budget = 715,931.25 | inventory = 1
[ 2024-08-05 10:14:42,095 ] 82 : Sold 5 shares at price 71,400 | Profit = -4,500 | Portfolio Value = 1,077,431.25 | Budget = 1,072,752.75 | inventory = 0
[ 2024-08-05 10:14:42,164 ] 86 : Bought 1 shares at price 71,000 | Portfolio Value = 1,072,752.75 | Budget = 1,001,717.25 | inventory = 1
[ 2024-08-05 10:14:42,197 ] 88 : Sold 1 shares at price 72,000 | Profit = 1,000 | Portfolio Value = 1,072,617.25 | Budget = 1,073,681.25 | inventory = 0
[ 2024-08-05 10:14:42,215 ] 89 : Bought 7 shares at price 71,000 | Portfolio Value = 1,073,681.25 | Budget = 576,432.75 | inventory = 1
[ 2024-08-05 10:14:42,251 ] 91 : Sold 7 shares at price 71,900 | Profit = 6,300 | Portfolio Value = 1,080,432.75 | Budget = 1,079,481.1 | inventory = 0
[ 2024-08-05 10:14:42,269 ] 92 : Bought 9 shares at price 71,500 | Portfolio Value = 1,079,481.1 | Budget = 435,659.35 | inventory = 1
[ 2024-08-05 10:14:42,285 ] 93 : Bought 1 shares at price 71,800 | Portfolio Value = 1,079,159.35 | Budget = 363,823.45 | inventory = 2
[ 2024-08-05 10:14:42,321 ] 95 : Sold 9 shares at price 71,400 | Profit = -900 | Portfolio Value = 1,075,823.45 | Budget = 1,006,102.15 | inventory = 1
[ 2024-08-05 10:14:42,337 ] 96 : Bought 2 shares at price 70,500 | Portfolio Value = 1,077,502.15 | Budget = 865,031.65 | inventory = 2
[ 2024-08-05 10:14:42,355 ] 97 : Sold 1 shares at price 71,300 | Profit = -500 | Portfolio Value = 1,076,531.65 | Budget = 936,296.0 | inventory = 1
[ 2024-08-05 10:14:42,371 ] 98 : Bought 8 shares at price 71,600 | Portfolio Value = 1,078,896.0 | Budget = 363,209.6 | inventory = 2
[ 2024-08-05 10:14:42,394 ] 99 : Sold 2 shares at price 72,400 | Profit = 3,800 | Portfolio Value = 1,079,209.6 | Budget = 507,937.2 | inventory = 1
[ 2024-08-05 10:14:42,413 ] 100 : Bought 3 shares at price 72,600 | Portfolio Value = 1,087,137.2 | Budget = 290,028.3 | inventory = 2
[ 2024-08-05 10:14:42,431 ] 101 : Bought 3 shares at price 72,700 | Portfolio Value = 1,088,628.3 | Budget = 71,819.25 | inventory = 3
[ 2024-08-05 10:14:42,454 ] 102 : Sold 8 shares at price 72,400 | Profit = 6,400 | Portfolio Value = 1,089,619.25 | Budget = 650,729.65 | inventory = 2
[ 2024-08-05 10:14:42,472 ] 103 : Bought 7 shares at price 72,200 | Portfolio Value = 1,085,129.65 | Budget = 145,076.95 | inventory = 3
[ 2024-08-05 10:14:42,524 ] 106 : Sold 3 shares at price 72,000 | Profit = -1,800 | Portfolio Value = 1,094,076.95 | Budget = 360,968.95 | inventory = 2
[ 2024-08-05 10:14:42,540 ] 107 : Bought 1 shares at price 71,600 | Portfolio Value = 1,080,968.95 | Budget = 289,333.15 | inventory = 3
[ 2024-08-05 10:14:42,555 ] 108 : Sold 3 shares at price 69,900 | Profit = -8,400 | Portfolio Value = 1,076,933.15 | Budget = 498,928.3 | inventory = 2
[ 2024-08-05 10:14:42,629 ] 112 : Bought 4 shares at price 71,900 | Portfolio Value = 1,074,128.3 | Budget = 211,184.5 | inventory = 3
[ 2024-08-05 10:14:42,646 ] 113 : Bought 1 shares at price 73,400 | Portfolio Value = 1,073,984.5 | Budget = 137,747.8 | inventory = 4
[ 2024-08-05 10:14:42,661 ] 114 : Bought 1 shares at price 73,300 | Portfolio Value = 1,091,947.8 | Budget = 64,411.15 | inventory = 5
[ 2024-08-05 10:14:42,693 ] 116 : Sold 7 shares at price 71,700 | Profit = -3,500 | Portfolio Value = 1,072,411.15 | Budget = 566,060.2 | inventory = 4
[ 2024-08-05 10:14:42,709 ] 117 : Bought 1 shares at price 71,000 | Portfolio Value = 1,067,960.2 | Budget = 495,024.7 | inventory = 5
[ 2024-08-05 10:14:42,724 ] 118 : Bought 6 shares at price 70,300 | Portfolio Value = 1,063,024.7 | Budget = 73,013.8 | inventory = 6
[ 2024-08-05 10:14:42,740 ] 119 : Sold 1 shares at price 70,400 | Profit = -1,200 | Portfolio Value = 1,057,213.8 | Budget = 143,378.6 | inventory = 5
[ 2024-08-05 10:14:42,757 ] 120 : Bought 1 shares at price 70,000 | Portfolio Value = 1,058,578.6 | Budget = 73,343.6 | inventory = 6
[ 2024-08-05 10:14:42,772 ] 121 : Bought 1 shares at price 69,800 | Portfolio Value = 1,053,343.6 | Budget = 3,508.7 | inventory = 7
[ 2024-08-05 10:14:42,788 ] 122 : Sold 4 shares at price 71,700 | Profit = -800 | Portfolio Value = 1,050,508.7 | Budget = 290,165.3 | inventory = 6
[ 2024-08-05 10:14:42,804 ] 123 : Sold 1 shares at price 70,600 | Profit = -2,800 | Portfolio Value = 1,078,865.3 | Budget = 360,730.0 | inventory = 5
[ 2024-08-05 10:14:42,836 ] 125 : Sold 1 shares at price 71,100 | Profit = -2,200 | Portfolio Value = 1,058,730.0 | Budget = 431,794.45 | inventory = 4
[ 2024-08-05 10:14:42,853 ] 126 : Bought 5 shares at price 69,900 | Portfolio Value = 1,071,694.45 | Budget = 82,119.7 | inventory = 5
[ 2024-08-05 10:14:42,887 ] 128 : Bought 1 shares at price 68,300 | Portfolio Value = 1,045,319.7 | Budget = 13,785.55 | inventory = 6
[ 2024-08-05 10:14:42,903 ] 129 : Sold 1 shares at price 68,500 | Profit = -2,500 | Portfolio Value = 1,038,285.55 | Budget = 82,251.3 | inventory = 5
[ 2024-08-05 10:14:42,919 ] 130 : Bought 1 shares at price 67,600 | Portfolio Value = 1,041,251.3 | Budget = 14,617.5 | inventory = 6
[ 2024-08-05 10:14:43,108 ] 142 : Sold 6 shares at price 67,100 | Profit = -19,200 | Portfolio Value = 1,037,617.5 | Budget = 417,016.2 | inventory = 5
[ 2024-08-05 10:14:43,127 ] 143 : Bought 5 shares at price 66,800 | Portfolio Value = 1,020,916.2 | Budget = 82,849.2 | inventory = 6
[ 2024-08-05 10:14:43,143 ] 144 : Sold 1 shares at price 66,800 | Profit = -3,200 | Portfolio Value = 1,018,049.2 | Budget = 149,615.8 | inventory = 5
[ 2024-08-05 10:14:43,303 ] 153 : Bought 1 shares at price 70,800 | Portfolio Value = 1,063,515.8 | Budget = 78,780.4 | inventory = 6
[ 2024-08-05 10:14:43,338 ] 155 : Bought 1 shares at price 70,900 | Portfolio Value = 1,065,780.4 | Budget = 7,844.95 | inventory = 7
[ 2024-08-05 10:14:43,371 ] 157 : Sold 1 shares at price 72,000 | Profit = 2,200 | Portfolio Value = 1,083,344.95 | Budget = 79,808.95 | inventory = 6
[ 2024-08-05 10:14:43,405 ] 159 : Sold 5 shares at price 69,800 | Profit = -500 | Portfolio Value = 1,062,608.95 | Budget = 428,634.45 | inventory = 5
[ 2024-08-05 10:14:43,424 ] 160 : Bought 5 shares at price 69,600 | Portfolio Value = 1,056,834.45 | Budget = 80,460.45 | inventory = 6
[ 2024-08-05 10:14:43,459 ] 162 : Sold 1 shares at price 68,800 | Profit = 500 | Portfolio Value = 1,045,060.45 | Budget = 149,226.05 | inventory = 5
[ 2024-08-05 10:14:43,476 ] 163 : Sold 1 shares at price 69,400 | Profit = 1,800 | Portfolio Value = 1,043,626.05 | Budget = 218,591.35 | inventory = 4
[ 2024-08-05 10:14:43,525 ] 166 : Sold 5 shares at price 67,500 | Profit = 3,500 | Portfolio Value = 1,039,391.35 | Budget = 555,922.6 | inventory = 3
[ 2024-08-05 10:14:43,541 ] 167 : Sold 1 shares at price 66,700 | Profit = -4,100 | Portfolio Value = 1,028,422.6 | Budget = 622,589.25 | inventory = 2
[ 2024-08-05 10:14:43,590 ] 170 : Bought 9 shares at price 68,200 | Portfolio Value = 1,020,989.25 | Budget = 8,482.35 | inventory = 3
[ 2024-08-05 10:14:43,673 ] 175 : Sold 1 shares at price 70,500 | Profit = -400 | Portfolio Value = 1,049,482.35 | Budget = 78,947.1 | inventory = 2
[ 2024-08-05 10:14:43,724 ] 178 : Sold 5 shares at price 68,400 | Profit = -6,000 | Portfolio Value = 1,042,147.1 | Budget = 420,776.1 | inventory = 1
[ 2024-08-05 10:14:43,740 ] 179 : Sold 9 shares at price 68,500 | Profit = 2,700 | Portfolio Value = 1,036,376.1 | Budget = 1,036,967.85 | inventory = 0
[ 2024-08-05 10:14:43,756 ] 180 : Bought 1 shares at price 68,000 | Portfolio Value = 1,036,967.85 | Budget = 968,933.85 | inventory = 1
[ 2024-08-05 10:14:43,772 ] 181 : Bought 8 shares at price 66,700 | Portfolio Value = 1,036,933.85 | Budget = 435,067.05 | inventory = 2
[ 2024-08-05 10:14:43,806 ] 183 : Bought 2 shares at price 67,300 | Portfolio Value = 1,040,767.05 | Budget = 300,399.75 | inventory = 3
[ 2024-08-05 10:14:43,825 ] 184 : Bought 1 shares at price 66,900 | Portfolio Value = 1,040,699.75 | Budget = 233,466.3 | inventory = 4
[ 2024-08-05 10:14:43,875 ] 187 : Bought 2 shares at price 69,600 | Portfolio Value = 1,069,866.3 | Budget = 94,196.7 | inventory = 5
[ 2024-08-05 10:14:43,998 ] 193 : Sold 1 shares at price 70,400 | Profit = 2,400 | Portfolio Value = 1,081,196.7 | Budget = 164,561.5 | inventory = 4
[ 2024-08-05 10:14:44,017 ] 194 : Bought 1 shares at price 70,800 | Portfolio Value = 1,079,761.5 | Budget = 93,726.1 | inventory = 5
[ 2024-08-05 10:14:44,036 ] 195 : Sold 8 shares at price 72,200 | Profit = 44,000 | Portfolio Value = 1,084,926.1 | Budget = 671,037.3 | inventory = 4
[ 2024-08-05 10:14:44,056 ] 196 : Sold 2 shares at price 72,800 | Profit = 11,000 | Portfolio Value = 1,104,237.3 | Budget = 816,564.5 | inventory = 3
[ 2024-08-05 10:14:44,073 ] 197 : Bought 11 shares at price 72,500 | Portfolio Value = 1,107,764.5 | Budget = 18,665.75 | inventory = 4
[ 2024-08-05 10:14:44,148 ] 201 : Sold 1 shares at price 72,400 | Profit = 5,500 | Portfolio Value = 1,110,665.75 | Budget = 91,029.55 | inventory = 3
[ 2024-08-05 10:14:44,166 ] 202 : Bought 1 shares at price 71,700 | Portfolio Value = 1,104,629.55 | Budget = 19,293.7 | inventory = 4
[ 2024-08-05 10:14:44,292 ] 209 : Sold 2 shares at price 71,200 | Profit = 3,200 | Portfolio Value = 1,108,293.7 | Budget = 161,622.5 | inventory = 3
[ 2024-08-05 10:14:44,309 ] 210 : Bought 2 shares at price 71,700 | Portfolio Value = 1,087,222.5 | Budget = 18,150.8 | inventory = 4
[ 2024-08-05 10:14:44,472 ] 219 : Sold 1 shares at price 73,400 | Profit = 2,600 | Portfolio Value = 1,111,650.8 | Budget = 91,514.1 | inventory = 3
[ 2024-08-05 10:14:44,510 ] 221 : Bought 1 shares at price 75,000 | Portfolio Value = 1,138,714.1 | Budget = 16,476.6 | inventory = 4
[ 2024-08-05 10:14:44,546 ] 223 : Sold 11 shares at price 76,600 | Profit = 45,100 | Portfolio Value = 1,154,976.6 | Budget = 858,655.3 | inventory = 3
[ 2024-08-05 10:14:44,580 ] 225 : Bought 7 shares at price 78,500 | Portfolio Value = 1,170,655.3 | Budget = 308,880.55 | inventory = 4
[ 2024-08-05 10:14:44,767 ] 7 : Bought 2 shares at price 63,000 | Portfolio Value = 1,000,000.0 | Budget = 873,937.0 | inventory = 1
[ 2024-08-05 10:14:44,785 ] 8 : Bought 7 shares at price 62,800 | Portfolio Value = 999,937.0 | Budget = 434,117.2 | inventory = 2
[ 2024-08-05 10:14:44,817 ] 10 : Sold 2 shares at price 63,200 | Profit = 400 | Portfolio Value = 1,000,217.2 | Budget = 560,454.0 | inventory = 1
[ 2024-08-05 10:14:44,864 ] 13 : Bought 2 shares at price 62,600 | Portfolio Value = 1,006,354.0 | Budget = 435,191.4 | inventory = 2
[ 2024-08-05 10:14:44,882 ] 14 : Bought 2 shares at price 62,700 | Portfolio Value = 998,591.4 | Budget = 309,728.7 | inventory = 3
[ 2024-08-05 10:14:44,933 ] 17 : Bought 4 shares at price 62,000 | Portfolio Value = 981,828.7 | Budget = 61,604.7 | inventory = 4
[ 2024-08-05 10:14:44,965 ] 19 : Bought 1 shares at price 60,500 | Portfolio Value = 981,104.7 | Budget = 1,074.45 | inventory = 5
[ 2024-08-05 10:14:45,101 ] 27 : Sold 7 shares at price 59,500 | Profit = -23,100 | Portfolio Value = 962,674.45 | Budget = 417,366.2 | inventory = 4
[ 2024-08-05 10:14:45,133 ] 29 : Sold 2 shares at price 59,000 | Profit = -7,200 | Portfolio Value = 957,366.2 | Budget = 535,307.2 | inventory = 3
[ 2024-08-05 10:14:45,167 ] 31 : Sold 2 shares at price 59,900 | Profit = -5,600 | Portfolio Value = 953,907.2 | Budget = 655,047.3 | inventory = 2
[ 2024-08-05 10:14:45,182 ] 32 : Sold 4 shares at price 61,300 | Profit = -2,800 | Portfolio Value = 954,547.3 | Budget = 900,124.7 | inventory = 1
[ 2024-08-05 10:14:45,208 ] 33 : Bought 11 shares at price 60,200 | Portfolio Value = 961,424.7 | Budget = 237,593.6 | inventory = 2
[ 2024-08-05 10:14:45,224 ] 34 : Bought 2 shares at price 60,300 | Portfolio Value = 959,993.6 | Budget = 116,933.3 | inventory = 3
[ 2024-08-05 10:14:45,240 ] 35 : Bought 1 shares at price 61,100 | Portfolio Value = 961,133.3 | Budget = 55,802.75 | inventory = 4
[ 2024-08-05 10:14:45,275 ] 37 : Sold 1 shares at price 63,000 | Profit = 2,500 | Portfolio Value = 990,302.75 | Budget = 118,771.25 | inventory = 3
[ 2024-08-05 10:14:45,292 ] 38 : Sold 11 shares at price 62,100 | Profit = 20,900 | Portfolio Value = 1,000,771.25 | Budget = 801,529.7 | inventory = 2
[ 2024-08-05 10:14:45,308 ] 39 : Sold 2 shares at price 62,900 | Profit = 5,200 | Portfolio Value = 987,829.7 | Budget = 927,266.8 | inventory = 1
[ 2024-08-05 10:14:45,342 ] 41 : Sold 1 shares at price 63,200 | Profit = 2,100 | Portfolio Value = 989,966.8 | Budget = 990,435.2 | inventory = 0
[ 2024-08-05 10:14:45,426 ] 46 : Bought 6 shares at price 62,300 | Portfolio Value = 990,435.2 | Budget = 616,448.3 | inventory = 1
[ 2024-08-05 10:14:45,442 ] 47 : Sold 6 shares at price 65,000 | Profit = 16,200 | Portfolio Value = 990,248.3 | Budget = 1,006,253.3 | inventory = 0
[ 2024-08-05 10:14:45,563 ] 54 : Bought 2 shares at price 65,600 | Portfolio Value = 1,006,253.3 | Budget = 874,987.7 | inventory = 1
[ 2024-08-05 10:14:45,584 ] 55 : Bought 3 shares at price 65,500 | Portfolio Value = 1,006,187.7 | Budget = 678,389.45 | inventory = 2
[ 2024-08-05 10:14:45,602 ] 56 : Bought 9 shares at price 65,300 | Portfolio Value = 1,005,889.45 | Budget = 90,395.6 | inventory = 3
[ 2024-08-05 10:14:45,618 ] 57 : Sold 2 shares at price 65,700 | Profit = 200 | Portfolio Value = 1,004,595.6 | Budget = 221,729.9 | inventory = 2
[ 2024-08-05 10:14:45,634 ] 58 : Bought 2 shares at price 65,200 | Portfolio Value = 1,010,129.9 | Budget = 91,264.7 | inventory = 3
[ 2024-08-05 10:14:45,650 ] 59 : Sold 3 shares at price 63,600 | Profit = -5,700 | Portfolio Value = 1,004,064.7 | Budget = 281,969.3 | inventory = 2
[ 2024-08-05 10:14:45,666 ] 60 : Bought 1 shares at price 64,100 | Portfolio Value = 981,569.3 | Budget = 217,837.25 | inventory = 3
[ 2024-08-05 10:14:45,683 ] 61 : Bought 3 shares at price 64,600 | Portfolio Value = 987,037.25 | Budget = 23,940.35 | inventory = 4
[ 2024-08-05 10:14:45,732 ] 64 : Sold 9 shares at price 65,400 | Profit = 900 | Portfolio Value = 1,009,440.35 | Budget = 612,246.05 | inventory = 3
[ 2024-08-05 10:14:45,749 ] 65 : Bought 7 shares at price 65,100 | Portfolio Value = 1,004,646.05 | Budget = 156,318.2 | inventory = 4
[ 2024-08-05 10:14:45,781 ] 67 : Sold 2 shares at price 65,300 | Profit = 200 | Portfolio Value = 1,013,018.2 | Budget = 286,852.9 | inventory = 3
[ 2024-08-05 10:14:45,797 ] 68 : Bought 4 shares at price 64,600 | Portfolio Value = 1,005,152.9 | Budget = 28,323.7 | inventory = 4
[ 2024-08-05 10:14:45,829 ] 70 : Sold 1 shares at price 64,100 | Profit = 0 | Portfolio Value = 991,323.7 | Budget = 92,391.65 | inventory = 3
[ 2024-08-05 10:14:45,844 ] 71 : Bought 1 shares at price 64,500 | Portfolio Value = 989,791.65 | Budget = 27,859.4 | inventory = 4
[ 2024-08-05 10:14:45,885 ] 73 : Sold 3 shares at price 65,000 | Profit = 1,200 | Portfolio Value = 1,008,859.4 | Budget = 222,761.9 | inventory = 3
[ 2024-08-05 10:14:45,901 ] 74 : Bought 1 shares at price 66,200 | Portfolio Value = 1,002,761.9 | Budget = 156,528.8 | inventory = 4
[ 2024-08-05 10:14:45,918 ] 75 : Bought 1 shares at price 68,400 | Portfolio Value = 1,017,128.8 | Budget = 88,094.6 | inventory = 5
[ 2024-08-05 10:14:45,949 ] 77 : Sold 7 shares at price 68,400 | Profit = 23,100 | Portfolio Value = 1,047,094.6 | Budget = 566,655.2 | inventory = 4
[ 2024-08-05 10:14:45,966 ] 78 : Bought 8 shares at price 68,500 | Portfolio Value = 1,045,455.2 | Budget = 18,381.2 | inventory = 5
[ 2024-08-05 10:14:46,000 ] 80 : Sold 4 shares at price 70,300 | Profit = 22,800 | Portfolio Value = 1,050,381.2 | Budget = 299,440.6 | inventory = 4
[ 2024-08-05 10:14:46,019 ] 81 : Sold 1 shares at price 72,300 | Profit = 7,800 | Portfolio Value = 1,072,740.6 | Budget = 371,704.45 | inventory = 3
[ 2024-08-05 10:14:46,092 ] 85 : Sold 1 shares at price 71,700 | Profit = 5,500 | Portfolio Value = 1,093,704.45 | Budget = 443,368.6 | inventory = 2
[ 2024-08-05 10:14:46,130 ] 87 : Bought 1 shares at price 70,900 | Portfolio Value = 1,082,368.6 | Budget = 372,433.15 | inventory = 3
[ 2024-08-05 10:14:46,146 ] 88 : Sold 1 shares at price 72,000 | Profit = 3,600 | Portfolio Value = 1,081,433.15 | Budget = 444,397.15 | inventory = 2
[ 2024-08-05 10:14:46,163 ] 89 : Sold 8 shares at price 71,000 | Profit = 20,000 | Portfolio Value = 1,092,397.15 | Budget = 1,012,113.15 | inventory = 1
[ 2024-08-05 10:14:46,181 ] 90 : Bought 4 shares at price 72,000 | Portfolio Value = 1,083,113.15 | Budget = 723,969.15 | inventory = 2
[ 2024-08-05 10:14:46,198 ] 91 : Sold 1 shares at price 71,900 | Profit = 1,000 | Portfolio Value = 1,083,969.15 | Budget = 795,833.2 | inventory = 1
[ 2024-08-05 10:14:46,232 ] 93 : Sold 4 shares at price 71,800 | Profit = -800 | Portfolio Value = 1,081,833.2 | Budget = 1,082,889.6 | inventory = 0
[ 2024-08-05 10:14:46,266 ] 95 : Bought 5 shares at price 71,400 | Portfolio Value = 1,082,889.6 | Budget = 725,711.1 | inventory = 1
[ 2024-08-05 10:14:46,283 ] 96 : Sold 5 shares at price 70,500 | Profit = -4,500 | Portfolio Value = 1,082,711.1 | Budget = 1,078,034.85 | inventory = 0
[ 2024-08-05 10:14:46,368 ] 101 : Bought 14 shares at price 72,700 | Portfolio Value = 1,078,034.85 | Budget = 59,725.95 | inventory = 1
[ 2024-08-05 10:14:46,385 ] 102 : Sold 14 shares at price 72,400 | Profit = -4,200 | Portfolio Value = 1,077,525.95 | Budget = 1,072,819.15 | inventory = 0
[ 2024-08-05 10:14:46,404 ] 103 : Bought 10 shares at price 72,200 | Portfolio Value = 1,072,819.15 | Budget = 350,458.15 | inventory = 1
[ 2024-08-05 10:14:46,436 ] 105 : Bought 1 shares at price 73,000 | Portfolio Value = 1,080,458.15 | Budget = 277,421.65 | inventory = 2
[ 2024-08-05 10:14:46,470 ] 107 : Sold 10 shares at price 71,600 | Profit = -6,000 | Portfolio Value = 1,069,421.65 | Budget = 993,063.65 | inventory = 1
[ 2024-08-05 10:14:46,489 ] 108 : Bought 14 shares at price 69,900 | Portfolio Value = 1,064,663.65 | Budget = 13,974.35 | inventory = 2
[ 2024-08-05 10:14:46,555 ] 111 : Sold 1 shares at price 71,900 | Profit = -1,100 | Portfolio Value = 1,086,474.35 | Budget = 85,838.4 | inventory = 1
[ 2024-08-05 10:14:46,592 ] 113 : Bought 1 shares at price 73,400 | Portfolio Value = 1,092,438.4 | Budget = 12,401.7 | inventory = 2
[ 2024-08-05 10:14:46,668 ] 117 : Sold 14 shares at price 71,000 | Profit = 15,400 | Portfolio Value = 1,087,901.7 | Budget = 1,005,904.7 | inventory = 1
[ 2024-08-05 10:14:46,689 ] 118 : Sold 1 shares at price 70,300 | Profit = -3,100 | Portfolio Value = 1,076,904.7 | Budget = 1,076,169.55 | inventory = 0
[ 2024-08-05 10:14:46,706 ] 119 : Bought 2 shares at price 70,400 | Portfolio Value = 1,076,169.55 | Budget = 935,299.15 | inventory = 1
[ 2024-08-05 10:14:46,721 ] 120 : Sold 2 shares at price 70,000 | Profit = -800 | Portfolio Value = 1,076,099.15 | Budget = 1,075,229.15 | inventory = 0
[ 2024-08-05 10:14:46,796 ] 124 : Bought 13 shares at price 69,800 | Portfolio Value = 1,075,229.15 | Budget = 167,375.45 | inventory = 1
[ 2024-08-05 10:14:46,815 ] 125 : Bought 2 shares at price 71,100 | Portfolio Value = 1,074,775.45 | Budget = 25,104.35 | inventory = 2
[ 2024-08-05 10:14:46,853 ] 127 : Sold 13 shares at price 68,800 | Profit = -13,000 | Portfolio Value = 1,073,604.35 | Budget = 919,057.15 | inventory = 1
[ 2024-08-05 10:14:46,871 ] 128 : Sold 2 shares at price 68,300 | Profit = -5,600 | Portfolio Value = 1,056,657.15 | Budget = 1,055,588.85 | inventory = 0
[ 2024-08-05 10:14:46,906 ] 130 : Bought 7 shares at price 67,600 | Portfolio Value = 1,055,588.85 | Budget = 582,152.25 | inventory = 1
[ 2024-08-05 10:14:46,940 ] 132 : Sold 7 shares at price 68,000 | Profit = 2,800 | Portfolio Value = 1,064,452.25 | Budget = 1,057,914.25 | inventory = 0
[ 2024-08-05 10:14:47,027 ] 137 : Bought 1 shares at price 66,300 | Portfolio Value = 1,057,914.25 | Budget = 991,581.1 | inventory = 1
[ 2024-08-05 10:14:47,043 ] 138 : Bought 10 shares at price 66,600 | Portfolio Value = 1,057,881.1 | Budget = 325,248.1 | inventory = 2
[ 2024-08-05 10:14:47,064 ] 139 : Bought 1 shares at price 66,600 | Portfolio Value = 1,057,848.1 | Budget = 258,614.8 | inventory = 3
[ 2024-08-05 10:14:47,099 ] 141 : Bought 1 shares at price 68,200 | Portfolio Value = 1,063,814.8 | Budget = 190,380.7 | inventory = 4
[ 2024-08-05 10:14:47,119 ] 142 : Sold 1 shares at price 67,100 | Profit = 800 | Portfolio Value = 1,076,980.7 | Budget = 257,447.15 | inventory = 3
[ 2024-08-05 10:14:47,154 ] 144 : Bought 3 shares at price 66,800 | Portfolio Value = 1,059,047.15 | Budget = 56,946.95 | inventory = 4
[ 2024-08-05 10:14:47,216 ] 147 : Sold 10 shares at price 71,000 | Profit = 44,000 | Portfolio Value = 1,060,446.95 | Budget = 766,591.95 | inventory = 3
[ 2024-08-05 10:14:47,237 ] 148 : Bought 6 shares at price 71,200 | Portfolio Value = 1,121,591.95 | Budget = 339,178.35 | inventory = 4
[ 2024-08-05 10:14:47,253 ] 149 : Bought 2 shares at price 70,700 | Portfolio Value = 1,122,378.35 | Budget = 197,707.65 | inventory = 5
[ 2024-08-05 10:14:47,270 ] 150 : Sold 1 shares at price 70,000 | Profit = 3,400 | Portfolio Value = 1,116,807.65 | Budget = 267,672.65 | inventory = 4
[ 2024-08-05 10:14:47,290 ] 151 : Bought 1 shares at price 70,400 | Portfolio Value = 1,107,672.65 | Budget = 197,237.45 | inventory = 5
[ 2024-08-05 10:14:47,324 ] 153 : Bought 1 shares at price 70,800 | Portfolio Value = 1,111,137.45 | Budget = 126,402.05 | inventory = 6
[ 2024-08-05 10:14:47,385 ] 156 : Bought 1 shares at price 71,700 | Portfolio Value = 1,119,002.05 | Budget = 54,666.2 | inventory = 7
[ 2024-08-05 10:14:47,421 ] 158 : Sold 1 shares at price 70,200 | Profit = 2,000 | Portfolio Value = 1,134,666.2 | Budget = 124,831.1 | inventory = 6
[ 2024-08-05 10:14:47,439 ] 159 : Bought 1 shares at price 69,800 | Portfolio Value = 1,107,631.1 | Budget = 54,996.2 | inventory = 7
[ 2024-08-05 10:14:47,553 ] 165 : Sold 3 shares at price 68,400 | Profit = 4,800 | Portfolio Value = 1,083,996.2 | Budget = 260,093.6 | inventory = 6
[ 2024-08-05 10:14:47,589 ] 167 : Bought 2 shares at price 66,700 | Portfolio Value = 1,070,093.6 | Budget = 126,626.9 | inventory = 7
[ 2024-08-05 10:14:47,624 ] 169 : Sold 6 shares at price 66,400 | Profit = -28,800 | Portfolio Value = 1,050,626.9 | Budget = 524,827.7 | inventory = 6
[ 2024-08-05 10:14:47,641 ] 170 : Bought 1 shares at price 68,200 | Portfolio Value = 1,056,027.7 | Budget = 456,593.6 | inventory = 7
[ 2024-08-05 10:14:47,660 ] 171 : Bought 5 shares at price 68,900 | Portfolio Value = 1,070,393.6 | Budget = 111,921.35 | inventory = 8
[ 2024-08-05 10:14:47,694 ] 173 : Sold 2 shares at price 67,300 | Profit = -6,800 | Portfolio Value = 1,063,921.35 | Budget = 246,454.05 | inventory = 7
[ 2024-08-05 10:14:47,732 ] 175 : Sold 1 shares at price 70,500 | Profit = 100 | Portfolio Value = 1,079,254.05 | Budget = 316,918.8 | inventory = 6
[ 2024-08-05 10:14:47,817 ] 179 : Bought 4 shares at price 68,500 | Portfolio Value = 1,069,318.8 | Budget = 42,781.8 | inventory = 7
[ 2024-08-05 10:14:47,870 ] 182 : Sold 1 shares at price 67,300 | Profit = -3,500 | Portfolio Value = 1,043,281.8 | Budget = 110,048.15 | inventory = 6
[ 2024-08-05 10:14:47,889 ] 183 : Bought 1 shares at price 67,300 | Portfolio Value = 1,052,248.15 | Budget = 42,714.5 | inventory = 7
[ 2024-08-05 10:14:48,011 ] 190 : Sold 1 shares at price 69,900 | Profit = -1,800 | Portfolio Value = 1,106,214.5 | Budget = 112,579.55 | inventory = 6
[ 2024-08-05 10:14:48,030 ] 191 : Sold 1 shares at price 70,300 | Profit = 500 | Portfolio Value = 1,091,179.55 | Budget = 182,844.4 | inventory = 5
[ 2024-08-05 10:14:48,046 ] 192 : Bought 1 shares at price 70,500 | Portfolio Value = 1,096,744.4 | Budget = 112,309.15 | inventory = 6
[ 2024-08-05 10:14:48,079 ] 194 : Bought 1 shares at price 70,800 | Portfolio Value = 1,097,909.15 | Budget = 41,473.75 | inventory = 7
[ 2024-08-05 10:14:48,146 ] 198 : Sold 2 shares at price 72,700 | Profit = 12,000 | Portfolio Value = 1,128,973.75 | Budget = 186,801.05 | inventory = 6
[ 2024-08-05 10:14:48,163 ] 199 : Bought 2 shares at price 72,800 | Portfolio Value = 1,131,901.05 | Budget = 41,128.25 | inventory = 7
[ 2024-08-05 10:14:48,231 ] 203 : Sold 1 shares at price 71,300 | Profit = 3,100 | Portfolio Value = 1,116,628.25 | Budget = 112,392.6 | inventory = 6
[ 2024-08-05 10:14:48,312 ] 206 : Sold 5 shares at price 72,800 | Profit = 19,500 | Portfolio Value = 1,130,192.6 | Budget = 476,210.6 | inventory = 5
[ 2024-08-05 10:14:48,347 ] 208 : Bought 2 shares at price 72,600 | Portfolio Value = 1,124,210.6 | Budget = 330,938.0 | inventory = 6
[ 2024-08-05 10:14:48,427 ] 212 : Sold 4 shares at price 72,600 | Profit = 16,400 | Portfolio Value = 1,117,438.0 | Budget = 621,192.8 | inventory = 5
[ 2024-08-05 10:14:48,444 ] 213 : Sold 1 shares at price 73,000 | Profit = 5,700 | Portfolio Value = 1,129,392.8 | Budget = 694,156.3 | inventory = 4
[ 2024-08-05 10:14:48,466 ] 214 : Sold 1 shares at price 73,500 | Profit = 3,000 | Portfolio Value = 1,132,156.3 | Budget = 767,619.55 | inventory = 3
[ 2024-08-05 10:14:48,486 ] 215 : Bought 9 shares at price 72,800 | Portfolio Value = 1,135,119.55 | Budget = 112,091.95 | inventory = 4
[ 2024-08-05 10:14:48,504 ] 216 : Sold 1 shares at price 73,100 | Profit = 2,300 | Portfolio Value = 1,131,291.95 | Budget = 185,155.4 | inventory = 3
[ 2024-08-05 10:14:48,564 ] 219 : Sold 2 shares at price 73,400 | Profit = 1,200 | Portfolio Value = 1,132,855.4 | Budget = 331,882.0 | inventory = 2
[ 2024-08-05 10:14:48,724 ] 225 : Bought 1 shares at price 78,500 | Portfolio Value = 1,189,882.0 | Budget = 253,342.75 | inventory = 3
[ 2024-08-05 10:14:48,756 ] 0 : Bought 8 shares at price 61,000 | Portfolio Value = 1,000,000 | Budget = 511,756.0 | inventory = 1
[ 2024-08-05 10:14:48,774 ] 1 : Sold 8 shares at price 61,800 | Profit = 6,400 | Portfolio Value = 999,756.0 | Budget = 1,005,908.8 | inventory = 0
[ 2024-08-05 10:14:48,812 ] 3 : Bought 4 shares at price 63,800 | Portfolio Value = 1,005,908.8 | Budget = 750,581.2 | inventory = 1
[ 2024-08-05 10:14:48,847 ] 5 : Bought 2 shares at price 61,900 | Portfolio Value = 996,981.2 | Budget = 626,719.3 | inventory = 2
[ 2024-08-05 10:14:48,865 ] 6 : Bought 6 shares at price 63,100 | Portfolio Value = 998,119.3 | Budget = 247,930.0 | inventory = 3
[ 2024-08-05 10:14:48,899 ] 8 : Bought 2 shares at price 62,800 | Portfolio Value = 1,003,930.0 | Budget = 122,267.2 | inventory = 4
[ 2024-08-05 10:14:48,920 ] 9 : Bought 1 shares at price 62,900 | Portfolio Value = 1,001,467.2 | Budget = 59,335.75 | inventory = 5
[ 2024-08-05 10:14:48,987 ] 13 : Sold 4 shares at price 62,600 | Profit = -4,800 | Portfolio Value = 1,014,835.75 | Budget = 309,610.55 | inventory = 4
[ 2024-08-05 10:14:49,005 ] 14 : Sold 2 shares at price 62,700 | Profit = 1,600 | Portfolio Value = 998,210.55 | Budget = 434,947.85 | inventory = 3
[ 2024-08-05 10:14:49,037 ] 16 : Sold 6 shares at price 61,100 | Profit = -12,000 | Portfolio Value = 993,847.85 | Budget = 801,364.55 | inventory = 2
[ 2024-08-05 10:14:49,053 ] 17 : Bought 4 shares at price 62,000 | Portfolio Value = 984,664.55 | Budget = 553,240.55 | inventory = 3
[ 2024-08-05 10:14:49,070 ] 18 : Sold 2 shares at price 61,300 | Profit = -3,000 | Portfolio Value = 987,240.55 | Budget = 675,779.25 | inventory = 2
[ 2024-08-05 10:14:49,098 ] 19 : Sold 1 shares at price 60,500 | Profit = -2,400 | Portfolio Value = 982,279.25 | Budget = 736,249.0 | inventory = 1
[ 2024-08-05 10:14:49,117 ] 20 : Bought 5 shares at price 60,600 | Portfolio Value = 978,249.0 | Budget = 433,097.5 | inventory = 2
[ 2024-08-05 10:14:49,166 ] 23 : Bought 1 shares at price 61,500 | Portfolio Value = 977,597.5 | Budget = 371,566.75 | inventory = 3
[ 2024-08-05 10:14:49,183 ] 24 : Bought 6 shares at price 60,700 | Portfolio Value = 986,566.75 | Budget = 7,184.65 | inventory = 4
[ 2024-08-05 10:14:49,232 ] 27 : Sold 4 shares at price 59,500 | Profit = -10,000 | Portfolio Value = 968,784.65 | Budget = 245,065.65 | inventory = 3
[ 2024-08-05 10:14:49,260 ] 28 : Sold 5 shares at price 60,000 | Profit = -3,000 | Portfolio Value = 959,065.65 | Budget = 544,915.65 | inventory = 2
[ 2024-08-05 10:14:49,319 ] 29 : Bought 9 shares at price 59,000 | Portfolio Value = 964,915.65 | Budget = 13,650.15 | inventory = 3
[ 2024-08-05 10:14:49,409 ] 33 : Sold 1 shares at price 60,200 | Profit = -1,300 | Portfolio Value = 994,450.15 | Budget = 73,820.05 | inventory = 2
[ 2024-08-05 10:14:49,444 ] 35 : Bought 1 shares at price 61,100 | Portfolio Value = 978,320.05 | Budget = 12,689.5 | inventory = 3
[ 2024-08-05 10:14:49,510 ] 39 : Sold 6 shares at price 62,900 | Profit = 13,200 | Portfolio Value = 1,006,289.5 | Budget = 389,900.8 | inventory = 2
[ 2024-08-05 10:14:49,579 ] 43 : Sold 9 shares at price 63,100 | Profit = 36,900 | Portfolio Value = 1,029,900.8 | Budget = 957,516.85 | inventory = 1
[ 2024-08-05 10:14:49,598 ] 44 : Sold 1 shares at price 63,600 | Profit = 2,500 | Portfolio Value = 1,020,616.85 | Budget = 1,021,085.05 | inventory = 0
[ 2024-08-05 10:14:49,618 ] 45 : Bought 3 shares at price 63,900 | Portfolio Value = 1,021,085.05 | Budget = 829,289.2 | inventory = 1
[ 2024-08-05 10:14:49,634 ] 46 : Bought 11 shares at price 62,300 | Portfolio Value = 1,020,989.2 | Budget = 143,646.55 | inventory = 2
[ 2024-08-05 10:14:49,660 ] 47 : Bought 1 shares at price 65,000 | Portfolio Value = 1,015,846.55 | Budget = 78,614.05 | inventory = 3
[ 2024-08-05 10:14:49,694 ] 49 : Sold 3 shares at price 65,900 | Profit = 6,000 | Portfolio Value = 1,064,114.05 | Budget = 276,215.2 | inventory = 2
[ 2024-08-05 10:14:49,712 ] 50 : Bought 3 shares at price 66,000 | Portfolio Value = 1,067,015.2 | Budget = 78,116.2 | inventory = 3
[ 2024-08-05 10:14:49,729 ] 51 : Bought 1 shares at price 66,100 | Portfolio Value = 1,068,116.2 | Budget = 11,983.15 | inventory = 4
[ 2024-08-05 10:14:49,796 ] 55 : Sold 11 shares at price 65,500 | Profit = 35,200 | Portfolio Value = 1,061,583.15 | Budget = 732,122.9 | inventory = 3
[ 2024-08-05 10:14:49,831 ] 57 : Bought 10 shares at price 65,700 | Portfolio Value = 1,058,622.9 | Budget = 74,794.4 | inventory = 4
[ 2024-08-05 10:14:49,863 ] 59 : Bought 1 shares at price 63,600 | Portfolio Value = 1,052,794.4 | Budget = 11,162.6 | inventory = 5
[ 2024-08-05 10:14:49,915 ] 62 : Sold 1 shares at price 65,500 | Profit = 500 | Portfolio Value = 1,044,762.6 | Budget = 76,629.85 | inventory = 4
[ 2024-08-05 10:14:49,950 ] 64 : Bought 1 shares at price 65,400 | Portfolio Value = 1,062,129.85 | Budget = 11,197.15 | inventory = 5
[ 2024-08-05 10:14:50,000 ] 67 : Sold 3 shares at price 65,300 | Profit = -2,100 | Portfolio Value = 1,065,597.15 | Budget = 206,999.2 | inventory = 4
[ 2024-08-05 10:14:50,017 ] 68 : Sold 1 shares at price 64,600 | Profit = -1,500 | Portfolio Value = 1,055,899.2 | Budget = 271,566.9 | inventory = 3
[ 2024-08-05 10:14:50,095 ] 72 : Bought 1 shares at price 65,400 | Portfolio Value = 1,045,566.9 | Budget = 206,134.2 | inventory = 4
[ 2024-08-05 10:14:50,130 ] 74 : Bought 1 shares at price 66,200 | Portfolio Value = 1,051,134.2 | Budget = 139,901.1 | inventory = 5
[ 2024-08-05 10:14:50,153 ] 75 : Bought 1 shares at price 68,400 | Portfolio Value = 1,066,701.1 | Budget = 71,466.9 | inventory = 6
[ 2024-08-05 10:14:50,171 ] 76 : Bought 1 shares at price 68,500 | Portfolio Value = 1,097,466.9 | Budget = 2,932.65 | inventory = 7
[ 2024-08-05 10:14:50,188 ] 77 : Sold 10 shares at price 68,400 | Profit = 27,000 | Portfolio Value = 1,098,932.65 | Budget = 686,590.65 | inventory = 6
[ 2024-08-05 10:14:50,239 ] 80 : Sold 1 shares at price 70,300 | Profit = 6,700 | Portfolio Value = 1,099,390.65 | Budget = 756,855.5 | inventory = 5
[ 2024-08-05 10:14:50,258 ] 81 : Bought 4 shares at price 72,300 | Portfolio Value = 1,108,355.5 | Budget = 467,510.9 | inventory = 6
[ 2024-08-05 10:14:50,276 ] 82 : Sold 1 shares at price 71,400 | Profit = 6,000 | Portfolio Value = 1,118,210.9 | Budget = 538,875.2 | inventory = 5
[ 2024-08-05 10:14:50,294 ] 83 : Bought 4 shares at price 70,900 | Portfolio Value = 1,110,075.2 | Budget = 255,133.4 | inventory = 6
[ 2024-08-05 10:14:50,334 ] 85 : Sold 1 shares at price 71,700 | Profit = 6,300 | Portfolio Value = 1,121,533.4 | Budget = 326,797.55 | inventory = 5
[ 2024-08-05 10:14:50,358 ] 86 : Sold 1 shares at price 71,000 | Profit = 4,800 | Portfolio Value = 1,115,497.55 | Budget = 397,762.05 | inventory = 4
[ 2024-08-05 10:14:50,390 ] 87 : Sold 1 shares at price 70,900 | Profit = 2,500 | Portfolio Value = 1,107,762.05 | Budget = 468,626.6 | inventory = 3
[ 2024-08-05 10:14:50,429 ] 89 : Bought 3 shares at price 71,000 | Portfolio Value = 1,116,626.6 | Budget = 255,520.1 | inventory = 4
[ 2024-08-05 10:14:50,448 ] 90 : Bought 2 shares at price 72,000 | Portfolio Value = 1,107,520.1 | Budget = 111,448.1 | inventory = 5
[ 2024-08-05 10:14:50,483 ] 92 : Sold 1 shares at price 71,500 | Profit = 3,000 | Portfolio Value = 1,118,048.1 | Budget = 182,912.35 | inventory = 4
[ 2024-08-05 10:14:50,521 ] 94 : Sold 4 shares at price 71,200 | Profit = -4,400 | Portfolio Value = 1,116,312.35 | Budget = 467,569.95 | inventory = 3
[ 2024-08-05 10:14:50,537 ] 95 : Bought 3 shares at price 71,400 | Portfolio Value = 1,108,369.95 | Budget = 253,262.85 | inventory = 4
[ 2024-08-05 10:14:50,574 ] 97 : Bought 3 shares at price 71,300 | Portfolio Value = 1,099,262.85 | Budget = 39,255.9 | inventory = 5
[ 2024-08-05 10:14:50,590 ] 98 : Sold 4 shares at price 71,600 | Profit = 2,800 | Portfolio Value = 1,108,755.9 | Budget = 325,512.7 | inventory = 4
[ 2024-08-05 10:14:50,617 ] 99 : Sold 3 shares at price 72,400 | Profit = 4,200 | Portfolio Value = 1,113,112.7 | Budget = 542,604.1 | inventory = 3
[ 2024-08-05 10:14:50,650 ] 100 : Sold 2 shares at price 72,600 | Profit = 1,200 | Portfolio Value = 1,121,804.1 | Budget = 687,731.5 | inventory = 2
[ 2024-08-05 10:14:50,677 ] 101 : Bought 8 shares at price 72,700 | Portfolio Value = 1,123,331.5 | Budget = 105,840.7 | inventory = 3
[ 2024-08-05 10:14:50,704 ] 102 : Sold 3 shares at price 72,400 | Profit = 3,000 | Portfolio Value = 1,123,640.7 | Budget = 322,932.1 | inventory = 2
[ 2024-08-05 10:14:50,726 ] 103 : Sold 3 shares at price 72,200 | Profit = 2,700 | Portfolio Value = 1,119,332.1 | Budget = 539,423.8 | inventory = 1
[ 2024-08-05 10:14:50,760 ] 105 : Bought 4 shares at price 73,000 | Portfolio Value = 1,123,423.8 | Budget = 247,277.8 | inventory = 2
[ 2024-08-05 10:14:50,796 ] 107 : Sold 8 shares at price 71,600 | Profit = -8,800 | Portfolio Value = 1,111,277.8 | Budget = 819,791.4 | inventory = 1
[ 2024-08-05 10:14:50,814 ] 108 : Sold 4 shares at price 69,900 | Profit = -12,400 | Portfolio Value = 1,106,191.4 | Budget = 1,099,251.6 | inventory = 0
[ 2024-08-05 10:14:50,909 ] 113 : Bought 1 shares at price 73,400 | Portfolio Value = 1,099,251.6 | Budget = 1,025,814.9 | inventory = 1
[ 2024-08-05 10:14:50,928 ] 114 : Sold 1 shares at price 73,300 | Profit = -100 | Portfolio Value = 1,099,214.9 | Budget = 1,099,078.25 | inventory = 0
[ 2024-08-05 10:14:51,044 ] 121 : Bought 3 shares at price 69,800 | Portfolio Value = 1,099,078.25 | Budget = 889,573.55 | inventory = 1
[ 2024-08-05 10:14:51,060 ] 122 : Sold 3 shares at price 71,700 | Profit = 5,700 | Portfolio Value = 1,098,973.55 | Budget = 1,104,566.0 | inventory = 0
[ 2024-08-05 10:14:51,142 ] 127 : Bought 6 shares at price 68,800 | Portfolio Value = 1,104,566.0 | Budget = 691,559.6 | inventory = 1
[ 2024-08-05 10:14:51,208 ] 131 : Sold 6 shares at price 68,900 | Profit = 600 | Portfolio Value = 1,097,159.6 | Budget = 1,104,752.9 | inventory = 0
[ 2024-08-05 10:14:51,225 ] 132 : Bought 9 shares at price 68,000 | Portfolio Value = 1,104,752.9 | Budget = 492,446.9 | inventory = 1
[ 2024-08-05 10:14:51,242 ] 133 : Sold 9 shares at price 67,500 | Profit = -4,500 | Portfolio Value = 1,104,446.9 | Budget = 1,099,643.15 | inventory = 0
[ 2024-08-05 10:14:51,292 ] 136 : Bought 10 shares at price 66,700 | Portfolio Value = 1,099,643.15 | Budget = 432,309.65 | inventory = 1
[ 2024-08-05 10:14:51,308 ] 137 : Sold 10 shares at price 66,300 | Profit = -4,000 | Portfolio Value = 1,099,309.65 | Budget = 1,094,978.15 | inventory = 0
[ 2024-08-05 10:14:51,340 ] 139 : Bought 8 shares at price 66,600 | Portfolio Value = 1,094,978.15 | Budget = 561,911.75 | inventory = 1
[ 2024-08-05 10:14:51,357 ] 140 : Sold 8 shares at price 67,100 | Profit = 4,000 | Portfolio Value = 1,094,711.75 | Budget = 1,098,443.35 | inventory = 0
[ 2024-08-05 10:14:51,374 ] 141 : Bought 2 shares at price 68,200 | Portfolio Value = 1,098,443.35 | Budget = 961,975.15 | inventory = 1
[ 2024-08-05 10:14:51,425 ] 144 : Sold 2 shares at price 66,800 | Profit = -2,800 | Portfolio Value = 1,095,575.15 | Budget = 1,095,508.35 | inventory = 0
[ 2024-08-05 10:14:51,473 ] 147 : Bought 13 shares at price 71,000 | Portfolio Value = 1,095,508.35 | Budget = 172,046.85 | inventory = 1
[ 2024-08-05 10:14:51,489 ] 148 : Sold 13 shares at price 71,200 | Profit = 2,600 | Portfolio Value = 1,095,046.85 | Budget = 1,097,184.05 | inventory = 0
[ 2024-08-05 10:14:51,544 ] 151 : Bought 10 shares at price 70,400 | Portfolio Value = 1,097,184.05 | Budget = 392,832.05 | inventory = 1
[ 2024-08-05 10:14:51,560 ] 152 : Sold 10 shares at price 70,300 | Profit = -1,000 | Portfolio Value = 1,096,832.05 | Budget = 1,095,480.55 | inventory = 0
[ 2024-08-05 10:14:51,576 ] 153 : Bought 9 shares at price 70,800 | Portfolio Value = 1,095,480.55 | Budget = 457,961.95 | inventory = 1
[ 2024-08-05 10:14:51,592 ] 154 : Bought 3 shares at price 70,500 | Portfolio Value = 1,095,161.95 | Budget = 246,356.2 | inventory = 2
[ 2024-08-05 10:14:51,608 ] 155 : Bought 2 shares at price 70,900 | Portfolio Value = 1,092,356.2 | Budget = 104,485.3 | inventory = 3
[ 2024-08-05 10:14:51,625 ] 156 : Sold 9 shares at price 71,700 | Profit = 8,100 | Portfolio Value = 1,097,085.3 | Budget = 749,462.65 | inventory = 2
[ 2024-08-05 10:14:51,642 ] 157 : Sold 3 shares at price 72,000 | Profit = 4,500 | Portfolio Value = 1,107,962.65 | Budget = 965,354.65 | inventory = 1
[ 2024-08-05 10:14:51,658 ] 158 : Sold 2 shares at price 70,200 | Profit = -1,400 | Portfolio Value = 1,109,354.65 | Budget = 1,105,684.45 | inventory = 0
[ 2024-08-05 10:14:51,680 ] 159 : Bought 8 shares at price 69,800 | Portfolio Value = 1,105,684.45 | Budget = 547,005.25 | inventory = 1
[ 2024-08-05 10:14:51,695 ] 160 : Bought 5 shares at price 69,600 | Portfolio Value = 1,105,405.25 | Budget = 198,831.25 | inventory = 2
[ 2024-08-05 10:14:51,712 ] 161 : Sold 8 shares at price 68,900 | Profit = -7,200 | Portfolio Value = 1,103,631.25 | Budget = 749,755.65 | inventory = 1
[ 2024-08-05 10:14:51,760 ] 164 : Bought 4 shares at price 68,600 | Portfolio Value = 1,096,755.65 | Budget = 475,218.45 | inventory = 2
[ 2024-08-05 10:14:51,857 ] 170 : Sold 5 shares at price 68,200 | Profit = -7,000 | Portfolio Value = 1,072,818.45 | Budget = 816,047.95 | inventory = 1
[ 2024-08-05 10:14:51,873 ] 171 : Bought 8 shares at price 68,900 | Portfolio Value = 1,088,847.95 | Budget = 264,572.35 | inventory = 2
[ 2024-08-05 10:14:51,888 ] 172 : Bought 2 shares at price 68,000 | Portfolio Value = 1,091,372.35 | Budget = 128,504.35 | inventory = 3
[ 2024-08-05 10:14:51,903 ] 173 : Sold 4 shares at price 67,300 | Profit = -5,200 | Portfolio Value = 1,080,504.35 | Budget = 397,569.75 | inventory = 2
[ 2024-08-05 10:14:51,941 ] 175 : Sold 8 shares at price 70,500 | Profit = 12,800 | Portfolio Value = 1,091,569.75 | Budget = 961,287.75 | inventory = 1
[ 2024-08-05 10:14:51,957 ] 176 : Sold 2 shares at price 69,500 | Profit = 3,000 | Portfolio Value = 1,102,287.75 | Budget = 1,100,218.25 | inventory = 0
[ 2024-08-05 10:14:51,989 ] 178 : Bought 15 shares at price 68,400 | Portfolio Value = 1,100,218.25 | Budget = 73,705.25 | inventory = 1
[ 2024-08-05 10:14:52,005 ] 179 : Sold 15 shares at price 68,500 | Profit = 1,500 | Portfolio Value = 1,099,705.25 | Budget = 1,100,691.5 | inventory = 0
[ 2024-08-05 10:14:52,036 ] 181 : Bought 6 shares at price 66,700 | Portfolio Value = 1,100,691.5 | Budget = 700,291.4 | inventory = 1
[ 2024-08-05 10:14:52,052 ] 182 : Bought 2 shares at price 67,300 | Portfolio Value = 1,100,491.4 | Budget = 565,624.1 | inventory = 2
[ 2024-08-05 10:14:52,084 ] 184 : Sold 6 shares at price 66,900 | Profit = 1,200 | Portfolio Value = 1,104,024.1 | Budget = 966,823.4 | inventory = 1
[ 2024-08-05 10:14:52,116 ] 186 : Sold 2 shares at price 69,700 | Profit = 4,800 | Portfolio Value = 1,104,023.4 | Budget = 1,106,153.7 | inventory = 0
[ 2024-08-05 10:14:52,139 ] 187 : Bought 1 shares at price 69,600 | Portfolio Value = 1,106,153.7 | Budget = 1,036,518.9 | inventory = 1
[ 2024-08-05 10:14:52,155 ] 188 : Bought 6 shares at price 70,900 | Portfolio Value = 1,106,118.9 | Budget = 610,906.2 | inventory = 2
[ 2024-08-05 10:14:52,175 ] 189 : Bought 3 shares at price 70,900 | Portfolio Value = 1,107,206.2 | Budget = 398,099.85 | inventory = 3
[ 2024-08-05 10:14:52,258 ] 194 : Sold 1 shares at price 70,800 | Profit = 1,200 | Portfolio Value = 1,102,099.85 | Budget = 468,864.45 | inventory = 2
[ 2024-08-05 10:14:52,273 ] 195 : Bought 4 shares at price 72,200 | Portfolio Value = 1,106,064.45 | Budget = 179,920.05 | inventory = 3
[ 2024-08-05 10:14:52,306 ] 197 : Sold 6 shares at price 72,500 | Profit = 9,600 | Portfolio Value = 1,126,320.05 | Budget = 614,702.55 | inventory = 2
[ 2024-08-05 10:14:52,322 ] 198 : Sold 3 shares at price 72,700 | Profit = 5,400 | Portfolio Value = 1,122,202.55 | Budget = 832,693.5 | inventory = 1
[ 2024-08-05 10:14:52,338 ] 199 : Sold 4 shares at price 72,800 | Profit = 2,400 | Portfolio Value = 1,123,493.5 | Budget = 1,123,747.9 | inventory = 0
[ 2024-08-05 10:14:52,387 ] 202 : Bought 10 shares at price 71,700 | Portfolio Value = 1,123,747.9 | Budget = 406,389.4 | inventory = 1
[ 2024-08-05 10:14:52,403 ] 203 : Sold 10 shares at price 71,300 | Profit = -4,000 | Portfolio Value = 1,123,389.4 | Budget = 1,119,032.9 | inventory = 0
[ 2024-08-05 10:14:52,508 ] 209 : Bought 2 shares at price 71,200 | Portfolio Value = 1,119,032.9 | Budget = 976,561.7 | inventory = 1
[ 2024-08-05 10:14:52,524 ] 210 : Bought 11 shares at price 71,700 | Portfolio Value = 1,118,961.7 | Budget = 187,467.35 | inventory = 2
[ 2024-08-05 10:14:52,540 ] 211 : Bought 1 shares at price 71,500 | Portfolio Value = 1,119,567.35 | Budget = 115,931.6 | inventory = 3
[ 2024-08-05 10:14:52,571 ] 213 : Sold 2 shares at price 73,000 | Profit = 3,600 | Portfolio Value = 1,132,331.6 | Budget = 261,858.6 | inventory = 2
[ 2024-08-05 10:14:52,622 ] 216 : Sold 11 shares at price 73,100 | Profit = 15,400 | Portfolio Value = 1,135,458.6 | Budget = 1,065,556.55 | inventory = 1
[ 2024-08-05 10:14:52,646 ] 217 : Sold 1 shares at price 73,300 | Profit = 1,800 | Portfolio Value = 1,138,656.55 | Budget = 1,138,819.9 | inventory = 0
[ 2024-08-05 10:14:52,701 ] 220 : Bought 14 shares at price 74,800 | Portfolio Value = 1,138,819.9 | Budget = 91,096.3 | inventory = 1
[ 2024-08-05 10:14:52,717 ] 221 : Bought 1 shares at price 75,000 | Portfolio Value = 1,138,296.3 | Budget = 16,058.8 | inventory = 2
[ 2024-08-05 10:14:52,812 ] 1 : Bought 10 shares at price 61,800 | Portfolio Value = 1,000,000.0 | Budget = 381,691.0 | inventory = 1
[ 2024-08-05 10:14:52,858 ] 4 : Sold 10 shares at price 61,600 | Profit = -2,000 | Portfolio Value = 1,019,691.0 | Budget = 997,383.0 | inventory = 0
[ 2024-08-05 10:14:52,906 ] 7 : Bought 6 shares at price 63,000 | Portfolio Value = 997,383.0 | Budget = 619,194.0 | inventory = 1
[ 2024-08-05 10:14:52,926 ] 8 : Bought 5 shares at price 62,800 | Portfolio Value = 997,194.0 | Budget = 305,037.0 | inventory = 2
[ 2024-08-05 10:14:52,943 ] 9 : Bought 2 shares at price 62,900 | Portfolio Value = 995,837.0 | Budget = 179,174.1 | inventory = 3
[ 2024-08-05 10:14:52,959 ] 10 : Sold 6 shares at price 63,200 | Profit = 1,200 | Portfolio Value = 996,874.1 | Budget = 558,184.5 | inventory = 2
[ 2024-08-05 10:14:52,975 ] 11 : Bought 8 shares at price 62,200 | Portfolio Value = 1,000,584.5 | Budget = 60,335.7 | inventory = 3
[ 2024-08-05 10:14:52,991 ] 12 : Sold 5 shares at price 63,700 | Profit = 4,500 | Portfolio Value = 993,335.7 | Budget = 378,676.45 | inventory = 2
[ 2024-08-05 10:14:53,008 ] 13 : Bought 5 shares at price 62,600 | Portfolio Value = 1,015,676.45 | Budget = 65,519.95 | inventory = 3
[ 2024-08-05 10:14:53,040 ] 15 : Sold 2 shares at price 62,100 | Profit = -1,600 | Portfolio Value = 1,006,019.95 | Budget = 189,657.85 | inventory = 2
[ 2024-08-05 10:14:53,057 ] 16 : Sold 8 shares at price 61,100 | Profit = -8,800 | Portfolio Value = 996,957.85 | Budget = 678,213.45 | inventory = 1
[ 2024-08-05 10:14:53,073 ] 17 : Bought 9 shares at price 62,000 | Portfolio Value = 983,713.45 | Budget = 119,934.45 | inventory = 2
[ 2024-08-05 10:14:53,091 ] 18 : Sold 5 shares at price 61,300 | Profit = -6,500 | Portfolio Value = 987,934.45 | Budget = 426,281.2 | inventory = 1
[ 2024-08-05 10:14:53,108 ] 19 : Sold 9 shares at price 60,500 | Profit = -13,500 | Portfolio Value = 977,981.2 | Budget = 970,508.95 | inventory = 0
[ 2024-08-05 10:14:53,211 ] 24 : Bought 1 shares at price 60,700 | Portfolio Value = 970,508.95 | Budget = 909,778.6 | inventory = 1
[ 2024-08-05 10:14:53,227 ] 25 : Sold 1 shares at price 60,300 | Profit = -400 | Portfolio Value = 970,478.6 | Budget = 970,048.45 | inventory = 0
[ 2024-08-05 10:14:53,343 ] 32 : Bought 12 shares at price 61,300 | Portfolio Value = 970,048.45 | Budget = 234,080.65 | inventory = 1
[ 2024-08-05 10:14:53,359 ] 33 : Sold 12 shares at price 60,200 | Profit = -13,200 | Portfolio Value = 969,680.65 | Budget = 956,119.45 | inventory = 0
[ 2024-08-05 10:14:53,422 ] 37 : Bought 15 shares at price 63,000 | Portfolio Value = 956,119.45 | Budget = 10,646.95 | inventory = 1
[ 2024-08-05 10:14:53,492 ] 41 : Sold 15 shares at price 63,200 | Profit = 3,000 | Portfolio Value = 951,146.95 | Budget = 958,172.95 | inventory = 0
[ 2024-08-05 10:14:53,509 ] 42 : Bought 9 shares at price 64,000 | Portfolio Value = 958,172.95 | Budget = 381,884.95 | inventory = 1
[ 2024-08-05 10:14:53,540 ] 44 : Bought 5 shares at price 63,600 | Portfolio Value = 949,784.95 | Budget = 63,725.95 | inventory = 2
[ 2024-08-05 10:14:53,572 ] 46 : Sold 9 shares at price 62,300 | Profit = -15,300 | Portfolio Value = 958,325.95 | Budget = 624,145.6 | inventory = 1
[ 2024-08-05 10:14:53,605 ] 48 : Sold 5 shares at price 65,700 | Profit = 10,500 | Portfolio Value = 949,145.6 | Budget = 952,481.35 | inventory = 0
[ 2024-08-05 10:14:53,621 ] 49 : Bought 11 shares at price 65,900 | Portfolio Value = 952,481.35 | Budget = 227,218.9 | inventory = 1
[ 2024-08-05 10:14:53,637 ] 50 : Sold 11 shares at price 66,000 | Profit = 1,100 | Portfolio Value = 952,118.9 | Budget = 952,855.9 | inventory = 0
[ 2024-08-05 10:14:53,653 ] 51 : Bought 9 shares at price 66,100 | Portfolio Value = 952,855.9 | Budget = 357,658.45 | inventory = 1
[ 2024-08-05 10:14:53,670 ] 52 : Bought 5 shares at price 65,100 | Portfolio Value = 952,558.45 | Budget = 31,995.7 | inventory = 2
[ 2024-08-05 10:14:53,691 ] 53 : Sold 9 shares at price 65,300 | Profit = -7,200 | Portfolio Value = 943,395.7 | Budget = 619,401.85 | inventory = 1
[ 2024-08-05 10:14:53,730 ] 55 : Sold 5 shares at price 65,500 | Profit = 2,000 | Portfolio Value = 947,401.85 | Budget = 946,738.1 | inventory = 0
[ 2024-08-05 10:14:53,833 ] 61 : Bought 6 shares at price 64,600 | Portfolio Value = 946,738.1 | Budget = 558,944.3 | inventory = 1
[ 2024-08-05 10:14:53,850 ] 62 : Bought 8 shares at price 65,500 | Portfolio Value = 946,544.3 | Budget = 34,682.3 | inventory = 2
[ 2024-08-05 10:14:53,898 ] 65 : Sold 6 shares at price 65,100 | Profit = 3,000 | Portfolio Value = 950,282.3 | Budget = 425,087.0 | inventory = 1
[ 2024-08-05 10:14:53,914 ] 66 : Sold 8 shares at price 65,900 | Profit = 3,200 | Portfolio Value = 945,887.0 | Budget = 952,023.4 | inventory = 0
[ 2024-08-05 10:14:54,046 ] 74 : Bought 4 shares at price 66,200 | Portfolio Value = 952,023.4 | Budget = 687,091.0 | inventory = 1
[ 2024-08-05 10:14:54,061 ] 75 : Sold 4 shares at price 68,400 | Profit = 8,800 | Portfolio Value = 951,891.0 | Budget = 960,554.2 | inventory = 0
[ 2024-08-05 10:14:54,093 ] 77 : Bought 13 shares at price 68,400 | Portfolio Value = 960,554.2 | Budget = 70,909.6 | inventory = 1
[ 2024-08-05 10:14:54,124 ] 79 : Sold 13 shares at price 68,800 | Profit = 5,200 | Portfolio Value = 961,409.6 | Budget = 964,862.4 | inventory = 0
[ 2024-08-05 10:14:54,140 ] 80 : Bought 9 shares at price 70,300 | Portfolio Value = 964,862.4 | Budget = 331,846.05 | inventory = 1
[ 2024-08-05 10:14:54,154 ] 81 : Bought 4 shares at price 72,300 | Portfolio Value = 964,546.05 | Budget = 42,501.45 | inventory = 2
[ 2024-08-05 10:14:54,195 ] 83 : Sold 9 shares at price 70,900 | Profit = 5,400 | Portfolio Value = 970,701.45 | Budget = 680,282.4 | inventory = 1
[ 2024-08-05 10:14:54,218 ] 84 : Sold 4 shares at price 72,200 | Profit = -400 | Portfolio Value = 963,882.4 | Budget = 968,938.0 | inventory = 0
[ 2024-08-05 10:14:54,282 ] 88 : Bought 6 shares at price 72,000 | Portfolio Value = 968,938.0 | Budget = 536,722.0 | inventory = 1
[ 2024-08-05 10:14:54,316 ] 90 : Sold 6 shares at price 72,000 | Profit = 0 | Portfolio Value = 962,722.0 | Budget = 968,506.0 | inventory = 0
[ 2024-08-05 10:14:54,348 ] 92 : Bought 3 shares at price 71,500 | Portfolio Value = 968,506.0 | Budget = 753,898.75 | inventory = 1
[ 2024-08-05 10:14:54,364 ] 93 : Sold 3 shares at price 71,800 | Profit = 900 | Portfolio Value = 968,398.75 | Budget = 969,191.05 | inventory = 0
[ 2024-08-05 10:14:54,380 ] 94 : Bought 7 shares at price 71,200 | Portfolio Value = 969,191.05 | Budget = 470,541.85 | inventory = 1
[ 2024-08-05 10:14:54,395 ] 95 : Bought 1 shares at price 71,400 | Portfolio Value = 968,941.85 | Budget = 399,106.15 | inventory = 2
[ 2024-08-05 10:14:54,412 ] 96 : Bought 1 shares at price 70,500 | Portfolio Value = 970,306.15 | Budget = 328,570.9 | inventory = 3
[ 2024-08-05 10:14:54,446 ] 98 : Sold 7 shares at price 71,600 | Profit = 2,800 | Portfolio Value = 970,270.9 | Budget = 829,520.3 | inventory = 2
[ 2024-08-05 10:14:54,463 ] 99 : Bought 8 shares at price 72,400 | Portfolio Value = 972,720.3 | Budget = 250,030.7 | inventory = 3
[ 2024-08-05 10:14:54,478 ] 100 : Sold 1 shares at price 72,600 | Profit = 1,200 | Portfolio Value = 974,030.7 | Budget = 322,594.4 | inventory = 2
[ 2024-08-05 10:14:54,552 ] 104 : Bought 2 shares at price 73,000 | Portfolio Value = 972,394.4 | Budget = 176,521.4 | inventory = 3
[ 2024-08-05 10:14:54,572 ] 105 : Bought 2 shares at price 73,000 | Portfolio Value = 979,521.4 | Budget = 30,448.4 | inventory = 4
[ 2024-08-05 10:14:54,590 ] 106 : Sold 1 shares at price 72,000 | Profit = 1,500 | Portfolio Value = 979,448.4 | Budget = 102,412.4 | inventory = 3
[ 2024-08-05 10:14:54,608 ] 107 : Bought 1 shares at price 71,600 | Portfolio Value = 966,412.4 | Budget = 30,776.6 | inventory = 4
[ 2024-08-05 10:14:54,625 ] 108 : Sold 8 shares at price 69,900 | Profit = -20,000 | Portfolio Value = 961,576.6 | Budget = 589,697.0 | inventory = 3
[ 2024-08-05 10:14:54,666 ] 110 : Sold 2 shares at price 71,500 | Profit = -3,000 | Portfolio Value = 937,197.0 | Budget = 732,625.5 | inventory = 2
[ 2024-08-05 10:14:54,683 ] 111 : Sold 2 shares at price 71,900 | Profit = -2,200 | Portfolio Value = 947,125.5 | Budget = 876,353.6 | inventory = 1
[ 2024-08-05 10:14:54,707 ] 112 : Sold 1 shares at price 71,900 | Profit = 300 | Portfolio Value = 948,253.6 | Budget = 948,217.65 | inventory = 0
[ 2024-08-05 10:14:54,771 ] 115 : Bought 9 shares at price 72,000 | Portfolio Value = 948,217.65 | Budget = 299,893.65 | inventory = 1
[ 2024-08-05 10:14:54,825 ] 118 : Sold 9 shares at price 70,300 | Profit = -15,300 | Portfolio Value = 938,893.65 | Budget = 932,277.3 | inventory = 0
[ 2024-08-05 10:14:54,843 ] 119 : Bought 6 shares at price 70,400 | Portfolio Value = 932,277.3 | Budget = 509,666.1 | inventory = 1
[ 2024-08-05 10:14:54,861 ] 120 : Sold 6 shares at price 70,000 | Profit = -2,400 | Portfolio Value = 932,066.1 | Budget = 929,456.1 | inventory = 0
[ 2024-08-05 10:14:54,879 ] 121 : Bought 12 shares at price 69,800 | Portfolio Value = 929,456.1 | Budget = 91,437.3 | inventory = 1
[ 2024-08-05 10:14:54,934 ] 124 : Sold 12 shares at price 69,800 | Profit = 0 | Portfolio Value = 938,637.3 | Budget = 928,618.5 | inventory = 0
[ 2024-08-05 10:14:54,952 ] 125 : Bought 5 shares at price 71,100 | Portfolio Value = 928,618.5 | Budget = 572,940.75 | inventory = 1
[ 2024-08-05 10:14:54,988 ] 127 : Bought 5 shares at price 68,800 | Portfolio Value = 922,440.75 | Budget = 228,768.75 | inventory = 2
[ 2024-08-05 10:14:55,022 ] 129 : Bought 3 shares at price 68,500 | Portfolio Value = 911,768.75 | Budget = 23,166.0 | inventory = 3
[ 2024-08-05 10:14:55,057 ] 131 : Sold 5 shares at price 68,900 | Profit = -11,000 | Portfolio Value = 901,966.0 | Budget = 367,493.75 | inventory = 2
[ 2024-08-05 10:14:55,115 ] 133 : Bought 3 shares at price 67,500 | Portfolio Value = 911,493.75 | Budget = 164,892.5 | inventory = 3
[ 2024-08-05 10:14:55,173 ] 136 : Bought 1 shares at price 66,700 | Portfolio Value = 901,892.5 | Budget = 98,159.15 | inventory = 4
[ 2024-08-05 10:14:55,191 ] 137 : Bought 1 shares at price 66,300 | Portfolio Value = 898,559.15 | Budget = 31,826.0 | inventory = 5
[ 2024-08-05 10:14:55,256 ] 140 : Sold 5 shares at price 67,100 | Profit = -8,500 | Portfolio Value = 897,626.0 | Budget = 367,158.25 | inventory = 4
[ 2024-08-05 10:14:55,280 ] 141 : Sold 3 shares at price 68,200 | Profit = -900 | Portfolio Value = 903,958.25 | Budget = 571,655.95 | inventory = 3
[ 2024-08-05 10:14:55,299 ] 142 : Sold 3 shares at price 67,100 | Profit = -1,200 | Portfolio Value = 912,655.95 | Budget = 772,855.3 | inventory = 2
[ 2024-08-05 10:14:55,334 ] 144 : Bought 11 shares at price 66,800 | Portfolio Value = 906,455.3 | Budget = 37,687.9 | inventory = 3
[ 2024-08-05 10:14:55,386 ] 147 : Sold 1 shares at price 71,000 | Profit = 4,300 | Portfolio Value = 907,387.9 | Budget = 108,652.4 | inventory = 2
[ 2024-08-05 10:14:55,422 ] 149 : Bought 1 shares at price 70,700 | Portfolio Value = 963,052.4 | Budget = 37,917.05 | inventory = 3
[ 2024-08-05 10:14:55,459 ] 151 : Sold 1 shares at price 70,400 | Profit = 4,100 | Portfolio Value = 947,917.05 | Budget = 108,281.85 | inventory = 2
[ 2024-08-05 10:14:55,479 ] 152 : Bought 1 shares at price 70,300 | Portfolio Value = 953,081.85 | Budget = 37,946.7 | inventory = 3
[ 2024-08-05 10:14:55,678 ] 163 : Sold 11 shares at price 69,400 | Profit = 28,600 | Portfolio Value = 932,346.7 | Budget = 800,965.0 | inventory = 2
[ 2024-08-05 10:14:55,696 ] 164 : Sold 1 shares at price 68,600 | Profit = -2,100 | Portfolio Value = 939,765.0 | Budget = 869,530.7 | inventory = 1
[ 2024-08-05 10:14:55,776 ] 168 : Bought 5 shares at price 66,000 | Portfolio Value = 936,230.7 | Budget = 539,365.7 | inventory = 2
[ 2024-08-05 10:14:55,795 ] 169 : Sold 1 shares at price 66,400 | Profit = -3,900 | Portfolio Value = 935,365.7 | Budget = 605,732.5 | inventory = 1
[ 2024-08-05 10:14:55,828 ] 171 : Sold 5 shares at price 68,900 | Profit = 14,500 | Portfolio Value = 946,732.5 | Budget = 950,060.25 | inventory = 0
[ 2024-08-05 10:14:55,863 ] 173 : Bought 5 shares at price 67,300 | Portfolio Value = 950,060.25 | Budget = 613,392.0 | inventory = 1
[ 2024-08-05 10:14:55,880 ] 174 : Sold 5 shares at price 69,400 | Profit = 10,500 | Portfolio Value = 949,892.0 | Budget = 960,218.5 | inventory = 0
[ 2024-08-05 10:14:55,946 ] 178 : Bought 13 shares at price 68,400 | Portfolio Value = 960,218.5 | Budget = 70,573.9 | inventory = 1
[ 2024-08-05 10:14:55,964 ] 179 : Sold 13 shares at price 68,500 | Profit = 1,300 | Portfolio Value = 959,773.9 | Budget = 960,628.65 | inventory = 0
[ 2024-08-05 10:14:56,016 ] 182 : Bought 12 shares at price 67,300 | Portfolio Value = 960,628.65 | Budget = 152,624.85 | inventory = 1
[ 2024-08-05 10:14:56,036 ] 183 : Sold 12 shares at price 67,300 | Profit = 0 | Portfolio Value = 960,224.85 | Budget = 959,821.05 | inventory = 0
[ 2024-08-05 10:14:56,055 ] 184 : Bought 10 shares at price 66,900 | Portfolio Value = 959,821.05 | Budget = 290,486.55 | inventory = 1
[ 2024-08-05 10:14:56,073 ] 185 : Bought 2 shares at price 68,600 | Portfolio Value = 959,486.55 | Budget = 153,217.95 | inventory = 2
[ 2024-08-05 10:14:56,092 ] 186 : Bought 1 shares at price 69,700 | Portfolio Value = 976,417.95 | Budget = 83,483.1 | inventory = 3
[ 2024-08-05 10:14:56,111 ] 187 : Sold 10 shares at price 69,600 | Profit = 27,000 | Portfolio Value = 989,583.1 | Budget = 779,135.1 | inventory = 2
[ 2024-08-05 10:14:56,204 ] 192 : Sold 2 shares at price 70,500 | Profit = 3,800 | Portfolio Value = 990,035.1 | Budget = 920,064.6 | inventory = 1
[ 2024-08-05 10:14:56,246 ] 194 : Sold 1 shares at price 70,800 | Profit = 1,100 | Portfolio Value = 990,464.6 | Budget = 990,829.2 | inventory = 0
[ 2024-08-05 10:14:56,262 ] 195 : Bought 4 shares at price 72,200 | Portfolio Value = 990,829.2 | Budget = 701,884.8 | inventory = 1
[ 2024-08-05 10:14:56,297 ] 197 : Sold 4 shares at price 72,500 | Profit = 1,200 | Portfolio Value = 993,084.8 | Budget = 991,739.8 | inventory = 0
[ 2024-08-05 10:14:56,314 ] 198 : Bought 8 shares at price 72,700 | Portfolio Value = 991,739.8 | Budget = 409,849.0 | inventory = 1
[ 2024-08-05 10:14:56,335 ] 199 : Bought 2 shares at price 72,800 | Portfolio Value = 991,449.0 | Budget = 264,176.2 | inventory = 2
[ 2024-08-05 10:14:56,351 ] 200 : Bought 2 shares at price 72,800 | Portfolio Value = 992,176.2 | Budget = 118,503.4 | inventory = 3
[ 2024-08-05 10:14:56,367 ] 201 : Sold 8 shares at price 72,400 | Profit = -2,400 | Portfolio Value = 992,103.4 | Budget = 697,413.8 | inventory = 2
[ 2024-08-05 10:14:56,404 ] 203 : Sold 2 shares at price 71,300 | Profit = -3,000 | Portfolio Value = 984,213.8 | Budget = 839,942.5 | inventory = 1
[ 2024-08-05 10:14:56,420 ] 204 : Sold 2 shares at price 72,700 | Profit = -200 | Portfolio Value = 982,542.5 | Budget = 985,269.8 | inventory = 0
[ 2024-08-05 10:14:56,436 ] 205 : Bought 9 shares at price 72,700 | Portfolio Value = 985,269.8 | Budget = 330,642.65 | inventory = 1
[ 2024-08-05 10:14:56,469 ] 207 : Sold 9 shares at price 72,000 | Profit = -6,300 | Portfolio Value = 985,842.65 | Budget = 978,318.65 | inventory = 0
[ 2024-08-05 10:14:56,539 ] 211 : Bought 4 shares at price 71,500 | Portfolio Value = 978,318.65 | Budget = 692,175.65 | inventory = 1
[ 2024-08-05 10:14:56,556 ] 212 : Sold 4 shares at price 72,600 | Profit = 4,400 | Portfolio Value = 978,175.65 | Budget = 982,430.45 | inventory = 0
[ 2024-08-05 10:14:56,609 ] 215 : Bought 1 shares at price 72,800 | Portfolio Value = 982,430.45 | Budget = 909,594.05 | inventory = 1
[ 2024-08-05 10:14:56,626 ] 216 : Bought 11 shares at price 73,100 | Portfolio Value = 982,394.05 | Budget = 105,092.0 | inventory = 2
[ 2024-08-05 10:14:56,643 ] 217 : Bought 1 shares at price 73,300 | Portfolio Value = 982,292.0 | Budget = 31,755.35 | inventory = 3
[ 2024-08-05 10:14:56,660 ] 218 : Sold 1 shares at price 72,900 | Profit = 100 | Portfolio Value = 984,655.35 | Budget = 104,618.9 | inventory = 2
[ 2024-08-05 10:14:56,694 ] 220 : Sold 11 shares at price 74,800 | Profit = 18,700 | Portfolio Value = 985,418.9 | Budget = 927,007.5 | inventory = 1
[ 2024-08-05 10:14:56,711 ] 221 : Bought 4 shares at price 75,000 | Portfolio Value = 1,001,807.5 | Budget = 626,857.5 | inventory = 2
[ 2024-08-05 10:14:56,735 ] 222 : Bought 7 shares at price 75,900 | Portfolio Value = 1,001,857.5 | Budget = 95,291.85 | inventory = 3
[ 2024-08-05 10:14:56,750 ] 223 : Sold 1 shares at price 76,600 | Profit = 3,300 | Portfolio Value = 1,006,091.85 | Budget = 171,853.55 | inventory = 2
[ 2024-08-05 10:14:56,769 ] 224 : Bought 1 shares at price 78,000 | Portfolio Value = 1,014,453.55 | Budget = 93,814.55 | inventory = 3
[ 2024-08-05 10:14:56,786 ] 225 : Sold 4 shares at price 78,500 | Profit = 14,000 | Portfolio Value = 1,029,814.55 | Budget = 407,657.55 | inventory = 2
[ 2024-08-05 10:14:56,786 ] Evaluation at Episode 1: Average Reward: -271358.9941261824 Average Profit: 96,920, Profit Rate: 9.69%
[ 2024-08-05 10:14:56,787 ] ----------------------------------------------------------------------------------------------------
[ 2024-08-05 10:14:56,787 ] Starting Episode 2
[ 2024-08-05 10:14:56,820 ] 1 : Bought 3 shares at price 61,800 | Portfolio Value = 1,000,000.0 | Budget = 814,507.3 | inventory = 1
[ 2024-08-05 10:14:56,853 ] 3 : Bought 2 shares at price 63,800 | Portfolio Value = 1,005,007.3 | Budget = 686,843.5 | inventory = 2
[ 2024-08-05 10:14:56,870 ] 4 : Sold 3 shares at price 61,600 | Profit = -600 | Portfolio Value = 1,005,843.5 | Budget = 871,551.1 | inventory = 1
[ 2024-08-05 10:14:56,905 ] 6 : Bought 10 shares at price 63,100 | Portfolio Value = 995,351.1 | Budget = 240,235.6 | inventory = 2
[ 2024-08-05 10:14:56,921 ] 7 : Bought 1 shares at price 63,000 | Portfolio Value = 997,435.6 | Budget = 177,204.1 | inventory = 3
[ 2024-08-05 10:14:56,940 ] 8 : Sold 2 shares at price 62,800 | Profit = -2,000 | Portfolio Value = 996,204.1 | Budget = 302,741.3 | inventory = 2
[ 2024-08-05 10:14:56,973 ] 10 : Sold 10 shares at price 63,200 | Profit = 1,000 | Portfolio Value = 994,641.3 | Budget = 934,425.3 | inventory = 1
[ 2024-08-05 10:14:56,989 ] 11 : Sold 1 shares at price 62,200 | Profit = -800 | Portfolio Value = 997,625.3 | Budget = 996,594.2 | inventory = 0
[ 2024-08-05 10:14:57,092 ] 17 : Bought 2 shares at price 62,000 | Portfolio Value = 996,594.2 | Budget = 872,532.2 | inventory = 1
[ 2024-08-05 10:14:57,123 ] 19 : Sold 2 shares at price 60,500 | Profit = -3,000 | Portfolio Value = 995,132.2 | Budget = 993,471.7 | inventory = 0
[ 2024-08-05 10:14:57,141 ] 20 : Bought 10 shares at price 60,600 | Portfolio Value = 993,471.7 | Budget = 387,168.7 | inventory = 1
[ 2024-08-05 10:14:57,158 ] 21 : Bought 5 shares at price 60,800 | Portfolio Value = 993,168.7 | Budget = 83,016.7 | inventory = 2
[ 2024-08-05 10:14:57,176 ] 22 : Bought 1 shares at price 60,500 | Portfolio Value = 995,016.7 | Budget = 22,486.45 | inventory = 3
[ 2024-08-05 10:14:57,256 ] 26 : Sold 10 shares at price 60,100 | Profit = -5,000 | Portfolio Value = 987,286.45 | Budget = 623,185.95 | inventory = 2
[ 2024-08-05 10:14:57,289 ] 28 : Bought 3 shares at price 60,000 | Portfolio Value = 980,185.95 | Budget = 443,095.95 | inventory = 3
[ 2024-08-05 10:14:57,325 ] 30 : Sold 5 shares at price 59,800 | Profit = -5,000 | Portfolio Value = 974,095.95 | Budget = 741,946.45 | inventory = 2
[ 2024-08-05 10:14:57,360 ] 32 : Sold 1 shares at price 61,300 | Profit = 800 | Portfolio Value = 981,546.45 | Budget = 803,215.8 | inventory = 1
[ 2024-08-05 10:14:57,376 ] 33 : Bought 6 shares at price 60,200 | Portfolio Value = 987,115.8 | Budget = 441,835.2 | inventory = 2
[ 2024-08-05 10:14:57,447 ] 37 : Bought 1 shares at price 63,000 | Portfolio Value = 1,002,535.2 | Budget = 378,803.7 | inventory = 3
[ 2024-08-05 10:14:57,467 ] 38 : Bought 6 shares at price 62,100 | Portfolio Value = 1,008,803.7 | Budget = 6,017.4 | inventory = 4
[ 2024-08-05 10:14:57,485 ] 39 : Sold 3 shares at price 62,900 | Profit = 8,700 | Portfolio Value = 999,617.4 | Budget = 194,623.05 | inventory = 3
[ 2024-08-05 10:14:57,503 ] 40 : Bought 1 shares at price 62,700 | Portfolio Value = 1,012,323.05 | Budget = 131,891.7 | inventory = 4
[ 2024-08-05 10:14:57,535 ] 42 : Bought 2 shares at price 64,000 | Portfolio Value = 1,016,691.7 | Budget = 3,827.7 | inventory = 5
[ 2024-08-05 10:14:57,552 ] 43 : Sold 6 shares at price 63,100 | Profit = 17,400 | Portfolio Value = 1,027,827.7 | Budget = 382,238.4 | inventory = 4
[ 2024-08-05 10:14:57,618 ] 47 : Sold 1 shares at price 65,000 | Profit = 2,000 | Portfolio Value = 1,005,238.4 | Budget = 447,205.9 | inventory = 3
[ 2024-08-05 10:14:57,635 ] 48 : Bought 1 shares at price 65,700 | Portfolio Value = 1,032,205.9 | Budget = 381,473.05 | inventory = 4
[ 2024-08-05 10:14:57,651 ] 49 : Bought 5 shares at price 65,900 | Portfolio Value = 1,038,473.05 | Budget = 51,808.3 | inventory = 5
[ 2024-08-05 10:14:57,671 ] 50 : Sold 6 shares at price 66,000 | Profit = 23,400 | Portfolio Value = 1,040,308.3 | Budget = 447,610.3 | inventory = 4
[ 2024-08-05 10:14:57,687 ] 51 : Sold 1 shares at price 66,100 | Profit = 3,400 | Portfolio Value = 1,041,610.3 | Budget = 513,677.25 | inventory = 3
[ 2024-08-05 10:14:57,713 ] 52 : Bought 7 shares at price 65,100 | Portfolio Value = 1,042,477.25 | Budget = 57,749.4 | inventory = 4
[ 2024-08-05 10:14:57,733 ] 53 : Sold 2 shares at price 65,300 | Profit = 2,600 | Portfolio Value = 1,034,249.4 | Budget = 188,284.1 | inventory = 3
[ 2024-08-05 10:14:57,818 ] 58 : Bought 1 shares at price 65,200 | Portfolio Value = 1,042,384.1 | Budget = 123,051.5 | inventory = 4
[ 2024-08-05 10:14:57,838 ] 59 : Sold 1 shares at price 63,600 | Profit = -2,100 | Portfolio Value = 1,035,851.5 | Budget = 186,619.7 | inventory = 3
[ 2024-08-05 10:14:57,889 ] 62 : Bought 1 shares at price 65,500 | Portfolio Value = 1,026,419.7 | Budget = 121,086.95 | inventory = 4
[ 2024-08-05 10:14:57,906 ] 63 : Sold 5 shares at price 65,700 | Profit = -1,000 | Portfolio Value = 1,038,086.95 | Budget = 449,422.7 | inventory = 3
[ 2024-08-05 10:14:57,938 ] 65 : Bought 2 shares at price 65,100 | Portfolio Value = 1,038,022.7 | Budget = 319,157.6 | inventory = 4
[ 2024-08-05 10:14:57,989 ] 68 : Sold 7 shares at price 64,600 | Profit = -3,500 | Portfolio Value = 1,037,457.6 | Budget = 771,131.5 | inventory = 3
[ 2024-08-05 10:14:58,008 ] 69 : Sold 1 shares at price 64,200 | Profit = -1,000 | Portfolio Value = 1,029,531.5 | Budget = 835,299.4 | inventory = 2
[ 2024-08-05 10:14:58,040 ] 71 : Sold 1 shares at price 64,500 | Profit = -1,000 | Portfolio Value = 1,027,599.4 | Budget = 899,767.15 | inventory = 1
[ 2024-08-05 10:14:58,057 ] 72 : Bought 10 shares at price 65,400 | Portfolio Value = 1,028,767.15 | Budget = 245,440.15 | inventory = 2
[ 2024-08-05 10:14:58,074 ] 73 : Sold 2 shares at price 65,000 | Profit = -200 | Portfolio Value = 1,030,240.15 | Budget = 375,375.15 | inventory = 1
[ 2024-08-05 10:14:58,090 ] 74 : Bought 1 shares at price 66,200 | Portfolio Value = 1,025,375.15 | Budget = 309,142.05 | inventory = 2
[ 2024-08-05 10:14:58,109 ] 75 : Bought 4 shares at price 68,400 | Portfolio Value = 1,037,342.05 | Budget = 35,405.25 | inventory = 3
[ 2024-08-05 10:14:58,143 ] 77 : Sold 10 shares at price 68,400 | Profit = 30,000 | Portfolio Value = 1,062,905.25 | Budget = 719,063.25 | inventory = 2
[ 2024-08-05 10:14:58,219 ] 81 : Sold 1 shares at price 72,300 | Profit = 6,100 | Portfolio Value = 1,070,563.25 | Budget = 791,327.1 | inventory = 1
[ 2024-08-05 10:14:58,253 ] 83 : Sold 4 shares at price 70,900 | Profit = 10,000 | Portfolio Value = 1,076,927.1 | Budget = 1,074,785.3 | inventory = 0
[ 2024-08-05 10:14:58,321 ] 87 : Bought 6 shares at price 70,900 | Portfolio Value = 1,074,785.3 | Budget = 649,172.6 | inventory = 1
[ 2024-08-05 10:14:58,339 ] 88 : Sold 6 shares at price 72,000 | Profit = 6,600 | Portfolio Value = 1,074,572.6 | Budget = 1,080,956.6 | inventory = 0
[ 2024-08-05 10:14:58,439 ] 94 : Bought 11 shares at price 71,200 | Portfolio Value = 1,080,956.6 | Budget = 297,365.0 | inventory = 1
[ 2024-08-05 10:14:58,456 ] 95 : Bought 3 shares at price 71,400 | Portfolio Value = 1,080,565.0 | Budget = 83,057.9 | inventory = 2
[ 2024-08-05 10:14:58,476 ] 96 : Sold 11 shares at price 70,500 | Profit = -7,700 | Portfolio Value = 1,082,657.9 | Budget = 858,170.15 | inventory = 1
[ 2024-08-05 10:14:58,496 ] 97 : Bought 8 shares at price 71,300 | Portfolio Value = 1,069,670.15 | Budget = 287,484.95 | inventory = 2
[ 2024-08-05 10:14:58,533 ] 99 : Sold 3 shares at price 72,400 | Profit = 3,000 | Portfolio Value = 1,075,084.95 | Budget = 504,576.35 | inventory = 1
[ 2024-08-05 10:14:58,552 ] 100 : Sold 8 shares at price 72,600 | Profit = 10,400 | Portfolio Value = 1,083,776.35 | Budget = 1,085,085.95 | inventory = 0
[ 2024-08-05 10:14:58,606 ] 103 : Bought 7 shares at price 72,200 | Portfolio Value = 1,085,085.95 | Budget = 579,433.25 | inventory = 1
[ 2024-08-05 10:14:58,623 ] 104 : Bought 7 shares at price 73,000 | Portfolio Value = 1,084,833.25 | Budget = 68,177.75 | inventory = 2
[ 2024-08-05 10:14:58,707 ] 108 : Sold 7 shares at price 69,900 | Profit = -16,100 | Portfolio Value = 1,070,577.75 | Budget = 557,233.1 | inventory = 1
[ 2024-08-05 10:14:58,741 ] 110 : Sold 7 shares at price 71,500 | Profit = -10,500 | Portfolio Value = 1,043,733.1 | Budget = 1,057,482.85 | inventory = 0
[ 2024-08-05 10:14:58,757 ] 111 : Bought 7 shares at price 71,900 | Portfolio Value = 1,057,482.85 | Budget = 553,931.2 | inventory = 1
[ 2024-08-05 10:14:58,777 ] 112 : Sold 7 shares at price 71,900 | Profit = 0 | Portfolio Value = 1,057,231.2 | Budget = 1,056,979.55 | inventory = 0
[ 2024-08-05 10:14:58,808 ] 114 : Bought 10 shares at price 73,300 | Portfolio Value = 1,056,979.55 | Budget = 323,613.05 | inventory = 1
[ 2024-08-05 10:14:58,824 ] 115 : Sold 10 shares at price 72,000 | Profit = -13,000 | Portfolio Value = 1,056,613.05 | Budget = 1,043,253.05 | inventory = 0
[ 2024-08-05 10:14:58,855 ] 117 : Bought 8 shares at price 71,000 | Portfolio Value = 1,043,253.05 | Budget = 474,969.05 | inventory = 1
[ 2024-08-05 10:14:58,891 ] 119 : Sold 8 shares at price 70,400 | Profit = -4,800 | Portfolio Value = 1,037,369.05 | Budget = 1,037,887.45 | inventory = 0
[ 2024-08-05 10:14:58,956 ] 123 : Bought 1 shares at price 70,600 | Portfolio Value = 1,037,887.45 | Budget = 967,252.15 | inventory = 1
[ 2024-08-05 10:14:58,972 ] 124 : Sold 1 shares at price 69,800 | Profit = -800 | Portfolio Value = 1,037,852.15 | Budget = 1,037,017.25 | inventory = 0
[ 2024-08-05 10:14:59,006 ] 126 : Bought 2 shares at price 69,900 | Portfolio Value = 1,037,017.25 | Budget = 897,147.35 | inventory = 1
[ 2024-08-05 10:14:59,056 ] 129 : Bought 8 shares at price 68,500 | Portfolio Value = 1,033,747.35 | Budget = 348,873.35 | inventory = 2
[ 2024-08-05 10:14:59,072 ] 130 : Bought 4 shares at price 67,600 | Portfolio Value = 1,033,873.35 | Budget = 78,338.15 | inventory = 3
[ 2024-08-05 10:14:59,087 ] 131 : Sold 2 shares at price 68,900 | Profit = -2,000 | Portfolio Value = 1,024,738.15 | Budget = 216,069.25 | inventory = 2
[ 2024-08-05 10:14:59,105 ] 132 : Bought 3 shares at price 68,000 | Portfolio Value = 1,042,869.25 | Budget = 11,967.25 | inventory = 3
[ 2024-08-05 10:14:59,227 ] 139 : Sold 8 shares at price 66,600 | Profit = -15,200 | Portfolio Value = 1,010,967.25 | Budget = 544,500.85 | inventory = 2
[ 2024-08-05 10:14:59,246 ] 140 : Bought 1 shares at price 67,100 | Portfolio Value = 1,010,700.85 | Budget = 477,367.3 | inventory = 3
[ 2024-08-05 10:14:59,262 ] 141 : Bought 6 shares at price 68,200 | Portfolio Value = 1,014,167.3 | Budget = 67,962.7 | inventory = 4
[ 2024-08-05 10:14:59,279 ] 142 : Bought 1 shares at price 67,100 | Portfolio Value = 1,022,762.7 | Budget = 829.15 | inventory = 5
[ 2024-08-05 10:14:59,294 ] 143 : Sold 4 shares at price 66,800 | Profit = -3,200 | Portfolio Value = 1,007,329.15 | Budget = 267,895.55 | inventory = 4
[ 2024-08-05 10:14:59,309 ] 144 : Bought 2 shares at price 66,800 | Portfolio Value = 1,002,695.55 | Budget = 134,228.75 | inventory = 5
[ 2024-08-05 10:14:59,325 ] 145 : Bought 1 shares at price 67,100 | Portfolio Value = 1,002,628.75 | Budget = 67,095.2 | inventory = 6
[ 2024-08-05 10:14:59,458 ] 153 : Sold 3 shares at price 70,800 | Profit = 8,400 | Portfolio Value = 1,051,295.2 | Budget = 279,389.0 | inventory = 5
[ 2024-08-05 10:14:59,476 ] 154 : Sold 1 shares at price 70,500 | Profit = 3,400 | Portfolio Value = 1,058,189.0 | Budget = 349,853.75 | inventory = 4
[ 2024-08-05 10:14:59,493 ] 155 : Sold 6 shares at price 70,900 | Profit = 16,200 | Portfolio Value = 1,054,853.75 | Budget = 775,041.05 | inventory = 3
[ 2024-08-05 10:14:59,512 ] 156 : Sold 1 shares at price 71,700 | Profit = 4,600 | Portfolio Value = 1,058,641.05 | Budget = 846,705.2 | inventory = 2
[ 2024-08-05 10:14:59,580 ] 160 : Bought 4 shares at price 69,600 | Portfolio Value = 1,056,105.2 | Budget = 568,166.0 | inventory = 3
[ 2024-08-05 10:14:59,600 ] 161 : Sold 2 shares at price 68,900 | Profit = 4,200 | Portfolio Value = 1,055,366.0 | Budget = 705,897.1 | inventory = 2
[ 2024-08-05 10:14:59,644 ] 163 : Sold 1 shares at price 69,400 | Profit = 2,300 | Portfolio Value = 1,049,897.1 | Budget = 775,262.4 | inventory = 1
[ 2024-08-05 10:14:59,676 ] 165 : Sold 4 shares at price 68,400 | Profit = -4,800 | Portfolio Value = 1,049,662.4 | Budget = 1,048,725.6 | inventory = 0
[ 2024-08-05 10:14:59,692 ] 166 : Bought 14 shares at price 67,500 | Portfolio Value = 1,048,725.6 | Budget = 103,253.1 | inventory = 1
[ 2024-08-05 10:14:59,725 ] 168 : Bought 1 shares at price 66,000 | Portfolio Value = 1,037,053.1 | Budget = 37,220.1 | inventory = 2
[ 2024-08-05 10:14:59,794 ] 172 : Sold 14 shares at price 68,000 | Profit = 7,000 | Portfolio Value = 1,070,720.1 | Budget = 988,744.1 | inventory = 1
[ 2024-08-05 10:14:59,810 ] 173 : Bought 10 shares at price 67,300 | Portfolio Value = 1,056,744.1 | Budget = 315,407.6 | inventory = 2
[ 2024-08-05 10:14:59,842 ] 175 : Bought 2 shares at price 70,500 | Portfolio Value = 1,078,807.6 | Budget = 174,337.1 | inventory = 3
[ 2024-08-05 10:14:59,858 ] 176 : Sold 1 shares at price 69,500 | Profit = 3,500 | Portfolio Value = 1,090,837.1 | Budget = 243,802.35 | inventory = 2
[ 2024-08-05 10:14:59,890 ] 178 : Bought 1 shares at price 68,400 | Portfolio Value = 1,069,402.35 | Budget = 175,368.15 | inventory = 3
[ 2024-08-05 10:14:59,938 ] 181 : Sold 10 shares at price 66,700 | Profit = -6,000 | Portfolio Value = 1,059,368.15 | Budget = 842,034.65 | inventory = 2
[ 2024-08-05 10:14:59,970 ] 183 : Bought 12 shares at price 67,300 | Portfolio Value = 1,043,934.65 | Budget = 34,030.85 | inventory = 3
[ 2024-08-05 10:14:59,987 ] 184 : Sold 2 shares at price 66,900 | Profit = -7,200 | Portfolio Value = 1,043,530.85 | Budget = 167,763.95 | inventory = 2
[ 2024-08-05 10:15:00,021 ] 186 : Bought 1 shares at price 69,700 | Portfolio Value = 1,059,563.95 | Budget = 98,029.1 | inventory = 3
[ 2024-08-05 10:15:00,063 ] 188 : Sold 1 shares at price 70,900 | Profit = 2,500 | Portfolio Value = 1,072,429.1 | Budget = 168,893.65 | inventory = 2
[ 2024-08-05 10:15:00,087 ] 189 : Bought 1 shares at price 70,900 | Portfolio Value = 1,090,593.65 | Budget = 97,958.2 | inventory = 3
[ 2024-08-05 10:15:00,105 ] 190 : Sold 12 shares at price 69,900 | Profit = 31,200 | Portfolio Value = 1,090,558.2 | Budget = 936,338.8 | inventory = 2
[ 2024-08-05 10:15:00,123 ] 191 : Bought 4 shares at price 70,300 | Portfolio Value = 1,076,138.8 | Budget = 654,998.2 | inventory = 3
[ 2024-08-05 10:15:00,167 ] 193 : Bought 7 shares at price 70,400 | Portfolio Value = 1,077,998.2 | Budget = 161,951.8 | inventory = 4
[ 2024-08-05 10:15:00,184 ] 194 : Sold 1 shares at price 70,800 | Profit = 1,100 | Portfolio Value = 1,077,151.8 | Budget = 232,716.4 | inventory = 3
[ 2024-08-05 10:15:00,201 ] 195 : Bought 1 shares at price 72,200 | Portfolio Value = 1,082,316.4 | Budget = 160,480.3 | inventory = 4
[ 2024-08-05 10:15:00,217 ] 196 : Sold 1 shares at price 72,800 | Profit = 1,900 | Portfolio Value = 1,099,080.3 | Budget = 233,243.9 | inventory = 3
[ 2024-08-05 10:15:00,235 ] 197 : Sold 4 shares at price 72,500 | Profit = 8,800 | Portfolio Value = 1,106,843.9 | Budget = 523,098.9 | inventory = 2
[ 2024-08-05 10:15:00,287 ] 200 : Bought 4 shares at price 72,800 | Portfolio Value = 1,105,498.9 | Budget = 231,753.3 | inventory = 3
[ 2024-08-05 10:15:00,308 ] 201 : Bought 1 shares at price 72,400 | Portfolio Value = 1,105,353.3 | Budget = 159,317.1 | inventory = 4
[ 2024-08-05 10:15:00,326 ] 202 : Sold 7 shares at price 71,700 | Profit = 9,100 | Portfolio Value = 1,100,517.1 | Budget = 660,966.15 | inventory = 3
[ 2024-08-05 10:15:00,342 ] 203 : Sold 1 shares at price 71,300 | Profit = -900 | Portfolio Value = 1,091,166.15 | Budget = 732,230.5 | inventory = 2
[ 2024-08-05 10:15:00,358 ] 204 : Bought 10 shares at price 72,700 | Portfolio Value = 1,088,730.5 | Budget = 4,867.0 | inventory = 3
[ 2024-08-05 10:15:00,392 ] 206 : Sold 4 shares at price 72,800 | Profit = 0 | Portfolio Value = 1,095,367.0 | Budget = 295,921.4 | inventory = 2
[ 2024-08-05 10:15:00,425 ] 208 : Sold 1 shares at price 72,600 | Profit = 200 | Portfolio Value = 1,087,921.4 | Budget = 368,485.1 | inventory = 1
[ 2024-08-05 10:15:00,442 ] 209 : Bought 4 shares at price 71,200 | Portfolio Value = 1,094,485.1 | Budget = 83,542.7 | inventory = 2
[ 2024-08-05 10:15:00,458 ] 210 : Sold 10 shares at price 71,700 | Profit = -10,000 | Portfolio Value = 1,080,342.7 | Budget = 800,184.2 | inventory = 1
[ 2024-08-05 10:15:00,489 ] 212 : Bought 3 shares at price 72,600 | Portfolio Value = 1,086,184.2 | Budget = 582,275.3 | inventory = 2
[ 2024-08-05 10:15:00,507 ] 213 : Bought 4 shares at price 73,000 | Portfolio Value = 1,090,475.3 | Budget = 290,129.3 | inventory = 3
[ 2024-08-05 10:15:00,533 ] 214 : Bought 3 shares at price 73,500 | Portfolio Value = 1,093,129.3 | Budget = 69,519.05 | inventory = 4
[ 2024-08-05 10:15:00,569 ] 216 : Sold 4 shares at price 73,100 | Profit = 7,600 | Portfolio Value = 1,088,719.05 | Budget = 361,772.85 | inventory = 3
[ 2024-08-05 10:15:00,585 ] 217 : Sold 3 shares at price 73,300 | Profit = 2,100 | Portfolio Value = 1,092,772.85 | Budget = 581,562.9 | inventory = 2
[ 2024-08-05 10:15:00,648 ] 221 : Bought 7 shares at price 75,000 | Portfolio Value = 1,105,162.9 | Budget = 56,300.4 | inventory = 3
[ 2024-08-05 10:15:00,716 ] Episode: 2, Total Reward: -243,538.68869867825, Total Profit: 112,100, Profit Rate: 11.21%
[ 2024-08-05 10:15:00,716 ] ----------------------------------------------------------------------------------------------------
[ 2024-08-05 10:15:00,716 ] Starting Episode 3
[ 2024-08-05 10:15:00,733 ] 0 : Bought 4 shares at price 61,000 | Portfolio Value = 1,000,000 | Budget = 755,878.0 | inventory = 1
[ 2024-08-05 10:15:00,749 ] 1 : Bought 9 shares at price 61,800 | Portfolio Value = 999,878.0 | Budget = 199,399.9 | inventory = 2
[ 2024-08-05 10:15:00,766 ] 2 : Sold 4 shares at price 63,500 | Profit = 10,000 | Portfolio Value = 1,002,799.9 | Budget = 453,272.9 | inventory = 1
[ 2024-08-05 10:15:00,799 ] 4 : Sold 9 shares at price 61,600 | Profit = -1,800 | Portfolio Value = 1,027,472.9 | Budget = 1,007,395.7 | inventory = 0
[ 2024-08-05 10:15:00,815 ] 5 : Bought 1 shares at price 61,900 | Portfolio Value = 1,007,395.7 | Budget = 945,464.75 | inventory = 1
[ 2024-08-05 10:15:00,834 ] 6 : Bought 3 shares at price 63,100 | Portfolio Value = 1,007,364.75 | Budget = 756,070.1 | inventory = 2
[ 2024-08-05 10:15:00,850 ] 7 : Sold 1 shares at price 63,000 | Profit = 1,100 | Portfolio Value = 1,008,470.1 | Budget = 819,038.6 | inventory = 1
[ 2024-08-05 10:15:00,866 ] 8 : Sold 3 shares at price 62,800 | Profit = -900 | Portfolio Value = 1,008,038.6 | Budget = 1,007,344.4 | inventory = 0
[ 2024-08-05 10:15:00,958 ] 13 : Bought 7 shares at price 62,600 | Portfolio Value = 1,007,344.4 | Budget = 568,925.3 | inventory = 1
[ 2024-08-05 10:15:01,029 ] 17 : Sold 7 shares at price 62,000 | Profit = -4,200 | Portfolio Value = 996,625.3 | Budget = 1,002,708.3 | inventory = 0
[ 2024-08-05 10:15:01,100 ] 21 : Bought 6 shares at price 60,800 | Portfolio Value = 1,002,708.3 | Budget = 637,725.9 | inventory = 1
[ 2024-08-05 10:15:01,135 ] 23 : Bought 4 shares at price 61,500 | Portfolio Value = 1,000,725.9 | Budget = 391,602.9 | inventory = 2
[ 2024-08-05 10:15:01,168 ] 25 : Sold 6 shares at price 60,300 | Profit = -3,000 | Portfolio Value = 998,602.9 | Budget = 753,222.0 | inventory = 1
[ 2024-08-05 10:15:01,201 ] 27 : Bought 5 shares at price 59,500 | Portfolio Value = 993,622.0 | Budget = 455,573.25 | inventory = 2
[ 2024-08-05 10:15:01,218 ] 28 : Sold 4 shares at price 60,000 | Profit = -6,000 | Portfolio Value = 991,073.25 | Budget = 695,453.25 | inventory = 1
[ 2024-08-05 10:15:01,236 ] 29 : Bought 9 shares at price 59,000 | Portfolio Value = 995,453.25 | Budget = 164,187.75 | inventory = 2
[ 2024-08-05 10:15:01,251 ] 30 : Bought 2 shares at price 59,800 | Portfolio Value = 990,187.75 | Budget = 44,527.95 | inventory = 3
[ 2024-08-05 10:15:01,302 ] 33 : Sold 5 shares at price 60,200 | Profit = 3,500 | Portfolio Value = 1,025,327.95 | Budget = 345,377.45 | inventory = 2
[ 2024-08-05 10:15:01,318 ] 34 : Sold 9 shares at price 60,300 | Profit = 11,700 | Portfolio Value = 1,007,577.45 | Budget = 887,806.1 | inventory = 1
[ 2024-08-05 10:15:01,343 ] 35 : Bought 11 shares at price 61,100 | Portfolio Value = 1,008,406.1 | Budget = 215,370.05 | inventory = 2
[ 2024-08-05 10:15:01,359 ] 36 : Bought 2 shares at price 62,300 | Portfolio Value = 1,009,670.05 | Budget = 90,707.75 | inventory = 3
[ 2024-08-05 10:15:01,378 ] 37 : Sold 2 shares at price 63,000 | Profit = 6,400 | Portfolio Value = 1,025,207.75 | Budget = 216,644.75 | inventory = 2
[ 2024-08-05 10:15:01,395 ] 38 : Bought 3 shares at price 62,100 | Portfolio Value = 1,035,644.75 | Budget = 30,251.6 | inventory = 3
[ 2024-08-05 10:15:01,445 ] 41 : Sold 11 shares at price 63,200 | Profit = 23,100 | Portfolio Value = 1,033,451.6 | Budget = 725,104.0 | inventory = 2
[ 2024-08-05 10:15:01,477 ] 43 : Sold 2 shares at price 63,100 | Profit = 1,600 | Portfolio Value = 1,045,104.0 | Budget = 851,240.9 | inventory = 1
[ 2024-08-05 10:15:01,513 ] 45 : Bought 2 shares at price 63,900 | Portfolio Value = 1,042,040.9 | Budget = 723,377.0 | inventory = 2
[ 2024-08-05 10:15:01,545 ] 47 : Bought 3 shares at price 65,000 | Portfolio Value = 1,034,877.0 | Budget = 528,279.5 | inventory = 3
[ 2024-08-05 10:15:01,560 ] 48 : Sold 3 shares at price 65,700 | Profit = 10,800 | Portfolio Value = 1,048,279.5 | Budget = 725,280.95 | inventory = 2
[ 2024-08-05 10:15:01,576 ] 49 : Bought 3 shares at price 65,900 | Portfolio Value = 1,053,780.95 | Budget = 527,482.1 | inventory = 3
[ 2024-08-05 10:15:01,591 ] 50 : Bought 2 shares at price 66,000 | Portfolio Value = 1,054,682.1 | Budget = 395,416.1 | inventory = 4
[ 2024-08-05 10:15:01,607 ] 51 : Sold 2 shares at price 66,100 | Profit = 4,400 | Portfolio Value = 1,055,416.1 | Budget = 527,550.0 | inventory = 3
[ 2024-08-05 10:15:01,624 ] 52 : Sold 3 shares at price 65,100 | Profit = 300 | Portfolio Value = 1,056,350.0 | Budget = 722,752.35 | inventory = 2
[ 2024-08-05 10:15:01,656 ] 54 : Bought 4 shares at price 65,600 | Portfolio Value = 1,049,252.35 | Budget = 460,221.15 | inventory = 3
[ 2024-08-05 10:15:01,691 ] 56 : Sold 3 shares at price 65,300 | Profit = -1,800 | Portfolio Value = 1,049,721.15 | Budget = 656,023.2 | inventory = 2
[ 2024-08-05 10:15:01,707 ] 57 : Sold 2 shares at price 65,700 | Profit = -600 | Portfolio Value = 1,047,823.2 | Budget = 787,357.5 | inventory = 1
[ 2024-08-05 10:15:01,724 ] 58 : Bought 6 shares at price 65,200 | Portfolio Value = 1,050,157.5 | Budget = 395,961.9 | inventory = 2
[ 2024-08-05 10:15:01,741 ] 59 : Sold 4 shares at price 63,600 | Profit = -8,000 | Portfolio Value = 1,047,961.9 | Budget = 650,234.7 | inventory = 1
[ 2024-08-05 10:15:01,771 ] 60 : Bought 5 shares at price 64,100 | Portfolio Value = 1,031,834.7 | Budget = 329,574.45 | inventory = 2
[ 2024-08-05 10:15:01,788 ] 61 : Bought 1 shares at price 64,600 | Portfolio Value = 1,034,674.45 | Budget = 264,942.15 | inventory = 3
[ 2024-08-05 10:15:01,821 ] 63 : Sold 6 shares at price 65,700 | Profit = 3,000 | Portfolio Value = 1,050,942.15 | Budget = 658,945.05 | inventory = 2
[ 2024-08-05 10:15:01,855 ] 65 : Sold 5 shares at price 65,100 | Profit = 5,000 | Portfolio Value = 1,051,345.05 | Budget = 984,282.3 | inventory = 1
[ 2024-08-05 10:15:01,872 ] 66 : Sold 1 shares at price 65,900 | Profit = 1,300 | Portfolio Value = 1,049,382.3 | Budget = 1,050,149.35 | inventory = 0
[ 2024-08-05 10:15:01,968 ] 71 : Bought 15 shares at price 64,500 | Portfolio Value = 1,050,149.35 | Budget = 82,165.6 | inventory = 1
[ 2024-08-05 10:15:02,001 ] 73 : Sold 15 shares at price 65,000 | Profit = 7,500 | Portfolio Value = 1,063,165.6 | Budget = 1,056,678.1 | inventory = 0
[ 2024-08-05 10:15:02,018 ] 74 : Bought 12 shares at price 66,200 | Portfolio Value = 1,056,678.1 | Budget = 261,880.9 | inventory = 1
[ 2024-08-05 10:15:02,051 ] 76 : Bought 2 shares at price 68,500 | Portfolio Value = 1,082,680.9 | Budget = 124,812.4 | inventory = 2
[ 2024-08-05 10:15:02,068 ] 77 : Bought 1 shares at price 68,400 | Portfolio Value = 1,083,812.4 | Budget = 56,378.2 | inventory = 3
[ 2024-08-05 10:15:02,116 ] 80 : Sold 12 shares at price 70,300 | Profit = 49,200 | Portfolio Value = 1,088,378.2 | Budget = 899,556.4 | inventory = 2
[ 2024-08-05 10:15:02,133 ] 81 : Bought 1 shares at price 72,300 | Portfolio Value = 1,110,456.4 | Budget = 827,220.25 | inventory = 3
[ 2024-08-05 10:15:02,149 ] 82 : Sold 2 shares at price 71,400 | Profit = 5,800 | Portfolio Value = 1,116,420.25 | Budget = 969,948.85 | inventory = 2
[ 2024-08-05 10:15:02,165 ] 83 : Sold 1 shares at price 70,900 | Profit = 2,500 | Portfolio Value = 1,112,748.85 | Budget = 1,040,813.4 | inventory = 1
[ 2024-08-05 10:15:02,206 ] 85 : Sold 1 shares at price 71,700 | Profit = -600 | Portfolio Value = 1,113,013.4 | Budget = 1,112,477.55 | inventory = 0
[ 2024-08-05 10:15:02,255 ] 88 : Bought 1 shares at price 72,000 | Portfolio Value = 1,112,477.55 | Budget = 1,040,441.55 | inventory = 1
[ 2024-08-05 10:15:02,271 ] 89 : Sold 1 shares at price 71,000 | Profit = -1,000 | Portfolio Value = 1,112,441.55 | Budget = 1,111,406.05 | inventory = 0
[ 2024-08-05 10:15:02,371 ] 95 : Bought 3 shares at price 71,400 | Portfolio Value = 1,111,406.05 | Budget = 897,098.95 | inventory = 1
[ 2024-08-05 10:15:02,404 ] 97 : Sold 3 shares at price 71,300 | Profit = -300 | Portfolio Value = 1,108,598.95 | Budget = 1,110,892.0 | inventory = 0
[ 2024-08-05 10:15:02,420 ] 98 : Bought 12 shares at price 71,600 | Portfolio Value = 1,110,892.0 | Budget = 251,262.4 | inventory = 1
[ 2024-08-05 10:15:02,438 ] 99 : Sold 12 shares at price 72,400 | Profit = 9,600 | Portfolio Value = 1,110,462.4 | Budget = 1,119,628.0 | inventory = 0
[ 2024-08-05 10:15:02,455 ] 100 : Bought 6 shares at price 72,600 | Portfolio Value = 1,119,628.0 | Budget = 683,810.2 | inventory = 1
[ 2024-08-05 10:15:02,476 ] 101 : Sold 6 shares at price 72,700 | Profit = 600 | Portfolio Value = 1,119,410.2 | Budget = 1,119,792.1 | inventory = 0
[ 2024-08-05 10:15:02,541 ] 105 : Bought 9 shares at price 73,000 | Portfolio Value = 1,119,792.1 | Budget = 462,463.6 | inventory = 1
[ 2024-08-05 10:15:02,557 ] 106 : Bought 6 shares at price 72,000 | Portfolio Value = 1,119,463.6 | Budget = 30,247.6 | inventory = 2
[ 2024-08-05 10:15:02,585 ] 107 : Sold 9 shares at price 71,600 | Profit = -12,600 | Portfolio Value = 1,110,247.6 | Budget = 674,325.4 | inventory = 1
[ 2024-08-05 10:15:02,620 ] 109 : Bought 6 shares at price 69,500 | Portfolio Value = 1,093,725.4 | Budget = 257,116.9 | inventory = 2
[ 2024-08-05 10:15:02,637 ] 110 : Bought 3 shares at price 71,500 | Portfolio Value = 1,091,116.9 | Budget = 42,509.65 | inventory = 3
[ 2024-08-05 10:15:02,741 ] 116 : Sold 6 shares at price 71,700 | Profit = -1,800 | Portfolio Value = 1,122,509.65 | Budget = 472,494.55 | inventory = 2
[ 2024-08-05 10:15:02,758 ] 117 : Bought 6 shares at price 71,000 | Portfolio Value = 1,117,794.55 | Budget = 46,281.55 | inventory = 3
[ 2024-08-05 10:15:02,776 ] 118 : Sold 6 shares at price 70,300 | Profit = 4,800 | Portfolio Value = 1,111,281.55 | Budget = 467,870.65 | inventory = 2
[ 2024-08-05 10:15:02,794 ] 119 : Bought 1 shares at price 70,400 | Portfolio Value = 1,100,570.65 | Budget = 397,435.45 | inventory = 3
[ 2024-08-05 10:15:02,830 ] 121 : Bought 4 shares at price 69,800 | Portfolio Value = 1,097,435.45 | Budget = 118,095.85 | inventory = 4
[ 2024-08-05 10:15:02,849 ] 122 : Bought 1 shares at price 71,700 | Portfolio Value = 1,095,295.85 | Budget = 46,360.0 | inventory = 5
[ 2024-08-05 10:15:02,983 ] 130 : Sold 3 shares at price 67,600 | Profit = -11,700 | Portfolio Value = 1,073,860.0 | Budget = 249,058.6 | inventory = 4
[ 2024-08-05 10:15:03,001 ] 131 : Bought 1 shares at price 68,900 | Portfolio Value = 1,060,258.6 | Budget = 180,124.15 | inventory = 5
[ 2024-08-05 10:15:03,043 ] 133 : Sold 6 shares at price 67,500 | Profit = -21,000 | Portfolio Value = 1,064,124.15 | Budget = 584,921.65 | inventory = 4
[ 2024-08-05 10:15:03,077 ] 135 : Sold 1 shares at price 67,000 | Profit = -3,400 | Portfolio Value = 1,056,021.65 | Budget = 651,888.15 | inventory = 3
[ 2024-08-05 10:15:03,094 ] 136 : Sold 4 shares at price 66,700 | Profit = -12,400 | Portfolio Value = 1,053,888.15 | Budget = 918,554.75 | inventory = 2
[ 2024-08-05 10:15:03,190 ] 142 : Sold 1 shares at price 67,100 | Profit = -4,600 | Portfolio Value = 1,054,954.75 | Budget = 985,621.2 | inventory = 1
[ 2024-08-05 10:15:03,223 ] 144 : Bought 2 shares at price 66,800 | Portfolio Value = 1,052,421.2 | Budget = 851,954.4 | inventory = 2
[ 2024-08-05 10:15:03,240 ] 145 : Sold 1 shares at price 67,100 | Profit = -1,800 | Portfolio Value = 1,052,354.4 | Budget = 919,020.85 | inventory = 1
[ 2024-08-05 10:15:03,257 ] 146 : Sold 2 shares at price 66,900 | Profit = 200 | Portfolio Value = 1,053,220.85 | Budget = 1,052,753.95 | inventory = 0
[ 2024-08-05 10:15:03,275 ] 147 : Bought 11 shares at price 71,000 | Portfolio Value = 1,052,753.95 | Budget = 271,363.45 | inventory = 1
[ 2024-08-05 10:15:03,307 ] 149 : Bought 2 shares at price 70,700 | Portfolio Value = 1,054,563.45 | Budget = 129,892.75 | inventory = 2
[ 2024-08-05 10:15:03,323 ] 150 : Bought 1 shares at price 70,000 | Portfolio Value = 1,048,992.75 | Budget = 59,857.75 | inventory = 3
[ 2024-08-05 10:15:03,374 ] 153 : Sold 11 shares at price 70,800 | Profit = -2,200 | Portfolio Value = 1,044,057.75 | Budget = 838,268.35 | inventory = 2
[ 2024-08-05 10:15:03,389 ] 154 : Bought 9 shares at price 70,500 | Portfolio Value = 1,050,668.35 | Budget = 203,451.1 | inventory = 3
[ 2024-08-05 10:15:03,422 ] 156 : Bought 2 shares at price 71,700 | Portfolio Value = 1,054,251.1 | Budget = 59,979.4 | inventory = 4
[ 2024-08-05 10:15:03,455 ] 158 : Sold 2 shares at price 70,200 | Profit = -1,000 | Portfolio Value = 1,067,979.4 | Budget = 200,309.2 | inventory = 3
[ 2024-08-05 10:15:03,480 ] 159 : Sold 1 shares at price 69,800 | Profit = -200 | Portfolio Value = 1,042,709.2 | Budget = 270,074.3 | inventory = 2
[ 2024-08-05 10:15:03,500 ] 160 : Sold 9 shares at price 69,600 | Profit = -8,100 | Portfolio Value = 1,037,874.3 | Budget = 896,161.1 | inventory = 1
[ 2024-08-05 10:15:03,538 ] 162 : Bought 6 shares at price 68,800 | Portfolio Value = 1,033,961.1 | Budget = 483,154.7 | inventory = 2
[ 2024-08-05 10:15:03,554 ] 163 : Bought 1 shares at price 69,400 | Portfolio Value = 1,033,554.7 | Budget = 413,720.0 | inventory = 3
[ 2024-08-05 10:15:03,606 ] 166 : Sold 2 shares at price 67,500 | Profit = -8,400 | Portfolio Value = 1,029,320.0 | Budget = 548,652.5 | inventory = 2
[ 2024-08-05 10:15:03,642 ] 168 : Bought 2 shares at price 66,000 | Portfolio Value = 1,015,552.5 | Budget = 416,586.5 | inventory = 3
[ 2024-08-05 10:15:03,709 ] 172 : Sold 6 shares at price 68,000 | Profit = -4,800 | Portfolio Value = 1,036,686.5 | Budget = 824,382.5 | inventory = 2
[ 2024-08-05 10:15:03,726 ] 173 : Sold 1 shares at price 67,300 | Profit = -2,100 | Portfolio Value = 1,028,382.5 | Budget = 891,648.85 | inventory = 1
[ 2024-08-05 10:15:03,743 ] 174 : Sold 2 shares at price 69,400 | Profit = 6,800 | Portfolio Value = 1,026,248.85 | Budget = 1,030,379.45 | inventory = 0
[ 2024-08-05 10:15:03,759 ] 175 : Bought 4 shares at price 70,500 | Portfolio Value = 1,030,379.45 | Budget = 748,238.45 | inventory = 1
[ 2024-08-05 10:15:03,797 ] 177 : Bought 4 shares at price 68,800 | Portfolio Value = 1,026,238.45 | Budget = 472,900.85 | inventory = 2
[ 2024-08-05 10:15:03,814 ] 178 : Bought 4 shares at price 68,400 | Portfolio Value = 1,023,300.85 | Budget = 199,164.05 | inventory = 3
[ 2024-08-05 10:15:03,831 ] 179 : Sold 4 shares at price 68,500 | Profit = -8,000 | Portfolio Value = 1,019,964.05 | Budget = 473,027.05 | inventory = 2
[ 2024-08-05 10:15:03,873 ] 181 : Bought 4 shares at price 66,700 | Portfolio Value = 1,017,027.05 | Budget = 206,093.65 | inventory = 3
[ 2024-08-05 10:15:03,928 ] 184 : Sold 4 shares at price 66,900 | Profit = -7,600 | Portfolio Value = 1,013,693.65 | Budget = 473,559.85 | inventory = 2
[ 2024-08-05 10:15:03,945 ] 185 : Bought 6 shares at price 68,600 | Portfolio Value = 1,008,759.85 | Budget = 61,754.05 | inventory = 3
[ 2024-08-05 10:15:04,016 ] 189 : Sold 4 shares at price 70,900 | Profit = 10,000 | Portfolio Value = 1,054,354.05 | Budget = 345,212.25 | inventory = 2
[ 2024-08-05 10:15:04,039 ] 190 : Sold 4 shares at price 69,900 | Profit = 12,800 | Portfolio Value = 1,054,212.25 | Budget = 624,672.45 | inventory = 1
[ 2024-08-05 10:15:04,060 ] 191 : Sold 6 shares at price 70,300 | Profit = 10,200 | Portfolio Value = 1,044,072.45 | Budget = 1,046,261.55 | inventory = 0
[ 2024-08-05 10:15:04,136 ] 195 : Bought 10 shares at price 72,200 | Portfolio Value = 1,046,261.55 | Budget = 323,900.55 | inventory = 1
[ 2024-08-05 10:15:04,171 ] 197 : Sold 10 shares at price 72,500 | Profit = 3,000 | Portfolio Value = 1,051,900.55 | Budget = 1,048,538.05 | inventory = 0
[ 2024-08-05 10:15:04,226 ] 200 : Bought 2 shares at price 72,800 | Portfolio Value = 1,048,538.05 | Budget = 902,865.25 | inventory = 1
[ 2024-08-05 10:15:04,243 ] 201 : Bought 6 shares at price 72,400 | Portfolio Value = 1,048,465.25 | Budget = 468,248.05 | inventory = 2
[ 2024-08-05 10:15:04,265 ] 202 : Bought 5 shares at price 71,700 | Portfolio Value = 1,047,448.05 | Budget = 109,568.8 | inventory = 3
[ 2024-08-05 10:15:04,292 ] 203 : Sold 2 shares at price 71,300 | Profit = -3,000 | Portfolio Value = 1,041,668.8 | Budget = 252,097.5 | inventory = 2
[ 2024-08-05 10:15:04,313 ] 204 : Bought 3 shares at price 72,700 | Portfolio Value = 1,036,397.5 | Budget = 33,888.45 | inventory = 3
[ 2024-08-05 10:15:04,403 ] 209 : Sold 6 shares at price 71,200 | Profit = -7,200 | Portfolio Value = 1,050,288.45 | Budget = 460,874.85 | inventory = 2
[ 2024-08-05 10:15:04,420 ] 210 : Bought 4 shares at price 71,700 | Portfolio Value = 1,030,474.85 | Budget = 173,931.45 | inventory = 3
[ 2024-08-05 10:15:04,442 ] 211 : Sold 5 shares at price 71,500 | Profit = -1,000 | Portfolio Value = 1,034,331.45 | Budget = 531,252.7 | inventory = 2
[ 2024-08-05 10:15:04,496 ] 214 : Sold 3 shares at price 73,500 | Profit = 2,400 | Portfolio Value = 1,042,252.7 | Budget = 751,642.45 | inventory = 1
[ 2024-08-05 10:15:04,567 ] 218 : Sold 4 shares at price 72,900 | Profit = 4,800 | Portfolio Value = 1,044,842.45 | Budget = 1,043,096.65 | inventory = 0
[ 2024-08-05 10:15:04,604 ] 220 : Bought 13 shares at price 74,800 | Portfolio Value = 1,043,096.65 | Budget = 70,210.45 | inventory = 1
[ 2024-08-05 10:15:04,653 ] 223 : Sold 13 shares at price 76,600 | Profit = 23,400 | Portfolio Value = 1,056,910.45 | Budget = 1,065,512.55 | inventory = 0
[ 2024-08-05 10:15:04,671 ] 224 : Bought 10 shares at price 78,000 | Portfolio Value = 1,065,512.55 | Budget = 285,122.55 | inventory = 1
[ 2024-08-05 10:15:04,691 ] Episode: 3, Total Reward: -212,149.09479338292, Total Profit: 84,700, Profit Rate: 8.47%
[ 2024-08-05 10:15:04,691 ] ----------------------------------------------------------------------------------------------------
[ 2024-08-05 10:15:04,691 ] Starting Episode 4
[ 2024-08-05 10:15:04,747 ] 2 : Bought 14 shares at price 63,500 | Portfolio Value = 1,000,000.0 | Budget = 110,555.5 | inventory = 1
[ 2024-08-05 10:15:04,764 ] 3 : Sold 14 shares at price 63,800 | Profit = 4,200 | Portfolio Value = 999,555.5 | Budget = 1,003,308.9 | inventory = 0
[ 2024-08-05 10:15:04,897 ] 10 : Bought 15 shares at price 63,200 | Portfolio Value = 1,003,308.9 | Budget = 54,834.9 | inventory = 1
[ 2024-08-05 10:15:05,005 ] 15 : Sold 15 shares at price 62,100 | Profit = -16,500 | Portfolio Value = 995,334.9 | Budget = 985,869.15 | inventory = 0
[ 2024-08-05 10:15:05,021 ] 16 : Bought 5 shares at price 61,100 | Portfolio Value = 985,869.15 | Budget = 680,216.4 | inventory = 1
[ 2024-08-05 10:15:05,040 ] 17 : Bought 10 shares at price 62,000 | Portfolio Value = 985,716.4 | Budget = 59,906.4 | inventory = 2
[ 2024-08-05 10:15:05,076 ] 19 : Sold 5 shares at price 60,500 | Profit = -3,000 | Portfolio Value = 979,406.4 | Budget = 362,255.15 | inventory = 1
[ 2024-08-05 10:15:05,096 ] 20 : Sold 10 shares at price 60,600 | Profit = -14,000 | Portfolio Value = 967,255.15 | Budget = 967,952.15 | inventory = 0
[ 2024-08-05 10:15:05,149 ] 23 : Bought 11 shares at price 61,500 | Portfolio Value = 967,952.15 | Budget = 291,113.9 | inventory = 1
[ 2024-08-05 10:15:05,167 ] 24 : Bought 3 shares at price 60,700 | Portfolio Value = 967,613.9 | Budget = 108,922.85 | inventory = 2
[ 2024-08-05 10:15:05,184 ] 25 : Sold 11 shares at price 60,300 | Profit = -13,200 | Portfolio Value = 958,722.85 | Budget = 771,891.2 | inventory = 1
[ 2024-08-05 10:15:05,201 ] 26 : Sold 3 shares at price 60,100 | Profit = -1,800 | Portfolio Value = 952,791.2 | Budget = 952,101.05 | inventory = 0
[ 2024-08-05 10:15:05,218 ] 27 : Bought 8 shares at price 59,500 | Portfolio Value = 952,101.05 | Budget = 475,863.05 | inventory = 1
[ 2024-08-05 10:15:05,251 ] 29 : Bought 8 shares at price 59,000 | Portfolio Value = 955,863.05 | Budget = 3,627.05 | inventory = 2
[ 2024-08-05 10:15:05,268 ] 30 : Sold 8 shares at price 59,800 | Profit = 2,400 | Portfolio Value = 947,627.05 | Budget = 481,787.85 | inventory = 1
[ 2024-08-05 10:15:05,304 ] 32 : Bought 3 shares at price 61,300 | Portfolio Value = 960,987.85 | Budget = 297,795.9 | inventory = 2
[ 2024-08-05 10:15:05,321 ] 33 : Bought 1 shares at price 60,200 | Portfolio Value = 972,095.9 | Budget = 237,565.8 | inventory = 3
[ 2024-08-05 10:15:05,338 ] 34 : Bought 1 shares at price 60,300 | Portfolio Value = 959,965.8 | Budget = 177,235.65 | inventory = 4
[ 2024-08-05 10:15:05,354 ] 35 : Bought 2 shares at price 61,100 | Portfolio Value = 961,135.65 | Budget = 54,974.55 | inventory = 5
[ 2024-08-05 10:15:05,370 ] 36 : Sold 8 shares at price 62,300 | Profit = 26,400 | Portfolio Value = 971,474.55 | Budget = 553,125.35 | inventory = 4
[ 2024-08-05 10:15:05,444 ] 40 : Sold 3 shares at price 62,700 | Profit = 4,200 | Portfolio Value = 993,425.35 | Budget = 741,131.3 | inventory = 3
[ 2024-08-05 10:15:05,464 ] 41 : Bought 4 shares at price 63,200 | Portfolio Value = 991,931.3 | Budget = 488,204.9 | inventory = 4
[ 2024-08-05 10:15:05,505 ] 43 : Sold 1 shares at price 63,100 | Profit = 2,900 | Portfolio Value = 1,000,204.9 | Budget = 551,273.35 | inventory = 3
[ 2024-08-05 10:15:05,522 ] 44 : Sold 1 shares at price 63,600 | Profit = 3,300 | Portfolio Value = 992,973.35 | Budget = 614,841.55 | inventory = 2
[ 2024-08-05 10:15:05,540 ] 45 : Sold 2 shares at price 63,900 | Profit = 5,600 | Portfolio Value = 996,441.55 | Budget = 742,577.65 | inventory = 1
[ 2024-08-05 10:15:05,558 ] 46 : Sold 4 shares at price 62,300 | Profit = -3,600 | Portfolio Value = 998,177.65 | Budget = 991,653.05 | inventory = 0
[ 2024-08-05 10:15:05,614 ] 49 : Bought 7 shares at price 65,900 | Portfolio Value = 991,653.05 | Budget = 530,122.4 | inventory = 1
[ 2024-08-05 10:15:05,633 ] 50 : Sold 7 shares at price 66,000 | Profit = 700 | Portfolio Value = 991,422.4 | Budget = 991,891.4 | inventory = 0
[ 2024-08-05 10:15:05,693 ] 53 : Bought 7 shares at price 65,300 | Portfolio Value = 991,891.4 | Budget = 534,562.85 | inventory = 1
[ 2024-08-05 10:15:05,730 ] 55 : Bought 7 shares at price 65,500 | Portfolio Value = 993,762.85 | Budget = 75,833.6 | inventory = 2
[ 2024-08-05 10:15:05,747 ] 56 : Sold 7 shares at price 65,300 | Profit = 0 | Portfolio Value = 992,833.6 | Budget = 532,705.05 | inventory = 1
[ 2024-08-05 10:15:05,765 ] 57 : Sold 7 shares at price 65,700 | Profit = 1,400 | Portfolio Value = 989,805.05 | Budget = 992,375.1 | inventory = 0
[ 2024-08-05 10:15:05,898 ] 64 : Bought 5 shares at price 65,400 | Portfolio Value = 992,375.1 | Budget = 665,211.6 | inventory = 1
[ 2024-08-05 10:15:05,918 ] 65 : Sold 5 shares at price 65,100 | Profit = -1,500 | Portfolio Value = 992,211.6 | Budget = 990,548.85 | inventory = 0
[ 2024-08-05 10:15:05,954 ] 67 : Bought 10 shares at price 65,300 | Portfolio Value = 990,548.85 | Budget = 337,222.35 | inventory = 1
[ 2024-08-05 10:15:05,972 ] 68 : Bought 1 shares at price 64,600 | Portfolio Value = 990,222.35 | Budget = 272,590.05 | inventory = 2
[ 2024-08-05 10:15:05,989 ] 69 : Bought 2 shares at price 64,200 | Portfolio Value = 983,190.05 | Budget = 144,125.85 | inventory = 3
[ 2024-08-05 10:15:06,034 ] 71 : Bought 1 shares at price 64,500 | Portfolio Value = 977,425.85 | Budget = 79,593.6 | inventory = 4
[ 2024-08-05 10:15:06,067 ] 72 : Sold 10 shares at price 65,400 | Profit = 1,000 | Portfolio Value = 982,593.6 | Budget = 733,266.6 | inventory = 3
[ 2024-08-05 10:15:06,087 ] 73 : Sold 1 shares at price 65,000 | Profit = 400 | Portfolio Value = 994,866.6 | Budget = 798,234.1 | inventory = 2
[ 2024-08-05 10:15:06,105 ] 74 : Bought 11 shares at price 66,200 | Portfolio Value = 993,234.1 | Budget = 69,670.0 | inventory = 3
[ 2024-08-05 10:15:06,123 ] 75 : Sold 2 shares at price 68,400 | Profit = 8,400 | Portfolio Value = 996,470.0 | Budget = 206,401.6 | inventory = 2
[ 2024-08-05 10:15:06,163 ] 77 : Bought 3 shares at price 68,400 | Portfolio Value = 1,028,401.6 | Budget = 1,099.0 | inventory = 3
[ 2024-08-05 10:15:06,218 ] 80 : Sold 1 shares at price 70,300 | Profit = 5,800 | Portfolio Value = 1,033,099.0 | Budget = 71,363.85 | inventory = 2
[ 2024-08-05 10:15:06,234 ] 81 : Sold 11 shares at price 72,300 | Profit = 67,100 | Portfolio Value = 1,055,563.85 | Budget = 866,266.2 | inventory = 1
[ 2024-08-05 10:15:06,266 ] 83 : Bought 1 shares at price 70,900 | Portfolio Value = 1,080,466.2 | Budget = 795,330.75 | inventory = 2
[ 2024-08-05 10:15:06,282 ] 84 : Sold 3 shares at price 72,200 | Profit = 11,400 | Portfolio Value = 1,078,930.75 | Budget = 1,011,822.45 | inventory = 1
[ 2024-08-05 10:15:06,314 ] 86 : Bought 7 shares at price 71,000 | Portfolio Value = 1,083,522.45 | Budget = 514,573.95 | inventory = 2
[ 2024-08-05 10:15:06,330 ] 87 : Sold 1 shares at price 70,900 | Profit = 0 | Portfolio Value = 1,082,573.95 | Budget = 585,438.5 | inventory = 1
[ 2024-08-05 10:15:06,347 ] 88 : Bought 8 shares at price 72,000 | Portfolio Value = 1,081,738.5 | Budget = 9,150.5 | inventory = 2
[ 2024-08-05 10:15:06,399 ] 91 : Sold 7 shares at price 71,900 | Profit = 6,300 | Portfolio Value = 1,089,150.5 | Budget = 512,198.85 | inventory = 1
[ 2024-08-05 10:15:06,415 ] 92 : Bought 2 shares at price 71,500 | Portfolio Value = 1,087,398.85 | Budget = 369,127.35 | inventory = 2
[ 2024-08-05 10:15:06,446 ] 94 : Sold 8 shares at price 71,200 | Profit = -6,400 | Portfolio Value = 1,087,127.35 | Budget = 938,442.55 | inventory = 1
[ 2024-08-05 10:15:06,477 ] 96 : Sold 2 shares at price 70,500 | Profit = -2,000 | Portfolio Value = 1,081,242.55 | Budget = 1,079,372.05 | inventory = 0
[ 2024-08-05 10:15:06,523 ] 99 : Bought 11 shares at price 72,400 | Portfolio Value = 1,079,372.05 | Budget = 282,573.85 | inventory = 1
[ 2024-08-05 10:15:06,587 ] 103 : Sold 11 shares at price 72,200 | Profit = -2,200 | Portfolio Value = 1,078,973.85 | Budget = 1,076,376.75 | inventory = 0
[ 2024-08-05 10:15:06,618 ] 105 : Bought 2 shares at price 73,000 | Portfolio Value = 1,076,376.75 | Budget = 930,303.75 | inventory = 1
[ 2024-08-05 10:15:06,633 ] 106 : Bought 9 shares at price 72,000 | Portfolio Value = 1,076,303.75 | Budget = 281,979.75 | inventory = 2
[ 2024-08-05 10:15:06,650 ] 107 : Sold 2 shares at price 71,600 | Profit = -2,800 | Portfolio Value = 1,073,979.75 | Budget = 425,108.15 | inventory = 1
[ 2024-08-05 10:15:06,665 ] 108 : Sold 9 shares at price 69,900 | Profit = -18,900 | Portfolio Value = 1,069,508.15 | Budget = 1,053,893.6 | inventory = 0
[ 2024-08-05 10:15:06,681 ] 109 : Bought 12 shares at price 69,500 | Portfolio Value = 1,053,893.6 | Budget = 219,476.6 | inventory = 1
[ 2024-08-05 10:15:06,697 ] 110 : Bought 3 shares at price 71,500 | Portfolio Value = 1,053,476.6 | Budget = 4,869.35 | inventory = 2
[ 2024-08-05 10:15:06,727 ] 112 : Sold 12 shares at price 71,900 | Profit = 28,800 | Portfolio Value = 1,083,369.35 | Budget = 867,237.95 | inventory = 1
[ 2024-08-05 10:15:06,758 ] 114 : Bought 1 shares at price 73,300 | Portfolio Value = 1,087,437.95 | Budget = 793,901.3 | inventory = 2
[ 2024-08-05 10:15:06,776 ] 115 : Bought 9 shares at price 72,000 | Portfolio Value = 1,087,101.3 | Budget = 145,577.3 | inventory = 3
[ 2024-08-05 10:15:06,792 ] 116 : Sold 3 shares at price 71,700 | Profit = 600 | Portfolio Value = 1,081,577.3 | Budget = 360,569.75 | inventory = 2
[ 2024-08-05 10:15:06,823 ] 118 : Bought 2 shares at price 70,300 | Portfolio Value = 1,070,569.75 | Budget = 219,899.45 | inventory = 3
[ 2024-08-05 10:15:06,838 ] 119 : Bought 3 shares at price 70,400 | Portfolio Value = 1,063,499.45 | Budget = 8,593.85 | inventory = 4
[ 2024-08-05 10:15:06,945 ] 126 : Sold 1 shares at price 69,900 | Profit = -3,400 | Portfolio Value = 1,075,093.85 | Budget = 78,458.9 | inventory = 3
[ 2024-08-05 10:15:06,961 ] 127 : Sold 9 shares at price 68,800 | Profit = -28,800 | Portfolio Value = 1,057,058.9 | Budget = 697,349.3 | inventory = 2
[ 2024-08-05 10:15:06,990 ] 129 : Sold 2 shares at price 68,500 | Profit = -3,600 | Portfolio Value = 1,038,849.3 | Budget = 834,280.8 | inventory = 1
[ 2024-08-05 10:15:07,005 ] 130 : Bought 7 shares at price 67,600 | Portfolio Value = 1,039,780.8 | Budget = 360,844.2 | inventory = 2
[ 2024-08-05 10:15:07,050 ] 133 : Bought 5 shares at price 67,500 | Portfolio Value = 1,040,844.2 | Budget = 23,175.45 | inventory = 3
[ 2024-08-05 10:15:07,065 ] 134 : Sold 3 shares at price 67,300 | Profit = -9,300 | Portfolio Value = 1,035,675.45 | Budget = 224,974.5 | inventory = 2
[ 2024-08-05 10:15:07,081 ] 135 : Sold 7 shares at price 67,000 | Profit = -4,200 | Portfolio Value = 1,032,574.5 | Budget = 693,740.0 | inventory = 1
[ 2024-08-05 10:15:07,100 ] 136 : Sold 5 shares at price 66,700 | Profit = -4,000 | Portfolio Value = 1,028,740.0 | Budget = 1,027,073.25 | inventory = 0
[ 2024-08-05 10:15:07,116 ] 137 : Bought 9 shares at price 66,300 | Portfolio Value = 1,027,073.25 | Budget = 430,074.9 | inventory = 1
[ 2024-08-05 10:15:07,131 ] 138 : Bought 1 shares at price 66,600 | Portfolio Value = 1,026,774.9 | Budget = 363,441.6 | inventory = 2
[ 2024-08-05 10:15:07,178 ] 141 : Bought 5 shares at price 68,200 | Portfolio Value = 1,034,441.6 | Budget = 22,271.1 | inventory = 3
[ 2024-08-05 10:15:07,237 ] 145 : Sold 9 shares at price 67,100 | Profit = 7,200 | Portfolio Value = 1,024,271.1 | Budget = 625,869.15 | inventory = 2
[ 2024-08-05 10:15:07,253 ] 146 : Sold 1 shares at price 66,900 | Profit = 300 | Portfolio Value = 1,028,469.15 | Budget = 692,735.7 | inventory = 1
[ 2024-08-05 10:15:07,267 ] 147 : Sold 5 shares at price 71,000 | Profit = 14,000 | Portfolio Value = 1,027,235.7 | Budget = 1,047,558.2 | inventory = 0
[ 2024-08-05 10:15:07,283 ] 148 : Bought 13 shares at price 71,200 | Portfolio Value = 1,047,558.2 | Budget = 121,495.4 | inventory = 1
[ 2024-08-05 10:15:07,297 ] 149 : Bought 1 shares at price 70,700 | Portfolio Value = 1,047,095.4 | Budget = 50,760.05 | inventory = 2
[ 2024-08-05 10:15:07,328 ] 151 : Sold 13 shares at price 70,400 | Profit = -10,400 | Portfolio Value = 1,030,760.05 | Budget = 965,502.45 | inventory = 1
[ 2024-08-05 10:15:07,362 ] 153 : Bought 13 shares at price 70,800 | Portfolio Value = 1,035,802.45 | Budget = 44,642.25 | inventory = 2
[ 2024-08-05 10:15:07,377 ] 154 : Sold 1 shares at price 70,500 | Profit = -200 | Portfolio Value = 1,035,842.25 | Budget = 115,107.0 | inventory = 1
[ 2024-08-05 10:15:07,393 ] 155 : Bought 1 shares at price 70,900 | Portfolio Value = 1,031,607.0 | Budget = 44,171.55 | inventory = 2
[ 2024-08-05 10:15:07,512 ] 163 : Sold 13 shares at price 69,400 | Profit = -18,200 | Portfolio Value = 1,007,371.55 | Budget = 945,920.45 | inventory = 1
[ 2024-08-05 10:15:07,542 ] 165 : Bought 3 shares at price 68,400 | Portfolio Value = 1,014,520.45 | Budget = 740,617.85 | inventory = 2
[ 2024-08-05 10:15:07,572 ] 167 : Sold 1 shares at price 66,700 | Profit = -4,200 | Portfolio Value = 1,010,617.85 | Budget = 807,284.5 | inventory = 1
[ 2024-08-05 10:15:07,608 ] 169 : Bought 8 shares at price 66,400 | Portfolio Value = 1,005,284.5 | Budget = 275,818.9 | inventory = 2
[ 2024-08-05 10:15:07,623 ] 170 : Sold 3 shares at price 68,200 | Profit = -600 | Portfolio Value = 1,006,218.9 | Budget = 480,316.6 | inventory = 1
[ 2024-08-05 10:15:07,638 ] 171 : Sold 8 shares at price 68,900 | Profit = 20,000 | Portfolio Value = 1,025,916.6 | Budget = 1,031,241.0 | inventory = 0
[ 2024-08-05 10:15:07,683 ] 174 : Bought 10 shares at price 69,400 | Portfolio Value = 1,031,241.0 | Budget = 336,894.0 | inventory = 1
[ 2024-08-05 10:15:07,699 ] 175 : Bought 4 shares at price 70,500 | Portfolio Value = 1,030,894.0 | Budget = 54,753.0 | inventory = 2
[ 2024-08-05 10:15:07,744 ] 178 : Sold 10 shares at price 68,400 | Profit = -10,000 | Portfolio Value = 1,017,953.0 | Budget = 738,411.0 | inventory = 1
[ 2024-08-05 10:15:07,760 ] 179 : Bought 1 shares at price 68,500 | Portfolio Value = 1,012,011.0 | Budget = 669,876.75 | inventory = 2
[ 2024-08-05 10:15:07,776 ] 180 : Bought 7 shares at price 68,000 | Portfolio Value = 1,012,376.75 | Budget = 193,638.75 | inventory = 3
[ 2024-08-05 10:15:07,791 ] 181 : Sold 4 shares at price 66,700 | Profit = -15,200 | Portfolio Value = 1,009,638.75 | Budget = 460,305.35 | inventory = 2
[ 2024-08-05 10:15:07,807 ] 182 : Sold 1 shares at price 67,300 | Profit = -1,200 | Portfolio Value = 993,905.35 | Budget = 527,571.7 | inventory = 1
[ 2024-08-05 10:15:07,838 ] 184 : Bought 5 shares at price 66,900 | Portfolio Value = 998,671.7 | Budget = 192,904.45 | inventory = 2
[ 2024-08-05 10:15:07,874 ] 186 : Sold 7 shares at price 69,700 | Profit = 11,900 | Portfolio Value = 1,016,104.45 | Budget = 680,560.5 | inventory = 1
[ 2024-08-05 10:15:07,889 ] 187 : Bought 6 shares at price 69,600 | Portfolio Value = 1,029,060.5 | Budget = 262,751.7 | inventory = 2
[ 2024-08-05 10:15:07,904 ] 188 : Sold 5 shares at price 70,900 | Profit = 20,000 | Portfolio Value = 1,028,351.7 | Budget = 617,074.45 | inventory = 1
[ 2024-08-05 10:15:07,993 ] 194 : Sold 6 shares at price 70,800 | Profit = 7,200 | Portfolio Value = 1,039,474.45 | Budget = 1,041,662.05 | inventory = 0
[ 2024-08-05 10:15:08,055 ] 198 : Bought 7 shares at price 72,700 | Portfolio Value = 1,041,662.05 | Budget = 532,507.6 | inventory = 1
[ 2024-08-05 10:15:08,072 ] 199 : Sold 7 shares at price 72,800 | Profit = 700 | Portfolio Value = 1,041,407.6 | Budget = 1,041,852.8 | inventory = 0
[ 2024-08-05 10:15:08,109 ] 201 : Bought 11 shares at price 72,400 | Portfolio Value = 1,041,852.8 | Budget = 245,054.6 | inventory = 1
[ 2024-08-05 10:15:08,157 ] 204 : Sold 11 shares at price 72,700 | Profit = 3,300 | Portfolio Value = 1,029,354.6 | Budget = 1,044,354.75 | inventory = 0
[ 2024-08-05 10:15:08,188 ] 206 : Bought 6 shares at price 72,800 | Portfolio Value = 1,044,354.75 | Budget = 607,336.35 | inventory = 1
[ 2024-08-05 10:15:08,203 ] 207 : Bought 5 shares at price 72,000 | Portfolio Value = 1,044,136.35 | Budget = 247,156.35 | inventory = 2
[ 2024-08-05 10:15:08,218 ] 208 : Bought 1 shares at price 72,600 | Portfolio Value = 1,039,156.35 | Budget = 174,520.05 | inventory = 3
[ 2024-08-05 10:15:08,234 ] 209 : Sold 6 shares at price 71,200 | Profit = -9,600 | Portfolio Value = 1,045,720.05 | Budget = 601,506.45 | inventory = 2
[ 2024-08-05 10:15:08,264 ] 211 : Bought 5 shares at price 71,500 | Portfolio Value = 1,031,706.45 | Budget = 243,827.7 | inventory = 3
[ 2024-08-05 10:15:08,280 ] 212 : Sold 5 shares at price 72,600 | Profit = 3,000 | Portfolio Value = 1,030,327.7 | Budget = 606,646.2 | inventory = 2
[ 2024-08-05 10:15:08,295 ] 213 : Bought 1 shares at price 73,000 | Portfolio Value = 1,042,246.2 | Budget = 533,609.7 | inventory = 3
[ 2024-08-05 10:15:08,310 ] 214 : Sold 1 shares at price 73,500 | Profit = 900 | Portfolio Value = 1,044,609.7 | Budget = 607,072.95 | inventory = 2
[ 2024-08-05 10:15:08,341 ] 216 : Bought 6 shares at price 73,100 | Portfolio Value = 1,043,872.95 | Budget = 168,253.65 | inventory = 3
[ 2024-08-05 10:15:08,374 ] 218 : Sold 5 shares at price 72,900 | Profit = 7,000 | Portfolio Value = 1,047,853.65 | Budget = 532,571.4 | inventory = 2
[ 2024-08-05 10:15:08,389 ] 219 : Sold 1 shares at price 73,400 | Profit = 400 | Portfolio Value = 1,042,871.4 | Budget = 605,934.7 | inventory = 1
[ 2024-08-05 10:15:08,420 ] 221 : Bought 4 shares at price 75,000 | Portfolio Value = 1,054,734.7 | Budget = 305,784.7 | inventory = 2
[ 2024-08-05 10:15:08,449 ] 223 : Bought 3 shares at price 76,600 | Portfolio Value = 1,064,784.7 | Budget = 75,869.8 | inventory = 3
[ 2024-08-05 10:15:08,479 ] 225 : Sold 6 shares at price 78,500 | Profit = 32,400 | Portfolio Value = 1,089,869.8 | Budget = 546,634.3 | inventory = 2
[ 2024-08-05 10:15:08,479 ] Episode: 4, Total Reward: -295,711.3134661038, Total Profit: 100,400, Profit Rate: 10.04%
[ 2024-08-05 10:15:08,479 ] ----------------------------------------------------------------------------------------------------
[ 2024-08-05 10:15:08,479 ] Starting Episode 5
[ 2024-08-05 10:15:08,494 ] 0 : Bought 11 shares at price 61,000 | Portfolio Value = 1,000,000 | Budget = 328,664.5 | inventory = 1
[ 2024-08-05 10:15:08,510 ] 1 : Bought 3 shares at price 61,800 | Portfolio Value = 999,664.5 | Budget = 143,171.8 | inventory = 2
[ 2024-08-05 10:15:08,587 ] 6 : Sold 11 shares at price 63,100 | Profit = 23,100 | Portfolio Value = 1,009,771.8 | Budget = 836,924.75 | inventory = 1
[ 2024-08-05 10:15:08,604 ] 7 : Bought 3 shares at price 63,000 | Portfolio Value = 1,026,224.75 | Budget = 647,830.25 | inventory = 2
[ 2024-08-05 10:15:08,619 ] 8 : Bought 3 shares at price 62,800 | Portfolio Value = 1,025,830.25 | Budget = 459,336.05 | inventory = 3
[ 2024-08-05 10:15:08,651 ] 10 : Sold 3 shares at price 63,200 | Profit = 4,200 | Portfolio Value = 1,025,436.05 | Budget = 648,841.25 | inventory = 2
[ 2024-08-05 10:15:08,666 ] 11 : Sold 3 shares at price 62,200 | Profit = -2,400 | Portfolio Value = 1,028,041.25 | Budget = 835,347.95 | inventory = 1
[ 2024-08-05 10:15:08,697 ] 13 : Sold 3 shares at price 62,600 | Profit = -600 | Portfolio Value = 1,026,447.95 | Budget = 1,023,054.05 | inventory = 0
[ 2024-08-05 10:15:08,712 ] 14 : Bought 11 shares at price 62,700 | Portfolio Value = 1,023,054.05 | Budget = 333,009.2 | inventory = 1
[ 2024-08-05 10:15:08,748 ] 16 : Bought 2 shares at price 61,100 | Portfolio Value = 1,016,109.2 | Budget = 210,748.1 | inventory = 2
[ 2024-08-05 10:15:08,763 ] 17 : Bought 2 shares at price 62,000 | Portfolio Value = 1,005,048.1 | Budget = 86,686.1 | inventory = 3
[ 2024-08-05 10:15:08,794 ] 19 : Sold 11 shares at price 60,500 | Profit = -24,200 | Portfolio Value = 1,006,186.1 | Budget = 751,853.35 | inventory = 2
[ 2024-08-05 10:15:08,809 ] 20 : Sold 2 shares at price 60,600 | Profit = -1,000 | Portfolio Value = 993,853.35 | Budget = 872,992.75 | inventory = 1
[ 2024-08-05 10:15:08,825 ] 21 : Sold 2 shares at price 60,800 | Profit = -2,400 | Portfolio Value = 994,192.75 | Budget = 994,531.95 | inventory = 0
[ 2024-08-05 10:15:08,842 ] 22 : Bought 16 shares at price 60,500 | Portfolio Value = 994,531.95 | Budget = 26,047.95 | inventory = 1
[ 2024-08-05 10:15:08,936 ] 28 : Sold 16 shares at price 60,000 | Profit = -8,000 | Portfolio Value = 978,047.95 | Budget = 985,567.95 | inventory = 0
[ 2024-08-05 10:15:08,951 ] 29 : Bought 4 shares at price 59,000 | Portfolio Value = 985,567.95 | Budget = 749,449.95 | inventory = 1
[ 2024-08-05 10:15:08,983 ] 31 : Sold 4 shares at price 59,900 | Profit = 3,600 | Portfolio Value = 988,649.95 | Budget = 988,930.15 | inventory = 0
[ 2024-08-05 10:15:09,074 ] 37 : Bought 10 shares at price 63,000 | Portfolio Value = 988,930.15 | Budget = 358,615.15 | inventory = 1
[ 2024-08-05 10:15:09,109 ] 39 : Sold 10 shares at price 62,900 | Profit = -1,000 | Portfolio Value = 979,615.15 | Budget = 987,300.65 | inventory = 0
[ 2024-08-05 10:15:09,169 ] 43 : Bought 2 shares at price 63,100 | Portfolio Value = 987,300.65 | Budget = 861,037.55 | inventory = 1
[ 2024-08-05 10:15:09,185 ] 44 : Sold 2 shares at price 63,600 | Profit = 1,000 | Portfolio Value = 987,237.55 | Budget = 988,173.95 | inventory = 0
[ 2024-08-05 10:15:09,246 ] 48 : Bought 2 shares at price 65,700 | Portfolio Value = 988,173.95 | Budget = 856,708.25 | inventory = 1
[ 2024-08-05 10:15:09,262 ] 49 : Sold 2 shares at price 65,900 | Profit = 400 | Portfolio Value = 988,108.25 | Budget = 988,442.35 | inventory = 0
[ 2024-08-05 10:15:09,277 ] 50 : Bought 5 shares at price 66,000 | Portfolio Value = 988,442.35 | Budget = 658,277.35 | inventory = 1
[ 2024-08-05 10:15:09,292 ] 51 : Bought 5 shares at price 66,100 | Portfolio Value = 988,277.35 | Budget = 327,612.1 | inventory = 2
[ 2024-08-05 10:15:09,323 ] 53 : Bought 4 shares at price 65,300 | Portfolio Value = 978,612.1 | Budget = 66,281.5 | inventory = 3
[ 2024-08-05 10:15:09,338 ] 54 : Sold 5 shares at price 65,600 | Profit = -2,000 | Portfolio Value = 980,481.5 | Budget = 394,117.5 | inventory = 2
[ 2024-08-05 10:15:09,353 ] 55 : Bought 4 shares at price 65,500 | Portfolio Value = 984,517.5 | Budget = 131,986.5 | inventory = 3
[ 2024-08-05 10:15:09,369 ] 56 : Sold 5 shares at price 65,300 | Profit = -4,000 | Portfolio Value = 983,486.5 | Budget = 458,323.25 | inventory = 2
[ 2024-08-05 10:15:09,383 ] 57 : Sold 4 shares at price 65,700 | Profit = 1,600 | Portfolio Value = 980,723.25 | Budget = 720,991.85 | inventory = 1
[ 2024-08-05 10:15:09,414 ] 59 : Bought 2 shares at price 63,600 | Portfolio Value = 981,791.85 | Budget = 593,728.25 | inventory = 2
[ 2024-08-05 10:15:09,443 ] 61 : Sold 4 shares at price 64,600 | Profit = -3,600 | Portfolio Value = 978,328.25 | Budget = 851,999.05 | inventory = 1
[ 2024-08-05 10:15:09,457 ] 62 : Bought 5 shares at price 65,500 | Portfolio Value = 981,199.05 | Budget = 524,335.3 | inventory = 2
[ 2024-08-05 10:15:09,472 ] 63 : Bought 1 shares at price 65,700 | Portfolio Value = 982,835.3 | Budget = 458,602.45 | inventory = 3
[ 2024-08-05 10:15:09,486 ] 64 : Sold 2 shares at price 65,400 | Profit = 3,600 | Portfolio Value = 984,202.45 | Budget = 589,337.05 | inventory = 2
[ 2024-08-05 10:15:09,501 ] 65 : Bought 8 shares at price 65,100 | Portfolio Value = 981,737.05 | Budget = 68,276.65 | inventory = 3
[ 2024-08-05 10:15:09,515 ] 66 : Sold 5 shares at price 65,900 | Profit = 2,000 | Portfolio Value = 979,676.65 | Budget = 397,611.9 | inventory = 2
[ 2024-08-05 10:15:09,530 ] 67 : Bought 2 shares at price 65,300 | Portfolio Value = 990,711.9 | Budget = 266,946.6 | inventory = 3
[ 2024-08-05 10:15:09,560 ] 69 : Sold 1 shares at price 64,200 | Profit = -1,500 | Portfolio Value = 977,546.6 | Budget = 331,114.5 | inventory = 2
[ 2024-08-05 10:15:09,575 ] 70 : Sold 8 shares at price 64,100 | Profit = -8,000 | Portfolio Value = 973,114.5 | Budget = 843,658.1 | inventory = 1
[ 2024-08-05 10:15:09,605 ] 72 : Sold 2 shares at price 65,400 | Profit = 200 | Portfolio Value = 972,658.1 | Budget = 974,392.7 | inventory = 0
[ 2024-08-05 10:15:09,726 ] 80 : Bought 6 shares at price 70,300 | Portfolio Value = 974,392.7 | Budget = 552,381.8 | inventory = 1
[ 2024-08-05 10:15:09,756 ] 82 : Bought 3 shares at price 71,400 | Portfolio Value = 986,181.8 | Budget = 338,074.7 | inventory = 2
[ 2024-08-05 10:15:09,771 ] 83 : Bought 2 shares at price 70,900 | Portfolio Value = 980,674.7 | Budget = 196,203.8 | inventory = 3
[ 2024-08-05 10:15:09,803 ] 85 : Sold 6 shares at price 71,700 | Profit = 8,400 | Portfolio Value = 990,403.8 | Budget = 626,188.7 | inventory = 2
[ 2024-08-05 10:15:09,819 ] 86 : Sold 3 shares at price 71,000 | Profit = -1,200 | Portfolio Value = 984,688.7 | Budget = 839,082.2 | inventory = 1
[ 2024-08-05 10:15:09,834 ] 87 : Bought 5 shares at price 70,900 | Portfolio Value = 981,082.2 | Budget = 484,404.95 | inventory = 2
[ 2024-08-05 10:15:09,848 ] 88 : Sold 2 shares at price 72,000 | Profit = 2,200 | Portfolio Value = 980,704.95 | Budget = 628,332.95 | inventory = 1
[ 2024-08-05 10:15:09,865 ] 89 : Bought 4 shares at price 71,000 | Portfolio Value = 988,332.95 | Budget = 344,190.95 | inventory = 2
[ 2024-08-05 10:15:09,879 ] 90 : Sold 5 shares at price 72,000 | Profit = 5,500 | Portfolio Value = 983,190.95 | Budget = 704,010.95 | inventory = 1
[ 2024-08-05 10:15:09,895 ] 91 : Sold 4 shares at price 71,900 | Profit = 3,600 | Portfolio Value = 992,010.95 | Budget = 991,467.15 | inventory = 0
[ 2024-08-05 10:15:09,911 ] 92 : Bought 11 shares at price 71,500 | Portfolio Value = 991,467.15 | Budget = 204,573.9 | inventory = 1
[ 2024-08-05 10:15:09,941 ] 94 : Sold 11 shares at price 71,200 | Profit = -3,300 | Portfolio Value = 994,373.9 | Budget = 987,382.3 | inventory = 0
[ 2024-08-05 10:15:09,956 ] 95 : Bought 9 shares at price 71,400 | Portfolio Value = 987,382.3 | Budget = 344,461.0 | inventory = 1
[ 2024-08-05 10:15:10,001 ] 98 : Bought 1 shares at price 71,600 | Portfolio Value = 986,161.0 | Budget = 272,825.2 | inventory = 2
[ 2024-08-05 10:15:10,014 ] 99 : Bought 1 shares at price 72,400 | Portfolio Value = 988,825.2 | Budget = 200,389.0 | inventory = 3
[ 2024-08-05 10:15:10,029 ] 100 : Sold 9 shares at price 72,600 | Profit = 10,800 | Portfolio Value = 996,789.0 | Budget = 853,462.3 | inventory = 2
[ 2024-08-05 10:15:10,044 ] 101 : Sold 1 shares at price 72,700 | Profit = 1,100 | Portfolio Value = 998,662.3 | Budget = 926,125.95 | inventory = 1
[ 2024-08-05 10:15:10,075 ] 103 : Sold 1 shares at price 72,200 | Profit = -200 | Portfolio Value = 998,525.95 | Budget = 998,289.85 | inventory = 0
[ 2024-08-05 10:15:10,142 ] 107 : Bought 13 shares at price 71,600 | Portfolio Value = 998,289.85 | Budget = 67,024.45 | inventory = 1
[ 2024-08-05 10:15:10,159 ] 108 : Sold 13 shares at price 69,900 | Profit = -22,100 | Portfolio Value = 997,824.45 | Budget = 975,270.1 | inventory = 0
[ 2024-08-05 10:15:10,190 ] 110 : Bought 13 shares at price 71,500 | Portfolio Value = 975,270.1 | Budget = 45,305.35 | inventory = 1
[ 2024-08-05 10:15:10,205 ] 111 : Sold 13 shares at price 71,900 | Profit = 5,200 | Portfolio Value = 974,805.35 | Budget = 979,538.0 | inventory = 0
[ 2024-08-05 10:15:10,219 ] 112 : Bought 6 shares at price 71,900 | Portfolio Value = 979,538.0 | Budget = 547,922.3 | inventory = 1
[ 2024-08-05 10:15:10,234 ] 113 : Bought 7 shares at price 73,400 | Portfolio Value = 979,322.3 | Budget = 33,865.4 | inventory = 2
[ 2024-08-05 10:15:10,265 ] 115 : Sold 6 shares at price 72,000 | Profit = 600 | Portfolio Value = 986,765.4 | Budget = 465,649.4 | inventory = 1
[ 2024-08-05 10:15:10,280 ] 116 : Bought 6 shares at price 71,700 | Portfolio Value = 969,649.4 | Budget = 35,234.3 | inventory = 2
[ 2024-08-05 10:15:10,310 ] 118 : Sold 7 shares at price 70,300 | Profit = -21,700 | Portfolio Value = 958,234.3 | Budget = 527,088.25 | inventory = 1
[ 2024-08-05 10:15:10,325 ] 119 : Sold 6 shares at price 70,400 | Profit = -7,800 | Portfolio Value = 948,888.25 | Budget = 949,277.05 | inventory = 0
[ 2024-08-05 10:15:14,852 ] 123 : Bought 1 shares at price 70,600 | Portfolio Value = 949,277.05 | Budget = 878,641.75 | inventory = 1
[ 2024-08-05 10:15:16,493 ] 125 : Sold 1 shares at price 71,100 | Profit = 500 | Portfolio Value = 948,441.75 | Budget = 949,706.2 | inventory = 0
[ 2024-08-05 10:15:18,086 ] 127 : Bought 4 shares at price 68,800 | Portfolio Value = 949,706.2 | Budget = 674,368.6 | inventory = 1
[ 2024-08-05 10:15:18,904 ] 128 : Bought 1 shares at price 68,300 | Portfolio Value = 949,568.6 | Budget = 606,034.45 | inventory = 2
[ 2024-08-05 10:15:19,688 ] 129 : Sold 4 shares at price 68,500 | Profit = -1,200 | Portfolio Value = 947,534.45 | Budget = 879,897.45 | inventory = 1
[ 2024-08-05 10:15:20,488 ] 130 : Bought 11 shares at price 67,600 | Portfolio Value = 948,397.45 | Budget = 135,925.65 | inventory = 2
[ 2024-08-05 10:15:22,944 ] 133 : Sold 1 shares at price 67,500 | Profit = -800 | Portfolio Value = 951,925.65 | Budget = 203,391.9 | inventory = 1
[ 2024-08-05 10:15:23,725 ] 134 : Bought 1 shares at price 67,300 | Portfolio Value = 945,891.9 | Budget = 136,058.25 | inventory = 2
[ 2024-08-05 10:15:24,521 ] 135 : Sold 11 shares at price 67,000 | Profit = -6,600 | Portfolio Value = 943,658.25 | Budget = 872,689.75 | inventory = 1
[ 2024-08-05 10:15:26,134 ] 137 : Bought 6 shares at price 66,300 | Portfolio Value = 939,389.75 | Budget = 474,690.85 | inventory = 2
[ 2024-08-05 10:15:27,730 ] 139 : Bought 2 shares at price 66,600 | Portfolio Value = 940,890.85 | Budget = 341,424.25 | inventory = 3
[ 2024-08-05 10:15:28,556 ] 140 : Sold 1 shares at price 67,100 | Profit = -200 | Portfolio Value = 940,824.25 | Budget = 408,490.7 | inventory = 2
[ 2024-08-05 10:15:29,353 ] 141 : Bought 5 shares at price 68,200 | Portfolio Value = 945,290.7 | Budget = 67,320.2 | inventory = 3
[ 2024-08-05 10:15:30,153 ] 142 : Sold 6 shares at price 67,100 | Profit = 4,800 | Portfolio Value = 953,920.2 | Budget = 469,718.9 | inventory = 2
[ 2024-08-05 10:15:31,741 ] 144 : Bought 6 shares at price 66,800 | Portfolio Value = 937,318.9 | Budget = 68,718.5 | inventory = 3
[ 2024-08-05 10:15:32,540 ] 145 : Sold 2 shares at price 67,100 | Profit = 1,000 | Portfolio Value = 937,118.5 | Budget = 202,851.4 | inventory = 2
[ 2024-08-05 10:15:33,350 ] 146 : Sold 5 shares at price 66,900 | Profit = -6,500 | Portfolio Value = 940,951.4 | Budget = 537,184.15 | inventory = 1
[ 2024-08-05 10:15:34,131 ] 147 : Bought 4 shares at price 71,000 | Portfolio Value = 938,584.15 | Budget = 253,042.15 | inventory = 2
[ 2024-08-05 10:15:34,942 ] 148 : Bought 2 shares at price 71,200 | Portfolio Value = 963,042.15 | Budget = 110,570.95 | inventory = 3
[ 2024-08-05 10:15:35,723 ] 149 : Bought 1 shares at price 70,700 | Portfolio Value = 964,970.95 | Budget = 39,835.6 | inventory = 4
[ 2024-08-05 10:15:39,705 ] 154 : Sold 6 shares at price 70,500 | Profit = 22,200 | Portfolio Value = 960,235.6 | Budget = 462,624.1 | inventory = 3
[ 2024-08-05 10:15:40,518 ] 155 : Bought 5 shares at price 70,900 | Portfolio Value = 956,124.1 | Budget = 107,946.85 | inventory = 4
[ 2024-08-05 10:15:41,313 ] 156 : Sold 4 shares at price 71,700 | Profit = 2,800 | Portfolio Value = 958,746.85 | Budget = 394,603.45 | inventory = 3
[ 2024-08-05 10:15:42,103 ] 157 : Sold 2 shares at price 72,000 | Profit = 1,600 | Portfolio Value = 968,203.45 | Budget = 538,531.45 | inventory = 2
[ 2024-08-05 10:15:42,912 ] 158 : Sold 1 shares at price 70,200 | Profit = -500 | Portfolio Value = 970,531.45 | Budget = 608,696.35 | inventory = 1
[ 2024-08-05 10:15:43,703 ] 159 : Bought 7 shares at price 69,800 | Portfolio Value = 959,696.35 | Budget = 119,852.05 | inventory = 2
[ 2024-08-05 10:15:44,499 ] 160 : Bought 1 shares at price 69,600 | Portfolio Value = 957,452.05 | Budget = 50,217.25 | inventory = 3
[ 2024-08-05 10:15:46,930 ] 163 : Sold 5 shares at price 69,400 | Profit = -7,500 | Portfolio Value = 944,617.25 | Budget = 397,043.75 | inventory = 2
[ 2024-08-05 10:15:47,708 ] 164 : Bought 3 shares at price 68,600 | Portfolio Value = 952,243.75 | Budget = 191,140.85 | inventory = 3
[ 2024-08-05 10:15:49,380 ] 166 : Sold 7 shares at price 67,500 | Profit = -16,100 | Portfolio Value = 943,540.85 | Budget = 663,404.6 | inventory = 2
[ 2024-08-05 10:15:51,014 ] 168 : Bought 5 shares at price 66,000 | Portfolio Value = 930,204.6 | Budget = 333,239.6 | inventory = 3
[ 2024-08-05 10:15:53,628 ] 171 : Bought 3 shares at price 68,900 | Portfolio Value = 947,039.6 | Budget = 126,436.25 | inventory = 4
[ 2024-08-05 10:15:54,543 ] 172 : Sold 1 shares at price 68,000 | Profit = -1,600 | Portfolio Value = 953,236.25 | Budget = 194,402.25 | inventory = 3
[ 2024-08-05 10:15:55,465 ] 173 : Bought 2 shares at price 67,300 | Portfolio Value = 942,402.25 | Budget = 59,734.95 | inventory = 4
[ 2024-08-05 10:16:01,385 ] 180 : Sold 3 shares at price 68,000 | Profit = -1,800 | Portfolio Value = 950,234.95 | Budget = 263,632.95 | inventory = 3
[ 2024-08-05 10:16:02,198 ] 181 : Bought 1 shares at price 66,700 | Portfolio Value = 943,632.95 | Budget = 196,899.6 | inventory = 4
[ 2024-08-05 10:16:03,076 ] 182 : Sold 5 shares at price 67,300 | Profit = 6,500 | Portfolio Value = 930,599.6 | Budget = 533,231.35 | inventory = 3
[ 2024-08-05 10:16:04,746 ] 184 : Bought 1 shares at price 66,900 | Portfolio Value = 937,031.35 | Budget = 466,297.9 | inventory = 4
[ 2024-08-05 10:16:05,536 ] 185 : Bought 6 shares at price 68,600 | Portfolio Value = 934,597.9 | Budget = 54,492.1 | inventory = 5
[ 2024-08-05 10:16:07,201 ] 187 : Sold 3 shares at price 69,600 | Profit = 2,100 | Portfolio Value = 960,592.1 | Budget = 263,187.7 | inventory = 4
[ 2024-08-05 10:16:07,986 ] 188 : Bought 1 shares at price 70,900 | Portfolio Value = 959,187.7 | Budget = 192,252.25 | inventory = 5
[ 2024-08-05 10:16:08,799 ] 189 : Sold 2 shares at price 70,900 | Profit = 7,200 | Portfolio Value = 972,152.25 | Budget = 333,981.35 | inventory = 4
[ 2024-08-05 10:16:10,411 ] 191 : Sold 1 shares at price 70,300 | Profit = 3,600 | Portfolio Value = 963,081.35 | Budget = 404,246.2 | inventory = 3
[ 2024-08-05 10:16:12,846 ] 194 : Sold 1 shares at price 70,800 | Profit = 3,900 | Portfolio Value = 967,446.2 | Budget = 475,010.8 | inventory = 2
[ 2024-08-05 10:16:13,645 ] 195 : Bought 4 shares at price 72,200 | Portfolio Value = 970,610.8 | Budget = 186,066.4 | inventory = 3
[ 2024-08-05 10:16:14,470 ] 196 : Sold 6 shares at price 72,800 | Profit = 25,200 | Portfolio Value = 980,266.4 | Budget = 622,648.0 | inventory = 2
[ 2024-08-05 10:16:16,992 ] 199 : Sold 1 shares at price 72,800 | Profit = 1,900 | Portfolio Value = 986,148.0 | Budget = 695,411.6 | inventory = 1
[ 2024-08-05 10:16:17,780 ] 200 : Bought 6 shares at price 72,800 | Portfolio Value = 986,611.6 | Budget = 258,393.2 | inventory = 2
[ 2024-08-05 10:16:18,577 ] 201 : Sold 4 shares at price 72,400 | Profit = 800 | Portfolio Value = 986,393.2 | Budget = 547,848.4 | inventory = 1
[ 2024-08-05 10:16:19,385 ] 202 : Sold 6 shares at price 71,700 | Profit = -6,600 | Portfolio Value = 982,248.4 | Budget = 977,833.3 | inventory = 0
[ 2024-08-05 10:16:24,235 ] 208 : Bought 8 shares at price 72,600 | Portfolio Value = 977,833.3 | Budget = 396,742.9 | inventory = 1
[ 2024-08-05 10:16:25,039 ] 209 : Sold 8 shares at price 71,200 | Profit = -11,200 | Portfolio Value = 977,542.9 | Budget = 966,058.1 | inventory = 0
[ 2024-08-05 10:16:33,109 ] 219 : Bought 5 shares at price 73,400 | Portfolio Value = 966,058.1 | Budget = 598,874.6 | inventory = 1
[ 2024-08-05 10:16:33,915 ] 220 : Sold 5 shares at price 74,800 | Profit = 7,000 | Portfolio Value = 965,874.6 | Budget = 972,687.6 | inventory = 0
[ 2024-08-05 10:16:39,114 ] 225 : Bought 7 shares at price 78,500 | Portfolio Value = 972,687.6 | Budget = 422,912.85 | inventory = 1
[ 2024-08-05 10:16:39,912 ] Episode: 5, Total Reward: -159,418.08431034576, Total Profit: -7,400, Profit Rate: -0.74%
[ 2024-08-05 10:16:39,912 ] ----------------------------------------------------------------------------------------------------
[ 2024-08-05 10:16:39,913 ] Starting Episode 6
[ 2024-08-05 10:16:39,930 ] 0 : Bought 9 shares at price 61,000 | Portfolio Value = 1,000,000 | Budget = 450,725.5 | inventory = 1
[ 2024-08-05 10:16:41,592 ] 2 : Bought 2 shares at price 63,500 | Portfolio Value = 1,006,925.5 | Budget = 323,662.0 | inventory = 2
[ 2024-08-05 10:16:42,411 ] 3 : Bought 3 shares at price 63,800 | Portfolio Value = 1,022,162.0 | Budget = 132,166.3 | inventory = 3
[ 2024-08-05 10:16:43,228 ] 4 : Sold 9 shares at price 61,600 | Profit = 5,400 | Portfolio Value = 1,025,366.3 | Budget = 686,289.1 | inventory = 2
[ 2024-08-05 10:16:44,022 ] 5 : Bought 8 shares at price 61,900 | Portfolio Value = 994,289.1 | Budget = 190,841.5 | inventory = 3
[ 2024-08-05 10:16:45,729 ] 7 : Sold 2 shares at price 63,000 | Profit = -1,000 | Portfolio Value = 1,011,141.5 | Budget = 316,778.5 | inventory = 2
[ 2024-08-05 10:16:48,142 ] 10 : Bought 4 shares at price 63,200 | Portfolio Value = 1,008,678.5 | Budget = 63,852.1 | inventory = 3
[ 2024-08-05 10:16:49,162 ] 11 : Bought 1 shares at price 62,200 | Portfolio Value = 1,011,852.1 | Budget = 1,621.0 | inventory = 4
[ 2024-08-05 10:16:55,826 ] 19 : Sold 3 shares at price 60,500 | Profit = -9,900 | Portfolio Value = 982,421.0 | Budget = 183,030.25 | inventory = 3
[ 2024-08-05 10:16:57,491 ] 21 : Bought 1 shares at price 60,800 | Portfolio Value = 970,830.25 | Budget = 122,199.85 | inventory = 4
[ 2024-08-05 10:16:58,320 ] 22 : Bought 1 shares at price 60,500 | Portfolio Value = 973,399.85 | Budget = 61,669.6 | inventory = 5
[ 2024-08-05 10:16:59,155 ] 23 : Bought 1 shares at price 61,500 | Portfolio Value = 969,169.6 | Budget = 138.85 | inventory = 6
[ 2024-08-05 10:17:00,819 ] 25 : Sold 8 shares at price 60,300 | Profit = -12,800 | Portfolio Value = 971,338.85 | Budget = 482,297.65 | inventory = 5
[ 2024-08-05 10:17:01,622 ] 26 : Sold 4 shares at price 60,100 | Profit = -12,400 | Portfolio Value = 964,697.65 | Budget = 722,577.45 | inventory = 4
[ 2024-08-05 10:17:07,535 ] 33 : Sold 1 shares at price 60,200 | Profit = -2,000 | Portfolio Value = 967,777.45 | Budget = 782,747.35 | inventory = 3
[ 2024-08-05 10:17:08,364 ] 34 : Bought 1 shares at price 60,300 | Portfolio Value = 963,347.35 | Budget = 722,417.2 | inventory = 4
[ 2024-08-05 10:17:09,205 ] 35 : Bought 11 shares at price 61,100 | Portfolio Value = 963,617.2 | Budget = 49,981.15 | inventory = 5
[ 2024-08-05 10:17:14,066 ] 41 : Sold 1 shares at price 63,200 | Profit = 2,400 | Portfolio Value = 990,481.15 | Budget = 113,149.55 | inventory = 4
[ 2024-08-05 10:17:14,868 ] 42 : Sold 1 shares at price 64,000 | Profit = 3,500 | Portfolio Value = 997,949.55 | Budget = 177,117.55 | inventory = 3
[ 2024-08-05 10:17:15,695 ] 43 : Bought 1 shares at price 63,100 | Portfolio Value = 1,009,117.55 | Budget = 113,986.0 | inventory = 4
[ 2024-08-05 10:17:17,382 ] 45 : Bought 1 shares at price 63,900 | Portfolio Value = 1,004,386.0 | Budget = 50,054.05 | inventory = 5
[ 2024-08-05 10:17:19,891 ] 48 : Sold 1 shares at price 65,700 | Profit = 4,200 | Portfolio Value = 1,025,054.05 | Budget = 115,721.2 | inventory = 4
[ 2024-08-05 10:17:21,545 ] 50 : Bought 1 shares at price 66,000 | Portfolio Value = 1,038,321.2 | Budget = 49,688.2 | inventory = 5
[ 2024-08-05 10:17:22,369 ] 51 : Sold 1 shares at price 66,100 | Profit = 5,800 | Portfolio Value = 1,039,688.2 | Budget = 115,755.15 | inventory = 4
[ 2024-08-05 10:17:23,184 ] 52 : Sold 11 shares at price 65,100 | Profit = 44,000 | Portfolio Value = 1,041,155.15 | Budget = 831,497.1 | inventory = 3
[ 2024-08-05 10:17:24,009 ] 53 : Bought 7 shares at price 65,300 | Portfolio Value = 1,026,797.1 | Budget = 374,168.55 | inventory = 4
[ 2024-08-05 10:17:24,834 ] 54 : Sold 1 shares at price 65,600 | Profit = 2,500 | Portfolio Value = 1,027,168.55 | Budget = 439,735.75 | inventory = 3
[ 2024-08-05 10:17:25,644 ] 55 : Bought 2 shares at price 65,500 | Portfolio Value = 1,030,135.75 | Budget = 308,670.25 | inventory = 4
[ 2024-08-05 10:17:26,460 ] 56 : Sold 1 shares at price 65,300 | Profit = 1,400 | Portfolio Value = 1,029,170.25 | Budget = 373,937.6 | inventory = 3
[ 2024-08-05 10:17:27,309 ] 57 : Bought 1 shares at price 65,700 | Portfolio Value = 1,026,937.6 | Budget = 308,204.75 | inventory = 4
[ 2024-08-05 10:17:28,106 ] 58 : Sold 1 shares at price 65,200 | Profit = -800 | Portfolio Value = 1,030,904.75 | Budget = 373,372.15 | inventory = 3
[ 2024-08-05 10:17:28,942 ] 59 : Sold 7 shares at price 63,600 | Profit = -11,900 | Portfolio Value = 1,025,372.15 | Budget = 818,349.55 | inventory = 2
[ 2024-08-05 10:17:29,769 ] 60 : Bought 9 shares at price 64,100 | Portfolio Value = 1,009,149.55 | Budget = 241,161.1 | inventory = 3
[ 2024-08-05 10:17:30,622 ] 61 : Sold 2 shares at price 64,600 | Profit = -1,800 | Portfolio Value = 1,010,361.1 | Budget = 370,296.5 | inventory = 2
[ 2024-08-05 10:17:31,430 ] 62 : Bought 1 shares at price 65,500 | Portfolio Value = 1,016,296.5 | Budget = 304,763.75 | inventory = 3
[ 2024-08-05 10:17:32,265 ] 63 : Sold 1 shares at price 65,700 | Profit = 0 | Portfolio Value = 1,025,263.75 | Budget = 370,430.9 | inventory = 2
[ 2024-08-05 10:17:33,084 ] 64 : Bought 1 shares at price 65,400 | Portfolio Value = 1,027,430.9 | Budget = 304,998.2 | inventory = 3
[ 2024-08-05 10:17:35,530 ] 67 : Sold 9 shares at price 65,300 | Profit = 10,800 | Portfolio Value = 1,029,898.2 | Budget = 892,404.35 | inventory = 2
[ 2024-08-05 10:17:36,367 ] 68 : Sold 1 shares at price 64,600 | Profit = -900 | Portfolio Value = 1,023,004.35 | Budget = 956,972.05 | inventory = 1
[ 2024-08-05 10:17:37,663 ] 69 : Bought 8 shares at price 64,200 | Portfolio Value = 1,021,572.05 | Budget = 443,115.25 | inventory = 2
[ 2024-08-05 10:17:38,602 ] 70 : Sold 1 shares at price 64,100 | Profit = -1,300 | Portfolio Value = 1,020,915.25 | Budget = 507,183.2 | inventory = 1
[ 2024-08-05 10:17:39,434 ] 71 : Bought 7 shares at price 64,500 | Portfolio Value = 1,019,983.2 | Budget = 55,457.45 | inventory = 2
[ 2024-08-05 10:17:40,262 ] 72 : Sold 8 shares at price 65,400 | Profit = 9,600 | Portfolio Value = 1,022,957.45 | Budget = 578,395.85 | inventory = 1
[ 2024-08-05 10:17:41,885 ] 74 : Sold 7 shares at price 66,200 | Profit = 11,900 | Portfolio Value = 1,033,395.85 | Budget = 1,041,564.15 | inventory = 0
[ 2024-08-05 10:17:42,698 ] 75 : Bought 1 shares at price 68,400 | Portfolio Value = 1,041,564.15 | Budget = 973,129.95 | inventory = 1
[ 2024-08-05 10:17:43,512 ] 76 : Bought 5 shares at price 68,500 | Portfolio Value = 1,041,529.95 | Budget = 630,458.7 | inventory = 2
[ 2024-08-05 10:17:44,307 ] 77 : Bought 4 shares at price 68,400 | Portfolio Value = 1,041,458.7 | Budget = 356,721.9 | inventory = 3
[ 2024-08-05 10:17:45,133 ] 78 : Bought 3 shares at price 68,500 | Portfolio Value = 1,040,721.9 | Budget = 151,119.15 | inventory = 4
[ 2024-08-05 10:17:45,943 ] 79 : Sold 1 shares at price 68,800 | Profit = 400 | Portfolio Value = 1,041,619.15 | Budget = 219,884.75 | inventory = 3
[ 2024-08-05 10:17:46,780 ] 80 : Sold 5 shares at price 70,300 | Profit = 9,000 | Portfolio Value = 1,045,484.75 | Budget = 571,209.0 | inventory = 2
[ 2024-08-05 10:17:48,411 ] 82 : Sold 4 shares at price 71,400 | Profit = 12,000 | Portfolio Value = 1,077,309.0 | Budget = 856,666.2 | inventory = 1
[ 2024-08-05 10:17:49,321 ] 83 : Bought 7 shares at price 70,900 | Portfolio Value = 1,070,866.2 | Budget = 360,118.05 | inventory = 2
[ 2024-08-05 10:17:50,972 ] 85 : Sold 3 shares at price 71,700 | Profit = 9,600 | Portfolio Value = 1,082,118.05 | Budget = 575,110.5 | inventory = 1
[ 2024-08-05 10:17:51,766 ] 86 : Sold 7 shares at price 71,000 | Profit = 700 | Portfolio Value = 1,077,010.5 | Budget = 1,071,862.0 | inventory = 0
[ 2024-08-05 10:17:52,576 ] 87 : Bought 4 shares at price 70,900 | Portfolio Value = 1,071,862.0 | Budget = 788,120.2 | inventory = 1
[ 2024-08-05 10:17:54,170 ] 89 : Bought 5 shares at price 71,000 | Portfolio Value = 1,076,120.2 | Budget = 432,942.7 | inventory = 2
[ 2024-08-05 10:17:55,786 ] 91 : Bought 3 shares at price 71,900 | Portfolio Value = 1,080,942.7 | Budget = 217,134.85 | inventory = 3
[ 2024-08-05 10:17:57,457 ] 93 : Sold 4 shares at price 71,800 | Profit = 3,600 | Portfolio Value = 1,075,134.85 | Budget = 504,191.25 | inventory = 2
[ 2024-08-05 10:17:58,290 ] 94 : Sold 5 shares at price 71,200 | Profit = 1,000 | Portfolio Value = 1,078,591.25 | Budget = 860,013.25 | inventory = 1
[ 2024-08-05 10:17:59,131 ] 95 : Sold 3 shares at price 71,400 | Profit = -1,500 | Portfolio Value = 1,073,613.25 | Budget = 1,074,106.15 | inventory = 0
[ 2024-08-05 10:18:02,402 ] 99 : Bought 10 shares at price 72,400 | Portfolio Value = 1,074,106.15 | Budget = 349,744.15 | inventory = 1
[ 2024-08-05 10:18:03,301 ] 100 : Sold 10 shares at price 72,600 | Profit = 2,000 | Portfolio Value = 1,073,744.15 | Budget = 1,075,381.15 | inventory = 0
[ 2024-08-05 10:18:04,104 ] 101 : Bought 9 shares at price 72,700 | Portfolio Value = 1,075,381.15 | Budget = 420,754.0 | inventory = 1
[ 2024-08-05 10:18:04,926 ] 102 : Sold 9 shares at price 72,400 | Profit = -2,700 | Portfolio Value = 1,075,054.0 | Budget = 1,072,028.2 | inventory = 0
[ 2024-08-05 10:18:08,221 ] 106 : Bought 10 shares at price 72,000 | Portfolio Value = 1,072,028.2 | Budget = 351,668.2 | inventory = 1
[ 2024-08-05 10:18:09,053 ] 107 : Sold 10 shares at price 71,600 | Profit = -4,000 | Portfolio Value = 1,071,668.2 | Budget = 1,067,310.2 | inventory = 0
[ 2024-08-05 10:18:10,683 ] 109 : Bought 12 shares at price 69,500 | Portfolio Value = 1,067,310.2 | Budget = 232,893.2 | inventory = 1
[ 2024-08-05 10:18:11,480 ] 110 : Sold 12 shares at price 71,500 | Profit = 24,000 | Portfolio Value = 1,066,893.2 | Budget = 1,090,464.2 | inventory = 0
[ 2024-08-05 10:18:12,292 ] 111 : Bought 4 shares at price 71,900 | Portfolio Value = 1,090,464.2 | Budget = 802,720.4 | inventory = 1
[ 2024-08-05 10:18:13,112 ] 112 : Sold 4 shares at price 71,900 | Profit = 0 | Portfolio Value = 1,090,320.4 | Budget = 1,090,176.6 | inventory = 0
[ 2024-08-05 10:18:13,888 ] 113 : Bought 11 shares at price 73,400 | Portfolio Value = 1,090,176.6 | Budget = 282,372.9 | inventory = 1
[ 2024-08-05 10:18:16,326 ] 116 : Sold 11 shares at price 71,700 | Profit = -18,700 | Portfolio Value = 1,074,372.9 | Budget = 1,070,678.55 | inventory = 0
[ 2024-08-05 10:18:20,532 ] 121 : Bought 2 shares at price 69,800 | Portfolio Value = 1,070,678.55 | Budget = 931,008.75 | inventory = 1
[ 2024-08-05 10:18:21,338 ] 122 : Bought 3 shares at price 71,700 | Portfolio Value = 1,070,608.75 | Budget = 715,801.2 | inventory = 2
[ 2024-08-05 10:18:23,001 ] 124 : Bought 1 shares at price 69,800 | Portfolio Value = 1,068,801.2 | Budget = 645,966.3 | inventory = 3
[ 2024-08-05 10:18:24,836 ] 126 : Sold 2 shares at price 69,900 | Profit = 200 | Portfolio Value = 1,072,566.3 | Budget = 785,696.4 | inventory = 2
[ 2024-08-05 10:18:25,666 ] 127 : Sold 3 shares at price 68,800 | Profit = -8,700 | Portfolio Value = 1,065,296.4 | Budget = 991,993.2 | inventory = 1
[ 2024-08-05 10:18:27,361 ] 129 : Bought 6 shares at price 68,500 | Portfolio Value = 1,060,293.2 | Budget = 580,787.7 | inventory = 2
[ 2024-08-05 10:18:29,045 ] 131 : Bought 7 shares at price 68,900 | Portfolio Value = 1,053,987.7 | Budget = 98,246.55 | inventory = 3
[ 2024-08-05 10:18:29,944 ] 132 : Bought 1 shares at price 68,000 | Portfolio Value = 1,062,846.55 | Budget = 30,212.55 | inventory = 4
[ 2024-08-05 10:18:32,700 ] 135 : Sold 1 shares at price 67,000 | Profit = -2,800 | Portfolio Value = 1,039,712.55 | Budget = 97,179.05 | inventory = 3
[ 2024-08-05 10:18:33,523 ] 136 : Bought 1 shares at price 66,700 | Portfolio Value = 1,035,179.05 | Budget = 30,445.7 | inventory = 4
[ 2024-08-05 10:18:34,394 ] 137 : Sold 6 shares at price 66,300 | Profit = -13,200 | Portfolio Value = 1,030,945.7 | Budget = 428,046.8 | inventory = 3
[ 2024-08-05 10:18:36,116 ] 139 : Sold 7 shares at price 66,600 | Profit = -16,100 | Portfolio Value = 1,027,446.8 | Budget = 894,013.7 | inventory = 2
[ 2024-08-05 10:18:37,080 ] 140 : Sold 1 shares at price 67,100 | Profit = -900 | Portfolio Value = 1,027,213.7 | Budget = 961,080.15 | inventory = 1
[ 2024-08-05 10:18:38,883 ] 142 : Bought 1 shares at price 67,100 | Portfolio Value = 1,029,280.15 | Budget = 893,946.6 | inventory = 2
[ 2024-08-05 10:18:40,658 ] 144 : Bought 3 shares at price 66,800 | Portfolio Value = 1,027,546.6 | Budget = 693,446.4 | inventory = 3
[ 2024-08-05 10:18:41,510 ] 145 : Sold 1 shares at price 67,100 | Profit = 400 | Portfolio Value = 1,027,446.4 | Budget = 760,512.85 | inventory = 2
[ 2024-08-05 10:18:42,345 ] 146 : Bought 7 shares at price 66,900 | Portfolio Value = 1,028,912.85 | Budget = 291,978.7 | inventory = 3
[ 2024-08-05 10:18:43,255 ] 147 : Sold 1 shares at price 71,000 | Profit = 3,900 | Portfolio Value = 1,027,878.7 | Budget = 362,943.2 | inventory = 2
[ 2024-08-05 10:18:44,970 ] 149 : Sold 3 shares at price 70,700 | Profit = 11,700 | Portfolio Value = 1,074,943.2 | Budget = 574,937.15 | inventory = 1
[ 2024-08-05 10:18:46,723 ] 151 : Bought 5 shares at price 70,400 | Portfolio Value = 1,064,937.15 | Budget = 222,761.15 | inventory = 2
[ 2024-08-05 10:18:47,559 ] 152 : Sold 7 shares at price 70,300 | Profit = 23,800 | Portfolio Value = 1,067,561.15 | Budget = 714,615.1 | inventory = 1
[ 2024-08-05 10:18:49,383 ] 154 : Bought 1 shares at price 70,500 | Portfolio Value = 1,068,615.1 | Budget = 644,079.85 | inventory = 2
[ 2024-08-05 10:18:50,221 ] 155 : Sold 5 shares at price 70,900 | Profit = 2,500 | Portfolio Value = 1,067,079.85 | Budget = 998,402.6 | inventory = 1
[ 2024-08-05 10:18:51,115 ] 156 : Sold 1 shares at price 71,700 | Profit = 1,200 | Portfolio Value = 1,069,302.6 | Budget = 1,070,066.75 | inventory = 0
[ 2024-08-05 10:18:51,964 ] 157 : Bought 14 shares at price 72,000 | Portfolio Value = 1,070,066.75 | Budget = 61,562.75 | inventory = 1
[ 2024-08-05 10:18:54,563 ] 160 : Sold 14 shares at price 69,600 | Profit = -33,600 | Portfolio Value = 1,038,762.75 | Budget = 1,035,475.55 | inventory = 0
[ 2024-08-05 10:18:56,218 ] 162 : Bought 13 shares at price 68,800 | Portfolio Value = 1,035,475.55 | Budget = 140,628.35 | inventory = 1
[ 2024-08-05 10:18:57,095 ] 163 : Sold 13 shares at price 69,400 | Profit = 7,800 | Portfolio Value = 1,035,028.35 | Budget = 1,042,377.25 | inventory = 0
[ 2024-08-05 10:19:04,913 ] 172 : Bought 9 shares at price 68,000 | Portfolio Value = 1,042,377.25 | Budget = 430,071.25 | inventory = 1
[ 2024-08-05 10:19:05,748 ] 173 : Sold 9 shares at price 67,300 | Profit = -6,300 | Portfolio Value = 1,042,071.25 | Budget = 1,035,468.4 | inventory = 0
[ 2024-08-05 10:19:09,362 ] 177 : Bought 12 shares at price 68,800 | Portfolio Value = 1,035,468.4 | Budget = 209,455.6 | inventory = 1
[ 2024-08-05 10:19:10,282 ] 178 : Bought 3 shares at price 68,400 | Portfolio Value = 1,035,055.6 | Budget = 4,153.0 | inventory = 2
[ 2024-08-05 10:19:12,933 ] 181 : Sold 12 shares at price 66,700 | Profit = -25,200 | Portfolio Value = 1,024,153.0 | Budget = 804,152.8 | inventory = 1
[ 2024-08-05 10:19:13,777 ] 182 : Sold 3 shares at price 67,300 | Profit = -3,300 | Portfolio Value = 1,004,252.8 | Budget = 1,005,951.85 | inventory = 0
[ 2024-08-05 10:19:16,537 ] 185 : Bought 6 shares at price 68,600 | Portfolio Value = 1,005,951.85 | Budget = 594,146.05 | inventory = 1
[ 2024-08-05 10:19:18,400 ] 187 : Bought 8 shares at price 69,600 | Portfolio Value = 1,012,346.05 | Budget = 37,067.65 | inventory = 2
[ 2024-08-05 10:19:23,227 ] 192 : Sold 6 shares at price 70,500 | Profit = 11,400 | Portfolio Value = 1,021,267.65 | Budget = 459,856.15 | inventory = 1
[ 2024-08-05 10:19:24,147 ] 193 : Sold 8 shares at price 70,400 | Profit = 6,400 | Portfolio Value = 1,023,856.15 | Budget = 1,022,774.55 | inventory = 0
[ 2024-08-05 10:19:27,747 ] 197 : Bought 9 shares at price 72,500 | Portfolio Value = 1,022,774.55 | Budget = 369,948.3 | inventory = 1
[ 2024-08-05 10:19:28,648 ] 198 : Bought 2 shares at price 72,700 | Portfolio Value = 1,022,448.3 | Budget = 224,475.6 | inventory = 2
[ 2024-08-05 10:19:30,391 ] 200 : Sold 9 shares at price 72,800 | Profit = 2,700 | Portfolio Value = 1,025,275.6 | Budget = 879,348.0 | inventory = 1
[ 2024-08-05 10:19:31,272 ] 201 : Bought 7 shares at price 72,400 | Portfolio Value = 1,024,948.0 | Budget = 372,294.6 | inventory = 2
[ 2024-08-05 10:19:33,128 ] 203 : Bought 1 shares at price 71,300 | Portfolio Value = 1,017,594.6 | Budget = 300,958.95 | inventory = 3
[ 2024-08-05 10:19:36,922 ] 207 : Sold 2 shares at price 72,000 | Profit = -1,400 | Portfolio Value = 1,028,958.95 | Budget = 444,886.95 | inventory = 2
[ 2024-08-05 10:19:37,809 ] 208 : Bought 3 shares at price 72,600 | Portfolio Value = 1,020,886.95 | Budget = 226,978.05 | inventory = 3
[ 2024-08-05 10:19:38,775 ] 209 : Sold 7 shares at price 71,200 | Profit = -8,400 | Portfolio Value = 1,025,578.05 | Budget = 725,128.85 | inventory = 2
[ 2024-08-05 10:19:39,701 ] 210 : Bought 4 shares at price 71,700 | Portfolio Value = 1,009,928.85 | Budget = 438,185.45 | inventory = 3
[ 2024-08-05 10:19:40,711 ] 211 : Sold 1 shares at price 71,500 | Profit = 200 | Portfolio Value = 1,011,785.45 | Budget = 509,649.7 | inventory = 2
[ 2024-08-05 10:19:42,658 ] 213 : Bought 1 shares at price 73,000 | Portfolio Value = 1,017,849.7 | Budget = 436,613.2 | inventory = 3
[ 2024-08-05 10:19:43,617 ] 214 : Sold 3 shares at price 73,500 | Profit = 2,700 | Portfolio Value = 1,020,613.2 | Budget = 657,002.95 | inventory = 2
[ 2024-08-05 10:19:44,602 ] 215 : Sold 4 shares at price 72,800 | Profit = 4,400 | Portfolio Value = 1,024,502.95 | Budget = 948,057.35 | inventory = 1
[ 2024-08-05 10:19:45,557 ] 216 : Sold 1 shares at price 73,100 | Profit = 100 | Portfolio Value = 1,020,857.35 | Budget = 1,021,120.8 | inventory = 0
[ 2024-08-05 10:19:52,914 ] 224 : Bought 5 shares at price 78,000 | Portfolio Value = 1,021,120.8 | Budget = 630,925.8 | inventory = 1
[ 2024-08-05 10:19:53,716 ] 225 : Bought 8 shares at price 78,500 | Portfolio Value = 1,020,925.8 | Budget = 2,611.8 | inventory = 2
[ 2024-08-05 10:19:54,505 ] Episode: 6, Total Reward: -247,214.2134273526, Total Profit: 41,600, Profit Rate: 4.16%
[ 2024-08-05 10:19:54,505 ] ----------------------------------------------------------------------------------------------------
[ 2024-08-05 10:19:54,506 ] Starting Episode 7
[ 2024-08-05 10:19:59,838 ] 6 : Bought 8 shares at price 63,100 | Portfolio Value = 1,000,000.0 | Budget = 494,947.6 | inventory = 1
[ 2024-08-05 10:20:00,692 ] 7 : Sold 8 shares at price 63,000 | Profit = -800 | Portfolio Value = 999,747.6 | Budget = 998,695.6 | inventory = 0
[ 2024-08-05 10:20:03,205 ] 10 : Bought 12 shares at price 63,200 | Portfolio Value = 998,695.6 | Budget = 239,916.4 | inventory = 1
[ 2024-08-05 10:20:04,057 ] 11 : Bought 1 shares at price 62,200 | Portfolio Value = 998,316.4 | Budget = 177,685.3 | inventory = 2
[ 2024-08-05 10:20:04,924 ] 12 : Bought 1 shares at price 63,700 | Portfolio Value = 986,285.3 | Budget = 113,953.45 | inventory = 3
[ 2024-08-05 10:20:06,629 ] 14 : Bought 1 shares at price 62,700 | Portfolio Value = 990,353.45 | Budget = 51,222.1 | inventory = 4
[ 2024-08-05 10:20:07,500 ] 15 : Sold 12 shares at price 62,100 | Profit = -13,200 | Portfolio Value = 991,722.1 | Budget = 796,049.5 | inventory = 3
[ 2024-08-05 10:20:08,409 ] 16 : Sold 1 shares at price 61,100 | Profit = -1,100 | Portfolio Value = 982,349.5 | Budget = 857,118.95 | inventory = 2
[ 2024-08-05 10:20:10,299 ] 18 : Sold 1 shares at price 61,300 | Profit = -2,400 | Portfolio Value = 981,118.95 | Budget = 918,388.3 | inventory = 1
[ 2024-08-05 10:20:11,244 ] 19 : Bought 10 shares at price 60,500 | Portfolio Value = 979,688.3 | Budget = 313,085.8 | inventory = 2
[ 2024-08-05 10:20:12,909 ] 21 : Sold 1 shares at price 60,800 | Profit = -1,900 | Portfolio Value = 979,685.8 | Budget = 373,855.4 | inventory = 1
[ 2024-08-05 10:20:13,744 ] 22 : Bought 3 shares at price 60,500 | Portfolio Value = 981,855.4 | Budget = 192,264.65 | inventory = 2
[ 2024-08-05 10:20:14,558 ] 23 : Bought 3 shares at price 61,500 | Portfolio Value = 978,764.65 | Budget = 7,672.4 | inventory = 3
[ 2024-08-05 10:20:20,727 ] 30 : Sold 10 shares at price 59,800 | Profit = -7,000 | Portfolio Value = 951,672.4 | Budget = 605,373.4 | inventory = 2
[ 2024-08-05 10:20:21,549 ] 31 : Bought 1 shares at price 59,900 | Portfolio Value = 964,173.4 | Budget = 545,443.45 | inventory = 3
[ 2024-08-05 10:20:22,384 ] 32 : Bought 8 shares at price 61,300 | Portfolio Value = 964,743.45 | Budget = 54,798.25 | inventory = 4
[ 2024-08-05 10:20:24,049 ] 34 : Sold 3 shares at price 60,300 | Profit = -600 | Portfolio Value = 957,798.25 | Budget = 235,607.8 | inventory = 3
[ 2024-08-05 10:20:27,251 ] 37 : Sold 3 shares at price 63,000 | Profit = 4,500 | Portfolio Value = 983,207.8 | Budget = 424,513.3 | inventory = 2
[ 2024-08-05 10:20:28,163 ] 38 : Bought 5 shares at price 62,100 | Portfolio Value = 991,513.3 | Budget = 113,858.05 | inventory = 3
[ 2024-08-05 10:20:29,065 ] 39 : Sold 1 shares at price 62,900 | Profit = 3,000 | Portfolio Value = 983,258.05 | Budget = 176,726.6 | inventory = 2
[ 2024-08-05 10:20:30,849 ] 41 : Bought 2 shares at price 63,200 | Portfolio Value = 991,826.6 | Budget = 50,263.4 | inventory = 3
[ 2024-08-05 10:20:31,765 ] 42 : Sold 8 shares at price 64,000 | Profit = 21,600 | Portfolio Value = 998,263.4 | Budget = 562,007.4 | inventory = 2
[ 2024-08-05 10:20:32,656 ] 43 : Bought 3 shares at price 63,100 | Portfolio Value = 1,010,007.4 | Budget = 372,612.75 | inventory = 3
[ 2024-08-05 10:20:36,131 ] 47 : Sold 5 shares at price 65,000 | Profit = 14,500 | Portfolio Value = 995,612.75 | Budget = 697,450.25 | inventory = 2
[ 2024-08-05 10:20:37,057 ] 48 : Bought 3 shares at price 65,700 | Portfolio Value = 1,022,450.25 | Budget = 500,251.7 | inventory = 3
[ 2024-08-05 10:20:38,978 ] 50 : Bought 2 shares at price 66,000 | Portfolio Value = 1,027,451.7 | Budget = 368,185.7 | inventory = 4
[ 2024-08-05 10:20:39,850 ] 51 : Sold 2 shares at price 66,100 | Profit = 5,800 | Portfolio Value = 1,028,185.7 | Budget = 500,319.6 | inventory = 3
[ 2024-08-05 10:20:41,741 ] 53 : Bought 5 shares at price 65,300 | Portfolio Value = 1,021,119.6 | Budget = 173,656.35 | inventory = 4
[ 2024-08-05 10:20:42,609 ] 54 : Sold 3 shares at price 65,600 | Profit = 7,500 | Portfolio Value = 1,022,556.35 | Budget = 370,357.95 | inventory = 3
[ 2024-08-05 10:20:44,391 ] 56 : Bought 1 shares at price 65,300 | Portfolio Value = 1,025,357.95 | Budget = 305,025.3 | inventory = 4
[ 2024-08-05 10:20:45,343 ] 57 : Sold 3 shares at price 65,700 | Profit = 0 | Portfolio Value = 1,023,325.3 | Budget = 502,026.75 | inventory = 3
[ 2024-08-05 10:20:46,279 ] 58 : Bought 3 shares at price 65,200 | Portfolio Value = 1,027,626.75 | Budget = 306,328.95 | inventory = 4
[ 2024-08-05 10:20:49,997 ] 62 : Sold 2 shares at price 65,500 | Profit = -1,000 | Portfolio Value = 1,016,928.95 | Budget = 437,263.45 | inventory = 3
[ 2024-08-05 10:20:50,935 ] 63 : Bought 1 shares at price 65,700 | Portfolio Value = 1,026,763.45 | Budget = 371,530.6 | inventory = 4
[ 2024-08-05 10:20:52,746 ] 65 : Bought 5 shares at price 65,100 | Portfolio Value = 1,025,530.6 | Budget = 45,867.85 | inventory = 5
[ 2024-08-05 10:20:55,347 ] 68 : Sold 5 shares at price 64,600 | Profit = -3,500 | Portfolio Value = 1,025,367.85 | Budget = 368,706.35 | inventory = 4
[ 2024-08-05 10:20:56,213 ] 69 : Sold 1 shares at price 64,200 | Profit = -1,100 | Portfolio Value = 1,014,706.35 | Budget = 432,874.25 | inventory = 3
[ 2024-08-05 10:20:57,092 ] 70 : Bought 2 shares at price 64,100 | Portfolio Value = 1,010,674.25 | Budget = 304,610.15 | inventory = 4
[ 2024-08-05 10:20:57,980 ] 71 : Bought 1 shares at price 64,500 | Portfolio Value = 1,009,710.15 | Budget = 240,077.9 | inventory = 5
[ 2024-08-05 10:20:58,997 ] 72 : Bought 3 shares at price 65,400 | Portfolio Value = 1,014,077.9 | Budget = 43,779.8 | inventory = 6
[ 2024-08-05 10:21:01,818 ] 75 : Sold 3 shares at price 68,400 | Profit = 9,600 | Portfolio Value = 1,036,779.8 | Budget = 248,877.2 | inventory = 5
[ 2024-08-05 10:21:02,883 ] 76 : Bought 3 shares at price 68,500 | Portfolio Value = 1,069,677.2 | Budget = 43,274.45 | inventory = 6
[ 2024-08-05 10:21:05,680 ] 79 : Sold 1 shares at price 68,800 | Profit = 3,100 | Portfolio Value = 1,070,774.45 | Budget = 112,040.05 | inventory = 5
[ 2024-08-05 10:21:08,457 ] 82 : Bought 1 shares at price 71,400 | Portfolio Value = 1,124,240.05 | Budget = 40,604.35 | inventory = 6
[ 2024-08-05 10:21:17,340 ] 91 : Sold 5 shares at price 71,900 | Profit = 34,000 | Portfolio Value = 1,120,604.35 | Budget = 399,924.6 | inventory = 5
[ 2024-08-05 10:21:18,418 ] 92 : Sold 2 shares at price 71,500 | Profit = 14,800 | Portfolio Value = 1,118,924.6 | Budget = 542,853.1 | inventory = 4
[ 2024-08-05 10:21:19,406 ] 93 : Bought 5 shares at price 71,800 | Portfolio Value = 1,114,853.1 | Budget = 183,673.6 | inventory = 5
[ 2024-08-05 10:21:20,313 ] 94 : Bought 1 shares at price 71,200 | Portfolio Value = 1,117,073.6 | Budget = 112,438.0 | inventory = 6
[ 2024-08-05 10:21:21,249 ] 95 : Bought 1 shares at price 71,400 | Portfolio Value = 1,109,238.0 | Budget = 41,002.3 | inventory = 7
[ 2024-08-05 10:21:24,036 ] 98 : Sold 1 shares at price 71,600 | Profit = 7,100 | Portfolio Value = 1,110,502.3 | Budget = 112,566.5 | inventory = 6
[ 2024-08-05 10:21:26,143 ] 100 : Bought 1 shares at price 72,600 | Portfolio Value = 1,126,166.5 | Budget = 39,930.2 | inventory = 7
[ 2024-08-05 10:21:27,128 ] 101 : Sold 3 shares at price 72,700 | Profit = 21,900 | Portfolio Value = 1,128,930.2 | Budget = 257,921.15 | inventory = 6
[ 2024-08-05 10:21:28,042 ] 102 : Sold 3 shares at price 72,400 | Profit = 11,700 | Portfolio Value = 1,130,321.15 | Budget = 475,012.55 | inventory = 5
[ 2024-08-05 10:21:28,983 ] 103 : Sold 1 shares at price 72,200 | Profit = 800 | Portfolio Value = 1,126,612.55 | Budget = 547,176.45 | inventory = 4
[ 2024-08-05 10:21:30,866 ] 105 : Bought 7 shares at price 73,000 | Portfolio Value = 1,131,176.45 | Budget = 35,920.95 | inventory = 5
[ 2024-08-05 10:21:31,676 ] 106 : Sold 5 shares at price 72,000 | Profit = 1,000 | Portfolio Value = 1,130,920.95 | Budget = 395,740.95 | inventory = 4
[ 2024-08-05 10:21:32,536 ] 107 : Bought 3 shares at price 71,600 | Portfolio Value = 1,115,740.95 | Budget = 180,833.55 | inventory = 5
[ 2024-08-05 10:21:33,405 ] 108 : Sold 1 shares at price 69,900 | Profit = -1,300 | Portfolio Value = 1,111,633.55 | Budget = 250,698.6 | inventory = 4
[ 2024-08-05 10:21:35,133 ] 110 : Bought 2 shares at price 71,500 | Portfolio Value = 1,084,698.6 | Budget = 107,627.1 | inventory = 5
[ 2024-08-05 10:21:36,777 ] 112 : Sold 1 shares at price 71,900 | Profit = 500 | Portfolio Value = 1,114,227.1 | Budget = 179,491.15 | inventory = 4
[ 2024-08-05 10:21:37,623 ] 113 : Sold 1 shares at price 73,400 | Profit = 800 | Portfolio Value = 1,114,191.15 | Budget = 252,854.45 | inventory = 3
[ 2024-08-05 10:21:40,099 ] 116 : Sold 7 shares at price 71,700 | Profit = -9,100 | Portfolio Value = 1,116,854.45 | Budget = 754,503.5 | inventory = 2
[ 2024-08-05 10:21:41,742 ] 118 : Sold 3 shares at price 70,300 | Profit = -3,900 | Portfolio Value = 1,109,503.5 | Budget = 965,298.05 | inventory = 1
[ 2024-08-05 10:21:42,593 ] 119 : Bought 8 shares at price 70,400 | Portfolio Value = 1,105,898.05 | Budget = 401,816.45 | inventory = 2
[ 2024-08-05 10:21:43,424 ] 120 : Sold 2 shares at price 70,000 | Profit = -3,000 | Portfolio Value = 1,105,816.45 | Budget = 541,746.45 | inventory = 1
[ 2024-08-05 10:21:45,064 ] 122 : Bought 3 shares at price 71,700 | Portfolio Value = 1,100,146.45 | Budget = 326,538.9 | inventory = 2
[ 2024-08-05 10:21:45,907 ] 123 : Sold 8 shares at price 70,600 | Profit = 1,600 | Portfolio Value = 1,115,238.9 | Budget = 891,056.5 | inventory = 1
[ 2024-08-05 10:21:46,743 ] 124 : Bought 3 shares at price 69,800 | Portfolio Value = 1,102,856.5 | Budget = 681,551.8 | inventory = 2
[ 2024-08-05 10:21:48,419 ] 126 : Sold 3 shares at price 69,900 | Profit = -5,400 | Portfolio Value = 1,108,151.8 | Budget = 891,146.95 | inventory = 1
[ 2024-08-05 10:21:49,316 ] 127 : Sold 3 shares at price 68,800 | Profit = -3,000 | Portfolio Value = 1,100,846.95 | Budget = 1,097,443.75 | inventory = 0
[ 2024-08-05 10:21:51,158 ] 129 : Bought 7 shares at price 68,500 | Portfolio Value = 1,097,443.75 | Budget = 617,704.0 | inventory = 1
[ 2024-08-05 10:21:53,023 ] 131 : Bought 4 shares at price 68,900 | Portfolio Value = 1,090,904.0 | Budget = 341,966.2 | inventory = 2
[ 2024-08-05 10:21:53,868 ] 132 : Sold 7 shares at price 68,000 | Profit = -3,500 | Portfolio Value = 1,099,866.2 | Budget = 817,728.2 | inventory = 1
[ 2024-08-05 10:21:55,555 ] 134 : Bought 12 shares at price 67,300 | Portfolio Value = 1,087,728.2 | Budget = 9,724.4 | inventory = 2
[ 2024-08-05 10:21:58,090 ] 137 : Sold 4 shares at price 66,300 | Profit = -10,400 | Portfolio Value = 1,076,924.4 | Budget = 274,791.8 | inventory = 1
[ 2024-08-05 10:21:58,965 ] 138 : Sold 12 shares at price 66,600 | Profit = -8,400 | Portfolio Value = 1,070,391.8 | Budget = 1,073,592.2 | inventory = 0
[ 2024-08-05 10:22:16,866 ] 159 : Bought 15 shares at price 69,800 | Portfolio Value = 1,073,592.2 | Budget = 26,068.7 | inventory = 1
[ 2024-08-05 10:22:17,706 ] 160 : Sold 15 shares at price 69,600 | Profit = -3,000 | Portfolio Value = 1,073,068.7 | Budget = 1,069,546.7 | inventory = 0
[ 2024-08-05 10:22:20,284 ] 163 : Bought 12 shares at price 69,400 | Portfolio Value = 1,069,546.7 | Budget = 236,330.3 | inventory = 1
[ 2024-08-05 10:22:21,171 ] 164 : Bought 1 shares at price 68,600 | Portfolio Value = 1,069,130.3 | Budget = 167,696.0 | inventory = 2
[ 2024-08-05 10:22:22,037 ] 165 : Bought 2 shares at price 68,400 | Portfolio Value = 1,059,496.0 | Budget = 30,827.6 | inventory = 3
[ 2024-08-05 10:22:23,845 ] 167 : Sold 12 shares at price 66,700 | Profit = -32,400 | Portfolio Value = 1,043,327.6 | Budget = 830,827.4 | inventory = 2
[ 2024-08-05 10:22:25,568 ] 169 : Bought 4 shares at price 66,400 | Portfolio Value = 1,028,827.4 | Budget = 565,094.6 | inventory = 3
[ 2024-08-05 10:22:26,505 ] 170 : Sold 1 shares at price 68,200 | Profit = -400 | Portfolio Value = 1,029,894.6 | Budget = 633,260.5 | inventory = 2
[ 2024-08-05 10:22:28,285 ] 172 : Sold 2 shares at price 68,000 | Profit = -800 | Portfolio Value = 1,046,660.5 | Budget = 769,192.5 | inventory = 1
[ 2024-08-05 10:22:29,197 ] 173 : Bought 10 shares at price 67,300 | Portfolio Value = 1,041,192.5 | Budget = 95,856.0 | inventory = 2
[ 2024-08-05 10:22:30,312 ] 174 : Bought 1 shares at price 69,400 | Portfolio Value = 1,038,056.0 | Budget = 26,421.3 | inventory = 3
[ 2024-08-05 10:22:33,007 ] 177 : Sold 4 shares at price 68,800 | Profit = 9,600 | Portfolio Value = 1,068,921.3 | Budget = 301,483.7 | inventory = 2
[ 2024-08-05 10:22:33,857 ] 178 : Sold 10 shares at price 68,400 | Profit = 11,000 | Portfolio Value = 1,058,283.7 | Budget = 985,141.7 | inventory = 1
[ 2024-08-05 10:22:34,773 ] 179 : Sold 1 shares at price 68,500 | Profit = -900 | Portfolio Value = 1,053,541.7 | Budget = 1,053,607.45 | inventory = 0
[ 2024-08-05 10:22:36,516 ] 181 : Bought 14 shares at price 66,700 | Portfolio Value = 1,053,607.45 | Budget = 119,340.55 | inventory = 1
[ 2024-08-05 10:22:37,507 ] 182 : Sold 14 shares at price 67,300 | Profit = 8,400 | Portfolio Value = 1,053,140.55 | Budget = 1,061,069.45 | inventory = 0
[ 2024-08-05 10:22:40,082 ] 184 : Bought 6 shares at price 66,900 | Portfolio Value = 1,061,069.45 | Budget = 659,468.75 | inventory = 1
[ 2024-08-05 10:22:41,947 ] 186 : Bought 5 shares at price 69,700 | Portfolio Value = 1,071,068.75 | Budget = 310,794.5 | inventory = 2
[ 2024-08-05 10:22:42,897 ] 187 : Sold 6 shares at price 69,600 | Profit = 16,200 | Portfolio Value = 1,077,494.5 | Budget = 728,185.7 | inventory = 1
[ 2024-08-05 10:22:43,789 ] 188 : Sold 5 shares at price 70,900 | Profit = 6,000 | Portfolio Value = 1,076,185.7 | Budget = 1,082,508.45 | inventory = 0
[ 2024-08-05 10:22:44,667 ] 189 : Bought 7 shares at price 70,900 | Portfolio Value = 1,082,508.45 | Budget = 585,960.3 | inventory = 1
[ 2024-08-05 10:22:45,547 ] 190 : Sold 7 shares at price 69,900 | Profit = -7,000 | Portfolio Value = 1,082,260.3 | Budget = 1,075,015.65 | inventory = 0
[ 2024-08-05 10:22:50,615 ] 195 : Bought 8 shares at price 72,200 | Portfolio Value = 1,075,015.65 | Budget = 497,126.85 | inventory = 1
[ 2024-08-05 10:22:51,535 ] 196 : Sold 8 shares at price 72,800 | Profit = 4,800 | Portfolio Value = 1,074,726.85 | Budget = 1,079,235.65 | inventory = 0
[ 2024-08-05 10:22:55,412 ] 200 : Bought 2 shares at price 72,800 | Portfolio Value = 1,079,235.65 | Budget = 933,562.85 | inventory = 1
[ 2024-08-05 10:22:56,312 ] 201 : Sold 2 shares at price 72,400 | Profit = -800 | Portfolio Value = 1,079,162.85 | Budget = 1,078,290.45 | inventory = 0
[ 2024-08-05 10:22:57,254 ] 202 : Bought 7 shares at price 71,700 | Portfolio Value = 1,078,290.45 | Budget = 576,139.5 | inventory = 1
[ 2024-08-05 10:22:58,141 ] 203 : Bought 3 shares at price 71,300 | Portfolio Value = 1,078,039.5 | Budget = 362,132.55 | inventory = 2
[ 2024-08-05 10:23:00,052 ] 205 : Bought 3 shares at price 72,700 | Portfolio Value = 1,089,132.55 | Budget = 143,923.5 | inventory = 3
[ 2024-08-05 10:23:00,974 ] 206 : Bought 1 shares at price 72,800 | Portfolio Value = 1,089,023.5 | Budget = 71,087.1 | inventory = 4
[ 2024-08-05 10:23:02,816 ] 208 : Sold 7 shares at price 72,600 | Profit = 6,300 | Portfolio Value = 1,079,087.1 | Budget = 579,033.0 | inventory = 3
[ 2024-08-05 10:23:04,546 ] 210 : Sold 3 shares at price 71,700 | Profit = 1,200 | Portfolio Value = 1,077,433.0 | Budget = 794,025.45 | inventory = 2
[ 2024-08-05 10:23:05,390 ] 211 : Bought 8 shares at price 71,500 | Portfolio Value = 1,080,825.45 | Budget = 221,739.45 | inventory = 3
[ 2024-08-05 10:23:07,902 ] 214 : Bought 2 shares at price 73,500 | Portfolio Value = 1,097,739.45 | Budget = 74,665.95 | inventory = 4
[ 2024-08-05 10:23:08,795 ] 215 : Sold 3 shares at price 72,800 | Profit = 300 | Portfolio Value = 1,103,665.95 | Budget = 292,956.75 | inventory = 3
[ 2024-08-05 10:23:09,770 ] 216 : Sold 1 shares at price 73,100 | Profit = 300 | Portfolio Value = 1,093,756.75 | Budget = 366,020.2 | inventory = 2
[ 2024-08-05 10:23:10,700 ] 217 : Bought 2 shares at price 73,300 | Portfolio Value = 1,097,020.2 | Budget = 219,346.9 | inventory = 3
[ 2024-08-05 10:23:12,491 ] 219 : Bought 2 shares at price 73,400 | Portfolio Value = 1,094,146.9 | Budget = 72,473.5 | inventory = 4
[ 2024-08-05 10:23:13,415 ] 220 : Sold 8 shares at price 74,800 | Profit = 26,400 | Portfolio Value = 1,100,073.5 | Budget = 670,574.3 | inventory = 3
[ 2024-08-05 10:23:16,094 ] 223 : Bought 4 shares at price 76,600 | Portfolio Value = 1,125,974.3 | Budget = 364,021.1 | inventory = 4
[ 2024-08-05 10:23:16,982 ] 224 : Sold 2 shares at price 78,000 | Profit = 9,000 | Portfolio Value = 1,130,021.1 | Budget = 519,943.1 | inventory = 3
[ 2024-08-05 10:23:17,875 ] 225 : Sold 2 shares at price 78,500 | Profit = 10,400 | Portfolio Value = 1,143,943.1 | Budget = 676,864.6 | inventory = 2
[ 2024-08-05 10:23:18,772 ] Episode: 7, Total Reward: -394,459.72946497507, Total Profit: 147,800, Profit Rate: 14.78%
[ 2024-08-05 10:23:18,772 ] ----------------------------------------------------------------------------------------------------
[ 2024-08-05 10:23:18,773 ] Starting Episode 8
[ 2024-08-05 10:23:20,662 ] 2 : Bought 15 shares at price 63,500 | Portfolio Value = 1,000,000.0 | Budget = 47,023.75 | inventory = 1
[ 2024-08-05 10:23:22,421 ] 4 : Sold 15 shares at price 61,600 | Profit = -28,500 | Portfolio Value = 1,004,023.75 | Budget = 970,561.75 | inventory = 0
[ 2024-08-05 10:23:23,337 ] 5 : Bought 2 shares at price 61,900 | Portfolio Value = 970,561.75 | Budget = 846,699.85 | inventory = 1
[ 2024-08-05 10:23:24,967 ] 6 : Sold 2 shares at price 63,100 | Profit = 2,400 | Portfolio Value = 970,499.85 | Budget = 972,836.75 | inventory = 0
[ 2024-08-05 10:23:26,669 ] 8 : Bought 6 shares at price 62,800 | Portfolio Value = 972,836.75 | Budget = 595,848.35 | inventory = 1
[ 2024-08-05 10:23:27,564 ] 9 : Sold 6 shares at price 62,900 | Profit = 600 | Portfolio Value = 972,648.35 | Budget = 973,059.65 | inventory = 0
[ 2024-08-05 10:23:31,868 ] 14 : Bought 14 shares at price 62,700 | Portfolio Value = 973,059.65 | Budget = 94,820.75 | inventory = 1
[ 2024-08-05 10:23:32,829 ] 15 : Sold 14 shares at price 62,100 | Profit = -8,400 | Portfolio Value = 972,620.75 | Budget = 963,786.05 | inventory = 0
[ 2024-08-05 10:23:34,832 ] 17 : Bought 2 shares at price 62,000 | Portfolio Value = 963,786.05 | Budget = 839,724.05 | inventory = 1
[ 2024-08-05 10:23:35,832 ] 18 : Sold 2 shares at price 61,300 | Profit = -1,400 | Portfolio Value = 963,724.05 | Budget = 962,262.75 | inventory = 0
[ 2024-08-05 10:23:39,741 ] 22 : Bought 10 shares at price 60,500 | Portfolio Value = 962,262.75 | Budget = 356,960.25 | inventory = 1
[ 2024-08-05 10:23:42,306 ] 25 : Bought 5 shares at price 60,300 | Portfolio Value = 963,960.25 | Budget = 55,309.5 | inventory = 2
[ 2024-08-05 10:23:47,479 ] 31 : Sold 10 shares at price 59,900 | Profit = -6,000 | Portfolio Value = 952,309.5 | Budget = 654,010.0 | inventory = 1
[ 2024-08-05 10:23:48,320 ] 32 : Sold 5 shares at price 61,300 | Profit = 5,000 | Portfolio Value = 953,510.0 | Budget = 960,356.75 | inventory = 0
[ 2024-08-05 10:23:55,398 ] 40 : Bought 9 shares at price 62,700 | Portfolio Value = 960,356.75 | Budget = 395,774.6 | inventory = 1
[ 2024-08-05 10:23:56,338 ] 41 : Bought 1 shares at price 63,200 | Portfolio Value = 960,074.6 | Budget = 332,543.0 | inventory = 2
[ 2024-08-05 10:23:57,179 ] 42 : Sold 9 shares at price 64,000 | Profit = 11,700 | Portfolio Value = 964,543.0 | Budget = 908,255.0 | inventory = 1
[ 2024-08-05 10:23:58,038 ] 43 : Sold 1 shares at price 63,100 | Profit = -100 | Portfolio Value = 972,255.0 | Budget = 971,323.45 | inventory = 0
[ 2024-08-05 10:23:58,885 ] 44 : Bought 10 shares at price 63,600 | Portfolio Value = 971,323.45 | Budget = 335,005.45 | inventory = 1
[ 2024-08-05 10:24:00,563 ] 46 : Bought 2 shares at price 62,300 | Portfolio Value = 974,005.45 | Budget = 210,343.15 | inventory = 2
[ 2024-08-05 10:24:01,408 ] 47 : Sold 10 shares at price 65,000 | Profit = 14,000 | Portfolio Value = 957,943.15 | Budget = 860,018.15 | inventory = 1
[ 2024-08-05 10:24:03,211 ] 49 : Bought 2 shares at price 65,900 | Portfolio Value = 991,418.15 | Budget = 728,152.25 | inventory = 2
[ 2024-08-05 10:24:05,033 ] 51 : Sold 2 shares at price 66,100 | Profit = 7,600 | Portfolio Value = 992,152.25 | Budget = 860,286.15 | inventory = 1
[ 2024-08-05 10:24:06,781 ] 53 : Bought 13 shares at price 65,300 | Portfolio Value = 990,486.15 | Budget = 10,961.7 | inventory = 2
[ 2024-08-05 10:24:09,405 ] 56 : Sold 2 shares at price 65,300 | Profit = -1,200 | Portfolio Value = 993,461.7 | Budget = 141,496.4 | inventory = 1
[ 2024-08-05 10:24:10,309 ] 57 : Bought 2 shares at price 65,700 | Portfolio Value = 990,396.4 | Budget = 10,030.7 | inventory = 2
[ 2024-08-05 10:24:11,182 ] 58 : Sold 13 shares at price 65,200 | Profit = -1,300 | Portfolio Value = 995,530.7 | Budget = 857,206.9 | inventory = 1
[ 2024-08-05 10:24:12,094 ] 59 : Bought 5 shares at price 63,600 | Portfolio Value = 987,606.9 | Budget = 539,047.9 | inventory = 2
[ 2024-08-05 10:24:13,837 ] 61 : Bought 5 shares at price 64,600 | Portfolio Value = 987,747.9 | Budget = 215,886.4 | inventory = 3
[ 2024-08-05 10:24:15,650 ] 63 : Bought 3 shares at price 65,700 | Portfolio Value = 1,001,886.4 | Budget = 18,687.85 | inventory = 4
[ 2024-08-05 10:24:16,562 ] 64 : Sold 2 shares at price 65,400 | Profit = -600 | Portfolio Value = 1,004,187.85 | Budget = 149,422.45 | inventory = 3
[ 2024-08-05 10:24:17,494 ] 65 : Sold 5 shares at price 65,100 | Profit = 7,500 | Portfolio Value = 999,622.45 | Budget = 474,759.7 | inventory = 2
[ 2024-08-05 10:24:19,226 ] 67 : Bought 7 shares at price 65,300 | Portfolio Value = 1,001,959.7 | Budget = 17,431.15 | inventory = 3
[ 2024-08-05 10:24:21,890 ] 70 : Sold 5 shares at price 64,100 | Profit = -2,500 | Portfolio Value = 980,431.15 | Budget = 337,770.9 | inventory = 2
[ 2024-08-05 10:24:23,634 ] 72 : Sold 3 shares at price 65,400 | Profit = -900 | Portfolio Value = 982,770.9 | Budget = 533,872.8 | inventory = 1
[ 2024-08-05 10:24:24,532 ] 73 : Sold 7 shares at price 65,000 | Profit = -2,100 | Portfolio Value = 991,672.8 | Budget = 988,645.3 | inventory = 0
[ 2024-08-05 10:24:26,367 ] 75 : Bought 1 shares at price 68,400 | Portfolio Value = 988,645.3 | Budget = 920,211.1 | inventory = 1
[ 2024-08-05 10:24:27,238 ] 76 : Sold 1 shares at price 68,500 | Profit = 100 | Portfolio Value = 988,611.1 | Budget = 988,676.85 | inventory = 0
[ 2024-08-05 10:24:29,837 ] 79 : Bought 4 shares at price 68,800 | Portfolio Value = 988,676.85 | Budget = 713,339.25 | inventory = 1
[ 2024-08-05 10:24:31,723 ] 81 : Bought 7 shares at price 72,300 | Portfolio Value = 994,539.25 | Budget = 206,986.2 | inventory = 2
[ 2024-08-05 10:24:32,696 ] 82 : Sold 4 shares at price 71,400 | Profit = 10,400 | Portfolio Value = 1,002,286.2 | Budget = 492,443.4 | inventory = 1
[ 2024-08-05 10:24:34,564 ] 84 : Sold 7 shares at price 72,200 | Profit = -700 | Portfolio Value = 988,743.4 | Budget = 997,590.7 | inventory = 0
[ 2024-08-05 10:24:37,110 ] 87 : Bought 9 shares at price 70,900 | Portfolio Value = 997,590.7 | Budget = 359,171.65 | inventory = 1
[ 2024-08-05 10:24:38,003 ] 88 : Bought 2 shares at price 72,000 | Portfolio Value = 997,271.65 | Budget = 215,099.65 | inventory = 2
[ 2024-08-05 10:24:44,309 ] 94 : Sold 9 shares at price 71,200 | Profit = 2,700 | Portfolio Value = 1,004,899.65 | Budget = 855,579.25 | inventory = 1
[ 2024-08-05 10:24:45,244 ] 95 : Sold 2 shares at price 71,400 | Profit = -1,200 | Portfolio Value = 997,979.25 | Budget = 998,307.85 | inventory = 0
[ 2024-08-05 10:24:47,839 ] 98 : Bought 4 shares at price 71,600 | Portfolio Value = 998,307.85 | Budget = 711,764.65 | inventory = 1
[ 2024-08-05 10:24:48,778 ] 99 : Bought 6 shares at price 72,400 | Portfolio Value = 998,164.65 | Budget = 277,147.45 | inventory = 2
[ 2024-08-05 10:24:49,744 ] 100 : Sold 4 shares at price 72,600 | Profit = 4,000 | Portfolio Value = 1,001,147.45 | Budget = 567,402.25 | inventory = 1
[ 2024-08-05 10:24:50,656 ] 101 : Sold 6 shares at price 72,700 | Profit = 1,800 | Portfolio Value = 1,003,002.25 | Budget = 1,003,384.15 | inventory = 0
[ 2024-08-05 10:24:53,344 ] 104 : Bought 3 shares at price 73,000 | Portfolio Value = 1,003,384.15 | Budget = 784,274.65 | inventory = 1
[ 2024-08-05 10:24:54,215 ] 105 : Sold 3 shares at price 73,000 | Profit = 0 | Portfolio Value = 1,003,274.65 | Budget = 1,003,165.15 | inventory = 0
[ 2024-08-05 10:24:56,210 ] 107 : Bought 3 shares at price 71,600 | Portfolio Value = 1,003,165.15 | Budget = 788,257.75 | inventory = 1
[ 2024-08-05 10:24:57,122 ] 108 : Sold 3 shares at price 69,900 | Profit = -5,100 | Portfolio Value = 1,003,057.75 | Budget = 997,852.9 | inventory = 0
[ 2024-08-05 10:24:59,691 ] 111 : Bought 13 shares at price 71,900 | Portfolio Value = 997,852.9 | Budget = 62,685.55 | inventory = 1
[ 2024-08-05 10:25:00,559 ] 112 : Sold 13 shares at price 71,900 | Profit = 0 | Portfolio Value = 997,385.55 | Budget = 996,918.2 | inventory = 0
[ 2024-08-05 10:25:01,422 ] 113 : Bought 2 shares at price 73,400 | Portfolio Value = 996,918.2 | Budget = 850,044.8 | inventory = 1
[ 2024-08-05 10:25:02,283 ] 114 : Sold 2 shares at price 73,300 | Profit = -200 | Portfolio Value = 996,844.8 | Budget = 996,571.5 | inventory = 0
[ 2024-08-05 10:25:03,243 ] 115 : Bought 3 shares at price 72,000 | Portfolio Value = 996,571.5 | Budget = 780,463.5 | inventory = 1
[ 2024-08-05 10:25:05,829 ] 118 : Bought 11 shares at price 70,300 | Portfolio Value = 993,463.5 | Budget = 6,776.85 | inventory = 2
[ 2024-08-05 10:25:08,588 ] 121 : Sold 3 shares at price 69,800 | Profit = -6,600 | Portfolio Value = 986,776.85 | Budget = 216,072.15 | inventory = 1
[ 2024-08-05 10:25:09,484 ] 122 : Bought 3 shares at price 71,700 | Portfolio Value = 983,872.15 | Budget = 864.6 | inventory = 2
[ 2024-08-05 10:25:11,362 ] 124 : Sold 11 shares at price 69,800 | Profit = -5,500 | Portfolio Value = 989,264.6 | Budget = 768,280.7 | inventory = 1
[ 2024-08-05 10:25:12,201 ] 125 : Bought 4 shares at price 71,100 | Portfolio Value = 977,680.7 | Budget = 483,738.5 | inventory = 2
[ 2024-08-05 10:25:13,937 ] 127 : Bought 1 shares at price 68,800 | Portfolio Value = 973,038.5 | Budget = 414,904.1 | inventory = 3
[ 2024-08-05 10:25:14,806 ] 128 : Sold 3 shares at price 68,300 | Profit = -10,200 | Portfolio Value = 965,304.1 | Budget = 619,701.65 | inventory = 2
[ 2024-08-05 10:25:15,668 ] 129 : Sold 4 shares at price 68,500 | Profit = -10,400 | Portfolio Value = 961,201.65 | Budget = 893,564.65 | inventory = 1
[ 2024-08-05 10:25:16,607 ] 130 : Sold 1 shares at price 67,600 | Profit = -1,200 | Portfolio Value = 962,064.65 | Budget = 961,130.85 | inventory = 0
[ 2024-08-05 10:25:18,326 ] 132 : Bought 1 shares at price 68,000 | Portfolio Value = 961,130.85 | Budget = 893,096.85 | inventory = 1
[ 2024-08-05 10:25:20,094 ] 134 : Bought 3 shares at price 67,300 | Portfolio Value = 960,596.85 | Budget = 691,095.9 | inventory = 2
[ 2024-08-05 10:25:25,502 ] 140 : Bought 4 shares at price 67,100 | Portfolio Value = 957,495.9 | Budget = 422,561.7 | inventory = 3
[ 2024-08-05 10:25:26,421 ] 141 : Bought 2 shares at price 68,200 | Portfolio Value = 959,361.7 | Budget = 286,093.5 | inventory = 4
[ 2024-08-05 10:25:29,054 ] 144 : Sold 1 shares at price 66,800 | Profit = -1,200 | Portfolio Value = 954,093.5 | Budget = 352,860.1 | inventory = 3
[ 2024-08-05 10:25:30,816 ] 146 : Bought 2 shares at price 66,900 | Portfolio Value = 956,760.1 | Budget = 218,993.2 | inventory = 4
[ 2024-08-05 10:25:33,591 ] 149 : Bought 2 shares at price 70,700 | Portfolio Value = 1,002,193.2 | Budget = 77,522.5 | inventory = 5
[ 2024-08-05 10:25:34,417 ] 150 : Bought 1 shares at price 70,000 | Portfolio Value = 996,622.5 | Budget = 7,487.5 | inventory = 6
[ 2024-08-05 10:25:42,089 ] 158 : Sold 3 shares at price 70,200 | Profit = 8,700 | Portfolio Value = 1,015,487.5 | Budget = 217,982.2 | inventory = 5
[ 2024-08-05 10:25:43,005 ] 159 : Sold 4 shares at price 69,800 | Profit = 10,800 | Portfolio Value = 990,182.2 | Budget = 497,042.6 | inventory = 4
[ 2024-08-05 10:25:44,659 ] 161 : Bought 6 shares at price 68,900 | Portfolio Value = 984,242.6 | Budget = 83,435.9 | inventory = 5
[ 2024-08-05 10:25:45,498 ] 162 : Sold 2 shares at price 68,800 | Profit = 1,200 | Portfolio Value = 979,135.9 | Budget = 220,967.1 | inventory = 4
[ 2024-08-05 10:25:47,970 ] 165 : Sold 2 shares at price 68,400 | Profit = 3,000 | Portfolio Value = 975,567.1 | Budget = 357,698.7 | inventory = 3
[ 2024-08-05 10:25:51,423 ] 169 : Bought 1 shares at price 66,400 | Portfolio Value = 951,698.7 | Budget = 291,265.5 | inventory = 4
[ 2024-08-05 10:25:52,552 ] 170 : Bought 2 shares at price 68,200 | Portfolio Value = 955,265.5 | Budget = 154,797.3 | inventory = 5
[ 2024-08-05 10:25:53,336 ] 171 : Sold 2 shares at price 68,900 | Profit = -3,600 | Portfolio Value = 973,197.3 | Budget = 292,528.4 | inventory = 4
[ 2024-08-05 10:25:54,125 ] 172 : Sold 1 shares at price 68,000 | Profit = -2,000 | Portfolio Value = 981,528.4 | Budget = 360,494.4 | inventory = 3
[ 2024-08-05 10:25:54,997 ] 173 : Bought 4 shares at price 67,300 | Portfolio Value = 972,494.4 | Budget = 91,159.8 | inventory = 4
[ 2024-08-05 10:25:57,457 ] 176 : Bought 1 shares at price 69,500 | Portfolio Value = 1,007,659.8 | Budget = 21,625.05 | inventory = 5
[ 2024-08-05 10:26:01,180 ] 180 : Sold 6 shares at price 68,000 | Profit = -5,400 | Portfolio Value = 980,625.05 | Budget = 429,421.05 | inventory = 4
[ 2024-08-05 10:26:03,657 ] 183 : Bought 5 shares at price 67,300 | Portfolio Value = 967,821.05 | Budget = 92,752.8 | inventory = 5
[ 2024-08-05 10:26:04,525 ] 184 : Bought 1 shares at price 66,900 | Portfolio Value = 967,652.8 | Budget = 25,819.35 | inventory = 6
[ 2024-08-05 10:26:08,714 ] 189 : Sold 1 shares at price 70,900 | Profit = 4,500 | Portfolio Value = 1,018,419.35 | Budget = 96,683.9 | inventory = 5
[ 2024-08-05 10:26:10,288 ] 191 : Sold 2 shares at price 70,300 | Profit = 4,200 | Portfolio Value = 1,005,383.9 | Budget = 237,213.6 | inventory = 4
[ 2024-08-05 10:26:11,083 ] 192 : Bought 2 shares at price 70,500 | Portfolio Value = 1,010,513.6 | Budget = 96,143.1 | inventory = 5
[ 2024-08-05 10:26:11,908 ] 193 : Sold 4 shares at price 70,400 | Profit = 12,400 | Portfolio Value = 1,012,643.1 | Budget = 377,602.3 | inventory = 4
[ 2024-08-05 10:26:12,685 ] 194 : Sold 1 shares at price 70,800 | Profit = 1,300 | Portfolio Value = 1,011,202.3 | Budget = 448,366.9 | inventory = 3
[ 2024-08-05 10:26:14,274 ] 196 : Sold 5 shares at price 72,800 | Profit = 27,500 | Portfolio Value = 1,025,966.9 | Budget = 812,184.9 | inventory = 2
[ 2024-08-05 10:26:15,114 ] 197 : Bought 10 shares at price 72,500 | Portfolio Value = 1,030,584.9 | Budget = 86,822.4 | inventory = 3
[ 2024-08-05 10:26:15,920 ] 198 : Bought 1 shares at price 72,700 | Portfolio Value = 1,029,322.4 | Budget = 14,086.05 | inventory = 4
[ 2024-08-05 10:26:16,780 ] 199 : Sold 1 shares at price 72,800 | Profit = 5,900 | Portfolio Value = 1,031,886.05 | Budget = 86,849.65 | inventory = 3
[ 2024-08-05 10:26:17,591 ] 200 : Sold 2 shares at price 72,800 | Profit = 4,600 | Portfolio Value = 1,033,249.65 | Budget = 232,376.85 | inventory = 2
[ 2024-08-05 10:26:18,382 ] 201 : Bought 1 shares at price 72,400 | Portfolio Value = 1,033,176.85 | Budget = 159,940.65 | inventory = 3
[ 2024-08-05 10:26:21,066 ] 204 : Sold 10 shares at price 72,700 | Profit = 2,000 | Portfolio Value = 1,015,540.65 | Budget = 886,577.15 | inventory = 2
[ 2024-08-05 10:26:21,945 ] 205 : Bought 8 shares at price 72,700 | Portfolio Value = 1,031,977.15 | Budget = 304,686.35 | inventory = 3
[ 2024-08-05 10:26:22,807 ] 206 : Sold 1 shares at price 72,800 | Profit = 100 | Portfolio Value = 1,031,686.35 | Budget = 377,449.95 | inventory = 2
[ 2024-08-05 10:26:23,630 ] 207 : Sold 1 shares at price 72,000 | Profit = -400 | Portfolio Value = 1,032,649.95 | Budget = 449,413.95 | inventory = 1
[ 2024-08-05 10:26:24,523 ] 208 : Bought 3 shares at price 72,600 | Portfolio Value = 1,025,413.95 | Budget = 231,505.05 | inventory = 2
[ 2024-08-05 10:26:26,897 ] 211 : Bought 1 shares at price 71,500 | Portfolio Value = 1,020,205.05 | Budget = 159,969.3 | inventory = 3
[ 2024-08-05 10:26:27,653 ] 212 : Bought 1 shares at price 72,600 | Portfolio Value = 1,017,969.3 | Budget = 87,333.0 | inventory = 4
[ 2024-08-05 10:26:28,502 ] 213 : Sold 8 shares at price 73,000 | Profit = 2,400 | Portfolio Value = 1,031,133.0 | Budget = 671,041.0 | inventory = 3
[ 2024-08-05 10:26:30,116 ] 215 : Bought 4 shares at price 72,800 | Portfolio Value = 1,038,541.0 | Budget = 379,695.4 | inventory = 4
[ 2024-08-05 10:26:30,974 ] 216 : Bought 4 shares at price 73,100 | Portfolio Value = 1,034,895.4 | Budget = 87,149.2 | inventory = 5
[ 2024-08-05 10:26:32,548 ] 218 : Bought 1 shares at price 72,900 | Portfolio Value = 1,040,049.2 | Budget = 14,212.75 | inventory = 6
[ 2024-08-05 10:26:34,112 ] 220 : Sold 3 shares at price 74,800 | Profit = 6,600 | Portfolio Value = 1,041,812.75 | Budget = 238,500.55 | inventory = 5
[ 2024-08-05 10:26:36,448 ] 223 : Sold 1 shares at price 76,600 | Profit = 5,100 | Portfolio Value = 1,073,400.55 | Budget = 315,062.25 | inventory = 4
[ 2024-08-05 10:26:38,085 ] 225 : Sold 1 shares at price 78,500 | Profit = 5,900 | Portfolio Value = 1,095,062.25 | Budget = 393,523.0 | inventory = 3
[ 2024-08-05 10:26:38,916 ] Episode: 8, Total Reward: -266,339.80154715467, Total Profit: 67,300, Profit Rate: 6.73%
[ 2024-08-05 10:26:38,916 ] ----------------------------------------------------------------------------------------------------
[ 2024-08-05 10:26:38,916 ] Starting Episode 9
[ 2024-08-05 10:26:43,790 ] 6 : Bought 3 shares at price 63,100 | Portfolio Value = 1,000,000.0 | Budget = 810,605.35 | inventory = 1
[ 2024-08-05 10:26:44,629 ] 7 : Bought 7 shares at price 63,000 | Portfolio Value = 999,905.35 | Budget = 369,384.85 | inventory = 2
[ 2024-08-05 10:26:45,412 ] 8 : Bought 5 shares at price 62,800 | Portfolio Value = 999,384.85 | Budget = 55,227.85 | inventory = 3
[ 2024-08-05 10:26:46,197 ] 9 : Sold 3 shares at price 62,900 | Profit = -600 | Portfolio Value = 997,227.85 | Budget = 243,833.5 | inventory = 2
[ 2024-08-05 10:26:47,810 ] 11 : Bought 1 shares at price 62,200 | Portfolio Value = 1,002,233.5 | Budget = 181,602.4 | inventory = 3
[ 2024-08-05 10:26:49,437 ] 13 : Sold 7 shares at price 62,600 | Profit = -2,800 | Portfolio Value = 1,009,702.4 | Budget = 619,583.3 | inventory = 2
[ 2024-08-05 10:26:50,216 ] 14 : Bought 2 shares at price 62,700 | Portfolio Value = 995,183.3 | Budget = 494,120.6 | inventory = 3
[ 2024-08-05 10:26:52,582 ] 17 : Sold 5 shares at price 62,000 | Profit = -4,000 | Portfolio Value = 982,920.6 | Budget = 803,965.6 | inventory = 2
[ 2024-08-05 10:26:53,386 ] 18 : Bought 2 shares at price 61,300 | Portfolio Value = 989,965.6 | Budget = 681,304.3 | inventory = 3
[ 2024-08-05 10:26:54,957 ] 20 : Bought 2 shares at price 60,600 | Portfolio Value = 983,804.3 | Budget = 560,043.7 | inventory = 4
[ 2024-08-05 10:26:55,707 ] 21 : Bought 2 shares at price 60,800 | Portfolio Value = 984,243.7 | Budget = 438,382.9 | inventory = 5
[ 2024-08-05 10:26:56,523 ] 22 : Sold 1 shares at price 60,500 | Profit = -1,700 | Portfolio Value = 985,582.9 | Budget = 498,852.65 | inventory = 4
[ 2024-08-05 10:26:57,317 ] 23 : Sold 2 shares at price 61,500 | Profit = -2,400 | Portfolio Value = 982,852.65 | Budget = 621,791.15 | inventory = 3
[ 2024-08-05 10:26:58,102 ] 24 : Sold 2 shares at price 60,700 | Profit = -1,200 | Portfolio Value = 990,791.15 | Budget = 743,130.45 | inventory = 2
[ 2024-08-05 10:27:01,665 ] 28 : Bought 8 shares at price 60,000 | Portfolio Value = 981,130.45 | Budget = 262,890.45 | inventory = 3
[ 2024-08-05 10:27:02,475 ] 29 : Sold 2 shares at price 59,000 | Profit = -3,200 | Portfolio Value = 982,890.45 | Budget = 380,831.45 | inventory = 2
[ 2024-08-05 10:27:03,327 ] 30 : Sold 2 shares at price 59,800 | Profit = -2,000 | Portfolio Value = 970,831.45 | Budget = 500,371.65 | inventory = 1
[ 2024-08-05 10:27:04,129 ] 31 : Bought 5 shares at price 59,900 | Portfolio Value = 978,771.65 | Budget = 200,721.9 | inventory = 2
[ 2024-08-05 10:27:04,968 ] 32 : Bought 3 shares at price 61,300 | Portfolio Value = 979,421.9 | Budget = 16,729.95 | inventory = 3
[ 2024-08-05 10:27:10,758 ] 39 : Sold 8 shares at price 62,900 | Profit = 23,200 | Portfolio Value = 1,010,329.95 | Budget = 519,678.35 | inventory = 2
[ 2024-08-05 10:27:11,579 ] 40 : Sold 5 shares at price 62,700 | Profit = 14,000 | Portfolio Value = 1,022,878.35 | Budget = 833,021.6 | inventory = 1
[ 2024-08-05 10:27:12,389 ] 41 : Sold 3 shares at price 63,200 | Profit = 5,700 | Portfolio Value = 1,021,121.6 | Budget = 1,022,526.8 | inventory = 0
[ 2024-08-05 10:27:15,621 ] 45 : Bought 15 shares at price 63,900 | Portfolio Value = 1,022,526.8 | Budget = 63,547.55 | inventory = 1
[ 2024-08-05 10:27:17,238 ] 47 : Sold 15 shares at price 65,000 | Profit = 16,500 | Portfolio Value = 998,047.55 | Budget = 1,038,060.05 | inventory = 0
[ 2024-08-05 10:27:18,037 ] 48 : Bought 14 shares at price 65,700 | Portfolio Value = 1,038,060.05 | Budget = 117,800.15 | inventory = 1
[ 2024-08-05 10:27:18,858 ] 49 : Sold 14 shares at price 65,900 | Profit = 2,800 | Portfolio Value = 1,037,600.15 | Budget = 1,039,938.85 | inventory = 0
[ 2024-08-05 10:27:20,456 ] 51 : Bought 11 shares at price 66,100 | Portfolio Value = 1,039,938.85 | Budget = 312,475.3 | inventory = 1
[ 2024-08-05 10:27:21,240 ] 52 : Sold 11 shares at price 65,100 | Profit = -11,000 | Portfolio Value = 1,039,575.3 | Budget = 1,028,217.25 | inventory = 0
[ 2024-08-05 10:27:22,025 ] 53 : Bought 4 shares at price 65,300 | Portfolio Value = 1,028,217.25 | Budget = 766,886.65 | inventory = 1
[ 2024-08-05 10:27:23,967 ] 55 : Sold 4 shares at price 65,500 | Profit = 800 | Portfolio Value = 1,029,286.65 | Budget = 1,028,755.65 | inventory = 0
[ 2024-08-05 10:27:27,618 ] 59 : Bought 10 shares at price 63,600 | Portfolio Value = 1,028,755.65 | Budget = 392,437.65 | inventory = 1
[ 2024-08-05 10:27:29,457 ] 61 : Sold 10 shares at price 64,600 | Profit = 10,000 | Portfolio Value = 1,033,437.65 | Budget = 1,038,114.65 | inventory = 0
[ 2024-08-05 10:27:32,067 ] 64 : Bought 12 shares at price 65,400 | Portfolio Value = 1,038,114.65 | Budget = 252,922.25 | inventory = 1
[ 2024-08-05 10:27:32,952 ] 65 : Sold 12 shares at price 65,100 | Profit = -3,600 | Portfolio Value = 1,037,722.25 | Budget = 1,033,731.65 | inventory = 0
[ 2024-08-05 10:27:37,039 ] 70 : Bought 16 shares at price 64,100 | Portfolio Value = 1,033,731.65 | Budget = 7,618.85 | inventory = 1
[ 2024-08-05 10:27:40,274 ] 74 : Sold 16 shares at price 66,200 | Profit = 33,600 | Portfolio Value = 1,047,618.85 | Budget = 1,066,289.25 | inventory = 0
[ 2024-08-05 10:27:41,132 ] 75 : Bought 3 shares at price 68,400 | Portfolio Value = 1,066,289.25 | Budget = 860,986.65 | inventory = 1
[ 2024-08-05 10:27:42,798 ] 77 : Sold 3 shares at price 68,400 | Profit = 0 | Portfolio Value = 1,066,486.65 | Budget = 1,066,084.05 | inventory = 0
[ 2024-08-05 10:27:46,163 ] 81 : Bought 3 shares at price 72,300 | Portfolio Value = 1,066,084.05 | Budget = 849,075.6 | inventory = 1
[ 2024-08-05 10:27:47,008 ] 82 : Bought 2 shares at price 71,400 | Portfolio Value = 1,065,975.6 | Budget = 706,204.2 | inventory = 2
[ 2024-08-05 10:27:47,823 ] 83 : Bought 1 shares at price 70,900 | Portfolio Value = 1,063,204.2 | Budget = 635,268.75 | inventory = 3
[ 2024-08-05 10:27:48,653 ] 84 : Bought 5 shares at price 72,200 | Portfolio Value = 1,060,668.75 | Budget = 274,088.25 | inventory = 4
[ 2024-08-05 10:27:50,318 ] 86 : Sold 3 shares at price 71,000 | Profit = -3,900 | Portfolio Value = 1,062,788.25 | Budget = 486,981.75 | inventory = 3
[ 2024-08-05 10:27:51,146 ] 87 : Bought 1 shares at price 70,900 | Portfolio Value = 1,054,981.75 | Budget = 416,046.3 | inventory = 4
[ 2024-08-05 10:27:51,937 ] 88 : Sold 2 shares at price 72,000 | Profit = 1,200 | Portfolio Value = 1,054,146.3 | Budget = 559,974.3 | inventory = 3
[ 2024-08-05 10:27:52,793 ] 89 : Sold 1 shares at price 71,000 | Profit = 100 | Portfolio Value = 1,063,974.3 | Budget = 630,938.8 | inventory = 2
[ 2024-08-05 10:27:53,641 ] 90 : Bought 2 shares at price 72,000 | Portfolio Value = 1,056,938.8 | Budget = 486,866.8 | inventory = 3
[ 2024-08-05 10:27:54,447 ] 91 : Bought 4 shares at price 71,900 | Portfolio Value = 1,062,866.8 | Budget = 199,123.0 | inventory = 4
[ 2024-08-05 10:27:55,271 ] 92 : Bought 2 shares at price 71,500 | Portfolio Value = 1,061,923.0 | Budget = 56,051.5 | inventory = 5
[ 2024-08-05 10:27:59,399 ] 96 : Sold 5 shares at price 70,500 | Profit = -8,500 | Portfolio Value = 1,055,651.5 | Budget = 408,375.25 | inventory = 4
[ 2024-08-05 10:28:00,346 ] 97 : Bought 5 shares at price 71,300 | Portfolio Value = 1,042,875.25 | Budget = 51,697.0 | inventory = 5
[ 2024-08-05 10:28:01,241 ] 98 : Sold 1 shares at price 71,600 | Profit = 700 | Portfolio Value = 1,049,897.0 | Budget = 123,261.2 | inventory = 4
[ 2024-08-05 10:28:02,081 ] 99 : Bought 1 shares at price 72,400 | Portfolio Value = 1,054,061.2 | Budget = 50,825.0 | inventory = 5
[ 2024-08-05 10:28:03,927 ] 101 : Sold 2 shares at price 72,700 | Profit = 1,400 | Portfolio Value = 1,067,225.0 | Budget = 196,152.3 | inventory = 4
[ 2024-08-05 10:28:04,807 ] 102 : Sold 4 shares at price 72,400 | Profit = 2,000 | Portfolio Value = 1,068,552.3 | Budget = 485,607.5 | inventory = 3
[ 2024-08-05 10:28:05,997 ] 103 : Sold 2 shares at price 72,200 | Profit = 1,400 | Portfolio Value = 1,064,807.5 | Budget = 629,935.3 | inventory = 2
[ 2024-08-05 10:28:06,868 ] 104 : Sold 5 shares at price 73,000 | Profit = 8,500 | Portfolio Value = 1,063,135.3 | Budget = 994,752.8 | inventory = 1
[ 2024-08-05 10:28:07,774 ] 105 : Bought 11 shares at price 73,000 | Portfolio Value = 1,067,752.8 | Budget = 191,351.3 | inventory = 2
[ 2024-08-05 10:28:08,634 ] 106 : Bought 1 shares at price 72,000 | Portfolio Value = 1,067,351.3 | Budget = 119,315.3 | inventory = 3
[ 2024-08-05 10:28:12,054 ] 110 : Sold 1 shares at price 71,500 | Profit = -900 | Portfolio Value = 1,022,815.3 | Budget = 190,779.55 | inventory = 2
[ 2024-08-05 10:28:13,754 ] 112 : Bought 2 shares at price 71,900 | Portfolio Value = 1,053,579.55 | Budget = 46,907.65 | inventory = 3
[ 2024-08-05 10:28:14,565 ] 113 : Sold 11 shares at price 73,400 | Profit = 4,400 | Portfolio Value = 1,053,507.65 | Budget = 853,903.95 | inventory = 2
[ 2024-08-05 10:28:15,412 ] 114 : Sold 1 shares at price 73,300 | Profit = 1,300 | Portfolio Value = 1,074,103.95 | Budget = 927,167.3 | inventory = 1
[ 2024-08-05 10:28:16,255 ] 115 : Bought 9 shares at price 72,000 | Portfolio Value = 1,073,767.3 | Budget = 278,843.3 | inventory = 2
[ 2024-08-05 10:28:21,589 ] 121 : Sold 2 shares at price 69,800 | Profit = -4,200 | Portfolio Value = 1,048,843.3 | Budget = 418,373.5 | inventory = 1
[ 2024-08-05 10:28:22,478 ] 122 : Bought 2 shares at price 71,700 | Portfolio Value = 1,046,573.5 | Budget = 274,901.8 | inventory = 2
[ 2024-08-05 10:28:23,311 ] 123 : Bought 1 shares at price 70,600 | Portfolio Value = 1,063,601.8 | Budget = 204,266.5 | inventory = 3
[ 2024-08-05 10:28:25,076 ] 125 : Bought 1 shares at price 71,100 | Portfolio Value = 1,041,866.5 | Budget = 133,130.95 | inventory = 4
[ 2024-08-05 10:28:25,906 ] 126 : Bought 1 shares at price 69,900 | Portfolio Value = 1,057,430.95 | Budget = 63,196.0 | inventory = 5
[ 2024-08-05 10:28:29,457 ] 130 : Sold 9 shares at price 67,600 | Profit = -39,600 | Portfolio Value = 1,022,196.0 | Budget = 671,291.8 | inventory = 4
[ 2024-08-05 10:28:33,646 ] 135 : Bought 3 shares at price 67,000 | Portfolio Value = 1,007,791.8 | Budget = 470,191.3 | inventory = 5
[ 2024-08-05 10:28:35,343 ] 137 : Bought 5 shares at price 66,300 | Portfolio Value = 1,003,791.3 | Budget = 138,525.55 | inventory = 6
[ 2024-08-05 10:28:36,164 ] 138 : Bought 2 shares at price 66,600 | Portfolio Value = 1,000,425.55 | Budget = 5,258.95 | inventory = 7
[ 2024-08-05 10:28:37,055 ] 139 : Sold 2 shares at price 66,600 | Profit = -10,200 | Portfolio Value = 1,004,258.95 | Budget = 138,392.35 | inventory = 6
[ 2024-08-05 10:28:38,836 ] 141 : Bought 1 shares at price 68,200 | Portfolio Value = 1,010,692.35 | Budget = 70,158.25 | inventory = 7
[ 2024-08-05 10:28:40,513 ] 143 : Sold 1 shares at price 66,800 | Profit = -3,800 | Portfolio Value = 1,009,558.25 | Budget = 136,924.85 | inventory = 6
[ 2024-08-05 10:28:41,314 ] 144 : Sold 1 shares at price 66,800 | Profit = -4,300 | Portfolio Value = 1,005,324.85 | Budget = 203,691.45 | inventory = 5
[ 2024-08-05 10:28:42,112 ] 145 : Bought 1 shares at price 67,100 | Portfolio Value = 1,005,291.45 | Budget = 136,557.9 | inventory = 6
[ 2024-08-05 10:28:42,961 ] 146 : Bought 1 shares at price 66,900 | Portfolio Value = 1,008,857.9 | Budget = 69,624.45 | inventory = 7
[ 2024-08-05 10:28:45,473 ] 149 : Sold 1 shares at price 70,700 | Profit = 800 | Portfolio Value = 1,066,424.45 | Budget = 140,289.1 | inventory = 6
[ 2024-08-05 10:28:46,313 ] 150 : Bought 1 shares at price 70,000 | Portfolio Value = 1,059,389.1 | Budget = 70,254.1 | inventory = 7
[ 2024-08-05 10:28:51,398 ] 156 : Sold 3 shares at price 71,700 | Profit = 14,100 | Portfolio Value = 1,062,854.1 | Budget = 285,246.55 | inventory = 6
[ 2024-08-05 10:28:53,207 ] 158 : Sold 5 shares at price 70,200 | Profit = 19,500 | Portfolio Value = 1,077,246.55 | Budget = 636,071.05 | inventory = 5
[ 2024-08-05 10:28:54,051 ] 159 : Bought 8 shares at price 69,800 | Portfolio Value = 1,057,271.05 | Budget = 77,391.85 | inventory = 6
[ 2024-08-05 10:28:54,927 ] 160 : Sold 2 shares at price 69,600 | Profit = 6,000 | Portfolio Value = 1,054,591.85 | Budget = 216,522.25 | inventory = 5
[ 2024-08-05 10:28:55,847 ] 161 : Sold 1 shares at price 68,900 | Profit = 700 | Portfolio Value = 1,051,722.25 | Budget = 285,387.8 | inventory = 4
[ 2024-08-05 10:28:58,350 ] 164 : Bought 1 shares at price 68,600 | Portfolio Value = 1,048,787.8 | Budget = 216,753.5 | inventory = 5
[ 2024-08-05 10:28:59,183 ] 165 : Bought 3 shares at price 68,400 | Portfolio Value = 1,039,953.5 | Budget = 11,450.9 | inventory = 6
[ 2024-08-05 10:29:00,876 ] 167 : Sold 1 shares at price 66,700 | Profit = -400 | Portfolio Value = 1,023,950.9 | Budget = 78,117.55 | inventory = 5
[ 2024-08-05 10:29:01,655 ] 168 : Sold 1 shares at price 66,000 | Profit = -900 | Portfolio Value = 1,011,917.55 | Budget = 144,084.55 | inventory = 4
[ 2024-08-05 10:29:02,492 ] 169 : Bought 1 shares at price 66,400 | Portfolio Value = 1,002,084.55 | Budget = 77,651.35 | inventory = 5
[ 2024-08-05 10:29:04,227 ] 171 : Sold 1 shares at price 68,900 | Profit = -1,100 | Portfolio Value = 1,032,451.35 | Budget = 146,516.9 | inventory = 4
[ 2024-08-05 10:29:06,700 ] 174 : Bought 1 shares at price 69,400 | Portfolio Value = 1,021,416.9 | Budget = 77,082.2 | inventory = 5
[ 2024-08-05 10:29:07,499 ] 175 : Bought 1 shares at price 70,500 | Portfolio Value = 1,048,682.2 | Budget = 6,546.95 | inventory = 6
[ 2024-08-05 10:29:11,608 ] 180 : Sold 8 shares at price 68,000 | Profit = -14,400 | Portfolio Value = 1,034,046.95 | Budget = 550,274.95 | inventory = 5
[ 2024-08-05 10:29:13,307 ] 182 : Sold 1 shares at price 67,300 | Profit = -1,300 | Portfolio Value = 1,017,174.95 | Budget = 617,541.3 | inventory = 4
[ 2024-08-05 10:29:14,978 ] 184 : Bought 2 shares at price 66,900 | Portfolio Value = 1,021,341.3 | Budget = 483,674.4 | inventory = 5
[ 2024-08-05 10:29:19,953 ] 190 : Sold 3 shares at price 69,900 | Profit = 4,500 | Portfolio Value = 1,050,874.4 | Budget = 693,269.55 | inventory = 4
[ 2024-08-05 10:29:20,823 ] 191 : Bought 2 shares at price 70,300 | Portfolio Value = 1,042,769.55 | Budget = 552,599.25 | inventory = 5
[ 2024-08-05 10:29:21,617 ] 192 : Bought 6 shares at price 70,500 | Portfolio Value = 1,044,699.25 | Budget = 129,387.75 | inventory = 6
[ 2024-08-05 10:29:22,477 ] 193 : Bought 1 shares at price 70,400 | Portfolio Value = 1,045,887.75 | Budget = 58,952.55 | inventory = 7
[ 2024-08-05 10:29:23,306 ] 194 : Sold 1 shares at price 70,800 | Profit = 4,400 | Portfolio Value = 1,044,552.55 | Budget = 129,717.15 | inventory = 6
[ 2024-08-05 10:29:24,134 ] 195 : Sold 1 shares at price 72,200 | Profit = 2,800 | Portfolio Value = 1,050,117.15 | Budget = 201,881.05 | inventory = 5
[ 2024-08-05 10:29:26,664 ] 198 : Sold 1 shares at price 72,700 | Profit = 2,200 | Portfolio Value = 1,071,881.05 | Budget = 274,544.7 | inventory = 4
[ 2024-08-05 10:29:27,481 ] 199 : Bought 2 shares at price 72,800 | Portfolio Value = 1,074,244.7 | Budget = 128,871.9 | inventory = 5
[ 2024-08-05 10:29:28,341 ] 200 : Sold 2 shares at price 72,800 | Profit = 11,800 | Portfolio Value = 1,075,271.9 | Budget = 274,399.1 | inventory = 4
[ 2024-08-05 10:29:31,719 ] 204 : Sold 2 shares at price 72,700 | Profit = 4,800 | Portfolio Value = 1,058,699.1 | Budget = 419,726.4 | inventory = 3
[ 2024-08-05 10:29:32,529 ] 205 : Bought 2 shares at price 72,700 | Portfolio Value = 1,074,026.4 | Budget = 274,253.7 | inventory = 4
[ 2024-08-05 10:29:35,991 ] 209 : Sold 6 shares at price 71,200 | Profit = 4,200 | Portfolio Value = 1,072,853.7 | Budget = 701,240.1 | inventory = 3
[ 2024-08-05 10:29:36,825 ] 210 : Sold 1 shares at price 71,700 | Profit = 1,300 | Portfolio Value = 1,057,240.1 | Budget = 772,904.25 | inventory = 2
[ 2024-08-05 10:29:38,499 ] 212 : Sold 2 shares at price 72,600 | Profit = -400 | Portfolio Value = 1,058,904.25 | Budget = 918,031.65 | inventory = 1
[ 2024-08-05 10:29:39,342 ] 213 : Sold 2 shares at price 73,000 | Profit = 600 | Portfolio Value = 1,063,231.65 | Budget = 1,063,958.65 | inventory = 0
[ 2024-08-05 10:29:41,033 ] 215 : Bought 14 shares at price 72,800 | Portfolio Value = 1,063,958.65 | Budget = 44,249.05 | inventory = 1
[ 2024-08-05 10:29:41,863 ] 216 : Sold 14 shares at price 73,100 | Profit = 4,200 | Portfolio Value = 1,063,449.05 | Budget = 1,067,137.35 | inventory = 0
[ 2024-08-05 10:29:45,405 ] 220 : Bought 8 shares at price 74,800 | Portfolio Value = 1,067,137.35 | Budget = 468,438.15 | inventory = 1
[ 2024-08-05 10:29:46,353 ] 221 : Bought 5 shares at price 75,000 | Portfolio Value = 1,066,838.15 | Budget = 93,250.65 | inventory = 2
[ 2024-08-05 10:29:49,038 ] 224 : Sold 8 shares at price 78,000 | Profit = 25,600 | Portfolio Value = 1,089,050.65 | Budget = 716,938.65 | inventory = 1
[ 2024-08-05 10:29:49,853 ] 225 : Bought 5 shares at price 78,500 | Portfolio Value = 1,106,938.65 | Budget = 324,242.4 | inventory = 2
[ 2024-08-05 10:29:50,732 ] Episode: 9, Total Reward: -254,617.31253118292, Total Profit: 108,700, Profit Rate: 10.87%
[ 2024-08-05 10:29:50,733 ] ----------------------------------------------------------------------------------------------------
[ 2024-08-05 10:29:50,733 ] Starting Episode 10
[ 2024-08-05 10:29:50,749 ] 0 : Bought 14 shares at price 61,000 | Portfolio Value = 1,000,000 | Budget = 145,573.0 | inventory = 1
[ 2024-08-05 10:29:51,591 ] 1 : Bought 1 shares at price 61,800 | Portfolio Value = 999,573.0 | Budget = 83,742.1 | inventory = 2
[ 2024-08-05 10:29:52,424 ] 2 : Sold 14 shares at price 63,500 | Profit = 35,000 | Portfolio Value = 1,010,742.1 | Budget = 972,297.6 | inventory = 1
[ 2024-08-05 10:29:53,300 ] 3 : Sold 1 shares at price 63,800 | Profit = 2,000 | Portfolio Value = 1,035,797.6 | Budget = 1,036,065.7 | inventory = 0
[ 2024-08-05 10:29:54,936 ] 5 : Bought 10 shares at price 61,900 | Portfolio Value = 1,036,065.7 | Budget = 416,756.2 | inventory = 1
[ 2024-08-05 10:29:55,778 ] 6 : Sold 10 shares at price 63,100 | Profit = 12,000 | Portfolio Value = 1,035,756.2 | Budget = 1,047,440.7 | inventory = 0
[ 2024-08-05 10:29:59,110 ] 10 : Bought 4 shares at price 63,200 | Portfolio Value = 1,047,440.7 | Budget = 794,514.3 | inventory = 1
[ 2024-08-05 10:30:00,774 ] 12 : Sold 4 shares at price 63,700 | Profit = 2,000 | Portfolio Value = 1,043,314.3 | Budget = 1,049,186.9 | inventory = 0
[ 2024-08-05 10:30:03,248 ] 15 : Bought 14 shares at price 62,100 | Portfolio Value = 1,049,186.9 | Budget = 179,352.2 | inventory = 1
[ 2024-08-05 10:30:05,825 ] 17 : Sold 14 shares at price 62,000 | Profit = -1,400 | Portfolio Value = 1,034,752.2 | Budget = 1,046,918.2 | inventory = 0
[ 2024-08-05 10:30:07,636 ] 19 : Bought 10 shares at price 60,500 | Portfolio Value = 1,046,918.2 | Budget = 441,615.7 | inventory = 1
[ 2024-08-05 10:30:08,467 ] 20 : Bought 4 shares at price 60,600 | Portfolio Value = 1,046,615.7 | Budget = 199,094.5 | inventory = 2
[ 2024-08-05 10:30:09,277 ] 21 : Sold 10 shares at price 60,800 | Profit = 3,000 | Portfolio Value = 1,047,494.5 | Budget = 806,790.5 | inventory = 1
[ 2024-08-05 10:30:10,144 ] 22 : Sold 4 shares at price 60,500 | Profit = -400 | Portfolio Value = 1,049,990.5 | Budget = 1,048,669.5 | inventory = 0
[ 2024-08-05 10:30:12,744 ] 25 : Bought 10 shares at price 60,300 | Portfolio Value = 1,048,669.5 | Budget = 445,368.0 | inventory = 1
[ 2024-08-05 10:30:13,580 ] 26 : Bought 6 shares at price 60,100 | Portfolio Value = 1,048,368.0 | Budget = 84,587.7 | inventory = 2
[ 2024-08-05 10:30:16,056 ] 29 : Bought 1 shares at price 59,000 | Portfolio Value = 1,044,587.7 | Budget = 25,558.2 | inventory = 3
[ 2024-08-05 10:30:16,907 ] 30 : Sold 10 shares at price 59,800 | Profit = -5,000 | Portfolio Value = 1,028,558.2 | Budget = 623,259.2 | inventory = 2
[ 2024-08-05 10:30:17,756 ] 31 : Sold 6 shares at price 59,900 | Profit = -1,200 | Portfolio Value = 1,041,859.2 | Budget = 982,479.5 | inventory = 1
[ 2024-08-05 10:30:18,680 ] 32 : Bought 9 shares at price 61,300 | Portfolio Value = 1,042,379.5 | Budget = 430,503.65 | inventory = 2
[ 2024-08-05 10:30:19,658 ] 33 : Bought 3 shares at price 60,200 | Portfolio Value = 1,043,503.65 | Budget = 249,813.35 | inventory = 3
[ 2024-08-05 10:30:20,533 ] 34 : Bought 4 shares at price 60,300 | Portfolio Value = 1,032,413.35 | Budget = 8,492.75 | inventory = 4
[ 2024-08-05 10:30:22,638 ] 36 : Sold 1 shares at price 62,300 | Profit = 3,300 | Portfolio Value = 1,047,192.75 | Budget = 70,761.6 | inventory = 3
[ 2024-08-05 10:30:23,699 ] 37 : Bought 1 shares at price 63,000 | Portfolio Value = 1,067,561.6 | Budget = 7,730.1 | inventory = 4
[ 2024-08-05 10:30:27,133 ] 41 : Sold 9 shares at price 63,200 | Profit = 17,100 | Portfolio Value = 1,073,630.1 | Budget = 576,245.7 | inventory = 3
[ 2024-08-05 10:30:27,927 ] 42 : Bought 3 shares at price 64,000 | Portfolio Value = 1,081,845.7 | Budget = 384,149.7 | inventory = 4
[ 2024-08-05 10:30:28,765 ] 43 : Sold 3 shares at price 63,100 | Profit = 8,700 | Portfolio Value = 1,088,149.7 | Budget = 573,355.05 | inventory = 3
[ 2024-08-05 10:30:29,543 ] 44 : Bought 9 shares at price 63,600 | Portfolio Value = 1,078,155.05 | Budget = 668.85 | inventory = 4
[ 2024-08-05 10:30:30,368 ] 45 : Sold 4 shares at price 63,900 | Profit = 14,400 | Portfolio Value = 1,081,868.85 | Budget = 256,141.05 | inventory = 3
[ 2024-08-05 10:30:32,048 ] 47 : Bought 2 shares at price 65,000 | Portfolio Value = 1,066,041.05 | Budget = 126,076.05 | inventory = 4
[ 2024-08-05 10:30:32,892 ] 48 : Sold 1 shares at price 65,700 | Profit = 2,700 | Portfolio Value = 1,101,076.05 | Budget = 191,743.2 | inventory = 3
[ 2024-08-05 10:30:33,722 ] 49 : Sold 3 shares at price 65,900 | Profit = 5,700 | Portfolio Value = 1,111,543.2 | Budget = 389,344.35 | inventory = 2
[ 2024-08-05 10:30:35,427 ] 51 : Bought 5 shares at price 66,100 | Portfolio Value = 1,115,344.35 | Budget = 58,679.1 | inventory = 3
[ 2024-08-05 10:30:39,775 ] 56 : Sold 9 shares at price 65,300 | Profit = 15,300 | Portfolio Value = 1,106,679.1 | Budget = 646,085.25 | inventory = 2
[ 2024-08-05 10:30:41,557 ] 58 : Sold 2 shares at price 65,200 | Profit = 400 | Portfolio Value = 1,105,985.25 | Budget = 776,420.05 | inventory = 1
[ 2024-08-05 10:30:42,397 ] 59 : Bought 7 shares at price 63,600 | Portfolio Value = 1,102,420.05 | Budget = 330,997.45 | inventory = 2
[ 2024-08-05 10:30:43,233 ] 60 : Sold 5 shares at price 64,100 | Profit = -10,000 | Portfolio Value = 1,094,197.45 | Budget = 651,337.2 | inventory = 1
[ 2024-08-05 10:30:45,057 ] 62 : Bought 8 shares at price 65,500 | Portfolio Value = 1,103,537.2 | Budget = 127,075.2 | inventory = 2
[ 2024-08-05 10:30:46,035 ] 63 : Bought 1 shares at price 65,700 | Portfolio Value = 1,109,575.2 | Budget = 61,342.35 | inventory = 3
[ 2024-08-05 10:30:52,078 ] 69 : Sold 7 shares at price 64,200 | Profit = 4,200 | Portfolio Value = 1,094,942.35 | Budget = 510,517.65 | inventory = 2
[ 2024-08-05 10:30:53,792 ] 71 : Bought 2 shares at price 64,500 | Portfolio Value = 1,087,417.65 | Budget = 381,453.15 | inventory = 3
[ 2024-08-05 10:30:55,469 ] 73 : Bought 3 shares at price 65,000 | Portfolio Value = 1,100,853.15 | Budget = 186,355.65 | inventory = 4
[ 2024-08-05 10:30:56,276 ] 74 : Bought 2 shares at price 66,200 | Portfolio Value = 1,096,355.65 | Budget = 53,889.45 | inventory = 5
[ 2024-08-05 10:30:57,954 ] 76 : Sold 8 shares at price 68,500 | Profit = 24,000 | Portfolio Value = 1,148,289.45 | Budget = 601,615.45 | inventory = 4
[ 2024-08-05 10:31:03,009 ] 82 : Bought 3 shares at price 71,400 | Portfolio Value = 1,180,015.45 | Budget = 387,308.35 | inventory = 5
[ 2024-08-05 10:31:03,833 ] 83 : Sold 1 shares at price 70,900 | Profit = 5,200 | Portfolio Value = 1,172,708.35 | Budget = 458,172.9 | inventory = 4
[ 2024-08-05 10:31:04,709 ] 84 : Sold 2 shares at price 72,200 | Profit = 15,400 | Portfolio Value = 1,167,172.9 | Budget = 602,500.7 | inventory = 3
[ 2024-08-05 10:31:05,521 ] 85 : Bought 4 shares at price 71,700 | Portfolio Value = 1,180,100.7 | Budget = 315,557.3 | inventory = 4
[ 2024-08-05 10:31:07,259 ] 87 : Sold 3 shares at price 70,900 | Profit = 17,700 | Portfolio Value = 1,167,557.3 | Budget = 528,150.95 | inventory = 3
[ 2024-08-05 10:31:08,084 ] 88 : Bought 5 shares at price 72,000 | Portfolio Value = 1,166,250.95 | Budget = 167,970.95 | inventory = 4
[ 2024-08-05 10:31:08,971 ] 89 : Bought 2 shares at price 71,000 | Portfolio Value = 1,175,970.95 | Budget = 25,899.95 | inventory = 5
[ 2024-08-05 10:31:14,804 ] 96 : Sold 2 shares at price 70,500 | Profit = 8,600 | Portfolio Value = 1,168,299.95 | Budget = 166,829.45 | inventory = 4
[ 2024-08-05 10:31:16,500 ] 98 : Bought 1 shares at price 71,600 | Portfolio Value = 1,165,029.45 | Budget = 95,193.65 | inventory = 5
[ 2024-08-05 10:31:17,338 ] 99 : Bought 1 shares at price 72,400 | Portfolio Value = 1,169,193.65 | Budget = 22,757.45 | inventory = 6
[ 2024-08-05 10:31:18,167 ] 100 : Sold 3 shares at price 72,600 | Profit = 3,600 | Portfolio Value = 1,181,157.45 | Budget = 240,448.55 | inventory = 5
[ 2024-08-05 10:31:18,994 ] 101 : Bought 1 shares at price 72,700 | Portfolio Value = 1,184,248.55 | Budget = 167,712.2 | inventory = 6
[ 2024-08-05 10:31:19,753 ] 102 : Bought 1 shares at price 72,400 | Portfolio Value = 1,185,512.2 | Budget = 95,276.0 | inventory = 7
[ 2024-08-05 10:31:20,599 ] 103 : Sold 4 shares at price 72,200 | Profit = 2,000 | Portfolio Value = 1,181,276.0 | Budget = 383,931.6 | inventory = 6
[ 2024-08-05 10:31:21,450 ] 104 : Bought 3 shares at price 73,000 | Portfolio Value = 1,178,131.6 | Budget = 164,822.1 | inventory = 7
[ 2024-08-05 10:31:23,119 ] 106 : Bought 2 shares at price 72,000 | Portfolio Value = 1,186,822.1 | Budget = 20,750.1 | inventory = 8
[ 2024-08-05 10:31:27,241 ] 111 : Sold 5 shares at price 71,900 | Profit = -500 | Portfolio Value = 1,164,750.1 | Budget = 380,070.35 | inventory = 7
[ 2024-08-05 10:31:28,039 ] 112 : Sold 2 shares at price 71,900 | Profit = 1,800 | Portfolio Value = 1,170,970.35 | Budget = 523,798.45 | inventory = 6
[ 2024-08-05 10:31:29,673 ] 114 : Bought 1 shares at price 73,300 | Portfolio Value = 1,184,398.45 | Budget = 450,461.8 | inventory = 7
[ 2024-08-05 10:31:30,535 ] 115 : Bought 4 shares at price 72,000 | Portfolio Value = 1,183,461.8 | Budget = 162,317.8 | inventory = 8
[ 2024-08-05 10:31:31,454 ] 116 : Sold 1 shares at price 71,700 | Profit = 100 | Portfolio Value = 1,170,317.8 | Budget = 233,981.95 | inventory = 7
[ 2024-08-05 10:31:32,282 ] 117 : Sold 1 shares at price 71,000 | Profit = -1,400 | Portfolio Value = 1,166,081.95 | Budget = 304,946.45 | inventory = 6
[ 2024-08-05 10:31:35,652 ] 121 : Bought 2 shares at price 69,800 | Portfolio Value = 1,144,946.45 | Budget = 165,276.65 | inventory = 7
[ 2024-08-05 10:31:36,506 ] 122 : Sold 1 shares at price 71,700 | Profit = -1,000 | Portfolio Value = 1,142,476.65 | Budget = 236,940.8 | inventory = 6
[ 2024-08-05 10:31:37,295 ] 123 : Bought 1 shares at price 70,600 | Portfolio Value = 1,169,040.8 | Budget = 166,305.5 | inventory = 7
[ 2024-08-05 10:31:39,004 ] 125 : Bought 2 shares at price 71,100 | Portfolio Value = 1,143,505.5 | Budget = 24,034.4 | inventory = 8
[ 2024-08-05 10:31:42,316 ] 129 : Sold 1 shares at price 68,500 | Profit = -3,900 | Portfolio Value = 1,116,834.4 | Budget = 92,500.15 | inventory = 7
[ 2024-08-05 10:31:44,839 ] 132 : Sold 3 shares at price 68,000 | Profit = -15,000 | Portfolio Value = 1,126,000.15 | Budget = 296,398.15 | inventory = 6
[ 2024-08-05 10:31:46,493 ] 134 : Sold 2 shares at price 67,300 | Profit = -9,400 | Portfolio Value = 1,106,398.15 | Budget = 430,930.85 | inventory = 5
[ 2024-08-05 10:31:48,093 ] 136 : Sold 1 shares at price 66,700 | Profit = -6,600 | Portfolio Value = 1,100,930.85 | Budget = 497,597.5 | inventory = 4
[ 2024-08-05 10:31:49,146 ] 137 : Bought 2 shares at price 66,300 | Portfolio Value = 1,097,897.5 | Budget = 364,931.2 | inventory = 5
[ 2024-08-05 10:31:50,049 ] 138 : Sold 4 shares at price 66,600 | Profit = -21,600 | Portfolio Value = 1,094,231.2 | Budget = 631,198.0 | inventory = 4
[ 2024-08-05 10:31:51,831 ] 140 : Bought 7 shares at price 67,100 | Portfolio Value = 1,097,398.0 | Budget = 161,263.15 | inventory = 5
[ 2024-08-05 10:31:53,513 ] 142 : Sold 2 shares at price 67,100 | Profit = -5,400 | Portfolio Value = 1,116,063.15 | Budget = 295,396.05 | inventory = 4
[ 2024-08-05 10:31:55,870 ] 145 : Bought 1 shares at price 67,100 | Portfolio Value = 1,096,996.05 | Budget = 228,262.5 | inventory = 5
[ 2024-08-05 10:31:56,677 ] 146 : Sold 1 shares at price 66,900 | Profit = -3,700 | Portfolio Value = 1,100,562.5 | Budget = 295,129.05 | inventory = 4
[ 2024-08-05 10:31:57,528 ] 147 : Bought 2 shares at price 71,000 | Portfolio Value = 1,097,929.05 | Budget = 153,058.05 | inventory = 5
[ 2024-08-05 10:31:58,376 ] 148 : Bought 1 shares at price 71,200 | Portfolio Value = 1,147,058.05 | Budget = 81,822.45 | inventory = 6
[ 2024-08-05 10:32:01,552 ] 152 : Sold 2 shares at price 70,300 | Profit = -1,600 | Portfolio Value = 1,137,822.45 | Budget = 222,352.15 | inventory = 5
[ 2024-08-05 10:32:02,401 ] 153 : Sold 2 shares at price 70,800 | Profit = 9,000 | Portfolio Value = 1,136,252.15 | Budget = 363,881.35 | inventory = 4
[ 2024-08-05 10:32:03,208 ] 154 : Sold 7 shares at price 70,500 | Profit = 23,800 | Portfolio Value = 1,142,681.35 | Budget = 857,134.6 | inventory = 3
[ 2024-08-05 10:32:04,833 ] 156 : Bought 8 shares at price 71,700 | Portfolio Value = 1,140,734.6 | Budget = 283,247.8 | inventory = 4
[ 2024-08-05 10:32:07,212 ] 159 : Bought 1 shares at price 69,800 | Portfolio Value = 1,125,647.8 | Budget = 213,412.9 | inventory = 5
[ 2024-08-05 10:32:08,005 ] 160 : Bought 1 shares at price 69,600 | Portfolio Value = 1,120,812.9 | Budget = 143,778.1 | inventory = 6
[ 2024-08-05 10:32:08,851 ] 161 : Sold 1 shares at price 68,900 | Profit = 1,800 | Portfolio Value = 1,118,178.1 | Budget = 212,643.65 | inventory = 5
[ 2024-08-05 10:32:09,625 ] 162 : Bought 2 shares at price 68,800 | Portfolio Value = 1,108,343.65 | Budget = 74,974.85 | inventory = 6
[ 2024-08-05 10:32:10,453 ] 163 : Bought 1 shares at price 69,400 | Portfolio Value = 1,106,974.85 | Budget = 5,540.15 | inventory = 7
[ 2024-08-05 10:32:12,055 ] 165 : Sold 2 shares at price 68,400 | Profit = -5,200 | Portfolio Value = 1,103,140.15 | Budget = 142,271.75 | inventory = 6
[ 2024-08-05 10:32:14,494 ] 168 : Bought 2 shares at price 66,000 | Portfolio Value = 1,076,071.75 | Budget = 10,205.75 | inventory = 7
[ 2024-08-05 10:32:20,921 ] 176 : Sold 1 shares at price 69,500 | Profit = -1,700 | Portfolio Value = 1,138,205.75 | Budget = 79,671.0 | inventory = 6
[ 2024-08-05 10:32:21,698 ] 177 : Bought 1 shares at price 68,800 | Portfolio Value = 1,122,171.0 | Budget = 10,836.6 | inventory = 7
[ 2024-08-05 10:32:25,725 ] 182 : Sold 8 shares at price 67,300 | Profit = -35,200 | Portfolio Value = 1,078,036.6 | Budget = 548,967.4 | inventory = 6
[ 2024-08-05 10:32:26,550 ] 183 : Sold 1 shares at price 67,300 | Profit = -2,500 | Portfolio Value = 1,087,367.4 | Budget = 616,233.75 | inventory = 5
[ 2024-08-05 10:32:28,105 ] 185 : Bought 5 shares at price 68,600 | Portfolio Value = 1,084,533.75 | Budget = 273,062.25 | inventory = 6
[ 2024-08-05 10:32:28,898 ] 186 : Sold 1 shares at price 69,700 | Profit = 100 | Portfolio Value = 1,096,262.25 | Budget = 342,727.4 | inventory = 5
[ 2024-08-05 10:32:30,291 ] 187 : Sold 2 shares at price 69,600 | Profit = 1,600 | Portfolio Value = 1,109,427.4 | Budget = 481,857.8 | inventory = 4
[ 2024-08-05 10:32:31,097 ] 188 : Bought 4 shares at price 70,900 | Portfolio Value = 1,108,257.8 | Budget = 198,116.0 | inventory = 5
[ 2024-08-05 10:32:31,884 ] 189 : Sold 1 shares at price 70,900 | Profit = 1,500 | Portfolio Value = 1,119,816.0 | Budget = 268,980.55 | inventory = 4
[ 2024-08-05 10:32:32,666 ] 190 : Bought 2 shares at price 69,900 | Portfolio Value = 1,119,780.55 | Budget = 129,110.65 | inventory = 5
[ 2024-08-05 10:32:33,439 ] 191 : Sold 2 shares at price 70,300 | Profit = 8,600 | Portfolio Value = 1,107,710.65 | Budget = 269,640.35 | inventory = 4
[ 2024-08-05 10:32:34,251 ] 192 : Bought 3 shares at price 70,500 | Portfolio Value = 1,113,240.35 | Budget = 58,034.6 | inventory = 5
[ 2024-08-05 10:32:35,073 ] 193 : Sold 1 shares at price 70,400 | Profit = 1,600 | Portfolio Value = 1,115,534.6 | Budget = 128,399.4 | inventory = 4
[ 2024-08-05 10:32:35,874 ] 194 : Bought 1 shares at price 70,800 | Portfolio Value = 1,113,999.4 | Budget = 57,564.0 | inventory = 5
[ 2024-08-05 10:32:36,683 ] 195 : Sold 5 shares at price 72,200 | Profit = 18,000 | Portfolio Value = 1,119,564.0 | Budget = 418,383.5 | inventory = 4
[ 2024-08-05 10:32:38,532 ] 197 : Bought 2 shares at price 72,500 | Portfolio Value = 1,146,383.5 | Budget = 273,311.0 | inventory = 5
[ 2024-08-05 10:32:39,352 ] 198 : Sold 4 shares at price 72,700 | Profit = 7,200 | Portfolio Value = 1,143,311.0 | Budget = 563,965.6 | inventory = 4
[ 2024-08-05 10:32:40,217 ] 199 : Bought 2 shares at price 72,800 | Portfolio Value = 1,145,565.6 | Budget = 418,292.8 | inventory = 5
[ 2024-08-05 10:32:41,096 ] 200 : Sold 2 shares at price 72,800 | Profit = 5,800 | Portfolio Value = 1,146,292.8 | Budget = 563,820.0 | inventory = 4
[ 2024-08-05 10:32:42,681 ] 202 : Sold 3 shares at price 71,700 | Profit = 3,600 | Portfolio Value = 1,143,020.0 | Budget = 778,812.45 | inventory = 3
[ 2024-08-05 10:32:43,502 ] 203 : Bought 3 shares at price 71,300 | Portfolio Value = 1,137,312.45 | Budget = 564,805.5 | inventory = 4
[ 2024-08-05 10:32:46,225 ] 206 : Bought 7 shares at price 72,800 | Portfolio Value = 1,146,405.5 | Budget = 54,950.7 | inventory = 5
[ 2024-08-05 10:32:49,273 ] 209 : Sold 1 shares at price 71,200 | Profit = 400 | Portfolio Value = 1,143,950.7 | Budget = 126,115.1 | inventory = 4
[ 2024-08-05 10:32:50,251 ] 210 : Sold 2 shares at price 71,700 | Profit = -1,600 | Portfolio Value = 1,122,915.1 | Budget = 269,443.4 | inventory = 3
[ 2024-08-05 10:32:51,664 ] 211 : Sold 2 shares at price 71,500 | Profit = -2,600 | Portfolio Value = 1,129,843.4 | Budget = 412,371.9 | inventory = 2
[ 2024-08-05 10:32:52,610 ] 212 : Bought 5 shares at price 72,600 | Portfolio Value = 1,127,371.9 | Budget = 49,190.4 | inventory = 3
[ 2024-08-05 10:32:54,423 ] 214 : Sold 3 shares at price 73,500 | Profit = 6,600 | Portfolio Value = 1,144,190.4 | Budget = 269,580.15 | inventory = 2
[ 2024-08-05 10:32:57,257 ] 217 : Sold 7 shares at price 73,300 | Profit = 3,500 | Portfolio Value = 1,146,780.15 | Budget = 782,423.6 | inventory = 1
[ 2024-08-05 10:32:59,715 ] 220 : Bought 6 shares at price 74,800 | Portfolio Value = 1,149,423.6 | Budget = 333,399.2 | inventory = 2
[ 2024-08-05 10:33:00,524 ] 221 : Sold 5 shares at price 75,000 | Profit = 12,000 | Portfolio Value = 1,156,199.2 | Budget = 708,211.7 | inventory = 1
[ 2024-08-05 10:33:01,297 ] 222 : Sold 6 shares at price 75,900 | Profit = 6,600 | Portfolio Value = 1,158,211.7 | Budget = 1,163,384.0 | inventory = 0
[ 2024-08-05 10:33:02,117 ] 223 : Bought 14 shares at price 76,600 | Portfolio Value = 1,163,384.0 | Budget = 90,447.8 | inventory = 1
[ 2024-08-05 10:33:02,964 ] 224 : Bought 1 shares at price 78,000 | Portfolio Value = 1,162,847.8 | Budget = 12,408.8 | inventory = 2
[ 2024-08-05 10:33:03,737 ] 225 : Sold 14 shares at price 78,500 | Profit = 26,600 | Portfolio Value = 1,182,408.8 | Budget = 1,110,859.3 | inventory = 1
[ 2024-08-05 10:33:04,547 ] Episode: 10, Total Reward: -472,476.6112880799, Total Profit: 205,600, Profit Rate: 20.56%
[ 2024-08-05 10:33:04,548 ] ----------------------------------------------------------------------------------------------------
[ 2024-08-05 10:33:04,548 ] Starting Episode 11
[ 2024-08-05 10:33:09,463 ] 6 : Bought 11 shares at price 63,100 | Portfolio Value = 1,000,000.0 | Budget = 305,552.95 | inventory = 1
[ 2024-08-05 10:33:10,783 ] 7 : Sold 11 shares at price 63,000 | Profit = -1,100 | Portfolio Value = 999,652.95 | Budget = 998,206.45 | inventory = 0
[ 2024-08-05 10:33:12,313 ] 9 : Bought 3 shares at price 62,900 | Portfolio Value = 998,206.45 | Budget = 809,412.1 | inventory = 1
[ 2024-08-05 10:33:13,910 ] 11 : Sold 3 shares at price 62,200 | Profit = -2,100 | Portfolio Value = 999,012.1 | Budget = 995,918.8 | inventory = 0
[ 2024-08-05 10:33:15,543 ] 13 : Bought 11 shares at price 62,600 | Portfolio Value = 995,918.8 | Budget = 306,974.5 | inventory = 1
[ 2024-08-05 10:33:16,350 ] 14 : Bought 4 shares at price 62,700 | Portfolio Value = 995,574.5 | Budget = 56,049.1 | inventory = 2
[ 2024-08-05 10:33:19,532 ] 18 : Sold 11 shares at price 61,300 | Profit = -14,300 | Portfolio Value = 986,049.1 | Budget = 730,011.95 | inventory = 1
[ 2024-08-05 10:33:21,159 ] 20 : Bought 2 shares at price 60,600 | Portfolio Value = 972,011.95 | Budget = 608,751.35 | inventory = 2
[ 2024-08-05 10:33:22,804 ] 22 : Bought 4 shares at price 60,500 | Portfolio Value = 973,551.35 | Budget = 366,630.35 | inventory = 3
[ 2024-08-05 10:33:23,583 ] 23 : Sold 4 shares at price 61,500 | Profit = -4,800 | Portfolio Value = 971,630.35 | Budget = 612,507.35 | inventory = 2
[ 2024-08-05 10:33:24,496 ] 24 : Bought 10 shares at price 60,700 | Portfolio Value = 981,507.35 | Budget = 5,203.85 | inventory = 3
[ 2024-08-05 10:33:26,996 ] 27 : Sold 2 shares at price 59,500 | Profit = -2,200 | Portfolio Value = 966,803.85 | Budget = 124,144.35 | inventory = 2
[ 2024-08-05 10:33:27,758 ] 28 : Bought 2 shares at price 60,000 | Portfolio Value = 957,144.35 | Budget = 4,084.35 | inventory = 3
[ 2024-08-05 10:33:29,383 ] 30 : Sold 4 shares at price 59,800 | Profit = -2,800 | Portfolio Value = 948,084.35 | Budget = 243,164.75 | inventory = 2
[ 2024-08-05 10:33:30,169 ] 31 : Bought 2 shares at price 59,900 | Portfolio Value = 960,764.75 | Budget = 123,304.85 | inventory = 3
[ 2024-08-05 10:33:31,012 ] 32 : Bought 2 shares at price 61,300 | Portfolio Value = 961,904.85 | Budget = 643.55 | inventory = 4
[ 2024-08-05 10:33:36,683 ] 39 : Sold 10 shares at price 62,900 | Profit = 22,000 | Portfolio Value = 994,243.55 | Budget = 629,329.05 | inventory = 3
[ 2024-08-05 10:33:37,493 ] 40 : Sold 2 shares at price 62,700 | Profit = 5,400 | Portfolio Value = 1,006,729.05 | Budget = 754,666.35 | inventory = 2
[ 2024-08-05 10:33:38,313 ] 41 : Bought 2 shares at price 63,200 | Portfolio Value = 1,005,466.35 | Budget = 628,203.15 | inventory = 3
[ 2024-08-05 10:33:39,177 ] 42 : Bought 5 shares at price 64,000 | Portfolio Value = 1,007,403.15 | Budget = 308,043.15 | inventory = 4
[ 2024-08-05 10:33:39,965 ] 43 : Sold 2 shares at price 63,100 | Profit = 6,400 | Portfolio Value = 1,012,043.15 | Budget = 434,180.05 | inventory = 3
[ 2024-08-05 10:33:41,643 ] 45 : Bought 3 shares at price 63,900 | Portfolio Value = 1,006,580.05 | Budget = 242,384.2 | inventory = 4
[ 2024-08-05 10:33:43,292 ] 47 : Sold 2 shares at price 65,000 | Profit = 7,400 | Portfolio Value = 989,984.2 | Budget = 372,319.2 | inventory = 3
[ 2024-08-05 10:33:44,109 ] 48 : Sold 2 shares at price 65,700 | Profit = 5,000 | Portfolio Value = 1,022,319.2 | Budget = 503,653.5 | inventory = 2
[ 2024-08-05 10:33:45,736 ] 50 : Sold 5 shares at price 66,000 | Profit = 10,000 | Portfolio Value = 1,030,853.5 | Budget = 833,488.5 | inventory = 1
[ 2024-08-05 10:33:46,563 ] 51 : Sold 3 shares at price 66,100 | Profit = 6,600 | Portfolio Value = 1,031,488.5 | Budget = 1,031,689.35 | inventory = 0
[ 2024-08-05 10:33:47,392 ] 52 : Bought 15 shares at price 65,100 | Portfolio Value = 1,031,689.35 | Budget = 54,701.1 | inventory = 1
[ 2024-08-05 10:33:54,146 ] 60 : Sold 15 shares at price 64,100 | Profit = -15,000 | Portfolio Value = 1,008,701.1 | Budget = 1,015,720.35 | inventory = 0
[ 2024-08-05 10:33:54,989 ] 61 : Bought 5 shares at price 64,600 | Portfolio Value = 1,015,720.35 | Budget = 692,558.85 | inventory = 1
[ 2024-08-05 10:33:55,843 ] 62 : Sold 5 shares at price 65,500 | Profit = 4,500 | Portfolio Value = 1,015,558.85 | Budget = 1,019,895.1 | inventory = 0
[ 2024-08-05 10:33:58,361 ] 65 : Bought 10 shares at price 65,100 | Portfolio Value = 1,019,895.1 | Budget = 368,569.6 | inventory = 1
[ 2024-08-05 10:34:01,696 ] 69 : Sold 10 shares at price 64,200 | Profit = -9,000 | Portfolio Value = 1,014,569.6 | Budget = 1,010,248.6 | inventory = 0
[ 2024-08-05 10:34:08,761 ] 77 : Bought 2 shares at price 68,400 | Portfolio Value = 1,010,248.6 | Budget = 873,380.2 | inventory = 1
[ 2024-08-05 10:34:09,568 ] 78 : Bought 5 shares at price 68,500 | Portfolio Value = 1,010,180.2 | Budget = 530,708.95 | inventory = 2
[ 2024-08-05 10:34:10,367 ] 79 : Bought 6 shares at price 68,800 | Portfolio Value = 1,010,208.95 | Budget = 117,702.55 | inventory = 3
[ 2024-08-05 10:34:12,034 ] 81 : Sold 2 shares at price 72,300 | Profit = 7,800 | Portfolio Value = 1,031,602.55 | Budget = 262,230.25 | inventory = 2
[ 2024-08-05 10:34:14,525 ] 84 : Sold 5 shares at price 72,200 | Profit = 18,500 | Portfolio Value = 1,042,130.25 | Budget = 623,049.75 | inventory = 1
[ 2024-08-05 10:34:15,365 ] 85 : Bought 8 shares at price 71,700 | Portfolio Value = 1,056,249.75 | Budget = 49,162.95 | inventory = 2
[ 2024-08-05 10:34:17,034 ] 87 : Sold 6 shares at price 70,900 | Profit = 12,600 | Portfolio Value = 1,043,162.95 | Budget = 474,350.25 | inventory = 1
[ 2024-08-05 10:34:19,491 ] 90 : Bought 3 shares at price 72,000 | Portfolio Value = 1,042,350.25 | Budget = 258,242.25 | inventory = 2
[ 2024-08-05 10:34:21,145 ] 92 : Sold 8 shares at price 71,500 | Profit = -1,600 | Portfolio Value = 1,049,142.25 | Budget = 829,956.25 | inventory = 1
[ 2024-08-05 10:34:21,937 ] 93 : Sold 3 shares at price 71,800 | Profit = -600 | Portfolio Value = 1,044,456.25 | Budget = 1,045,248.55 | inventory = 0
[ 2024-08-05 10:34:22,795 ] 94 : Bought 6 shares at price 71,200 | Portfolio Value = 1,045,248.55 | Budget = 617,834.95 | inventory = 1
[ 2024-08-05 10:34:26,953 ] 99 : Bought 3 shares at price 72,400 | Portfolio Value = 1,047,434.95 | Budget = 400,526.35 | inventory = 2
[ 2024-08-05 10:34:28,607 ] 101 : Bought 3 shares at price 72,700 | Portfolio Value = 1,053,926.35 | Budget = 182,317.3 | inventory = 3
[ 2024-08-05 10:34:29,431 ] 102 : Sold 6 shares at price 72,400 | Profit = 7,200 | Portfolio Value = 1,054,717.3 | Budget = 616,500.1 | inventory = 2
[ 2024-08-05 10:34:30,200 ] 103 : Sold 3 shares at price 72,200 | Profit = -600 | Portfolio Value = 1,050,900.1 | Budget = 832,991.8 | inventory = 1
[ 2024-08-05 10:34:31,852 ] 105 : Bought 3 shares at price 73,000 | Portfolio Value = 1,051,991.8 | Budget = 613,882.3 | inventory = 2
[ 2024-08-05 10:34:32,640 ] 106 : Bought 6 shares at price 72,000 | Portfolio Value = 1,051,882.3 | Budget = 181,666.3 | inventory = 3
[ 2024-08-05 10:34:33,435 ] 107 : Bought 1 shares at price 71,600 | Portfolio Value = 1,045,666.3 | Budget = 110,030.5 | inventory = 4
[ 2024-08-05 10:34:35,084 ] 109 : Bought 1 shares at price 69,500 | Portfolio Value = 1,018,730.5 | Budget = 40,495.75 | inventory = 5
[ 2024-08-05 10:34:40,055 ] 115 : Sold 3 shares at price 72,000 | Profit = -2,100 | Portfolio Value = 1,066,695.75 | Budget = 256,387.75 | inventory = 4
[ 2024-08-05 10:34:40,933 ] 116 : Sold 3 shares at price 71,700 | Profit = -3,900 | Portfolio Value = 1,048,387.75 | Budget = 471,380.2 | inventory = 3
[ 2024-08-05 10:34:41,707 ] 117 : Sold 6 shares at price 71,000 | Profit = -6,000 | Portfolio Value = 1,044,980.2 | Budget = 897,167.2 | inventory = 2
[ 2024-08-05 10:34:42,568 ] 118 : Sold 1 shares at price 70,300 | Profit = -1,300 | Portfolio Value = 1,039,167.2 | Budget = 967,432.05 | inventory = 1
[ 2024-08-05 10:34:45,070 ] 121 : Sold 1 shares at price 69,800 | Profit = 300 | Portfolio Value = 1,037,432.05 | Budget = 1,037,197.15 | inventory = 0
[ 2024-08-05 10:34:45,877 ] 122 : Bought 8 shares at price 71,700 | Portfolio Value = 1,037,197.15 | Budget = 463,310.35 | inventory = 1
[ 2024-08-05 10:34:47,529 ] 124 : Bought 4 shares at price 69,800 | Portfolio Value = 1,028,110.35 | Budget = 183,970.75 | inventory = 2
[ 2024-08-05 10:34:49,195 ] 126 : Sold 8 shares at price 69,900 | Profit = -14,400 | Portfolio Value = 1,037,170.75 | Budget = 742,891.15 | inventory = 1
[ 2024-08-05 10:34:52,502 ] 130 : Sold 4 shares at price 67,600 | Profit = -8,800 | Portfolio Value = 1,016,891.15 | Budget = 1,013,155.95 | inventory = 0
[ 2024-08-05 10:34:54,166 ] 132 : Bought 11 shares at price 68,000 | Portfolio Value = 1,013,155.95 | Budget = 264,781.95 | inventory = 1
[ 2024-08-05 10:34:54,987 ] 133 : Sold 11 shares at price 67,500 | Profit = -5,500 | Portfolio Value = 1,012,781.95 | Budget = 1,006,910.7 | inventory = 0
[ 2024-08-05 10:34:57,504 ] 136 : Bought 3 shares at price 66,700 | Portfolio Value = 1,006,910.7 | Budget = 806,710.65 | inventory = 1
[ 2024-08-05 10:34:59,170 ] 138 : Sold 3 shares at price 66,600 | Profit = -300 | Portfolio Value = 1,005,610.65 | Budget = 1,006,410.75 | inventory = 0
[ 2024-08-05 10:34:59,983 ] 139 : Bought 13 shares at price 66,600 | Portfolio Value = 1,006,410.75 | Budget = 140,177.85 | inventory = 1
[ 2024-08-05 10:35:00,851 ] 140 : Bought 1 shares at price 67,100 | Portfolio Value = 1,005,977.85 | Budget = 73,044.3 | inventory = 2
[ 2024-08-05 10:35:01,663 ] 141 : Bought 1 shares at price 68,200 | Portfolio Value = 1,012,444.3 | Budget = 4,810.2 | inventory = 3
[ 2024-08-05 10:35:03,314 ] 143 : Sold 13 shares at price 66,800 | Profit = 2,600 | Portfolio Value = 1,011,310.2 | Budget = 872,776.0 | inventory = 2
[ 2024-08-05 10:35:04,104 ] 144 : Bought 11 shares at price 66,800 | Portfolio Value = 1,006,376.0 | Budget = 137,608.6 | inventory = 3
[ 2024-08-05 10:35:04,944 ] 145 : Sold 1 shares at price 67,100 | Profit = 0 | Portfolio Value = 1,006,008.6 | Budget = 204,675.05 | inventory = 2
[ 2024-08-05 10:35:06,605 ] 147 : Sold 1 shares at price 71,000 | Profit = 2,800 | Portfolio Value = 1,007,475.05 | Budget = 275,639.55 | inventory = 1
[ 2024-08-05 10:35:08,233 ] 149 : Sold 11 shares at price 70,700 | Profit = 42,900 | Portfolio Value = 1,058,839.55 | Budget = 1,052,950.7 | inventory = 0
[ 2024-08-05 10:35:09,415 ] 150 : Bought 2 shares at price 70,000 | Portfolio Value = 1,052,950.7 | Budget = 912,880.7 | inventory = 1
[ 2024-08-05 10:35:11,181 ] 152 : Bought 4 shares at price 70,300 | Portfolio Value = 1,053,680.7 | Budget = 631,540.1 | inventory = 2
[ 2024-08-05 10:35:11,981 ] 153 : Bought 7 shares at price 70,800 | Portfolio Value = 1,053,340.1 | Budget = 135,692.3 | inventory = 3
[ 2024-08-05 10:35:12,830 ] 154 : Bought 1 shares at price 70,500 | Portfolio Value = 1,056,092.3 | Budget = 65,157.05 | inventory = 4
[ 2024-08-05 10:35:16,924 ] 159 : Sold 2 shares at price 69,800 | Profit = -400 | Portfolio Value = 1,047,957.05 | Budget = 204,687.25 | inventory = 3
[ 2024-08-05 10:35:17,749 ] 160 : Sold 4 shares at price 69,600 | Profit = -2,800 | Portfolio Value = 1,042,287.25 | Budget = 482,948.05 | inventory = 2
[ 2024-08-05 10:35:18,579 ] 161 : Sold 7 shares at price 68,900 | Profit = -13,300 | Portfolio Value = 1,039,748.05 | Budget = 965,006.9 | inventory = 1
[ 2024-08-05 10:35:19,394 ] 162 : Bought 14 shares at price 68,800 | Portfolio Value = 1,033,906.9 | Budget = 1,325.3 | inventory = 2
[ 2024-08-05 10:35:24,318 ] 168 : Sold 1 shares at price 66,000 | Profit = -4,500 | Portfolio Value = 1,001,825.3 | Budget = 67,292.3 | inventory = 1
[ 2024-08-05 10:35:25,153 ] 169 : Bought 1 shares at price 66,400 | Portfolio Value = 991,292.3 | Budget = 859.1 | inventory = 2
[ 2024-08-05 10:35:28,406 ] 173 : Sold 14 shares at price 67,300 | Profit = -21,000 | Portfolio Value = 1,020,859.1 | Budget = 942,588.0 | inventory = 1
[ 2024-08-05 10:35:29,237 ] 174 : Sold 1 shares at price 69,400 | Profit = 3,000 | Portfolio Value = 1,009,888.0 | Budget = 1,011,953.3 | inventory = 0
[ 2024-08-05 10:35:30,902 ] 176 : Bought 2 shares at price 69,500 | Portfolio Value = 1,011,953.3 | Budget = 872,883.8 | inventory = 1
[ 2024-08-05 10:35:31,722 ] 177 : Bought 11 shares at price 68,800 | Portfolio Value = 1,011,883.8 | Budget = 115,705.4 | inventory = 2
[ 2024-08-05 10:35:37,540 ] 184 : Bought 1 shares at price 66,900 | Portfolio Value = 990,605.4 | Budget = 48,771.95 | inventory = 3
[ 2024-08-05 10:35:40,040 ] 187 : Sold 2 shares at price 69,600 | Profit = 200 | Portfolio Value = 1,024,571.95 | Budget = 187,902.35 | inventory = 2
[ 2024-08-05 10:35:40,918 ] 188 : Sold 11 shares at price 70,900 | Profit = 23,100 | Portfolio Value = 1,023,102.35 | Budget = 967,412.4 | inventory = 1
[ 2024-08-05 10:35:41,743 ] 189 : Bought 3 shares at price 70,900 | Portfolio Value = 1,038,312.4 | Budget = 754,606.05 | inventory = 2
[ 2024-08-05 10:35:42,573 ] 190 : Sold 1 shares at price 69,900 | Profit = 3,000 | Portfolio Value = 1,038,206.05 | Budget = 824,471.1 | inventory = 1
[ 2024-08-05 10:35:43,394 ] 191 : Bought 4 shares at price 70,300 | Portfolio Value = 1,034,171.1 | Budget = 543,130.5 | inventory = 2
[ 2024-08-05 10:35:45,849 ] 194 : Sold 3 shares at price 70,800 | Profit = -300 | Portfolio Value = 1,035,930.5 | Budget = 755,424.3 | inventory = 1
[ 2024-08-05 10:35:49,277 ] 198 : Sold 4 shares at price 72,700 | Profit = 9,600 | Portfolio Value = 1,045,424.3 | Budget = 1,046,078.9 | inventory = 0
[ 2024-08-05 10:35:50,983 ] 200 : Bought 5 shares at price 72,800 | Portfolio Value = 1,046,078.9 | Budget = 681,896.9 | inventory = 1
[ 2024-08-05 10:35:51,772 ] 201 : Bought 9 shares at price 72,400 | Portfolio Value = 1,045,896.9 | Budget = 29,971.1 | inventory = 2
[ 2024-08-05 10:35:53,475 ] 203 : Sold 5 shares at price 71,300 | Profit = -7,500 | Portfolio Value = 1,033,771.1 | Budget = 386,292.85 | inventory = 1
[ 2024-08-05 10:35:56,039 ] 206 : Bought 1 shares at price 72,800 | Portfolio Value = 1,040,592.85 | Budget = 313,456.45 | inventory = 2
[ 2024-08-05 10:35:57,713 ] 208 : Bought 4 shares at price 72,600 | Portfolio Value = 1,033,456.45 | Budget = 22,911.25 | inventory = 3
[ 2024-08-05 10:36:03,578 ] 215 : Sold 9 shares at price 72,800 | Profit = 3,600 | Portfolio Value = 1,051,911.25 | Budget = 677,783.65 | inventory = 2
[ 2024-08-05 10:36:05,181 ] 217 : Bought 9 shares at price 73,300 | Portfolio Value = 1,043,283.65 | Budget = 17,753.8 | inventory = 3
[ 2024-08-05 10:36:07,655 ] 220 : Sold 1 shares at price 74,800 | Profit = 2,000 | Portfolio Value = 1,045,353.8 | Budget = 92,516.4 | inventory = 2
[ 2024-08-05 10:36:08,542 ] 221 : Bought 1 shares at price 75,000 | Portfolio Value = 1,064,916.4 | Budget = 17,478.9 | inventory = 3
[ 2024-08-05 10:36:09,355 ] 222 : Sold 4 shares at price 75,900 | Profit = 13,200 | Portfolio Value = 1,067,478.9 | Budget = 320,927.1 | inventory = 2
[ 2024-08-05 10:36:10,184 ] 223 : Bought 4 shares at price 76,600 | Portfolio Value = 1,079,927.1 | Budget = 14,373.9 | inventory = 3
[ 2024-08-05 10:36:12,693 ] Early stopping at episode 11
[ 2024-08-05 10:36:12,776 ] -*-*-*-*-*-*-*-*-*-*-*-*-*-*-*-*-*-*-*-*-*-*-*-*-*-*-*-*-*-*-*-*-*-*-*-*-*-*-*-* Summary -*-*-*-*-*-*-*-*-*-*-*-*-*-*-*-*-*-*-*-*-*-*-*-*-*-*-*-*-*-*-*-*-*-*-*-*-*-*-*-*
[ 2024-08-05 10:36:12,776 ] Training completed. Best Average Reward: -140645.63863294915
[ 2024-08-05 10:36:12,776 ] Episode: 1, Total Reward: -140,645.63863294915, Total Profit: 108,200
[ 2024-08-05 10:36:12,776 ] Episode: 2, Total Reward: -243,538.68869867825, Total Profit: 112,100
[ 2024-08-05 10:36:12,776 ] Episode: 3, Total Reward: -212,149.09479338292, Total Profit: 84,700
[ 2024-08-05 10:36:12,776 ] Episode: 4, Total Reward: -295,711.3134661038, Total Profit: 100,400
[ 2024-08-05 10:36:12,776 ] Episode: 5, Total Reward: -159,418.08431034576, Total Profit: -7,400
[ 2024-08-05 10:36:12,776 ] Episode: 6, Total Reward: -247,214.2134273526, Total Profit: 41,600
[ 2024-08-05 10:36:12,776 ] Episode: 7, Total Reward: -394,459.72946497507, Total Profit: 147,800
[ 2024-08-05 10:36:12,776 ] Episode: 8, Total Reward: -266,339.80154715467, Total Profit: 67,300
[ 2024-08-05 10:36:12,776 ] Episode: 9, Total Reward: -254,617.31253118292, Total Profit: 108,700
[ 2024-08-05 10:36:12,777 ] Episode: 10, Total Reward: -472,476.6112880799, Total Profit: 205,600
[ 2024-08-05 10:36:12,777 ] Episode: 11, Total Reward: -197,519.54774431008, Total Profit: 73,500
