[ 2024-08-06 15:57:18,763 ] Starting Episode 1
[ 2024-08-06 15:57:19,060 ] 4 : Bought 13 shares at price 63,800 | Portfolio Value = 1,000,000.0 | Budget = 170,185.3 | inventory = 1
[ 2024-08-06 15:57:19,087 ] 5 : Sold 13 shares at price 61,600 | Profit = -28,600 | Portfolio Value = 999,585.3 | Budget = 970,584.9 | inventory = 0
[ 2024-08-06 15:57:19,108 ] 6 : Bought 8 shares at price 61,900 | Portfolio Value = 970,584.9 | Budget = 475,137.3 | inventory = 1
[ 2024-08-06 15:57:19,132 ] 7 : Bought 1 shares at price 63,100 | Portfolio Value = 970,337.3 | Budget = 412,005.75 | inventory = 2
[ 2024-08-06 15:57:19,157 ] 8 : Sold 8 shares at price 63,000 | Profit = 8,800 | Portfolio Value = 979,905.75 | Budget = 915,753.75 | inventory = 1
[ 2024-08-06 15:57:19,190 ] 9 : Bought 9 shares at price 62,800 | Portfolio Value = 978,753.75 | Budget = 350,271.15 | inventory = 2
[ 2024-08-06 15:57:19,219 ] 10 : Bought 2 shares at price 62,900 | Portfolio Value = 978,271.15 | Budget = 224,408.25 | inventory = 3
[ 2024-08-06 15:57:19,284 ] 12 : Sold 1 shares at price 62,200 | Profit = -900 | Portfolio Value = 982,808.25 | Budget = 286,577.15 | inventory = 2
[ 2024-08-06 15:57:19,301 ] 13 : Sold 9 shares at price 63,700 | Profit = 8,100 | Portfolio Value = 970,777.15 | Budget = 859,590.5 | inventory = 1
[ 2024-08-06 15:57:19,319 ] 14 : Bought 10 shares at price 62,600 | Portfolio Value = 986,990.5 | Budget = 233,277.5 | inventory = 2
[ 2024-08-06 15:57:19,374 ] 16 : Sold 2 shares at price 62,100 | Profit = -1,600 | Portfolio Value = 985,677.5 | Budget = 357,415.4 | inventory = 1
[ 2024-08-06 15:57:19,394 ] 17 : Sold 10 shares at price 61,100 | Profit = -15,000 | Portfolio Value = 978,415.4 | Budget = 968,109.9 | inventory = 0
[ 2024-08-06 15:57:19,449 ] 19 : Bought 11 shares at price 61,300 | Portfolio Value = 968,109.9 | Budget = 293,472.75 | inventory = 1
[ 2024-08-06 15:57:19,481 ] 20 : Bought 3 shares at price 60,500 | Portfolio Value = 967,772.75 | Budget = 111,882.0 | inventory = 2
[ 2024-08-06 15:57:19,510 ] 21 : Bought 1 shares at price 60,600 | Portfolio Value = 958,882.0 | Budget = 51,251.7 | inventory = 3
[ 2024-08-06 15:57:19,578 ] 23 : Sold 11 shares at price 60,500 | Profit = -8,800 | Portfolio Value = 963,251.7 | Budget = 716,418.95 | inventory = 2
[ 2024-08-06 15:57:19,606 ] 24 : Bought 7 shares at price 61,500 | Portfolio Value = 958,418.95 | Budget = 285,703.7 | inventory = 3
[ 2024-08-06 15:57:19,644 ] 25 : Bought 1 shares at price 60,700 | Portfolio Value = 962,203.7 | Budget = 224,973.35 | inventory = 4
[ 2024-08-06 15:57:19,682 ] 26 : Sold 3 shares at price 60,300 | Profit = -600 | Portfolio Value = 953,373.35 | Budget = 405,782.9 | inventory = 3
[ 2024-08-06 15:57:19,713 ] 28 : Bought 6 shares at price 59,500 | Portfolio Value = 946,682.9 | Budget = 48,604.4 | inventory = 4
[ 2024-08-06 15:57:19,728 ] 29 : Sold 1 shares at price 60,000 | Profit = -600 | Portfolio Value = 941,104.4 | Budget = 108,574.4 | inventory = 3
[ 2024-08-06 15:57:19,744 ] 30 : Bought 1 shares at price 59,000 | Portfolio Value = 948,574.4 | Budget = 49,544.9 | inventory = 4
[ 2024-08-06 15:57:19,758 ] 31 : Sold 7 shares at price 59,800 | Profit = -11,900 | Portfolio Value = 934,544.9 | Budget = 467,935.6 | inventory = 3
[ 2024-08-06 15:57:19,773 ] 32 : Bought 4 shares at price 59,900 | Portfolio Value = 946,335.6 | Budget = 228,215.8 | inventory = 4
[ 2024-08-06 15:57:19,789 ] 33 : Bought 3 shares at price 61,300 | Portfolio Value = 947,015.8 | Budget = 44,223.85 | inventory = 5
[ 2024-08-06 15:57:19,832 ] 34 : Sold 1 shares at price 60,200 | Profit = -500 | Portfolio Value = 963,723.85 | Budget = 104,393.75 | inventory = 4
[ 2024-08-06 15:57:19,871 ] 35 : Sold 6 shares at price 60,300 | Profit = 4,800 | Portfolio Value = 947,193.75 | Budget = 466,012.85 | inventory = 3
[ 2024-08-06 15:57:19,895 ] 36 : Sold 1 shares at price 61,100 | Profit = 2,100 | Portfolio Value = 948,412.85 | Budget = 527,082.3 | inventory = 2
[ 2024-08-06 15:57:19,911 ] 37 : Bought 6 shares at price 62,300 | Portfolio Value = 954,782.3 | Budget = 153,095.4 | inventory = 3
[ 2024-08-06 15:57:19,929 ] 38 : Bought 2 shares at price 63,000 | Portfolio Value = 962,995.4 | Budget = 27,032.4 | inventory = 4
[ 2024-08-06 15:57:19,944 ] 39 : Sold 4 shares at price 62,100 | Profit = 8,800 | Portfolio Value = 972,032.4 | Budget = 275,308.2 | inventory = 3
[ 2024-08-06 15:57:19,964 ] 40 : Sold 3 shares at price 62,900 | Profit = 4,800 | Portfolio Value = 958,408.2 | Budget = 463,913.85 | inventory = 2
[ 2024-08-06 15:57:20,004 ] 41 : Sold 6 shares at price 62,700 | Profit = 2,400 | Portfolio Value = 967,113.85 | Budget = 839,925.75 | inventory = 1
[ 2024-08-06 15:57:20,023 ] 42 : Sold 2 shares at price 63,200 | Profit = 400 | Portfolio Value = 965,325.75 | Budget = 966,262.55 | inventory = 0
[ 2024-08-06 15:57:20,037 ] 43 : Bought 12 shares at price 64,000 | Portfolio Value = 966,262.55 | Budget = 197,878.55 | inventory = 1
[ 2024-08-06 15:57:20,052 ] 44 : Sold 12 shares at price 63,100 | Profit = -10,800 | Portfolio Value = 965,878.55 | Budget = 954,699.95 | inventory = 0
[ 2024-08-06 15:57:20,067 ] 45 : Bought 5 shares at price 63,600 | Portfolio Value = 954,699.95 | Budget = 636,540.95 | inventory = 1
[ 2024-08-06 15:57:20,082 ] 46 : Sold 5 shares at price 63,900 | Profit = 1,500 | Portfolio Value = 954,540.95 | Budget = 955,881.2 | inventory = 0
[ 2024-08-06 15:57:20,096 ] 47 : Bought 13 shares at price 62,300 | Portfolio Value = 955,881.2 | Budget = 145,576.25 | inventory = 1
[ 2024-08-06 15:57:20,111 ] 48 : Bought 2 shares at price 65,000 | Portfolio Value = 955,476.25 | Budget = 15,511.25 | inventory = 2
[ 2024-08-06 15:57:20,167 ] 51 : Sold 13 shares at price 66,000 | Profit = 48,100 | Portfolio Value = 1,004,011.25 | Budget = 873,082.25 | inventory = 1
[ 2024-08-06 15:57:20,198 ] 52 : Bought 5 shares at price 66,100 | Portfolio Value = 1,005,082.25 | Budget = 542,417.0 | inventory = 2
[ 2024-08-06 15:57:20,233 ] 53 : Sold 2 shares at price 65,100 | Profit = 200 | Portfolio Value = 1,005,117.0 | Budget = 672,551.9 | inventory = 1
[ 2024-08-06 15:57:20,251 ] 54 : Bought 4 shares at price 65,300 | Portfolio Value = 998,051.9 | Budget = 411,221.3 | inventory = 2
[ 2024-08-06 15:57:20,279 ] 55 : Sold 5 shares at price 65,600 | Profit = -2,500 | Portfolio Value = 998,921.3 | Budget = 739,057.3 | inventory = 1
[ 2024-08-06 15:57:20,297 ] 56 : Sold 4 shares at price 65,500 | Profit = 800 | Portfolio Value = 1,001,457.3 | Budget = 1,000,926.3 | inventory = 0
[ 2024-08-06 15:57:20,314 ] 57 : Bought 14 shares at price 65,300 | Portfolio Value = 1,000,926.3 | Budget = 86,269.2 | inventory = 1
[ 2024-08-06 15:57:20,329 ] 58 : Sold 14 shares at price 65,700 | Profit = 5,600 | Portfolio Value = 1,000,469.2 | Budget = 1,005,609.3 | inventory = 0
[ 2024-08-06 15:57:20,345 ] 59 : Bought 4 shares at price 65,200 | Portfolio Value = 1,005,609.3 | Budget = 744,678.9 | inventory = 1
[ 2024-08-06 15:57:20,362 ] 60 : Sold 4 shares at price 63,600 | Profit = -6,400 | Portfolio Value = 1,005,478.9 | Budget = 998,951.7 | inventory = 0
[ 2024-08-06 15:57:20,378 ] 61 : Bought 10 shares at price 64,100 | Portfolio Value = 998,951.7 | Budget = 357,631.2 | inventory = 1
[ 2024-08-06 15:57:20,394 ] 62 : Bought 2 shares at price 64,600 | Portfolio Value = 998,631.2 | Budget = 228,366.6 | inventory = 2
[ 2024-08-06 15:57:20,410 ] 63 : Sold 10 shares at price 65,500 | Profit = 14,000 | Portfolio Value = 1,003,566.6 | Budget = 883,039.1 | inventory = 1
[ 2024-08-06 15:57:20,426 ] 64 : Sold 2 shares at price 65,700 | Profit = 2,200 | Portfolio Value = 1,014,039.1 | Budget = 1,014,373.4 | inventory = 0
[ 2024-08-06 15:57:20,443 ] 65 : Bought 15 shares at price 65,400 | Portfolio Value = 1,014,373.4 | Budget = 32,882.9 | inventory = 1
[ 2024-08-06 15:57:20,463 ] 66 : Sold 15 shares at price 65,100 | Profit = -4,500 | Portfolio Value = 1,013,882.9 | Budget = 1,008,894.65 | inventory = 0
[ 2024-08-06 15:57:20,503 ] 68 : Bought 3 shares at price 65,300 | Portfolio Value = 1,008,894.65 | Budget = 812,896.7 | inventory = 1
[ 2024-08-06 15:57:20,536 ] 70 : Sold 3 shares at price 64,200 | Profit = -3,300 | Portfolio Value = 1,006,696.7 | Budget = 1,005,400.4 | inventory = 0
[ 2024-08-06 15:57:20,555 ] 71 : Bought 12 shares at price 64,100 | Portfolio Value = 1,005,400.4 | Budget = 235,815.8 | inventory = 1
[ 2024-08-06 15:57:20,573 ] 72 : Bought 3 shares at price 64,500 | Portfolio Value = 1,005,015.8 | Budget = 42,219.05 | inventory = 2
[ 2024-08-06 15:57:20,612 ] 74 : Sold 12 shares at price 65,000 | Profit = 10,800 | Portfolio Value = 1,023,219.05 | Budget = 821,829.05 | inventory = 1
[ 2024-08-06 15:57:20,627 ] 75 : Sold 3 shares at price 66,200 | Profit = 5,100 | Portfolio Value = 1,016,829.05 | Budget = 1,020,329.75 | inventory = 0
[ 2024-08-06 15:57:20,685 ] 79 : Bought 11 shares at price 68,500 | Portfolio Value = 1,020,329.75 | Budget = 266,453.0 | inventory = 1
[ 2024-08-06 15:57:20,698 ] 80 : Bought 1 shares at price 68,800 | Portfolio Value = 1,019,953.0 | Budget = 197,618.6 | inventory = 2
[ 2024-08-06 15:57:20,713 ] 81 : Bought 2 shares at price 70,300 | Portfolio Value = 1,023,218.6 | Budget = 56,948.3 | inventory = 3
[ 2024-08-06 15:57:20,728 ] 82 : Sold 11 shares at price 72,300 | Profit = 41,800 | Portfolio Value = 1,041,148.3 | Budget = 851,850.65 | inventory = 2
[ 2024-08-06 15:57:20,772 ] 85 : Bought 7 shares at price 72,200 | Portfolio Value = 1,064,550.65 | Budget = 346,197.95 | inventory = 3
[ 2024-08-06 15:57:20,786 ] 86 : Bought 4 shares at price 71,700 | Portfolio Value = 1,068,197.95 | Budget = 59,254.55 | inventory = 4
[ 2024-08-06 15:57:20,801 ] 87 : Sold 1 shares at price 71,000 | Profit = 2,200 | Portfolio Value = 1,063,054.55 | Budget = 130,219.05 | inventory = 3
[ 2024-08-06 15:57:20,816 ] 88 : Sold 2 shares at price 70,900 | Profit = 1,200 | Portfolio Value = 1,053,219.05 | Budget = 271,948.15 | inventory = 2
[ 2024-08-06 15:57:20,830 ] 89 : Sold 7 shares at price 72,000 | Profit = -1,400 | Portfolio Value = 1,051,848.15 | Budget = 775,696.15 | inventory = 1
[ 2024-08-06 15:57:20,843 ] 90 : Sold 4 shares at price 71,000 | Profit = -2,800 | Portfolio Value = 1,063,696.15 | Budget = 1,059,554.15 | inventory = 0
[ 2024-08-06 15:57:20,856 ] 91 : Bought 12 shares at price 72,000 | Portfolio Value = 1,059,554.15 | Budget = 195,122.15 | inventory = 1
[ 2024-08-06 15:57:20,871 ] 92 : Sold 12 shares at price 71,900 | Profit = -1,200 | Portfolio Value = 1,059,122.15 | Budget = 1,057,490.75 | inventory = 0
[ 2024-08-06 15:57:20,885 ] 93 : Bought 13 shares at price 71,500 | Portfolio Value = 1,057,490.75 | Budget = 127,526.0 | inventory = 1
[ 2024-08-06 15:57:20,899 ] 94 : Bought 1 shares at price 71,800 | Portfolio Value = 1,057,026.0 | Budget = 55,690.1 | inventory = 2
[ 2024-08-06 15:57:21,031 ] 104 : Sold 13 shares at price 72,200 | Profit = 9,100 | Portfolio Value = 1,069,290.1 | Budget = 993,820.8 | inventory = 1
[ 2024-08-06 15:57:21,043 ] 105 : Bought 8 shares at price 73,000 | Portfolio Value = 1,066,020.8 | Budget = 409,528.8 | inventory = 2
[ 2024-08-06 15:57:21,058 ] 106 : Bought 4 shares at price 73,000 | Portfolio Value = 1,066,528.8 | Budget = 117,382.8 | inventory = 3
[ 2024-08-06 15:57:21,071 ] 107 : Sold 1 shares at price 72,000 | Profit = 200 | Portfolio Value = 1,066,382.8 | Budget = 189,346.8 | inventory = 2
[ 2024-08-06 15:57:21,085 ] 108 : Sold 8 shares at price 71,600 | Profit = -11,200 | Portfolio Value = 1,053,346.8 | Budget = 761,860.4 | inventory = 1
[ 2024-08-06 15:57:21,097 ] 109 : Sold 4 shares at price 69,900 | Profit = -12,400 | Portfolio Value = 1,048,260.4 | Budget = 1,041,320.6 | inventory = 0
[ 2024-08-06 15:57:21,123 ] 111 : Bought 8 shares at price 71,500 | Portfolio Value = 1,041,320.6 | Budget = 469,034.6 | inventory = 1
[ 2024-08-06 15:57:21,136 ] 112 : Bought 5 shares at price 71,900 | Portfolio Value = 1,041,034.6 | Budget = 109,354.85 | inventory = 2
[ 2024-08-06 15:57:21,150 ] 113 : Sold 8 shares at price 71,900 | Profit = 3,200 | Portfolio Value = 1,044,054.85 | Budget = 684,267.25 | inventory = 1
[ 2024-08-06 15:57:21,162 ] 114 : Sold 5 shares at price 73,400 | Profit = 7,500 | Portfolio Value = 1,043,767.25 | Budget = 1,051,083.75 | inventory = 0
[ 2024-08-06 15:57:21,175 ] 115 : Bought 12 shares at price 73,300 | Portfolio Value = 1,051,083.75 | Budget = 171,043.95 | inventory = 1
[ 2024-08-06 15:57:21,189 ] 116 : Sold 12 shares at price 72,000 | Profit = -15,600 | Portfolio Value = 1,050,643.95 | Budget = 1,034,611.95 | inventory = 0
[ 2024-08-06 15:57:21,253 ] 121 : Bought 11 shares at price 70,000 | Portfolio Value = 1,034,611.95 | Budget = 264,226.95 | inventory = 1
[ 2024-08-06 15:57:21,271 ] 122 : Sold 11 shares at price 69,800 | Profit = -2,200 | Portfolio Value = 1,034,226.95 | Budget = 1,031,643.05 | inventory = 0
[ 2024-08-06 15:57:21,299 ] 124 : Bought 9 shares at price 70,600 | Portfolio Value = 1,031,643.05 | Budget = 395,925.35 | inventory = 1
[ 2024-08-06 15:57:21,312 ] 125 : Bought 4 shares at price 69,800 | Portfolio Value = 1,031,325.35 | Budget = 116,585.75 | inventory = 2
[ 2024-08-06 15:57:21,338 ] 126 : Bought 1 shares at price 71,100 | Portfolio Value = 1,023,985.75 | Budget = 45,450.2 | inventory = 3
[ 2024-08-06 15:57:21,357 ] 127 : Sold 9 shares at price 69,900 | Profit = -6,300 | Portfolio Value = 1,040,850.2 | Budget = 674,235.65 | inventory = 2
[ 2024-08-06 15:57:21,373 ] 128 : Sold 4 shares at price 68,800 | Profit = -4,000 | Portfolio Value = 1,023,735.65 | Budget = 949,298.05 | inventory = 1
[ 2024-08-06 15:57:21,406 ] 130 : Sold 1 shares at price 68,500 | Profit = -2,600 | Portfolio Value = 1,017,598.05 | Budget = 1,017,763.8 | inventory = 0
[ 2024-08-06 15:57:21,423 ] 131 : Bought 3 shares at price 67,600 | Portfolio Value = 1,017,763.8 | Budget = 814,862.4 | inventory = 1
[ 2024-08-06 15:57:21,437 ] 132 : Bought 5 shares at price 68,900 | Portfolio Value = 1,017,662.4 | Budget = 470,190.15 | inventory = 2
[ 2024-08-06 15:57:21,451 ] 133 : Bought 5 shares at price 68,000 | Portfolio Value = 1,021,390.15 | Budget = 130,020.15 | inventory = 3
[ 2024-08-06 15:57:21,466 ] 134 : Bought 1 shares at price 67,500 | Portfolio Value = 1,014,020.15 | Budget = 62,486.4 | inventory = 4
[ 2024-08-06 15:57:21,479 ] 135 : Sold 3 shares at price 67,300 | Profit = -900 | Portfolio Value = 1,007,486.4 | Budget = 264,285.45 | inventory = 3
[ 2024-08-06 15:57:21,495 ] 136 : Bought 2 shares at price 67,000 | Portfolio Value = 1,004,585.45 | Budget = 130,218.45 | inventory = 4
[ 2024-08-06 15:57:21,511 ] 137 : Sold 5 shares at price 66,700 | Profit = -11,000 | Portfolio Value = 1,001,218.45 | Budget = 463,551.7 | inventory = 3
[ 2024-08-06 15:57:21,533 ] 138 : Sold 5 shares at price 66,300 | Profit = -8,500 | Portfolio Value = 997,151.7 | Budget = 794,885.95 | inventory = 2
[ 2024-08-06 15:57:21,554 ] 139 : Bought 7 shares at price 66,600 | Portfolio Value = 993,785.95 | Budget = 328,452.85 | inventory = 3
[ 2024-08-06 15:57:21,569 ] 140 : Sold 1 shares at price 66,600 | Profit = -900 | Portfolio Value = 994,452.85 | Budget = 395,019.55 | inventory = 2
[ 2024-08-06 15:57:21,585 ] 141 : Sold 2 shares at price 67,100 | Profit = 200 | Portfolio Value = 994,419.55 | Budget = 529,152.45 | inventory = 1
[ 2024-08-06 15:57:21,603 ] 142 : Sold 7 shares at price 68,200 | Profit = 11,200 | Portfolio Value = 998,852.45 | Budget = 1,006,313.75 | inventory = 0
[ 2024-08-06 15:57:21,643 ] 144 : Bought 9 shares at price 66,800 | Portfolio Value = 1,006,313.75 | Budget = 404,813.15 | inventory = 1
[ 2024-08-06 15:57:21,659 ] 145 : Bought 4 shares at price 66,800 | Portfolio Value = 1,006,013.15 | Budget = 137,479.55 | inventory = 2
[ 2024-08-06 15:57:21,688 ] 147 : Sold 9 shares at price 66,900 | Profit = 900 | Portfolio Value = 1,009,779.55 | Budget = 739,278.5 | inventory = 1
[ 2024-08-06 15:57:21,702 ] 148 : Sold 4 shares at price 71,000 | Profit = 16,800 | Portfolio Value = 1,006,878.5 | Budget = 1,023,136.5 | inventory = 0
[ 2024-08-06 15:57:21,718 ] 149 : Bought 5 shares at price 71,200 | Portfolio Value = 1,023,136.5 | Budget = 666,958.5 | inventory = 1
[ 2024-08-06 15:57:21,734 ] 150 : Bought 9 shares at price 70,700 | Portfolio Value = 1,022,958.5 | Budget = 30,340.35 | inventory = 2
[ 2024-08-06 15:57:21,821 ] 154 : Sold 5 shares at price 70,800 | Profit = -2,000 | Portfolio Value = 1,014,540.35 | Budget = 384,163.35 | inventory = 1
[ 2024-08-06 15:57:21,834 ] 155 : Sold 9 shares at price 70,500 | Profit = -1,800 | Portfolio Value = 1,021,363.35 | Budget = 1,018,346.1 | inventory = 0
[ 2024-08-06 15:57:21,920 ] 161 : Bought 14 shares at price 69,600 | Portfolio Value = 1,018,346.1 | Budget = 43,458.9 | inventory = 1
[ 2024-08-06 15:57:21,932 ] 162 : Sold 14 shares at price 68,900 | Profit = -9,800 | Portfolio Value = 1,017,858.9 | Budget = 1,007,576.6 | inventory = 0
[ 2024-08-06 15:57:21,959 ] 164 : Bought 14 shares at price 69,400 | Portfolio Value = 1,007,576.6 | Budget = 35,490.8 | inventory = 1
[ 2024-08-06 15:57:21,985 ] 166 : Sold 14 shares at price 68,400 | Profit = -14,000 | Portfolio Value = 995,890.8 | Budget = 992,612.0 | inventory = 0
[ 2024-08-06 15:57:22,025 ] 169 : Bought 8 shares at price 66,000 | Portfolio Value = 992,612.0 | Budget = 464,348.0 | inventory = 1
[ 2024-08-06 15:57:22,038 ] 170 : Bought 4 shares at price 66,400 | Portfolio Value = 992,348.0 | Budget = 198,615.2 | inventory = 2
[ 2024-08-06 15:57:22,052 ] 171 : Bought 2 shares at price 68,200 | Portfolio Value = 995,415.2 | Budget = 62,147.0 | inventory = 3
[ 2024-08-06 15:57:22,103 ] 175 : Sold 8 shares at price 69,400 | Profit = 27,200 | Portfolio Value = 1,004,347.0 | Budget = 617,069.4 | inventory = 2
[ 2024-08-06 15:57:22,116 ] 176 : Bought 6 shares at price 70,500 | Portfolio Value = 1,033,469.4 | Budget = 193,857.9 | inventory = 3
[ 2024-08-06 15:57:22,130 ] 177 : Sold 4 shares at price 69,500 | Profit = 12,400 | Portfolio Value = 1,039,857.9 | Budget = 471,718.9 | inventory = 2
[ 2024-08-06 15:57:22,143 ] 178 : Sold 2 shares at price 68,800 | Profit = 1,200 | Portfolio Value = 1,027,718.9 | Budget = 609,250.1 | inventory = 1
[ 2024-08-06 15:57:22,157 ] 179 : Sold 6 shares at price 68,400 | Profit = -12,600 | Portfolio Value = 1,022,050.1 | Budget = 1,019,444.9 | inventory = 0
[ 2024-08-06 15:57:22,170 ] 180 : Bought 11 shares at price 68,500 | Portfolio Value = 1,019,444.9 | Budget = 265,568.15 | inventory = 1
[ 2024-08-06 15:57:22,182 ] 181 : Sold 11 shares at price 68,000 | Profit = -5,500 | Portfolio Value = 1,019,068.15 | Budget = 1,013,194.15 | inventory = 0
[ 2024-08-06 15:57:22,195 ] 182 : Bought 15 shares at price 66,700 | Portfolio Value = 1,013,194.15 | Budget = 12,193.9 | inventory = 1
[ 2024-08-06 15:57:22,209 ] 183 : Sold 15 shares at price 67,300 | Profit = 9,000 | Portfolio Value = 1,012,693.9 | Budget = 1,021,189.15 | inventory = 0
[ 2024-08-06 15:57:22,248 ] 186 : Bought 12 shares at price 68,600 | Portfolio Value = 1,021,189.15 | Budget = 197,577.55 | inventory = 1
[ 2024-08-06 15:57:22,261 ] 187 : Sold 12 shares at price 69,700 | Profit = 13,200 | Portfolio Value = 1,020,777.55 | Budget = 1,033,559.35 | inventory = 0
[ 2024-08-06 15:57:22,301 ] 190 : Bought 13 shares at price 70,900 | Portfolio Value = 1,033,559.35 | Budget = 111,398.5 | inventory = 1
[ 2024-08-06 15:57:22,315 ] 191 : Bought 1 shares at price 69,900 | Portfolio Value = 1,033,098.5 | Budget = 41,463.55 | inventory = 2
[ 2024-08-06 15:57:22,329 ] 192 : Sold 13 shares at price 70,300 | Profit = -7,800 | Portfolio Value = 1,020,063.55 | Budget = 954,906.6 | inventory = 1
[ 2024-08-06 15:57:22,343 ] 193 : Sold 1 shares at price 70,500 | Profit = 600 | Portfolio Value = 1,025,206.6 | Budget = 1,025,371.35 | inventory = 0
[ 2024-08-06 15:57:22,368 ] 195 : Bought 11 shares at price 70,800 | Portfolio Value = 1,025,371.35 | Budget = 246,181.95 | inventory = 1
[ 2024-08-06 15:57:22,381 ] 196 : Bought 2 shares at price 72,200 | Portfolio Value = 1,024,981.95 | Budget = 101,709.75 | inventory = 2
[ 2024-08-06 15:57:22,393 ] 197 : Bought 1 shares at price 72,800 | Portfolio Value = 1,040,309.75 | Budget = 28,873.35 | inventory = 3
[ 2024-08-06 15:57:22,406 ] 198 : Sold 11 shares at price 72,500 | Profit = 18,700 | Portfolio Value = 1,048,073.35 | Budget = 825,974.6 | inventory = 2
[ 2024-08-06 15:57:22,419 ] 199 : Sold 2 shares at price 72,700 | Profit = 1,000 | Portfolio Value = 1,043,474.6 | Budget = 971,301.9 | inventory = 1
[ 2024-08-06 15:57:22,432 ] 200 : Sold 1 shares at price 72,800 | Profit = 0 | Portfolio Value = 1,044,001.9 | Budget = 1,044,065.5 | inventory = 0
[ 2024-08-06 15:57:22,446 ] 201 : Bought 5 shares at price 72,800 | Portfolio Value = 1,044,065.5 | Budget = 679,883.5 | inventory = 1
[ 2024-08-06 15:57:22,459 ] 202 : Bought 2 shares at price 72,400 | Portfolio Value = 1,043,883.5 | Budget = 535,011.1 | inventory = 2
[ 2024-08-06 15:57:22,473 ] 203 : Bought 5 shares at price 71,700 | Portfolio Value = 1,041,811.1 | Budget = 176,331.85 | inventory = 3
[ 2024-08-06 15:57:22,486 ] 204 : Bought 2 shares at price 71,300 | Portfolio Value = 1,036,731.85 | Budget = 33,660.55 | inventory = 4
[ 2024-08-06 15:57:22,499 ] 205 : Sold 5 shares at price 72,700 | Profit = -500 | Portfolio Value = 1,031,860.55 | Budget = 396,978.8 | inventory = 3
[ 2024-08-06 15:57:22,539 ] 208 : Sold 2 shares at price 72,000 | Profit = -800 | Portfolio Value = 1,052,178.8 | Budget = 540,906.8 | inventory = 2
[ 2024-08-06 15:57:22,566 ] 210 : Bought 7 shares at price 71,200 | Portfolio Value = 1,049,106.8 | Budget = 42,257.6 | inventory = 3
[ 2024-08-06 15:57:22,593 ] 212 : Sold 5 shares at price 71,500 | Profit = -1,000 | Portfolio Value = 1,046,057.6 | Budget = 399,578.85 | inventory = 2
[ 2024-08-06 15:57:22,607 ] 213 : Sold 2 shares at price 72,600 | Profit = 2,600 | Portfolio Value = 1,043,078.85 | Budget = 544,706.25 | inventory = 1
[ 2024-08-06 15:57:22,620 ] 214 : Bought 5 shares at price 73,000 | Portfolio Value = 1,052,906.25 | Budget = 179,523.75 | inventory = 2
[ 2024-08-06 15:57:22,634 ] 215 : Bought 1 shares at price 73,500 | Portfolio Value = 1,055,523.75 | Budget = 105,987.0 | inventory = 3
[ 2024-08-06 15:57:22,646 ] 216 : Sold 7 shares at price 72,800 | Profit = 11,200 | Portfolio Value = 1,061,487.0 | Budget = 615,332.2 | inventory = 2
[ 2024-08-06 15:57:22,660 ] 217 : Sold 5 shares at price 73,100 | Profit = 500 | Portfolio Value = 1,052,132.2 | Budget = 980,649.45 | inventory = 1
[ 2024-08-06 15:57:22,674 ] 218 : Sold 1 shares at price 73,300 | Profit = -200 | Portfolio Value = 1,053,749.45 | Budget = 1,053,912.8 | inventory = 0
[ 2024-08-06 15:57:22,739 ] 223 : Bought 8 shares at price 75,900 | Portfolio Value = 1,053,912.8 | Budget = 446,409.2 | inventory = 1
[ 2024-08-06 15:57:22,753 ] 224 : Sold 8 shares at price 76,600 | Profit = 5,600 | Portfolio Value = 1,053,609.2 | Budget = 1,058,902.8 | inventory = 0
[ 2024-08-06 15:57:22,766 ] 225 : Bought 7 shares at price 78,000 | Portfolio Value = 1,058,902.8 | Budget = 512,629.8 | inventory = 1
[ 2024-08-06 15:57:22,780 ] 226 : Sold 7 shares at price 78,500 | Profit = 3,500 | Portfolio Value = 1,058,629.8 | Budget = 1,061,855.05 | inventory = 0
[ 2024-08-06 15:57:22,780 ] Episode: 1, Total Reward: 96,511.03, Total Profit: 96,500, Profit Rate: 9.65%
[ 2024-08-06 15:57:22,780 ] ----------------------------------------------------------------------------------------------------
[ 2024-08-06 15:57:22,808 ] 2 : Bought 11 shares at price 61,800 | Portfolio Value = 1,000,000.0 | Budget = 319,860.1 | inventory = 1
[ 2024-08-06 15:57:22,821 ] 3 : Sold 11 shares at price 63,500 | Profit = 18,700 | Portfolio Value = 999,660.1 | Budget = 1,018,010.85 | inventory = 0
[ 2024-08-06 15:57:22,860 ] 6 : Bought 14 shares at price 61,900 | Portfolio Value = 1,018,010.85 | Budget = 150,977.55 | inventory = 1
[ 2024-08-06 15:57:22,873 ] 7 : Sold 14 shares at price 63,100 | Profit = 16,800 | Portfolio Value = 1,017,577.55 | Budget = 1,033,935.85 | inventory = 0
[ 2024-08-06 15:57:22,887 ] 8 : Bought 13 shares at price 63,000 | Portfolio Value = 1,033,935.85 | Budget = 214,526.35 | inventory = 1
[ 2024-08-06 15:57:22,900 ] 9 : Bought 1 shares at price 62,800 | Portfolio Value = 1,033,526.35 | Budget = 151,694.95 | inventory = 2
[ 2024-08-06 15:57:22,913 ] 10 : Sold 13 shares at price 62,900 | Profit = -1,300 | Portfolio Value = 1,030,894.95 | Budget = 968,986.1 | inventory = 1
[ 2024-08-06 15:57:22,926 ] 11 : Bought 9 shares at price 63,200 | Portfolio Value = 1,031,886.1 | Budget = 399,901.7 | inventory = 2
[ 2024-08-06 15:57:22,940 ] 12 : Bought 6 shares at price 62,200 | Portfolio Value = 1,031,901.7 | Budget = 26,515.1 | inventory = 3
[ 2024-08-06 15:57:22,954 ] 13 : Sold 1 shares at price 63,700 | Profit = 900 | Portfolio Value = 1,021,715.1 | Budget = 90,183.25 | inventory = 2
[ 2024-08-06 15:57:22,968 ] 14 : Bought 1 shares at price 62,600 | Portfolio Value = 1,045,683.25 | Budget = 27,551.95 | inventory = 3
[ 2024-08-06 15:57:22,983 ] 15 : Sold 9 shares at price 62,700 | Profit = -4,500 | Portfolio Value = 1,029,151.95 | Budget = 591,569.8 | inventory = 2
[ 2024-08-06 15:57:22,999 ] 16 : Sold 6 shares at price 62,100 | Profit = -600 | Portfolio Value = 1,030,469.8 | Budget = 963,983.5 | inventory = 1
[ 2024-08-06 15:57:23,014 ] 17 : Sold 1 shares at price 61,100 | Profit = -1,500 | Portfolio Value = 1,026,083.5 | Budget = 1,025,052.95 | inventory = 0
[ 2024-08-06 15:57:23,046 ] 19 : Bought 2 shares at price 61,300 | Portfolio Value = 1,025,052.95 | Budget = 902,391.65 | inventory = 1
[ 2024-08-06 15:57:23,060 ] 20 : Sold 2 shares at price 60,500 | Profit = -1,600 | Portfolio Value = 1,024,991.65 | Budget = 1,023,331.15 | inventory = 0
[ 2024-08-06 15:57:23,075 ] 21 : Bought 11 shares at price 60,600 | Portfolio Value = 1,023,331.15 | Budget = 356,397.85 | inventory = 1
[ 2024-08-06 15:57:23,090 ] 22 : Sold 11 shares at price 60,800 | Profit = 2,200 | Portfolio Value = 1,022,997.85 | Budget = 1,024,863.45 | inventory = 0
[ 2024-08-06 15:57:23,140 ] 25 : Bought 12 shares at price 60,700 | Portfolio Value = 1,024,863.45 | Budget = 296,099.25 | inventory = 1
[ 2024-08-06 15:57:23,156 ] 26 : Sold 12 shares at price 60,300 | Profit = -4,800 | Portfolio Value = 1,024,499.25 | Budget = 1,019,337.45 | inventory = 0
[ 2024-08-06 15:57:23,183 ] 28 : Bought 11 shares at price 59,500 | Portfolio Value = 1,019,337.45 | Budget = 364,510.2 | inventory = 1
[ 2024-08-06 15:57:23,196 ] 29 : Bought 3 shares at price 60,000 | Portfolio Value = 1,019,010.2 | Budget = 184,420.2 | inventory = 2
[ 2024-08-06 15:57:23,211 ] 30 : Sold 11 shares at price 59,000 | Profit = -5,500 | Portfolio Value = 1,024,420.2 | Budget = 833,095.7 | inventory = 1
[ 2024-08-06 15:57:23,226 ] 31 : Sold 3 shares at price 59,800 | Profit = -600 | Portfolio Value = 1,010,095.7 | Budget = 1,012,406.0 | inventory = 0
[ 2024-08-06 15:57:23,268 ] 34 : Bought 16 shares at price 60,200 | Portfolio Value = 1,012,406.0 | Budget = 48,724.4 | inventory = 1
[ 2024-08-06 15:57:23,282 ] 35 : Sold 16 shares at price 60,300 | Profit = 1,600 | Portfolio Value = 1,011,924.4 | Budget = 1,013,042.0 | inventory = 0
[ 2024-08-06 15:57:23,375 ] 42 : Bought 13 shares at price 63,200 | Portfolio Value = 1,013,042.0 | Budget = 191,031.2 | inventory = 1
[ 2024-08-06 15:57:23,389 ] 43 : Sold 13 shares at price 64,000 | Profit = 10,400 | Portfolio Value = 1,012,631.2 | Budget = 1,022,615.2 | inventory = 0
[ 2024-08-06 15:57:23,404 ] 44 : Bought 8 shares at price 63,100 | Portfolio Value = 1,022,615.2 | Budget = 517,562.8 | inventory = 1
[ 2024-08-06 15:57:23,418 ] 45 : Sold 8 shares at price 63,600 | Profit = 4,000 | Portfolio Value = 1,022,362.8 | Budget = 1,026,108.4 | inventory = 0
[ 2024-08-06 15:57:23,485 ] 50 : Bought 8 shares at price 65,900 | Portfolio Value = 1,026,108.4 | Budget = 498,644.8 | inventory = 1
[ 2024-08-06 15:57:23,499 ] 51 : Sold 8 shares at price 66,000 | Profit = 800 | Portfolio Value = 1,025,844.8 | Budget = 1,026,380.8 | inventory = 0
[ 2024-08-06 15:57:23,541 ] 54 : Bought 13 shares at price 65,300 | Portfolio Value = 1,026,380.8 | Budget = 177,056.35 | inventory = 1
[ 2024-08-06 15:57:23,555 ] 55 : Bought 1 shares at price 65,600 | Portfolio Value = 1,025,956.35 | Budget = 111,423.55 | inventory = 2
[ 2024-08-06 15:57:23,569 ] 56 : Bought 1 shares at price 65,500 | Portfolio Value = 1,029,823.55 | Budget = 45,890.8 | inventory = 3
[ 2024-08-06 15:57:23,639 ] 61 : Sold 13 shares at price 64,100 | Profit = -15,600 | Portfolio Value = 999,890.8 | Budget = 878,774.15 | inventory = 2
[ 2024-08-06 15:57:23,663 ] 62 : Bought 7 shares at price 64,600 | Portfolio Value = 1,006,974.15 | Budget = 426,348.05 | inventory = 3
[ 2024-08-06 15:57:23,683 ] 63 : Sold 1 shares at price 65,500 | Profit = -100 | Portfolio Value = 1,007,748.05 | Budget = 491,815.3 | inventory = 2
[ 2024-08-06 15:57:23,743 ] 67 : Bought 2 shares at price 65,900 | Portfolio Value = 1,012,615.3 | Budget = 359,949.4 | inventory = 3
[ 2024-08-06 15:57:23,756 ] 68 : Sold 1 shares at price 65,300 | Profit = -200 | Portfolio Value = 1,018,949.4 | Budget = 425,216.75 | inventory = 2
[ 2024-08-06 15:57:23,783 ] 70 : Bought 3 shares at price 64,200 | Portfolio Value = 1,006,616.75 | Budget = 232,520.45 | inventory = 3
[ 2024-08-06 15:57:23,796 ] 71 : Sold 7 shares at price 64,100 | Profit = -3,500 | Portfolio Value = 1,002,920.45 | Budget = 680,996.1 | inventory = 2
[ 2024-08-06 15:57:23,810 ] 72 : Bought 1 shares at price 64,500 | Portfolio Value = 1,001,496.1 | Budget = 616,463.85 | inventory = 3
[ 2024-08-06 15:57:23,824 ] 73 : Bought 3 shares at price 65,400 | Portfolio Value = 1,003,463.85 | Budget = 420,165.75 | inventory = 4
[ 2024-08-06 15:57:23,837 ] 74 : Bought 5 shares at price 65,000 | Portfolio Value = 1,008,765.75 | Budget = 95,003.25 | inventory = 5
[ 2024-08-06 15:57:23,851 ] 75 : Bought 1 shares at price 66,200 | Portfolio Value = 1,005,003.25 | Budget = 28,770.15 | inventory = 6
[ 2024-08-06 15:57:23,864 ] 76 : Sold 2 shares at price 68,400 | Profit = 5,000 | Portfolio Value = 1,021,770.15 | Budget = 165,501.75 | inventory = 5
[ 2024-08-06 15:57:23,878 ] 77 : Sold 3 shares at price 68,500 | Profit = 12,900 | Portfolio Value = 1,054,701.75 | Budget = 370,899.0 | inventory = 4
[ 2024-08-06 15:57:23,892 ] 78 : Sold 1 shares at price 68,400 | Profit = 3,900 | Portfolio Value = 1,055,899.0 | Budget = 439,264.8 | inventory = 3
[ 2024-08-06 15:57:23,906 ] 79 : Sold 3 shares at price 68,500 | Profit = 9,300 | Portfolio Value = 1,054,864.8 | Budget = 644,662.05 | inventory = 2
[ 2024-08-06 15:57:23,920 ] 80 : Sold 5 shares at price 68,800 | Profit = 19,000 | Portfolio Value = 1,055,662.05 | Budget = 988,490.05 | inventory = 1
[ 2024-08-06 15:57:23,933 ] 81 : Bought 5 shares at price 70,300 | Portfolio Value = 1,057,290.05 | Budget = 636,814.3 | inventory = 2
[ 2024-08-06 15:57:23,946 ] 82 : Sold 1 shares at price 72,300 | Profit = 6,100 | Portfolio Value = 1,058,614.3 | Budget = 709,078.15 | inventory = 1
[ 2024-08-06 15:57:23,960 ] 83 : Sold 5 shares at price 71,400 | Profit = 5,500 | Portfolio Value = 1,070,578.15 | Budget = 1,065,899.65 | inventory = 0
[ 2024-08-06 15:57:23,992 ] 85 : Bought 5 shares at price 72,200 | Portfolio Value = 1,065,899.65 | Budget = 704,719.15 | inventory = 1
[ 2024-08-06 15:57:24,007 ] 86 : Bought 3 shares at price 71,700 | Portfolio Value = 1,065,719.15 | Budget = 489,511.6 | inventory = 2
[ 2024-08-06 15:57:24,037 ] 88 : Sold 5 shares at price 70,900 | Profit = -6,500 | Portfolio Value = 1,057,511.6 | Budget = 843,834.35 | inventory = 1
[ 2024-08-06 15:57:24,051 ] 89 : Sold 3 shares at price 72,000 | Profit = 900 | Portfolio Value = 1,056,534.35 | Budget = 1,059,726.35 | inventory = 0
[ 2024-08-06 15:57:24,092 ] 92 : Bought 7 shares at price 71,900 | Portfolio Value = 1,059,726.35 | Budget = 556,174.7 | inventory = 1
[ 2024-08-06 15:57:24,106 ] 93 : Bought 1 shares at price 71,500 | Portfolio Value = 1,059,474.7 | Budget = 484,638.95 | inventory = 2
[ 2024-08-06 15:57:24,119 ] 94 : Sold 7 shares at price 71,800 | Profit = -700 | Portfolio Value = 1,056,638.95 | Budget = 986,987.65 | inventory = 1
[ 2024-08-06 15:57:24,132 ] 95 : Bought 10 shares at price 71,200 | Portfolio Value = 1,058,787.65 | Budget = 274,631.65 | inventory = 2
[ 2024-08-06 15:57:24,145 ] 96 : Sold 1 shares at price 71,400 | Profit = -100 | Portfolio Value = 1,057,831.65 | Budget = 345,995.95 | inventory = 1
[ 2024-08-06 15:57:24,160 ] 97 : Sold 10 shares at price 70,500 | Profit = -7,000 | Portfolio Value = 1,059,995.95 | Budget = 1,050,643.45 | inventory = 0
[ 2024-08-06 15:57:24,218 ] 101 : Bought 8 shares at price 72,600 | Portfolio Value = 1,050,643.45 | Budget = 469,553.05 | inventory = 1
[ 2024-08-06 15:57:24,232 ] 102 : Bought 2 shares at price 72,700 | Portfolio Value = 1,050,353.05 | Budget = 324,080.35 | inventory = 2
[ 2024-08-06 15:57:24,274 ] 105 : Sold 8 shares at price 73,000 | Profit = 3,200 | Portfolio Value = 1,046,080.35 | Budget = 907,788.35 | inventory = 1
[ 2024-08-06 15:57:24,309 ] 106 : Sold 2 shares at price 73,000 | Profit = 600 | Portfolio Value = 1,053,788.35 | Budget = 1,053,715.35 | inventory = 0
[ 2024-08-06 15:57:24,362 ] 108 : Bought 11 shares at price 71,600 | Portfolio Value = 1,053,715.35 | Budget = 265,721.55 | inventory = 1
[ 2024-08-06 15:57:24,431 ] 111 : Bought 1 shares at price 71,500 | Portfolio Value = 1,030,221.55 | Budget = 194,185.8 | inventory = 2
[ 2024-08-06 15:57:24,446 ] 112 : Bought 2 shares at price 71,900 | Portfolio Value = 1,052,185.8 | Budget = 50,313.9 | inventory = 3
[ 2024-08-06 15:57:24,461 ] 113 : Sold 11 shares at price 71,900 | Profit = 3,300 | Portfolio Value = 1,056,913.9 | Budget = 840,818.45 | inventory = 2
[ 2024-08-06 15:57:24,480 ] 114 : Bought 11 shares at price 73,400 | Portfolio Value = 1,056,518.45 | Budget = 33,014.75 | inventory = 3
[ 2024-08-06 15:57:24,498 ] 115 : Sold 1 shares at price 73,300 | Profit = 1,800 | Portfolio Value = 1,060,614.75 | Budget = 106,278.1 | inventory = 2
[ 2024-08-06 15:57:24,513 ] 116 : Bought 1 shares at price 72,000 | Portfolio Value = 1,059,178.1 | Budget = 34,242.1 | inventory = 3
[ 2024-08-06 15:57:24,575 ] 120 : Sold 2 shares at price 70,400 | Profit = -3,000 | Portfolio Value = 1,018,442.1 | Budget = 174,971.7 | inventory = 2
[ 2024-08-06 15:57:24,596 ] 121 : Sold 11 shares at price 70,000 | Profit = -37,400 | Portfolio Value = 1,019,771.7 | Budget = 944,586.7 | inventory = 1
[ 2024-08-06 15:57:24,630 ] 123 : Sold 1 shares at price 71,700 | Profit = -300 | Portfolio Value = 1,014,386.7 | Budget = 1,016,250.85 | inventory = 0
[ 2024-08-06 15:57:24,676 ] 125 : Bought 4 shares at price 69,800 | Portfolio Value = 1,016,250.85 | Budget = 736,911.25 | inventory = 1
[ 2024-08-06 15:57:24,701 ] 126 : Bought 1 shares at price 71,100 | Portfolio Value = 1,016,111.25 | Budget = 665,775.7 | inventory = 2
[ 2024-08-06 15:57:24,724 ] 127 : Sold 4 shares at price 69,900 | Profit = 400 | Portfolio Value = 1,021,275.7 | Budget = 945,235.9 | inventory = 1
[ 2024-08-06 15:57:24,743 ] 128 : Bought 7 shares at price 68,800 | Portfolio Value = 1,015,135.9 | Budget = 463,395.1 | inventory = 2
[ 2024-08-06 15:57:24,758 ] 129 : Sold 1 shares at price 68,300 | Profit = -2,800 | Portfolio Value = 1,013,795.1 | Budget = 531,660.95 | inventory = 1
[ 2024-08-06 15:57:24,773 ] 130 : Sold 7 shares at price 68,500 | Profit = -2,100 | Portfolio Value = 1,009,760.95 | Budget = 1,010,921.2 | inventory = 0
[ 2024-08-06 15:57:24,802 ] 132 : Bought 12 shares at price 68,900 | Portfolio Value = 1,010,921.2 | Budget = 183,707.8 | inventory = 1
[ 2024-08-06 15:57:24,817 ] 133 : Sold 12 shares at price 68,000 | Profit = -10,800 | Portfolio Value = 1,010,507.8 | Budget = 999,299.8 | inventory = 0
[ 2024-08-06 15:57:24,858 ] 135 : Bought 12 shares at price 67,300 | Portfolio Value = 999,299.8 | Budget = 191,296.0 | inventory = 1
[ 2024-08-06 15:57:24,878 ] 136 : Sold 12 shares at price 67,000 | Profit = -3,600 | Portfolio Value = 998,896.0 | Budget = 994,894.0 | inventory = 0
[ 2024-08-06 15:57:25,011 ] 145 : Bought 2 shares at price 66,800 | Portfolio Value = 994,894.0 | Budget = 861,227.2 | inventory = 1
[ 2024-08-06 15:57:25,055 ] 148 : Bought 12 shares at price 71,000 | Portfolio Value = 995,027.2 | Budget = 8,801.2 | inventory = 2
[ 2024-08-06 15:57:25,097 ] 151 : Sold 2 shares at price 70,000 | Profit = 6,400 | Portfolio Value = 998,601.2 | Budget = 148,731.2 | inventory = 1
[ 2024-08-06 15:57:25,125 ] 153 : Bought 1 shares at price 70,300 | Portfolio Value = 993,531.2 | Budget = 78,396.05 | inventory = 2
[ 2024-08-06 15:57:25,139 ] 154 : Sold 12 shares at price 70,800 | Profit = -2,400 | Portfolio Value = 992,296.05 | Budget = 927,571.25 | inventory = 1
[ 2024-08-06 15:57:25,153 ] 155 : Bought 11 shares at price 70,500 | Portfolio Value = 998,371.25 | Budget = 151,683.5 | inventory = 2
[ 2024-08-06 15:57:25,181 ] 157 : Bought 2 shares at price 71,700 | Portfolio Value = 1,002,483.5 | Budget = 8,211.8 | inventory = 3
[ 2024-08-06 15:57:25,196 ] 158 : Sold 1 shares at price 72,000 | Profit = 1,700 | Portfolio Value = 1,012,011.8 | Budget = 80,175.8 | inventory = 2
[ 2024-08-06 15:57:25,210 ] 159 : Sold 11 shares at price 70,200 | Profit = -3,300 | Portfolio Value = 1,016,175.8 | Budget = 851,989.7 | inventory = 1
[ 2024-08-06 15:57:25,223 ] 160 : Sold 2 shares at price 69,800 | Profit = -3,800 | Portfolio Value = 992,389.7 | Budget = 991,519.9 | inventory = 0
[ 2024-08-06 15:57:25,250 ] 162 : Bought 9 shares at price 68,900 | Portfolio Value = 991,519.9 | Budget = 371,109.85 | inventory = 1
[ 2024-08-06 15:57:25,264 ] 163 : Sold 9 shares at price 68,800 | Profit = -900 | Portfolio Value = 991,209.85 | Budget = 990,000.25 | inventory = 0
[ 2024-08-06 15:57:25,303 ] 166 : Bought 5 shares at price 68,400 | Portfolio Value = 990,000.25 | Budget = 647,829.25 | inventory = 1
[ 2024-08-06 15:57:25,317 ] 167 : Bought 5 shares at price 67,500 | Portfolio Value = 989,829.25 | Budget = 310,160.5 | inventory = 2
[ 2024-08-06 15:57:25,331 ] 168 : Sold 5 shares at price 66,700 | Profit = -8,500 | Portfolio Value = 985,160.5 | Budget = 643,493.75 | inventory = 1
[ 2024-08-06 15:57:25,356 ] 169 : Bought 4 shares at price 66,000 | Portfolio Value = 976,993.75 | Budget = 379,361.75 | inventory = 2
[ 2024-08-06 15:57:25,378 ] 170 : Sold 5 shares at price 66,400 | Profit = -5,500 | Portfolio Value = 973,361.75 | Budget = 711,195.75 | inventory = 1
[ 2024-08-06 15:57:25,394 ] 171 : Sold 4 shares at price 68,200 | Profit = 8,800 | Portfolio Value = 976,795.75 | Budget = 983,859.35 | inventory = 0
[ 2024-08-06 15:57:25,470 ] 176 : Bought 5 shares at price 70,500 | Portfolio Value = 983,859.35 | Budget = 631,183.1 | inventory = 1
[ 2024-08-06 15:57:25,483 ] 177 : Sold 5 shares at price 69,500 | Profit = -5,000 | Portfolio Value = 983,683.1 | Budget = 978,509.35 | inventory = 0
[ 2024-08-06 15:57:25,497 ] 178 : Bought 1 shares at price 68,800 | Portfolio Value = 978,509.35 | Budget = 909,674.95 | inventory = 1
[ 2024-08-06 15:57:25,511 ] 179 : Bought 2 shares at price 68,400 | Portfolio Value = 978,474.95 | Budget = 772,806.55 | inventory = 2
[ 2024-08-06 15:57:25,525 ] 180 : Sold 1 shares at price 68,500 | Profit = -300 | Portfolio Value = 978,006.55 | Budget = 841,272.3 | inventory = 1
[ 2024-08-06 15:57:25,539 ] 181 : Sold 2 shares at price 68,000 | Profit = -800 | Portfolio Value = 978,272.3 | Budget = 977,204.3 | inventory = 0
[ 2024-08-06 15:57:25,579 ] 184 : Bought 10 shares at price 67,300 | Portfolio Value = 977,204.3 | Budget = 303,867.8 | inventory = 1
[ 2024-08-06 15:57:25,592 ] 185 : Sold 10 shares at price 66,900 | Profit = -4,000 | Portfolio Value = 976,867.8 | Budget = 972,533.3 | inventory = 0
[ 2024-08-06 15:57:25,672 ] 191 : Bought 6 shares at price 69,900 | Portfolio Value = 972,533.3 | Budget = 552,923.6 | inventory = 1
[ 2024-08-06 15:57:25,686 ] 192 : Bought 6 shares at price 70,300 | Portfolio Value = 972,323.6 | Budget = 130,912.7 | inventory = 2
[ 2024-08-06 15:57:25,702 ] 193 : Sold 6 shares at price 70,500 | Profit = 3,600 | Portfolio Value = 974,512.7 | Budget = 553,701.2 | inventory = 1
[ 2024-08-06 15:57:25,718 ] 194 : Sold 6 shares at price 70,400 | Profit = 600 | Portfolio Value = 976,701.2 | Budget = 975,890.0 | inventory = 0
[ 2024-08-06 15:57:25,744 ] 195 : Bought 6 shares at price 70,800 | Portfolio Value = 975,890.0 | Budget = 550,877.6 | inventory = 1
[ 2024-08-06 15:57:25,774 ] 196 : Bought 7 shares at price 72,200 | Portfolio Value = 975,677.6 | Budget = 45,224.9 | inventory = 2
[ 2024-08-06 15:57:25,847 ] 201 : Sold 6 shares at price 72,800 | Profit = 12,000 | Portfolio Value = 991,624.9 | Budget = 481,806.5 | inventory = 1
[ 2024-08-06 15:57:25,862 ] 202 : Sold 7 shares at price 72,400 | Profit = 1,400 | Portfolio Value = 991,406.5 | Budget = 988,353.1 | inventory = 0
[ 2024-08-06 15:57:25,876 ] 203 : Bought 2 shares at price 71,700 | Portfolio Value = 988,353.1 | Budget = 844,881.4 | inventory = 1
[ 2024-08-06 15:57:25,890 ] 204 : Bought 4 shares at price 71,300 | Portfolio Value = 988,281.4 | Budget = 559,538.8 | inventory = 2
[ 2024-08-06 15:57:25,903 ] 205 : Bought 2 shares at price 72,700 | Portfolio Value = 987,338.8 | Budget = 414,066.1 | inventory = 3
[ 2024-08-06 15:57:25,916 ] 206 : Bought 1 shares at price 72,700 | Portfolio Value = 995,666.1 | Budget = 341,329.75 | inventory = 4
[ 2024-08-06 15:57:25,930 ] 207 : Sold 2 shares at price 72,800 | Profit = 2,200 | Portfolio Value = 995,629.75 | Budget = 486,856.95 | inventory = 3
[ 2024-08-06 15:57:25,943 ] 208 : Sold 4 shares at price 72,000 | Profit = 2,800 | Portfolio Value = 996,456.95 | Budget = 774,712.95 | inventory = 2
[ 2024-08-06 15:57:25,968 ] 210 : Bought 4 shares at price 71,200 | Portfolio Value = 992,512.95 | Budget = 489,770.55 | inventory = 3
[ 2024-08-06 15:57:25,982 ] 211 : Bought 6 shares at price 71,700 | Portfolio Value = 988,170.55 | Budget = 59,355.45 | inventory = 4
[ 2024-08-06 15:57:26,049 ] 216 : Sold 2 shares at price 72,800 | Profit = 200 | Portfolio Value = 1,014,855.45 | Budget = 204,882.65 | inventory = 3
[ 2024-08-06 15:57:26,062 ] 217 : Bought 1 shares at price 73,100 | Portfolio Value = 1,005,682.65 | Budget = 131,746.1 | inventory = 4
[ 2024-08-06 15:57:26,074 ] 218 : Sold 1 shares at price 73,300 | Profit = 600 | Portfolio Value = 1,008,946.1 | Budget = 205,009.45 | inventory = 3
[ 2024-08-06 15:57:26,087 ] 219 : Sold 4 shares at price 72,900 | Profit = 6,800 | Portfolio Value = 1,011,309.45 | Budget = 496,463.65 | inventory = 2
[ 2024-08-06 15:57:26,100 ] 220 : Sold 6 shares at price 73,400 | Profit = 10,200 | Portfolio Value = 1,006,763.65 | Budget = 936,643.45 | inventory = 1
[ 2024-08-06 15:57:26,114 ] 221 : Sold 1 shares at price 74,800 | Profit = 1,700 | Portfolio Value = 1,010,043.45 | Budget = 1,011,406.05 | inventory = 0
[ 2024-08-06 15:57:26,128 ] 222 : Bought 9 shares at price 75,000 | Portfolio Value = 1,011,406.05 | Budget = 336,068.55 | inventory = 1
[ 2024-08-06 15:57:26,141 ] 223 : Bought 3 shares at price 75,900 | Portfolio Value = 1,011,068.55 | Budget = 108,254.7 | inventory = 2
[ 2024-08-06 15:57:26,154 ] 224 : Bought 1 shares at price 76,600 | Portfolio Value = 1,019,054.7 | Budget = 31,616.4 | inventory = 3
[ 2024-08-06 15:57:26,180 ] 226 : Sold 9 shares at price 78,500 | Profit = 31,500 | Portfolio Value = 1,045,616.4 | Budget = 737,763.15 | inventory = 2
[ 2024-08-06 15:57:26,296 ] 7 : Bought 7 shares at price 63,100 | Portfolio Value = 1,000,000.0 | Budget = 558,079.15 | inventory = 1
[ 2024-08-06 15:57:26,310 ] 8 : Bought 1 shares at price 63,000 | Portfolio Value = 999,779.15 | Budget = 495,047.65 | inventory = 2
[ 2024-08-06 15:57:26,325 ] 9 : Bought 4 shares at price 62,800 | Portfolio Value = 999,047.65 | Budget = 243,722.05 | inventory = 3
[ 2024-08-06 15:57:26,339 ] 10 : Sold 7 shares at price 62,900 | Profit = -1,400 | Portfolio Value = 997,322.05 | Budget = 683,801.9 | inventory = 2
[ 2024-08-06 15:57:26,353 ] 11 : Sold 1 shares at price 63,200 | Profit = 200 | Portfolio Value = 998,301.9 | Budget = 746,970.3 | inventory = 1
[ 2024-08-06 15:57:26,367 ] 12 : Sold 4 shares at price 62,200 | Profit = -2,400 | Portfolio Value = 999,770.3 | Budget = 995,645.9 | inventory = 0
[ 2024-08-06 15:57:26,407 ] 15 : Bought 5 shares at price 62,700 | Portfolio Value = 995,645.9 | Budget = 681,989.15 | inventory = 1
[ 2024-08-06 15:57:26,423 ] 16 : Sold 5 shares at price 62,100 | Profit = -3,000 | Portfolio Value = 995,489.15 | Budget = 992,333.9 | inventory = 0
[ 2024-08-06 15:57:26,497 ] 21 : Bought 14 shares at price 60,600 | Portfolio Value = 992,333.9 | Budget = 143,509.7 | inventory = 1
[ 2024-08-06 15:57:26,511 ] 22 : Bought 1 shares at price 60,800 | Portfolio Value = 991,909.7 | Budget = 82,679.3 | inventory = 2
[ 2024-08-06 15:57:26,525 ] 23 : Sold 14 shares at price 60,500 | Profit = -1,400 | Portfolio Value = 994,679.3 | Budget = 929,255.8 | inventory = 1
[ 2024-08-06 15:57:26,538 ] 24 : Sold 1 shares at price 61,500 | Profit = 700 | Portfolio Value = 989,755.8 | Budget = 990,725.05 | inventory = 0
[ 2024-08-06 15:57:26,552 ] 25 : Bought 15 shares at price 60,700 | Portfolio Value = 990,725.05 | Budget = 79,769.8 | inventory = 1
[ 2024-08-06 15:57:26,566 ] 26 : Bought 1 shares at price 60,300 | Portfolio Value = 990,269.8 | Budget = 19,439.65 | inventory = 2
[ 2024-08-06 15:57:26,579 ] 27 : Sold 15 shares at price 60,100 | Profit = -9,000 | Portfolio Value = 984,239.65 | Budget = 920,488.9 | inventory = 1
[ 2024-08-06 15:57:26,592 ] 28 : Bought 13 shares at price 59,500 | Portfolio Value = 980,588.9 | Budget = 146,602.15 | inventory = 2
[ 2024-08-06 15:57:26,605 ] 29 : Sold 1 shares at price 60,000 | Profit = -300 | Portfolio Value = 979,602.15 | Budget = 206,572.15 | inventory = 1
[ 2024-08-06 15:57:26,619 ] 30 : Sold 13 shares at price 59,000 | Profit = -6,500 | Portfolio Value = 986,572.15 | Budget = 973,188.65 | inventory = 0
[ 2024-08-06 15:57:26,632 ] 31 : Bought 14 shares at price 59,800 | Portfolio Value = 973,188.65 | Budget = 135,570.05 | inventory = 1
[ 2024-08-06 15:57:26,645 ] 32 : Sold 14 shares at price 59,900 | Profit = 1,400 | Portfolio Value = 972,770.05 | Budget = 973,750.75 | inventory = 0
[ 2024-08-06 15:57:26,685 ] 35 : Bought 1 shares at price 60,300 | Portfolio Value = 973,750.75 | Budget = 913,420.6 | inventory = 1
[ 2024-08-06 15:57:26,699 ] 36 : Bought 5 shares at price 61,100 | Portfolio Value = 973,720.6 | Budget = 607,767.85 | inventory = 2
[ 2024-08-06 15:57:26,712 ] 37 : Sold 1 shares at price 62,300 | Profit = 2,000 | Portfolio Value = 974,367.85 | Budget = 670,036.7 | inventory = 1
[ 2024-08-06 15:57:26,724 ] 38 : Sold 5 shares at price 63,000 | Profit = 9,500 | Portfolio Value = 981,536.7 | Budget = 984,879.2 | inventory = 0
[ 2024-08-06 15:57:26,776 ] 42 : Bought 14 shares at price 63,200 | Portfolio Value = 984,879.2 | Budget = 99,636.8 | inventory = 1
[ 2024-08-06 15:57:26,789 ] 43 : Bought 1 shares at price 64,000 | Portfolio Value = 984,436.8 | Budget = 35,604.8 | inventory = 2
[ 2024-08-06 15:57:26,802 ] 44 : Sold 14 shares at price 63,100 | Profit = -1,400 | Portfolio Value = 995,604.8 | Budget = 918,563.1 | inventory = 1
[ 2024-08-06 15:57:26,815 ] 45 : Sold 1 shares at price 63,600 | Profit = -400 | Portfolio Value = 981,663.1 | Budget = 982,131.3 | inventory = 0
[ 2024-08-06 15:57:26,828 ] 46 : Bought 11 shares at price 63,900 | Portfolio Value = 982,131.3 | Budget = 278,879.85 | inventory = 1
[ 2024-08-06 15:57:26,841 ] 47 : Sold 11 shares at price 62,300 | Profit = -17,600 | Portfolio Value = 981,779.85 | Budget = 963,837.2 | inventory = 0
[ 2024-08-06 15:57:26,868 ] 49 : Bought 3 shares at price 65,700 | Portfolio Value = 963,837.2 | Budget = 766,638.65 | inventory = 1
[ 2024-08-06 15:57:26,881 ] 50 : Bought 8 shares at price 65,900 | Portfolio Value = 963,738.65 | Budget = 239,175.05 | inventory = 2
[ 2024-08-06 15:57:26,893 ] 51 : Bought 1 shares at price 66,000 | Portfolio Value = 964,075.05 | Budget = 173,142.05 | inventory = 3
[ 2024-08-06 15:57:26,907 ] 52 : Sold 3 shares at price 66,100 | Profit = 1,200 | Portfolio Value = 965,142.05 | Budget = 371,342.9 | inventory = 2
[ 2024-08-06 15:57:26,920 ] 53 : Sold 8 shares at price 65,100 | Profit = -6,400 | Portfolio Value = 966,242.9 | Budget = 891,882.5 | inventory = 1
[ 2024-08-06 15:57:26,945 ] 55 : Bought 5 shares at price 65,600 | Portfolio Value = 957,182.5 | Budget = 563,718.5 | inventory = 2
[ 2024-08-06 15:57:26,959 ] 56 : Sold 1 shares at price 65,500 | Profit = -500 | Portfolio Value = 957,318.5 | Budget = 629,185.75 | inventory = 1
[ 2024-08-06 15:57:26,973 ] 57 : Sold 5 shares at price 65,300 | Profit = -1,500 | Portfolio Value = 956,685.75 | Budget = 955,522.5 | inventory = 0
[ 2024-08-06 15:57:26,986 ] 58 : Bought 1 shares at price 65,700 | Portfolio Value = 955,522.5 | Budget = 889,789.65 | inventory = 1
[ 2024-08-06 15:57:26,999 ] 59 : Bought 10 shares at price 65,200 | Portfolio Value = 955,489.65 | Budget = 237,463.65 | inventory = 2
[ 2024-08-06 15:57:27,013 ] 60 : Bought 2 shares at price 63,600 | Portfolio Value = 954,663.65 | Budget = 110,200.05 | inventory = 3
[ 2024-08-06 15:57:27,026 ] 61 : Sold 1 shares at price 64,100 | Profit = -1,600 | Portfolio Value = 937,000.05 | Budget = 174,268.0 | inventory = 2
[ 2024-08-06 15:57:27,039 ] 62 : Sold 10 shares at price 64,600 | Profit = -6,000 | Portfolio Value = 943,468.0 | Budget = 819,945.0 | inventory = 1
[ 2024-08-06 15:57:27,067 ] 64 : Bought 2 shares at price 65,700 | Portfolio Value = 950,945.0 | Budget = 688,479.3 | inventory = 2
[ 2024-08-06 15:57:27,080 ] 65 : Bought 6 shares at price 65,400 | Portfolio Value = 951,279.3 | Budget = 295,883.1 | inventory = 3
[ 2024-08-06 15:57:27,092 ] 66 : Sold 2 shares at price 65,100 | Profit = 3,000 | Portfolio Value = 949,883.1 | Budget = 426,018.0 | inventory = 2
[ 2024-08-06 15:57:27,105 ] 67 : Sold 2 shares at price 65,900 | Profit = 400 | Portfolio Value = 946,818.0 | Budget = 557,752.1 | inventory = 1
[ 2024-08-06 15:57:27,119 ] 68 : Bought 6 shares at price 65,300 | Portfolio Value = 953,152.1 | Budget = 165,756.2 | inventory = 2
[ 2024-08-06 15:57:27,133 ] 69 : Sold 6 shares at price 64,600 | Profit = -4,800 | Portfolio Value = 949,356.2 | Budget = 553,162.4 | inventory = 1
[ 2024-08-06 15:57:27,146 ] 70 : Sold 6 shares at price 64,200 | Profit = -6,600 | Portfolio Value = 940,762.4 | Budget = 938,169.8 | inventory = 0
[ 2024-08-06 15:57:27,200 ] 74 : Bought 10 shares at price 65,000 | Portfolio Value = 938,169.8 | Budget = 287,844.8 | inventory = 1
[ 2024-08-06 15:57:27,213 ] 75 : Sold 10 shares at price 66,200 | Profit = 12,000 | Portfolio Value = 937,844.8 | Budget = 949,513.8 | inventory = 0
[ 2024-08-06 15:57:27,227 ] 76 : Bought 2 shares at price 68,400 | Portfolio Value = 949,513.8 | Budget = 812,645.4 | inventory = 1
[ 2024-08-06 15:57:27,242 ] 77 : Bought 4 shares at price 68,500 | Portfolio Value = 949,445.4 | Budget = 538,508.4 | inventory = 2
[ 2024-08-06 15:57:27,258 ] 78 : Sold 2 shares at price 68,400 | Profit = 0 | Portfolio Value = 949,508.4 | Budget = 675,240.0 | inventory = 1
[ 2024-08-06 15:57:27,272 ] 79 : Sold 4 shares at price 68,500 | Profit = 0 | Portfolio Value = 948,840.0 | Budget = 949,103.0 | inventory = 0
[ 2024-08-06 15:57:27,364 ] 86 : Bought 7 shares at price 71,700 | Portfolio Value = 949,103.0 | Budget = 446,952.05 | inventory = 1
[ 2024-08-06 15:57:27,378 ] 87 : Bought 1 shares at price 71,000 | Portfolio Value = 948,852.05 | Budget = 375,916.55 | inventory = 2
[ 2024-08-06 15:57:27,391 ] 88 : Bought 4 shares at price 70,900 | Portfolio Value = 943,916.55 | Budget = 92,174.75 | inventory = 3
[ 2024-08-06 15:57:27,405 ] 89 : Sold 7 shares at price 72,000 | Profit = 2,100 | Portfolio Value = 942,974.75 | Budget = 595,922.75 | inventory = 2
[ 2024-08-06 15:57:27,418 ] 90 : Sold 1 shares at price 71,000 | Profit = 0 | Portfolio Value = 955,922.75 | Budget = 666,887.25 | inventory = 1
[ 2024-08-06 15:57:27,432 ] 91 : Bought 2 shares at price 72,000 | Portfolio Value = 950,887.25 | Budget = 522,815.25 | inventory = 2
[ 2024-08-06 15:57:27,445 ] 92 : Bought 1 shares at price 71,900 | Portfolio Value = 954,815.25 | Budget = 450,879.3 | inventory = 3
[ 2024-08-06 15:57:27,458 ] 93 : Sold 4 shares at price 71,500 | Profit = 2,400 | Portfolio Value = 954,179.3 | Budget = 736,736.3 | inventory = 2
[ 2024-08-06 15:57:27,471 ] 94 : Sold 2 shares at price 71,800 | Profit = -400 | Portfolio Value = 951,236.3 | Budget = 880,264.5 | inventory = 1
[ 2024-08-06 15:57:27,485 ] 95 : Bought 2 shares at price 71,200 | Portfolio Value = 952,064.5 | Budget = 737,793.3 | inventory = 2
[ 2024-08-06 15:57:27,499 ] 96 : Sold 1 shares at price 71,400 | Profit = -500 | Portfolio Value = 951,393.3 | Budget = 809,157.6 | inventory = 1
[ 2024-08-06 15:57:27,513 ] 97 : Sold 2 shares at price 70,500 | Profit = -1,400 | Portfolio Value = 951,957.6 | Budget = 950,087.1 | inventory = 0
[ 2024-08-06 15:57:27,526 ] 98 : Bought 5 shares at price 71,300 | Portfolio Value = 950,087.1 | Budget = 593,408.85 | inventory = 1
[ 2024-08-06 15:57:27,539 ] 99 : Bought 1 shares at price 71,600 | Portfolio Value = 949,908.85 | Budget = 521,773.05 | inventory = 2
[ 2024-08-06 15:57:27,553 ] 100 : Bought 4 shares at price 72,400 | Portfolio Value = 951,373.05 | Budget = 232,028.25 | inventory = 3
[ 2024-08-06 15:57:27,567 ] 101 : Sold 5 shares at price 72,600 | Profit = 6,500 | Portfolio Value = 956,028.25 | Budget = 594,846.75 | inventory = 2
[ 2024-08-06 15:57:27,579 ] 102 : Bought 2 shares at price 72,700 | Portfolio Value = 957,846.75 | Budget = 449,374.05 | inventory = 3
[ 2024-08-06 15:57:27,592 ] 103 : Sold 1 shares at price 72,400 | Profit = 800 | Portfolio Value = 958,274.05 | Budget = 521,737.85 | inventory = 2
[ 2024-08-06 15:57:27,604 ] 104 : Bought 6 shares at price 72,200 | Portfolio Value = 956,137.85 | Budget = 88,321.25 | inventory = 3
[ 2024-08-06 15:57:27,617 ] 105 : Bought 1 shares at price 73,000 | Portfolio Value = 954,721.25 | Budget = 15,284.75 | inventory = 4
[ 2024-08-06 15:57:27,642 ] 107 : Sold 4 shares at price 72,000 | Profit = -1,600 | Portfolio Value = 964,284.75 | Budget = 303,140.75 | inventory = 3
[ 2024-08-06 15:57:27,656 ] 108 : Sold 2 shares at price 71,600 | Profit = -2,200 | Portfolio Value = 951,140.75 | Budget = 446,269.15 | inventory = 2
[ 2024-08-06 15:57:27,669 ] 109 : Sold 6 shares at price 69,900 | Profit = -13,800 | Portfolio Value = 947,469.15 | Budget = 865,459.45 | inventory = 1
[ 2024-08-06 15:57:27,682 ] 110 : Bought 12 shares at price 69,500 | Portfolio Value = 935,359.45 | Budget = 31,042.45 | inventory = 2
[ 2024-08-06 15:57:27,734 ] 114 : Sold 1 shares at price 73,400 | Profit = 400 | Portfolio Value = 965,742.45 | Budget = 104,405.75 | inventory = 1
[ 2024-08-06 15:57:27,748 ] 115 : Sold 12 shares at price 73,300 | Profit = 45,600 | Portfolio Value = 985,205.75 | Budget = 983,565.95 | inventory = 0
[ 2024-08-06 15:57:27,761 ] 116 : Bought 8 shares at price 72,000 | Portfolio Value = 983,565.95 | Budget = 407,277.95 | inventory = 1
[ 2024-08-06 15:57:27,774 ] 117 : Sold 8 shares at price 71,700 | Profit = -2,400 | Portfolio Value = 983,277.95 | Budget = 980,591.15 | inventory = 0
[ 2024-08-06 15:57:27,788 ] 118 : Bought 6 shares at price 71,000 | Portfolio Value = 980,591.15 | Budget = 554,378.15 | inventory = 1
[ 2024-08-06 15:57:27,801 ] 119 : Bought 2 shares at price 70,300 | Portfolio Value = 980,378.15 | Budget = 413,707.85 | inventory = 2
[ 2024-08-06 15:57:27,814 ] 120 : Sold 6 shares at price 70,400 | Profit = -3,600 | Portfolio Value = 976,107.85 | Budget = 835,896.65 | inventory = 1
[ 2024-08-06 15:57:27,827 ] 121 : Bought 3 shares at price 70,000 | Portfolio Value = 976,696.65 | Budget = 625,791.65 | inventory = 2
[ 2024-08-06 15:57:27,841 ] 122 : Sold 2 shares at price 69,800 | Profit = -1,000 | Portfolio Value = 975,791.65 | Budget = 765,321.85 | inventory = 1
[ 2024-08-06 15:57:27,854 ] 123 : Sold 3 shares at price 71,700 | Profit = 5,100 | Portfolio Value = 974,721.85 | Budget = 980,314.3 | inventory = 0
[ 2024-08-06 15:57:27,880 ] 125 : Bought 1 shares at price 69,800 | Portfolio Value = 980,314.3 | Budget = 910,479.4 | inventory = 1
[ 2024-08-06 15:57:27,894 ] 126 : Sold 1 shares at price 71,100 | Profit = 1,300 | Portfolio Value = 980,279.4 | Budget = 981,543.85 | inventory = 0
[ 2024-08-06 15:57:28,016 ] 135 : Bought 5 shares at price 67,300 | Portfolio Value = 981,543.85 | Budget = 644,875.6 | inventory = 1
[ 2024-08-06 15:57:28,057 ] 138 : Bought 4 shares at price 66,300 | Portfolio Value = 978,375.6 | Budget = 379,543.0 | inventory = 2
[ 2024-08-06 15:57:28,084 ] 140 : Bought 5 shares at price 66,600 | Portfolio Value = 978,943.0 | Budget = 46,376.5 | inventory = 3
[ 2024-08-06 15:57:28,124 ] 143 : Sold 5 shares at price 67,100 | Profit = -1,000 | Portfolio Value = 1,001,176.5 | Budget = 381,708.75 | inventory = 2
[ 2024-08-06 15:57:28,137 ] 144 : Bought 3 shares at price 66,800 | Portfolio Value = 985,608.75 | Budget = 181,208.55 | inventory = 3
[ 2024-08-06 15:57:28,151 ] 145 : Bought 2 shares at price 66,800 | Portfolio Value = 982,808.55 | Budget = 47,541.75 | inventory = 4
[ 2024-08-06 15:57:28,204 ] 149 : Sold 4 shares at price 71,200 | Profit = 19,600 | Portfolio Value = 1,041,541.75 | Budget = 332,199.35 | inventory = 3
[ 2024-08-06 15:57:28,217 ] 150 : Bought 2 shares at price 70,700 | Portfolio Value = 1,044,199.35 | Budget = 190,728.65 | inventory = 4
[ 2024-08-06 15:57:28,232 ] 151 : Bought 1 shares at price 70,000 | Portfolio Value = 1,039,128.65 | Budget = 120,693.65 | inventory = 5
[ 2024-08-06 15:57:28,258 ] 153 : Bought 1 shares at price 70,300 | Portfolio Value = 1,035,893.65 | Budget = 50,358.5 | inventory = 6
[ 2024-08-06 15:57:28,270 ] 154 : Sold 5 shares at price 70,800 | Profit = 21,000 | Portfolio Value = 1,034,558.5 | Budget = 404,181.5 | inventory = 5
[ 2024-08-06 15:57:28,284 ] 155 : Bought 1 shares at price 70,500 | Portfolio Value = 1,041,381.5 | Budget = 333,646.25 | inventory = 6
[ 2024-08-06 15:57:28,298 ] 156 : Sold 3 shares at price 70,900 | Profit = 12,300 | Portfolio Value = 1,038,646.25 | Budget = 546,239.9 | inventory = 5
[ 2024-08-06 15:57:28,311 ] 157 : Sold 2 shares at price 71,700 | Profit = 9,800 | Portfolio Value = 1,042,539.9 | Budget = 689,568.2 | inventory = 4
[ 2024-08-06 15:57:28,324 ] 158 : Sold 2 shares at price 72,000 | Profit = 2,600 | Portfolio Value = 1,048,068.2 | Budget = 833,496.2 | inventory = 3
[ 2024-08-06 15:57:28,337 ] 159 : Bought 3 shares at price 70,200 | Portfolio Value = 1,049,496.2 | Budget = 622,790.9 | inventory = 4
[ 2024-08-06 15:57:28,350 ] 160 : Sold 1 shares at price 69,800 | Profit = -200 | Portfolio Value = 1,043,990.9 | Budget = 692,556.0 | inventory = 3
[ 2024-08-06 15:57:28,363 ] 161 : Sold 1 shares at price 69,600 | Profit = -700 | Portfolio Value = 1,041,556.0 | Budget = 762,121.2 | inventory = 2
[ 2024-08-06 15:57:28,376 ] 162 : Bought 6 shares at price 68,900 | Portfolio Value = 1,040,521.2 | Budget = 348,514.5 | inventory = 3
[ 2024-08-06 15:57:28,389 ] 163 : Sold 1 shares at price 68,800 | Profit = -1,700 | Portfolio Value = 1,037,514.5 | Budget = 417,280.1 | inventory = 2
[ 2024-08-06 15:57:28,403 ] 164 : Sold 3 shares at price 69,400 | Profit = -2,400 | Portfolio Value = 1,036,480.1 | Budget = 625,376.0 | inventory = 1
[ 2024-08-06 15:57:28,443 ] 167 : Sold 6 shares at price 67,500 | Profit = -8,400 | Portfolio Value = 1,035,776.0 | Budget = 1,030,173.5 | inventory = 0
[ 2024-08-06 15:57:28,493 ] 171 : Bought 2 shares at price 68,200 | Portfolio Value = 1,030,173.5 | Budget = 893,705.3 | inventory = 1
[ 2024-08-06 15:57:28,507 ] 172 : Bought 5 shares at price 68,900 | Portfolio Value = 1,030,105.3 | Budget = 549,033.05 | inventory = 2
[ 2024-08-06 15:57:28,519 ] 173 : Sold 2 shares at price 68,000 | Profit = -400 | Portfolio Value = 1,031,333.05 | Budget = 684,965.05 | inventory = 1
[ 2024-08-06 15:57:28,532 ] 174 : Sold 5 shares at price 67,300 | Profit = -8,000 | Portfolio Value = 1,024,965.05 | Budget = 1,021,296.8 | inventory = 0
[ 2024-08-06 15:57:28,615 ] 180 : Bought 1 shares at price 68,500 | Portfolio Value = 1,021,296.8 | Budget = 952,762.55 | inventory = 1
[ 2024-08-06 15:57:28,628 ] 181 : Bought 11 shares at price 68,000 | Portfolio Value = 1,021,262.55 | Budget = 204,388.55 | inventory = 2
[ 2024-08-06 15:57:28,641 ] 182 : Bought 1 shares at price 66,700 | Portfolio Value = 1,020,388.55 | Budget = 137,655.2 | inventory = 3
[ 2024-08-06 15:57:28,670 ] 184 : Bought 1 shares at price 67,300 | Portfolio Value = 1,012,555.2 | Budget = 70,321.55 | inventory = 4
[ 2024-08-06 15:57:28,684 ] 185 : Bought 1 shares at price 66,900 | Portfolio Value = 1,012,521.55 | Budget = 3,388.1 | inventory = 5
[ 2024-08-06 15:57:28,723 ] 188 : Sold 1 shares at price 69,600 | Profit = 1,100 | Portfolio Value = 1,048,888.1 | Budget = 72,953.3 | inventory = 4
[ 2024-08-06 15:57:28,753 ] 190 : Sold 11 shares at price 70,900 | Profit = 31,900 | Portfolio Value = 1,065,553.3 | Budget = 852,463.35 | inventory = 3
[ 2024-08-06 15:57:28,766 ] 191 : Sold 1 shares at price 69,900 | Profit = 3,200 | Portfolio Value = 1,065,163.35 | Budget = 922,328.4 | inventory = 2
[ 2024-08-06 15:57:28,779 ] 192 : Sold 1 shares at price 70,300 | Profit = 3,000 | Portfolio Value = 1,062,128.4 | Budget = 992,593.25 | inventory = 1
[ 2024-08-06 15:57:28,792 ] 193 : Bought 1 shares at price 70,500 | Portfolio Value = 1,062,893.25 | Budget = 922,058.0 | inventory = 2
[ 2024-08-06 15:57:28,806 ] 194 : Sold 1 shares at price 70,400 | Profit = 3,500 | Portfolio Value = 1,063,058.0 | Budget = 992,422.8 | inventory = 1
[ 2024-08-06 15:57:28,819 ] 195 : Sold 1 shares at price 70,800 | Profit = 300 | Portfolio Value = 1,062,822.8 | Budget = 1,063,187.4 | inventory = 0
[ 2024-08-06 15:57:28,859 ] 198 : Bought 6 shares at price 72,500 | Portfolio Value = 1,063,187.4 | Budget = 627,969.9 | inventory = 1
[ 2024-08-06 15:57:28,887 ] 200 : Bought 7 shares at price 72,800 | Portfolio Value = 1,064,169.9 | Budget = 118,115.1 | inventory = 2
[ 2024-08-06 15:57:28,901 ] 201 : Bought 1 shares at price 72,800 | Portfolio Value = 1,064,515.1 | Budget = 45,278.7 | inventory = 3
[ 2024-08-06 15:57:28,915 ] 202 : Sold 6 shares at price 72,400 | Profit = -600 | Portfolio Value = 1,064,478.7 | Budget = 479,461.5 | inventory = 2
[ 2024-08-06 15:57:28,928 ] 203 : Bought 3 shares at price 71,700 | Portfolio Value = 1,058,661.5 | Budget = 264,253.95 | inventory = 3
[ 2024-08-06 15:57:28,942 ] 204 : Bought 1 shares at price 71,300 | Portfolio Value = 1,052,953.95 | Budget = 192,918.3 | inventory = 4
[ 2024-08-06 15:57:28,955 ] 205 : Sold 7 shares at price 72,700 | Profit = -700 | Portfolio Value = 1,048,518.3 | Budget = 701,563.85 | inventory = 3
[ 2024-08-06 15:57:28,969 ] 206 : Bought 2 shares at price 72,700 | Portfolio Value = 1,065,063.85 | Budget = 556,091.15 | inventory = 4
[ 2024-08-06 15:57:28,982 ] 207 : Bought 6 shares at price 72,800 | Portfolio Value = 1,064,991.15 | Budget = 119,072.75 | inventory = 5
[ 2024-08-06 15:57:28,995 ] 208 : Sold 1 shares at price 72,000 | Profit = -800 | Portfolio Value = 1,065,472.75 | Budget = 191,036.75 | inventory = 4
[ 2024-08-06 15:57:29,009 ] 209 : Bought 1 shares at price 72,600 | Portfolio Value = 1,055,036.75 | Budget = 118,400.45 | inventory = 5
[ 2024-08-06 15:57:29,022 ] 210 : Sold 3 shares at price 71,200 | Profit = -1,500 | Portfolio Value = 1,062,200.45 | Budget = 331,893.65 | inventory = 4
[ 2024-08-06 15:57:29,048 ] 212 : Bought 1 shares at price 71,500 | Portfolio Value = 1,048,893.65 | Budget = 260,357.9 | inventory = 5
[ 2024-08-06 15:57:29,062 ] 213 : Bought 2 shares at price 72,600 | Portfolio Value = 1,046,857.9 | Budget = 115,085.3 | inventory = 6
[ 2024-08-06 15:57:29,076 ] 214 : Bought 1 shares at price 73,000 | Portfolio Value = 1,058,885.3 | Budget = 42,048.8 | inventory = 7
[ 2024-08-06 15:57:29,116 ] 217 : Sold 1 shares at price 73,100 | Profit = 1,800 | Portfolio Value = 1,061,248.8 | Budget = 115,112.25 | inventory = 6
[ 2024-08-06 15:57:29,129 ] 218 : Sold 2 shares at price 73,300 | Profit = 1,200 | Portfolio Value = 1,065,412.25 | Budget = 261,638.95 | inventory = 5
[ 2024-08-06 15:57:29,142 ] 219 : Bought 3 shares at price 72,900 | Portfolio Value = 1,067,938.95 | Budget = 42,829.6 | inventory = 6
[ 2024-08-06 15:57:29,156 ] 220 : Sold 6 shares at price 73,400 | Profit = 3,600 | Portfolio Value = 1,063,429.6 | Budget = 483,009.4 | inventory = 5
[ 2024-08-06 15:57:29,170 ] 221 : Bought 5 shares at price 74,800 | Portfolio Value = 1,070,209.4 | Budget = 108,822.4 | inventory = 6
[ 2024-08-06 15:57:29,183 ] 222 : Sold 1 shares at price 75,000 | Profit = 2,400 | Portfolio Value = 1,081,222.4 | Budget = 183,784.9 | inventory = 5
[ 2024-08-06 15:57:29,196 ] 223 : Bought 1 shares at price 75,900 | Portfolio Value = 1,083,784.9 | Budget = 107,846.95 | inventory = 6
[ 2024-08-06 15:57:29,210 ] 224 : Sold 1 shares at price 76,600 | Profit = 5,100 | Portfolio Value = 1,094,546.95 | Budget = 184,408.65 | inventory = 5
[ 2024-08-06 15:57:29,237 ] 226 : Bought 2 shares at price 78,500 | Portfolio Value = 1,120,408.65 | Budget = 27,330.15 | inventory = 6
[ 2024-08-06 15:57:29,290 ] 4 : Bought 11 shares at price 63,800 | Portfolio Value = 1,000,000.0 | Budget = 297,849.1 | inventory = 1
[ 2024-08-06 15:57:29,316 ] 6 : Sold 11 shares at price 61,900 | Profit = -20,900 | Portfolio Value = 975,449.1 | Budget = 978,408.65 | inventory = 0
[ 2024-08-06 15:57:29,343 ] 8 : Bought 3 shares at price 63,000 | Portfolio Value = 978,408.65 | Budget = 789,314.15 | inventory = 1
[ 2024-08-06 15:57:29,357 ] 9 : Bought 7 shares at price 62,800 | Portfolio Value = 978,314.15 | Budget = 349,494.35 | inventory = 2
[ 2024-08-06 15:57:29,370 ] 10 : Sold 3 shares at price 62,900 | Profit = -300 | Portfolio Value = 977,494.35 | Budget = 538,100.0 | inventory = 1
[ 2024-08-06 15:57:29,383 ] 11 : Sold 7 shares at price 63,200 | Profit = 2,800 | Portfolio Value = 978,400.0 | Budget = 980,278.8 | inventory = 0
[ 2024-08-06 15:57:29,397 ] 12 : Bought 11 shares at price 62,200 | Portfolio Value = 980,278.8 | Budget = 295,736.7 | inventory = 1
[ 2024-08-06 15:57:29,410 ] 13 : Bought 2 shares at price 63,700 | Portfolio Value = 979,936.7 | Budget = 168,273.0 | inventory = 2
[ 2024-08-06 15:57:29,424 ] 14 : Bought 2 shares at price 62,600 | Portfolio Value = 996,373.0 | Budget = 43,010.4 | inventory = 3
[ 2024-08-06 15:57:29,437 ] 15 : Sold 11 shares at price 62,700 | Profit = 5,500 | Portfolio Value = 982,010.4 | Budget = 732,365.55 | inventory = 2
[ 2024-08-06 15:57:29,451 ] 16 : Bought 11 shares at price 62,100 | Portfolio Value = 983,165.55 | Budget = 48,924.0 | inventory = 3
[ 2024-08-06 15:57:29,503 ] 20 : Sold 2 shares at price 60,500 | Profit = -6,400 | Portfolio Value = 968,424.0 | Budget = 169,863.5 | inventory = 2
[ 2024-08-06 15:57:29,516 ] 21 : Bought 2 shares at price 60,600 | Portfolio Value = 956,363.5 | Budget = 48,602.9 | inventory = 3
[ 2024-08-06 15:57:29,544 ] 23 : Sold 2 shares at price 60,500 | Profit = -4,200 | Portfolio Value = 960,602.9 | Budget = 169,542.4 | inventory = 2
[ 2024-08-06 15:57:29,571 ] 25 : Bought 2 shares at price 60,700 | Portfolio Value = 969,042.4 | Budget = 48,081.7 | inventory = 3
[ 2024-08-06 15:57:29,611 ] 28 : Sold 11 shares at price 59,500 | Profit = -28,600 | Portfolio Value = 949,581.7 | Budget = 702,254.45 | inventory = 2
[ 2024-08-06 15:57:29,624 ] 29 : Bought 8 shares at price 60,000 | Portfolio Value = 940,254.45 | Budget = 222,014.45 | inventory = 3
[ 2024-08-06 15:57:29,637 ] 30 : Sold 2 shares at price 59,000 | Profit = -3,200 | Portfolio Value = 942,014.45 | Budget = 339,955.45 | inventory = 2
[ 2024-08-06 15:57:29,651 ] 31 : Bought 1 shares at price 59,800 | Portfolio Value = 929,955.45 | Budget = 280,125.55 | inventory = 3
[ 2024-08-06 15:57:29,665 ] 32 : Bought 2 shares at price 59,900 | Portfolio Value = 937,925.55 | Budget = 160,265.65 | inventory = 4
[ 2024-08-06 15:57:29,678 ] 33 : Sold 2 shares at price 61,300 | Profit = 1,200 | Portfolio Value = 938,965.65 | Budget = 282,804.35 | inventory = 3
[ 2024-08-06 15:57:29,691 ] 34 : Bought 2 shares at price 60,200 | Portfolio Value = 957,104.35 | Budget = 162,344.15 | inventory = 4
[ 2024-08-06 15:57:29,704 ] 35 : Bought 1 shares at price 60,300 | Portfolio Value = 944,944.15 | Budget = 102,014.0 | inventory = 5
[ 2024-08-06 15:57:29,717 ] 36 : Sold 8 shares at price 61,100 | Profit = 8,800 | Portfolio Value = 946,214.0 | Budget = 590,569.6 | inventory = 4
[ 2024-08-06 15:57:29,729 ] 37 : Sold 1 shares at price 62,300 | Profit = 2,500 | Portfolio Value = 957,169.6 | Budget = 652,838.45 | inventory = 3
[ 2024-08-06 15:57:29,743 ] 38 : Bought 8 shares at price 63,000 | Portfolio Value = 964,338.45 | Budget = 148,586.45 | inventory = 4
[ 2024-08-06 15:57:29,757 ] 39 : Sold 2 shares at price 62,100 | Profit = 4,400 | Portfolio Value = 967,586.45 | Budget = 272,724.35 | inventory = 3
[ 2024-08-06 15:57:29,770 ] 40 : Sold 2 shares at price 62,900 | Profit = 5,400 | Portfolio Value = 955,824.35 | Budget = 398,461.45 | inventory = 2
[ 2024-08-06 15:57:29,797 ] 42 : Sold 1 shares at price 63,200 | Profit = 2,900 | Portfolio Value = 962,761.45 | Budget = 461,629.85 | inventory = 1
[ 2024-08-06 15:57:29,810 ] 43 : Sold 8 shares at price 64,000 | Profit = 8,000 | Portfolio Value = 967,229.85 | Budget = 973,373.85 | inventory = 0
[ 2024-08-06 15:57:29,836 ] 45 : Bought 1 shares at price 63,600 | Portfolio Value = 973,373.85 | Budget = 909,742.05 | inventory = 1
[ 2024-08-06 15:57:29,850 ] 46 : Sold 1 shares at price 63,900 | Profit = 300 | Portfolio Value = 973,342.05 | Budget = 973,610.1 | inventory = 0
[ 2024-08-06 15:57:29,926 ] 52 : Bought 4 shares at price 66,100 | Portfolio Value = 973,610.1 | Budget = 709,077.9 | inventory = 1
[ 2024-08-06 15:57:29,940 ] 53 : Bought 8 shares at price 65,100 | Portfolio Value = 973,477.9 | Budget = 188,017.5 | inventory = 2
[ 2024-08-06 15:57:29,954 ] 54 : Sold 4 shares at price 65,300 | Profit = -3,200 | Portfolio Value = 969,217.5 | Budget = 449,086.9 | inventory = 1
[ 2024-08-06 15:57:29,968 ] 55 : Sold 8 shares at price 65,600 | Profit = 4,000 | Portfolio Value = 971,486.9 | Budget = 973,624.5 | inventory = 0
[ 2024-08-06 15:57:30,024 ] 59 : Bought 5 shares at price 65,200 | Portfolio Value = 973,624.5 | Budget = 647,461.5 | inventory = 1
[ 2024-08-06 15:57:30,037 ] 60 : Bought 5 shares at price 63,600 | Portfolio Value = 973,461.5 | Budget = 329,302.5 | inventory = 2
[ 2024-08-06 15:57:30,050 ] 61 : Bought 2 shares at price 64,100 | Portfolio Value = 965,302.5 | Budget = 201,038.4 | inventory = 3
[ 2024-08-06 15:57:30,076 ] 63 : Sold 5 shares at price 65,500 | Profit = 1,500 | Portfolio Value = 976,238.4 | Budget = 528,374.65 | inventory = 2
[ 2024-08-06 15:57:30,090 ] 64 : Sold 5 shares at price 65,700 | Profit = 10,500 | Portfolio Value = 986,874.65 | Budget = 856,710.4 | inventory = 1
[ 2024-08-06 15:57:30,103 ] 65 : Sold 2 shares at price 65,400 | Profit = 2,600 | Portfolio Value = 988,110.4 | Budget = 987,445.0 | inventory = 0
[ 2024-08-06 15:57:30,116 ] 66 : Bought 2 shares at price 65,100 | Portfolio Value = 987,445.0 | Budget = 857,179.9 | inventory = 1
[ 2024-08-06 15:57:30,130 ] 67 : Sold 2 shares at price 65,900 | Profit = 1,600 | Portfolio Value = 987,379.9 | Budget = 988,914.0 | inventory = 0
[ 2024-08-06 15:57:30,170 ] 70 : Bought 7 shares at price 64,200 | Portfolio Value = 988,914.0 | Budget = 539,289.3 | inventory = 1
[ 2024-08-06 15:57:30,183 ] 71 : Sold 7 shares at price 64,100 | Profit = -700 | Portfolio Value = 988,689.3 | Budget = 987,764.95 | inventory = 0
[ 2024-08-06 15:57:30,195 ] 72 : Bought 6 shares at price 64,500 | Portfolio Value = 987,764.95 | Budget = 600,571.45 | inventory = 1
[ 2024-08-06 15:57:30,208 ] 73 : Bought 1 shares at price 65,400 | Portfolio Value = 987,571.45 | Budget = 535,138.75 | inventory = 2
[ 2024-08-06 15:57:30,220 ] 74 : Sold 6 shares at price 65,000 | Profit = 3,000 | Portfolio Value = 992,938.75 | Budget = 924,943.75 | inventory = 1
[ 2024-08-06 15:57:30,233 ] 75 : Sold 1 shares at price 66,200 | Profit = 800 | Portfolio Value = 989,943.75 | Budget = 991,110.65 | inventory = 0
[ 2024-08-06 15:57:30,259 ] 77 : Bought 10 shares at price 68,500 | Portfolio Value = 991,110.65 | Budget = 305,768.15 | inventory = 1
[ 2024-08-06 15:57:30,272 ] 78 : Sold 10 shares at price 68,400 | Profit = -1,000 | Portfolio Value = 990,768.15 | Budget = 989,426.15 | inventory = 0
[ 2024-08-06 15:57:30,285 ] 79 : Bought 2 shares at price 68,500 | Portfolio Value = 989,426.15 | Budget = 852,357.65 | inventory = 1
[ 2024-08-06 15:57:30,298 ] 80 : Bought 5 shares at price 68,800 | Portfolio Value = 989,357.65 | Budget = 508,185.65 | inventory = 2
[ 2024-08-06 15:57:30,310 ] 81 : Sold 2 shares at price 70,300 | Profit = 3,600 | Portfolio Value = 989,785.65 | Budget = 648,715.35 | inventory = 1
[ 2024-08-06 15:57:30,323 ] 82 : Bought 6 shares at price 72,300 | Portfolio Value = 1,000,215.35 | Budget = 214,698.45 | inventory = 2
[ 2024-08-06 15:57:30,349 ] 84 : Bought 3 shares at price 70,900 | Portfolio Value = 1,000,098.45 | Budget = 1,892.1 | inventory = 3
[ 2024-08-06 15:57:30,375 ] 86 : Sold 5 shares at price 71,700 | Profit = 14,500 | Portfolio Value = 1,012,692.1 | Budget = 360,212.85 | inventory = 2
[ 2024-08-06 15:57:30,389 ] 87 : Bought 2 shares at price 71,000 | Portfolio Value = 1,005,512.85 | Budget = 218,141.85 | inventory = 3
[ 2024-08-06 15:57:30,402 ] 88 : Sold 6 shares at price 70,900 | Profit = -8,400 | Portfolio Value = 999,141.85 | Budget = 643,329.15 | inventory = 2
[ 2024-08-06 15:57:30,416 ] 89 : Bought 6 shares at price 72,000 | Portfolio Value = 997,829.15 | Budget = 211,113.15 | inventory = 3
[ 2024-08-06 15:57:30,430 ] 90 : Sold 3 shares at price 71,000 | Profit = 300 | Portfolio Value = 1,003,113.15 | Budget = 424,006.65 | inventory = 2
[ 2024-08-06 15:57:30,443 ] 91 : Sold 2 shares at price 72,000 | Profit = 2,000 | Portfolio Value = 992,006.65 | Budget = 567,934.65 | inventory = 1
[ 2024-08-06 15:57:30,457 ] 92 : Bought 4 shares at price 71,900 | Portfolio Value = 999,934.65 | Budget = 280,190.85 | inventory = 2
[ 2024-08-06 15:57:30,483 ] 94 : Sold 6 shares at price 71,800 | Profit = -1,200 | Portfolio Value = 995,190.85 | Budget = 710,775.45 | inventory = 1
[ 2024-08-06 15:57:30,511 ] 96 : Sold 4 shares at price 71,400 | Profit = -2,000 | Portfolio Value = 995,575.45 | Budget = 996,232.65 | inventory = 0
[ 2024-08-06 15:57:30,537 ] 98 : Bought 6 shares at price 71,300 | Portfolio Value = 996,232.65 | Budget = 568,218.75 | inventory = 1
[ 2024-08-06 15:57:30,550 ] 99 : Bought 4 shares at price 71,600 | Portfolio Value = 996,018.75 | Budget = 281,675.55 | inventory = 2
[ 2024-08-06 15:57:30,563 ] 100 : Sold 6 shares at price 72,400 | Profit = 6,600 | Portfolio Value = 997,675.55 | Budget = 715,858.35 | inventory = 1
[ 2024-08-06 15:57:30,576 ] 101 : Sold 4 shares at price 72,600 | Profit = 4,000 | Portfolio Value = 1,005,458.35 | Budget = 1,006,113.15 | inventory = 0
[ 2024-08-06 15:57:30,619 ] 104 : Bought 3 shares at price 72,200 | Portfolio Value = 1,006,113.15 | Budget = 789,404.85 | inventory = 1
[ 2024-08-06 15:57:30,646 ] 106 : Bought 10 shares at price 73,000 | Portfolio Value = 1,008,404.85 | Budget = 59,039.85 | inventory = 2
[ 2024-08-06 15:57:30,673 ] 108 : Sold 3 shares at price 71,600 | Profit = -1,800 | Portfolio Value = 995,039.85 | Budget = 273,732.45 | inventory = 1
[ 2024-08-06 15:57:30,687 ] 109 : Sold 10 shares at price 69,900 | Profit = -31,000 | Portfolio Value = 989,732.45 | Budget = 972,382.95 | inventory = 0
[ 2024-08-06 15:57:30,713 ] 111 : Bought 1 shares at price 71,500 | Portfolio Value = 972,382.95 | Budget = 900,847.2 | inventory = 1
[ 2024-08-06 15:57:30,726 ] 112 : Sold 1 shares at price 71,900 | Profit = 400 | Portfolio Value = 972,347.2 | Budget = 972,711.25 | inventory = 0
[ 2024-08-06 15:57:30,753 ] 114 : Bought 12 shares at price 73,400 | Portfolio Value = 972,711.25 | Budget = 91,470.85 | inventory = 1
[ 2024-08-06 15:57:30,766 ] 115 : Sold 12 shares at price 73,300 | Profit = -1,200 | Portfolio Value = 972,270.85 | Budget = 970,631.05 | inventory = 0
[ 2024-08-06 15:57:30,871 ] 123 : Bought 4 shares at price 71,700 | Portfolio Value = 970,631.05 | Budget = 683,687.65 | inventory = 1
[ 2024-08-06 15:57:30,884 ] 124 : Bought 2 shares at price 70,600 | Portfolio Value = 970,487.65 | Budget = 542,417.05 | inventory = 2
[ 2024-08-06 15:57:30,898 ] 125 : Sold 4 shares at price 69,800 | Profit = -7,600 | Portfolio Value = 966,017.05 | Budget = 821,477.45 | inventory = 1
[ 2024-08-06 15:57:30,911 ] 126 : Bought 1 shares at price 71,100 | Portfolio Value = 961,077.45 | Budget = 750,341.9 | inventory = 2
[ 2024-08-06 15:57:30,924 ] 127 : Bought 6 shares at price 69,900 | Portfolio Value = 963,641.9 | Budget = 330,732.2 | inventory = 3
[ 2024-08-06 15:57:30,938 ] 128 : Bought 1 shares at price 68,800 | Portfolio Value = 959,832.2 | Budget = 261,897.8 | inventory = 4
[ 2024-08-06 15:57:30,950 ] 129 : Sold 2 shares at price 68,300 | Profit = -4,600 | Portfolio Value = 949,897.8 | Budget = 398,429.5 | inventory = 3
[ 2024-08-06 15:57:30,963 ] 130 : Sold 1 shares at price 68,500 | Profit = -2,600 | Portfolio Value = 944,829.5 | Budget = 466,895.25 | inventory = 2
[ 2024-08-06 15:57:30,976 ] 131 : Sold 6 shares at price 67,600 | Profit = -13,800 | Portfolio Value = 946,395.25 | Budget = 872,292.45 | inventory = 1
[ 2024-08-06 15:57:31,002 ] 133 : Sold 1 shares at price 68,000 | Profit = -800 | Portfolio Value = 941,192.45 | Budget = 940,258.45 | inventory = 0
[ 2024-08-06 15:57:31,095 ] 140 : Bought 10 shares at price 66,600 | Portfolio Value = 940,258.45 | Budget = 273,925.45 | inventory = 1
[ 2024-08-06 15:57:31,122 ] 142 : Bought 2 shares at price 68,200 | Portfolio Value = 944,925.45 | Budget = 137,457.25 | inventory = 2
[ 2024-08-06 15:57:31,135 ] 143 : Bought 1 shares at price 67,100 | Portfolio Value = 955,857.25 | Budget = 70,323.7 | inventory = 3
[ 2024-08-06 15:57:31,161 ] 145 : Bought 1 shares at price 66,800 | Portfolio Value = 938,723.7 | Budget = 3,490.3 | inventory = 4
[ 2024-08-06 15:57:31,189 ] 147 : Sold 10 shares at price 66,900 | Profit = 3,000 | Portfolio Value = 942,890.3 | Budget = 672,155.8 | inventory = 3
[ 2024-08-06 15:57:31,203 ] 148 : Sold 2 shares at price 71,000 | Profit = 5,600 | Portfolio Value = 939,755.8 | Budget = 814,084.8 | inventory = 2
[ 2024-08-06 15:57:31,216 ] 149 : Bought 7 shares at price 71,200 | Portfolio Value = 956,084.8 | Budget = 315,435.6 | inventory = 3
[ 2024-08-06 15:57:31,230 ] 150 : Bought 3 shares at price 70,700 | Portfolio Value = 956,235.6 | Budget = 103,229.55 | inventory = 4
[ 2024-08-06 15:57:31,257 ] 152 : Sold 1 shares at price 70,400 | Profit = 3,300 | Portfolio Value = 943,229.55 | Budget = 173,594.35 | inventory = 3
[ 2024-08-06 15:57:31,271 ] 153 : Sold 1 shares at price 70,300 | Profit = 3,500 | Portfolio Value = 947,994.35 | Budget = 243,859.2 | inventory = 2
[ 2024-08-06 15:57:31,285 ] 154 : Bought 3 shares at price 70,800 | Portfolio Value = 946,859.2 | Budget = 31,353.0 | inventory = 3
[ 2024-08-06 15:57:31,365 ] 159 : Sold 7 shares at price 70,200 | Profit = -7,000 | Portfolio Value = 967,353.0 | Budget = 522,507.3 | inventory = 2
[ 2024-08-06 15:57:31,393 ] 161 : Bought 3 shares at price 69,600 | Portfolio Value = 941,307.3 | Budget = 313,602.9 | inventory = 3
[ 2024-08-06 15:57:31,407 ] 162 : Bought 2 shares at price 68,900 | Portfolio Value = 940,002.9 | Budget = 175,734.0 | inventory = 4
[ 2024-08-06 15:57:31,434 ] 164 : Sold 3 shares at price 69,400 | Profit = -3,900 | Portfolio Value = 932,534.0 | Budget = 383,829.9 | inventory = 3
[ 2024-08-06 15:57:31,448 ] 165 : Bought 3 shares at price 68,600 | Portfolio Value = 939,029.9 | Budget = 177,927.0 | inventory = 4
[ 2024-08-06 15:57:31,462 ] 166 : Sold 3 shares at price 68,400 | Profit = -7,200 | Portfolio Value = 932,527.0 | Budget = 383,024.4 | inventory = 3
[ 2024-08-06 15:57:31,476 ] 167 : Bought 3 shares at price 67,500 | Portfolio Value = 930,224.4 | Budget = 180,423.15 | inventory = 4
[ 2024-08-06 15:57:31,489 ] 168 : Bought 1 shares at price 66,700 | Portfolio Value = 922,923.15 | Budget = 113,689.8 | inventory = 5
[ 2024-08-06 15:57:31,503 ] 169 : Bought 1 shares at price 66,000 | Portfolio Value = 914,089.8 | Budget = 47,656.8 | inventory = 6
[ 2024-08-06 15:57:31,516 ] 170 : Sold 3 shares at price 66,400 | Profit = -9,600 | Portfolio Value = 905,656.8 | Budget = 246,757.2 | inventory = 5
[ 2024-08-06 15:57:31,534 ] 171 : Bought 3 shares at price 68,200 | Portfolio Value = 910,757.2 | Budget = 42,054.9 | inventory = 6
[ 2024-08-06 15:57:31,607 ] 176 : Sold 2 shares at price 70,500 | Profit = 3,200 | Portfolio Value = 944,254.9 | Budget = 182,984.4 | inventory = 5
[ 2024-08-06 15:57:31,621 ] 177 : Bought 2 shares at price 69,500 | Portfolio Value = 958,484.4 | Budget = 43,914.9 | inventory = 6
[ 2024-08-06 15:57:31,662 ] 180 : Sold 3 shares at price 68,500 | Profit = -300 | Portfolio Value = 933,114.9 | Budget = 249,312.15 | inventory = 5
[ 2024-08-06 15:57:31,676 ] 181 : Sold 3 shares at price 68,000 | Profit = 1,500 | Portfolio Value = 934,312.15 | Budget = 453,210.15 | inventory = 4
[ 2024-08-06 15:57:31,702 ] 183 : Sold 1 shares at price 67,300 | Profit = 600 | Portfolio Value = 920,110.15 | Budget = 520,476.5 | inventory = 3
[ 2024-08-06 15:57:31,716 ] 184 : Bought 5 shares at price 67,300 | Portfolio Value = 924,276.5 | Budget = 183,808.25 | inventory = 4
[ 2024-08-06 15:57:31,730 ] 185 : Sold 1 shares at price 66,900 | Profit = 900 | Portfolio Value = 924,108.25 | Budget = 250,674.8 | inventory = 3
[ 2024-08-06 15:57:31,744 ] 186 : Bought 3 shares at price 68,600 | Portfolio Value = 919,674.8 | Budget = 44,771.9 | inventory = 4
[ 2024-08-06 15:57:31,758 ] 187 : Sold 3 shares at price 69,700 | Profit = 4,500 | Portfolio Value = 936,571.9 | Budget = 253,767.35 | inventory = 3
[ 2024-08-06 15:57:31,772 ] 188 : Bought 1 shares at price 69,600 | Portfolio Value = 950,767.35 | Budget = 184,132.55 | inventory = 4
[ 2024-08-06 15:57:31,786 ] 189 : Bought 1 shares at price 70,900 | Portfolio Value = 949,732.55 | Budget = 113,197.1 | inventory = 5
[ 2024-08-06 15:57:31,813 ] 191 : Sold 2 shares at price 69,900 | Profit = 800 | Portfolio Value = 963,997.1 | Budget = 252,927.2 | inventory = 4
[ 2024-08-06 15:57:31,826 ] 192 : Sold 5 shares at price 70,300 | Profit = 15,000 | Portfolio Value = 951,927.2 | Budget = 604,251.45 | inventory = 3
[ 2024-08-06 15:57:31,839 ] 193 : Bought 3 shares at price 70,500 | Portfolio Value = 955,751.45 | Budget = 392,645.7 | inventory = 4
[ 2024-08-06 15:57:31,853 ] 194 : Bought 3 shares at price 70,400 | Portfolio Value = 956,645.7 | Budget = 181,340.1 | inventory = 5
[ 2024-08-06 15:57:31,866 ] 195 : Sold 3 shares at price 70,800 | Profit = 6,600 | Portfolio Value = 955,740.1 | Budget = 393,633.9 | inventory = 4
[ 2024-08-06 15:57:31,879 ] 196 : Sold 1 shares at price 72,200 | Profit = 2,600 | Portfolio Value = 960,033.9 | Budget = 465,797.8 | inventory = 3
[ 2024-08-06 15:57:31,906 ] 198 : Bought 1 shares at price 72,500 | Portfolio Value = 975,397.8 | Budget = 393,261.55 | inventory = 4
[ 2024-08-06 15:57:31,919 ] 199 : Sold 1 shares at price 72,700 | Profit = 1,800 | Portfolio Value = 973,261.55 | Budget = 465,925.2 | inventory = 3
[ 2024-08-06 15:57:31,932 ] 200 : Sold 3 shares at price 72,800 | Profit = 6,900 | Portfolio Value = 974,825.2 | Budget = 684,216.0 | inventory = 2
[ 2024-08-06 15:57:31,945 ] 201 : Bought 8 shares at price 72,800 | Portfolio Value = 975,416.0 | Budget = 101,524.8 | inventory = 3
[ 2024-08-06 15:57:31,959 ] 202 : Bought 1 shares at price 72,400 | Portfolio Value = 975,124.8 | Budget = 29,088.6 | inventory = 4
[ 2024-08-06 15:57:31,972 ] 203 : Sold 3 shares at price 71,700 | Profit = 3,900 | Portfolio Value = 970,288.6 | Budget = 244,081.05 | inventory = 3
[ 2024-08-06 15:57:31,984 ] 204 : Sold 1 shares at price 71,300 | Profit = -1,200 | Portfolio Value = 961,081.05 | Budget = 315,345.4 | inventory = 2
[ 2024-08-06 15:57:32,010 ] 206 : Bought 3 shares at price 72,700 | Portfolio Value = 969,645.4 | Budget = 97,136.35 | inventory = 3
[ 2024-08-06 15:57:32,024 ] 207 : Sold 8 shares at price 72,800 | Profit = 0 | Portfolio Value = 969,536.35 | Budget = 679,245.15 | inventory = 2
[ 2024-08-06 15:57:32,037 ] 208 : Sold 1 shares at price 72,000 | Profit = -400 | Portfolio Value = 970,445.15 | Budget = 751,209.15 | inventory = 1
[ 2024-08-06 15:57:32,050 ] 209 : Bought 10 shares at price 72,600 | Portfolio Value = 967,209.15 | Budget = 24,846.15 | inventory = 2
[ 2024-08-06 15:57:32,063 ] 210 : Sold 3 shares at price 71,200 | Profit = -4,500 | Portfolio Value = 968,646.15 | Budget = 238,339.35 | inventory = 1
[ 2024-08-06 15:57:32,077 ] 211 : Bought 2 shares at price 71,700 | Portfolio Value = 950,339.35 | Budget = 94,867.65 | inventory = 2
[ 2024-08-06 15:57:32,126 ] 213 : Sold 10 shares at price 72,600 | Profit = 0 | Portfolio Value = 952,867.65 | Budget = 820,504.65 | inventory = 1
[ 2024-08-06 15:57:32,145 ] 214 : Sold 2 shares at price 73,000 | Profit = 2,600 | Portfolio Value = 965,704.65 | Budget = 966,431.65 | inventory = 0
[ 2024-08-06 15:57:32,215 ] 219 : Bought 8 shares at price 72,900 | Portfolio Value = 966,431.65 | Budget = 382,940.05 | inventory = 1
[ 2024-08-06 15:57:32,228 ] 220 : Sold 8 shares at price 73,400 | Profit = 4,000 | Portfolio Value = 966,140.05 | Budget = 969,846.45 | inventory = 0
[ 2024-08-06 15:57:32,255 ] 222 : Bought 5 shares at price 75,000 | Portfolio Value = 969,846.45 | Budget = 594,658.95 | inventory = 1
[ 2024-08-06 15:57:32,268 ] 223 : Sold 5 shares at price 75,900 | Profit = 4,500 | Portfolio Value = 969,658.95 | Budget = 973,969.2 | inventory = 0
[ 2024-08-06 15:57:32,281 ] 224 : Bought 10 shares at price 76,600 | Portfolio Value = 973,969.2 | Budget = 207,586.2 | inventory = 1
[ 2024-08-06 15:57:32,295 ] 225 : Bought 2 shares at price 78,000 | Portfolio Value = 973,586.2 | Budget = 51,508.2 | inventory = 2
[ 2024-08-06 15:57:32,309 ] 226 : Sold 10 shares at price 78,500 | Profit = 19,000 | Portfolio Value = 987,508.2 | Budget = 836,115.7 | inventory = 1
[ 2024-08-06 15:57:32,323 ] 1 : Bought 13 shares at price 61,000 | Portfolio Value = 1,000,000 | Budget = 206,603.5 | inventory = 1
[ 2024-08-06 15:57:32,336 ] 2 : Sold 13 shares at price 61,800 | Profit = 10,400 | Portfolio Value = 999,603.5 | Budget = 1,009,601.8 | inventory = 0
[ 2024-08-06 15:57:32,363 ] 4 : Bought 13 shares at price 63,800 | Portfolio Value = 1,009,601.8 | Budget = 179,787.1 | inventory = 1
[ 2024-08-06 15:57:32,377 ] 5 : Sold 13 shares at price 61,600 | Profit = -28,600 | Portfolio Value = 1,009,187.1 | Budget = 980,186.7 | inventory = 0
[ 2024-08-06 15:57:32,405 ] 7 : Bought 7 shares at price 63,100 | Portfolio Value = 980,186.7 | Budget = 538,265.85 | inventory = 1
[ 2024-08-06 15:57:32,418 ] 8 : Bought 3 shares at price 63,000 | Portfolio Value = 979,965.85 | Budget = 349,171.35 | inventory = 2
[ 2024-08-06 15:57:32,432 ] 9 : Bought 2 shares at price 62,800 | Portfolio Value = 979,171.35 | Budget = 223,508.55 | inventory = 3
[ 2024-08-06 15:57:32,460 ] 11 : Sold 7 shares at price 63,200 | Profit = 700 | Portfolio Value = 978,308.55 | Budget = 665,687.35 | inventory = 2
[ 2024-08-06 15:57:32,474 ] 12 : Bought 6 shares at price 62,200 | Portfolio Value = 981,687.35 | Budget = 292,300.75 | inventory = 3
[ 2024-08-06 15:57:32,488 ] 13 : Bought 3 shares at price 63,700 | Portfolio Value = 976,500.75 | Budget = 101,105.2 | inventory = 4
[ 2024-08-06 15:57:32,502 ] 14 : Sold 3 shares at price 62,600 | Profit = -1,200 | Portfolio Value = 992,905.2 | Budget = 288,811.3 | inventory = 3
[ 2024-08-06 15:57:32,516 ] 15 : Sold 2 shares at price 62,700 | Profit = -200 | Portfolio Value = 977,411.3 | Budget = 414,148.6 | inventory = 2
[ 2024-08-06 15:57:32,530 ] 16 : Bought 5 shares at price 62,100 | Portfolio Value = 978,448.6 | Budget = 103,493.35 | inventory = 3
[ 2024-08-06 15:57:32,543 ] 17 : Sold 6 shares at price 61,100 | Profit = -6,600 | Portfolio Value = 972,893.35 | Budget = 469,910.05 | inventory = 2
[ 2024-08-06 15:57:32,556 ] 18 : Sold 3 shares at price 62,000 | Profit = -5,100 | Portfolio Value = 958,710.05 | Budget = 655,817.05 | inventory = 1
[ 2024-08-06 15:57:32,570 ] 19 : Bought 7 shares at price 61,300 | Portfolio Value = 965,817.05 | Budget = 226,502.5 | inventory = 2
[ 2024-08-06 15:57:32,583 ] 20 : Sold 5 shares at price 60,500 | Profit = -8,000 | Portfolio Value = 962,102.5 | Budget = 528,851.25 | inventory = 1
[ 2024-08-06 15:57:32,597 ] 21 : Bought 3 shares at price 60,600 | Portfolio Value = 952,351.25 | Budget = 346,960.35 | inventory = 2
[ 2024-08-06 15:57:32,625 ] 23 : Bought 1 shares at price 60,500 | Portfolio Value = 954,960.35 | Budget = 286,430.1 | inventory = 3
[ 2024-08-06 15:57:32,638 ] 24 : Bought 3 shares at price 61,500 | Portfolio Value = 951,930.1 | Budget = 101,837.85 | inventory = 4
[ 2024-08-06 15:57:32,652 ] 25 : Bought 1 shares at price 60,700 | Portfolio Value = 962,837.85 | Budget = 41,107.5 | inventory = 5
[ 2024-08-06 15:57:32,694 ] 28 : Sold 7 shares at price 59,500 | Profit = -12,600 | Portfolio Value = 942,607.5 | Budget = 457,399.25 | inventory = 4
[ 2024-08-06 15:57:32,706 ] 29 : Sold 3 shares at price 60,000 | Profit = -1,800 | Portfolio Value = 933,399.25 | Budget = 637,309.25 | inventory = 3
[ 2024-08-06 15:57:32,725 ] 30 : Sold 1 shares at price 59,000 | Profit = -1,500 | Portfolio Value = 937,309.25 | Budget = 696,279.75 | inventory = 2
[ 2024-08-06 15:57:32,751 ] 31 : Bought 6 shares at price 59,800 | Portfolio Value = 932,279.75 | Budget = 337,300.35 | inventory = 3
[ 2024-08-06 15:57:32,792 ] 32 : Bought 5 shares at price 59,900 | Portfolio Value = 935,300.35 | Budget = 37,650.6 | inventory = 4
[ 2024-08-06 15:57:32,845 ] 34 : Sold 3 shares at price 60,200 | Profit = -3,900 | Portfolio Value = 957,150.6 | Budget = 218,160.3 | inventory = 3
[ 2024-08-06 15:57:32,862 ] 35 : Sold 1 shares at price 60,300 | Profit = -400 | Portfolio Value = 940,560.3 | Budget = 278,430.15 | inventory = 2
[ 2024-08-06 15:57:32,880 ] 36 : Bought 2 shares at price 61,100 | Portfolio Value = 941,730.15 | Budget = 156,169.05 | inventory = 3
[ 2024-08-06 15:57:32,897 ] 37 : Bought 1 shares at price 62,300 | Portfolio Value = 950,469.05 | Budget = 93,837.9 | inventory = 4
[ 2024-08-06 15:57:32,914 ] 38 : Bought 1 shares at price 63,000 | Portfolio Value = 966,037.9 | Budget = 30,806.4 | inventory = 5
[ 2024-08-06 15:57:32,953 ] 40 : Sold 6 shares at price 62,900 | Profit = 18,600 | Portfolio Value = 962,306.4 | Budget = 408,017.7 | inventory = 4
[ 2024-08-06 15:57:32,972 ] 41 : Bought 6 shares at price 62,700 | Portfolio Value = 974,117.7 | Budget = 31,629.6 | inventory = 5
[ 2024-08-06 15:57:33,049 ] 44 : Sold 5 shares at price 63,100 | Profit = 16,000 | Portfolio Value = 991,629.6 | Budget = 346,971.85 | inventory = 4
[ 2024-08-06 15:57:33,069 ] 45 : Sold 2 shares at price 63,600 | Profit = 5,000 | Portfolio Value = 977,971.85 | Budget = 474,108.25 | inventory = 3
[ 2024-08-06 15:57:33,103 ] 47 : Bought 7 shares at price 62,300 | Portfolio Value = 985,308.25 | Budget = 37,790.2 | inventory = 4
[ 2024-08-06 15:57:33,120 ] 48 : Sold 1 shares at price 65,000 | Profit = 2,700 | Portfolio Value = 972,290.2 | Budget = 102,757.7 | inventory = 3
[ 2024-08-06 15:57:33,138 ] 49 : Sold 1 shares at price 65,700 | Profit = 2,700 | Portfolio Value = 1,012,757.7 | Budget = 168,424.85 | inventory = 2
[ 2024-08-06 15:57:33,167 ] 50 : Bought 2 shares at price 65,900 | Portfolio Value = 1,022,524.85 | Budget = 36,558.95 | inventory = 3
[ 2024-08-06 15:57:33,246 ] 53 : Sold 6 shares at price 65,100 | Profit = 14,400 | Portfolio Value = 1,028,058.95 | Budget = 426,963.65 | inventory = 2
[ 2024-08-06 15:57:33,277 ] 55 : Bought 3 shares at price 65,600 | Portfolio Value = 1,014,663.65 | Budget = 230,065.25 | inventory = 3
[ 2024-08-06 15:57:33,290 ] 56 : Sold 7 shares at price 65,500 | Profit = 22,400 | Portfolio Value = 1,017,265.25 | Budget = 688,336.0 | inventory = 2
[ 2024-08-06 15:57:33,303 ] 57 : Bought 10 shares at price 65,300 | Portfolio Value = 1,015,836.0 | Budget = 35,009.5 | inventory = 3
[ 2024-08-06 15:57:33,317 ] 58 : Sold 2 shares at price 65,700 | Profit = -400 | Portfolio Value = 1,014,509.5 | Budget = 166,343.8 | inventory = 2
[ 2024-08-06 15:57:33,334 ] 59 : Sold 3 shares at price 65,200 | Profit = -1,200 | Portfolio Value = 1,020,443.8 | Budget = 361,846.0 | inventory = 1
[ 2024-08-06 15:57:33,352 ] 60 : Sold 10 shares at price 63,600 | Profit = -17,000 | Portfolio Value = 1,013,846.0 | Budget = 997,528.0 | inventory = 0
[ 2024-08-06 15:57:33,381 ] 62 : Bought 11 shares at price 64,600 | Portfolio Value = 997,528.0 | Budget = 286,572.7 | inventory = 1
[ 2024-08-06 15:57:33,409 ] 63 : Sold 11 shares at price 65,500 | Profit = 9,900 | Portfolio Value = 997,172.7 | Budget = 1,006,712.45 | inventory = 0
[ 2024-08-06 15:57:33,466 ] 67 : Bought 12 shares at price 65,900 | Portfolio Value = 1,006,712.45 | Budget = 215,517.05 | inventory = 1
[ 2024-08-06 15:57:33,485 ] 68 : Sold 12 shares at price 65,300 | Profit = -7,200 | Portfolio Value = 1,006,317.05 | Budget = 998,725.25 | inventory = 0
[ 2024-08-06 15:57:33,504 ] 69 : Bought 14 shares at price 64,600 | Portfolio Value = 998,725.25 | Budget = 93,873.05 | inventory = 1
[ 2024-08-06 15:57:33,521 ] 70 : Bought 1 shares at price 64,200 | Portfolio Value = 998,273.05 | Budget = 29,640.95 | inventory = 2
[ 2024-08-06 15:57:33,584 ] 73 : Sold 14 shares at price 65,400 | Profit = 11,200 | Portfolio Value = 997,140.95 | Budget = 944,783.15 | inventory = 1
[ 2024-08-06 15:57:33,628 ] 75 : Bought 9 shares at price 66,200 | Portfolio Value = 1,009,783.15 | Budget = 348,685.25 | inventory = 2
[ 2024-08-06 15:57:33,649 ] 76 : Bought 5 shares at price 68,400 | Portfolio Value = 1,010,685.25 | Budget = 6,514.25 | inventory = 3
[ 2024-08-06 15:57:33,684 ] 78 : Sold 1 shares at price 68,400 | Profit = 4,200 | Portfolio Value = 1,034,014.25 | Budget = 74,880.05 | inventory = 2
[ 2024-08-06 15:57:33,709 ] 79 : Bought 1 shares at price 68,500 | Portfolio Value = 1,032,480.05 | Budget = 6,345.8 | inventory = 3
[ 2024-08-06 15:57:33,725 ] 80 : Sold 9 shares at price 68,800 | Profit = 23,400 | Portfolio Value = 1,033,845.8 | Budget = 625,236.2 | inventory = 2
[ 2024-08-06 15:57:33,739 ] 81 : Sold 5 shares at price 70,300 | Profit = 9,500 | Portfolio Value = 1,038,036.2 | Budget = 976,560.45 | inventory = 1
[ 2024-08-06 15:57:33,752 ] 82 : Sold 1 shares at price 72,300 | Profit = 3,800 | Portfolio Value = 1,046,860.45 | Budget = 1,048,824.3 | inventory = 0
[ 2024-08-06 15:57:33,766 ] 83 : Bought 11 shares at price 71,400 | Portfolio Value = 1,048,824.3 | Budget = 263,031.6 | inventory = 1
[ 2024-08-06 15:57:33,780 ] 84 : Sold 11 shares at price 70,900 | Profit = -5,500 | Portfolio Value = 1,048,431.6 | Budget = 1,042,541.65 | inventory = 0
[ 2024-08-06 15:57:33,793 ] 85 : Bought 3 shares at price 72,200 | Portfolio Value = 1,042,541.65 | Budget = 825,833.35 | inventory = 1
[ 2024-08-06 15:57:33,806 ] 86 : Sold 3 shares at price 71,700 | Profit = -1,500 | Portfolio Value = 1,042,433.35 | Budget = 1,040,825.8 | inventory = 0
[ 2024-08-06 15:57:33,846 ] 89 : Bought 11 shares at price 72,000 | Portfolio Value = 1,040,825.8 | Budget = 248,429.8 | inventory = 1
[ 2024-08-06 15:57:33,860 ] 90 : Bought 3 shares at price 71,000 | Portfolio Value = 1,040,429.8 | Budget = 35,323.3 | inventory = 2
[ 2024-08-06 15:57:33,901 ] 93 : Sold 11 shares at price 71,500 | Profit = -5,500 | Portfolio Value = 1,041,923.3 | Budget = 821,430.05 | inventory = 1
[ 2024-08-06 15:57:33,915 ] 94 : Bought 3 shares at price 71,800 | Portfolio Value = 1,035,930.05 | Budget = 605,922.35 | inventory = 2
[ 2024-08-06 15:57:33,928 ] 95 : Sold 3 shares at price 71,200 | Profit = 600 | Portfolio Value = 1,036,722.35 | Budget = 819,415.55 | inventory = 1
[ 2024-08-06 15:57:33,940 ] 96 : Sold 3 shares at price 71,400 | Profit = -1,200 | Portfolio Value = 1,033,015.55 | Budget = 1,033,508.45 | inventory = 0
[ 2024-08-06 15:57:33,953 ] 97 : Bought 6 shares at price 70,500 | Portfolio Value = 1,033,508.45 | Budget = 610,296.95 | inventory = 1
[ 2024-08-06 15:57:33,967 ] 98 : Bought 6 shares at price 71,300 | Portfolio Value = 1,033,296.95 | Budget = 182,283.05 | inventory = 2
[ 2024-08-06 15:57:33,981 ] 99 : Sold 6 shares at price 71,600 | Profit = 6,600 | Portfolio Value = 1,037,883.05 | Budget = 611,668.25 | inventory = 1
[ 2024-08-06 15:57:33,994 ] 100 : Bought 6 shares at price 72,400 | Portfolio Value = 1,041,268.25 | Budget = 177,051.05 | inventory = 2
[ 2024-08-06 15:57:34,009 ] 101 : Bought 2 shares at price 72,600 | Portfolio Value = 1,045,851.05 | Budget = 31,778.45 | inventory = 3
[ 2024-08-06 15:57:34,022 ] 102 : Sold 6 shares at price 72,700 | Profit = 8,400 | Portfolio Value = 1,048,178.45 | Budget = 467,760.35 | inventory = 2
[ 2024-08-06 15:57:34,035 ] 103 : Bought 3 shares at price 72,400 | Portfolio Value = 1,049,360.35 | Budget = 250,451.75 | inventory = 3
[ 2024-08-06 15:57:34,049 ] 104 : Sold 6 shares at price 72,200 | Profit = -1,200 | Portfolio Value = 1,046,851.75 | Budget = 683,435.15 | inventory = 2
[ 2024-08-06 15:57:34,062 ] 105 : Bought 7 shares at price 73,000 | Portfolio Value = 1,044,435.15 | Budget = 172,179.65 | inventory = 3
[ 2024-08-06 15:57:34,075 ] 106 : Sold 2 shares at price 73,000 | Profit = 800 | Portfolio Value = 1,048,179.65 | Budget = 318,106.65 | inventory = 2
[ 2024-08-06 15:57:34,102 ] 108 : Sold 3 shares at price 71,600 | Profit = -2,400 | Portfolio Value = 1,038,106.65 | Budget = 532,799.25 | inventory = 1
[ 2024-08-06 15:57:34,115 ] 109 : Sold 7 shares at price 69,900 | Profit = -21,700 | Portfolio Value = 1,033,999.25 | Budget = 1,021,854.6 | inventory = 0
[ 2024-08-06 15:57:34,143 ] 111 : Bought 13 shares at price 71,500 | Portfolio Value = 1,021,854.6 | Budget = 91,889.85 | inventory = 1
[ 2024-08-06 15:57:34,157 ] 112 : Sold 13 shares at price 71,900 | Profit = 5,200 | Portfolio Value = 1,021,389.85 | Budget = 1,026,122.5 | inventory = 0
[ 2024-08-06 15:57:34,171 ] 113 : Bought 8 shares at price 71,900 | Portfolio Value = 1,026,122.5 | Budget = 450,634.9 | inventory = 1
[ 2024-08-06 15:57:34,185 ] 114 : Bought 3 shares at price 73,400 | Portfolio Value = 1,025,834.9 | Budget = 230,324.8 | inventory = 2
[ 2024-08-06 15:57:34,198 ] 115 : Sold 8 shares at price 73,300 | Profit = 11,200 | Portfolio Value = 1,037,724.8 | Budget = 816,431.6 | inventory = 1
[ 2024-08-06 15:57:34,212 ] 116 : Bought 8 shares at price 72,000 | Portfolio Value = 1,036,331.6 | Budget = 240,143.6 | inventory = 2
[ 2024-08-06 15:57:34,225 ] 117 : Sold 3 shares at price 71,700 | Profit = -5,100 | Portfolio Value = 1,032,143.6 | Budget = 455,136.05 | inventory = 1
[ 2024-08-06 15:57:34,252 ] 119 : Sold 8 shares at price 70,300 | Profit = -13,600 | Portfolio Value = 1,023,136.05 | Budget = 1,017,254.85 | inventory = 0
[ 2024-08-06 15:57:34,372 ] 128 : Bought 4 shares at price 68,800 | Portfolio Value = 1,017,254.85 | Budget = 741,917.25 | inventory = 1
[ 2024-08-06 15:57:34,385 ] 129 : Sold 4 shares at price 68,300 | Profit = -2,000 | Portfolio Value = 1,017,117.25 | Budget = 1,014,980.65 | inventory = 0
[ 2024-08-06 15:57:34,399 ] 130 : Bought 4 shares at price 68,500 | Portfolio Value = 1,014,980.65 | Budget = 740,843.65 | inventory = 1
[ 2024-08-06 15:57:34,413 ] 131 : Bought 4 shares at price 67,600 | Portfolio Value = 1,014,843.65 | Budget = 470,308.45 | inventory = 2
[ 2024-08-06 15:57:34,425 ] 132 : Sold 4 shares at price 68,900 | Profit = 1,600 | Portfolio Value = 1,011,108.45 | Budget = 745,770.65 | inventory = 1
[ 2024-08-06 15:57:34,438 ] 133 : Sold 4 shares at price 68,000 | Profit = 1,600 | Portfolio Value = 1,021,370.65 | Budget = 1,017,634.65 | inventory = 0
[ 2024-08-06 15:57:34,479 ] 136 : Bought 1 shares at price 67,000 | Portfolio Value = 1,017,634.65 | Budget = 950,601.15 | inventory = 1
[ 2024-08-06 15:57:34,493 ] 137 : Bought 6 shares at price 66,700 | Portfolio Value = 1,017,601.15 | Budget = 550,201.05 | inventory = 2
[ 2024-08-06 15:57:34,507 ] 138 : Sold 1 shares at price 66,300 | Profit = -700 | Portfolio Value = 1,017,101.05 | Budget = 616,467.9 | inventory = 1
[ 2024-08-06 15:57:34,520 ] 139 : Sold 6 shares at price 66,600 | Profit = -600 | Portfolio Value = 1,014,267.9 | Budget = 1,015,868.1 | inventory = 0
[ 2024-08-06 15:57:34,562 ] 142 : Bought 8 shares at price 68,200 | Portfolio Value = 1,015,868.1 | Budget = 469,995.3 | inventory = 1
[ 2024-08-06 15:57:34,575 ] 143 : Bought 5 shares at price 67,100 | Portfolio Value = 1,015,595.3 | Budget = 134,327.55 | inventory = 2
[ 2024-08-06 15:57:34,601 ] 145 : Bought 2 shares at price 66,800 | Portfolio Value = 1,002,727.55 | Budget = 660.75 | inventory = 3
[ 2024-08-06 15:57:34,628 ] 147 : Sold 8 shares at price 66,900 | Profit = -10,400 | Portfolio Value = 1,007,160.75 | Budget = 535,593.15 | inventory = 2
[ 2024-08-06 15:57:34,641 ] 148 : Sold 5 shares at price 71,000 | Profit = 19,500 | Portfolio Value = 1,003,893.15 | Budget = 890,415.65 | inventory = 1
[ 2024-08-06 15:57:34,655 ] 149 : Sold 2 shares at price 71,200 | Profit = 8,800 | Portfolio Value = 1,032,415.65 | Budget = 1,032,744.45 | inventory = 0
[ 2024-08-06 15:57:34,707 ] 153 : Bought 12 shares at price 70,300 | Portfolio Value = 1,032,744.45 | Budget = 188,722.65 | inventory = 1
[ 2024-08-06 15:57:34,722 ] 154 : Sold 12 shares at price 70,800 | Profit = 6,000 | Portfolio Value = 1,032,322.65 | Budget = 1,037,897.85 | inventory = 0
[ 2024-08-06 15:57:34,734 ] 155 : Bought 12 shares at price 70,500 | Portfolio Value = 1,037,897.85 | Budget = 191,474.85 | inventory = 1
[ 2024-08-06 15:57:34,747 ] 156 : Bought 1 shares at price 70,900 | Portfolio Value = 1,037,474.85 | Budget = 120,539.4 | inventory = 2
[ 2024-08-06 15:57:34,761 ] 157 : Sold 12 shares at price 71,700 | Profit = 14,400 | Portfolio Value = 1,042,239.4 | Budget = 980,509.2 | inventory = 1
[ 2024-08-06 15:57:34,775 ] 158 : Sold 1 shares at price 72,000 | Profit = 1,100 | Portfolio Value = 1,052,209.2 | Budget = 1,052,473.2 | inventory = 0
[ 2024-08-06 15:57:34,788 ] 159 : Bought 3 shares at price 70,200 | Portfolio Value = 1,052,473.2 | Budget = 841,767.9 | inventory = 1
[ 2024-08-06 15:57:34,802 ] 160 : Sold 3 shares at price 69,800 | Profit = -1,200 | Portfolio Value = 1,052,367.9 | Budget = 1,051,063.2 | inventory = 0
[ 2024-08-06 15:57:34,815 ] 161 : Bought 14 shares at price 69,600 | Portfolio Value = 1,051,063.2 | Budget = 76,176.0 | inventory = 1
[ 2024-08-06 15:57:34,828 ] 162 : Bought 1 shares at price 68,900 | Portfolio Value = 1,050,576.0 | Budget = 7,241.55 | inventory = 2
[ 2024-08-06 15:57:34,868 ] 165 : Sold 14 shares at price 68,600 | Profit = -14,000 | Portfolio Value = 1,048,241.55 | Budget = 967,161.35 | inventory = 1
[ 2024-08-06 15:57:34,881 ] 166 : Sold 1 shares at price 68,400 | Profit = -500 | Portfolio Value = 1,035,761.35 | Budget = 1,035,527.15 | inventory = 0
[ 2024-08-06 15:57:34,907 ] 168 : Bought 15 shares at price 66,700 | Portfolio Value = 1,035,527.15 | Budget = 34,526.9 | inventory = 1
[ 2024-08-06 15:57:34,948 ] 171 : Sold 15 shares at price 68,200 | Profit = 22,500 | Portfolio Value = 1,030,526.9 | Budget = 1,057,015.4 | inventory = 0
[ 2024-08-06 15:57:34,976 ] 173 : Bought 4 shares at price 68,000 | Portfolio Value = 1,057,015.4 | Budget = 784,879.4 | inventory = 1
[ 2024-08-06 15:57:34,990 ] 174 : Sold 4 shares at price 67,300 | Profit = -2,800 | Portfolio Value = 1,056,879.4 | Budget = 1,053,944.8 | inventory = 0
[ 2024-08-06 15:57:35,003 ] 175 : Bought 14 shares at price 69,400 | Portfolio Value = 1,053,944.8 | Budget = 81,859.0 | inventory = 1
[ 2024-08-06 15:57:35,017 ] 176 : Sold 14 shares at price 70,500 | Profit = 15,400 | Portfolio Value = 1,053,459.0 | Budget = 1,068,365.5 | inventory = 0
[ 2024-08-06 15:57:35,058 ] 179 : Bought 12 shares at price 68,400 | Portfolio Value = 1,068,365.5 | Budget = 247,155.1 | inventory = 1
[ 2024-08-06 15:57:35,073 ] 180 : Bought 2 shares at price 68,500 | Portfolio Value = 1,067,955.1 | Budget = 110,086.6 | inventory = 2
[ 2024-08-06 15:57:35,087 ] 181 : Sold 12 shares at price 68,000 | Profit = -4,800 | Portfolio Value = 1,069,086.6 | Budget = 925,678.6 | inventory = 1
[ 2024-08-06 15:57:35,100 ] 182 : Bought 11 shares at price 66,700 | Portfolio Value = 1,061,678.6 | Budget = 191,611.75 | inventory = 2
[ 2024-08-06 15:57:35,113 ] 183 : Sold 2 shares at price 67,300 | Profit = -2,400 | Portfolio Value = 1,058,711.75 | Budget = 326,144.45 | inventory = 1
[ 2024-08-06 15:57:35,126 ] 184 : Bought 2 shares at price 67,300 | Portfolio Value = 1,066,444.45 | Budget = 191,477.15 | inventory = 2
[ 2024-08-06 15:57:35,139 ] 185 : Sold 11 shares at price 66,900 | Profit = 2,200 | Portfolio Value = 1,066,377.15 | Budget = 927,009.2 | inventory = 1
[ 2024-08-06 15:57:35,153 ] 186 : Bought 2 shares at price 68,600 | Portfolio Value = 1,060,809.2 | Budget = 789,740.6 | inventory = 2
[ 2024-08-06 15:57:35,167 ] 187 : Sold 2 shares at price 69,700 | Profit = 4,800 | Portfolio Value = 1,064,140.6 | Budget = 929,070.9 | inventory = 1
[ 2024-08-06 15:57:35,181 ] 188 : Bought 8 shares at price 69,600 | Portfolio Value = 1,068,470.9 | Budget = 371,992.5 | inventory = 2
[ 2024-08-06 15:57:35,195 ] 189 : Sold 2 shares at price 70,900 | Profit = 4,600 | Portfolio Value = 1,067,992.5 | Budget = 513,721.6 | inventory = 1
[ 2024-08-06 15:57:35,208 ] 190 : Bought 1 shares at price 70,900 | Portfolio Value = 1,080,921.6 | Budget = 442,786.15 | inventory = 2
[ 2024-08-06 15:57:35,222 ] 191 : Bought 1 shares at price 69,900 | Portfolio Value = 1,080,886.15 | Budget = 372,851.2 | inventory = 3
[ 2024-08-06 15:57:35,236 ] 192 : Bought 5 shares at price 70,300 | Portfolio Value = 1,071,851.2 | Budget = 21,175.45 | inventory = 4
[ 2024-08-06 15:57:35,275 ] 195 : Sold 8 shares at price 70,800 | Profit = 9,600 | Portfolio Value = 1,077,175.45 | Budget = 587,292.25 | inventory = 3
[ 2024-08-06 15:57:35,288 ] 196 : Bought 5 shares at price 72,200 | Portfolio Value = 1,082,892.25 | Budget = 226,111.75 | inventory = 4
[ 2024-08-06 15:57:35,301 ] 197 : Bought 1 shares at price 72,800 | Portfolio Value = 1,092,511.75 | Budget = 153,275.35 | inventory = 5
[ 2024-08-06 15:57:35,316 ] 198 : Sold 1 shares at price 72,500 | Profit = 1,600 | Portfolio Value = 1,099,675.35 | Budget = 225,739.1 | inventory = 4
[ 2024-08-06 15:57:35,330 ] 199 : Sold 1 shares at price 72,700 | Profit = 2,800 | Portfolio Value = 1,095,739.1 | Budget = 298,402.75 | inventory = 3
[ 2024-08-06 15:57:35,344 ] 200 : Sold 5 shares at price 72,800 | Profit = 12,500 | Portfolio Value = 1,098,102.75 | Budget = 662,220.75 | inventory = 2
[ 2024-08-06 15:57:35,357 ] 201 : Sold 5 shares at price 72,800 | Profit = 3,000 | Portfolio Value = 1,099,020.75 | Budget = 1,026,038.75 | inventory = 1
[ 2024-08-06 15:57:35,371 ] 202 : Bought 4 shares at price 72,400 | Portfolio Value = 1,098,838.75 | Budget = 736,293.95 | inventory = 2
[ 2024-08-06 15:57:35,384 ] 203 : Bought 4 shares at price 71,700 | Portfolio Value = 1,098,293.95 | Budget = 449,350.55 | inventory = 3
[ 2024-08-06 15:57:35,411 ] 205 : Bought 4 shares at price 72,700 | Portfolio Value = 1,091,050.55 | Budget = 158,405.15 | inventory = 4
[ 2024-08-06 15:57:35,438 ] 207 : Sold 1 shares at price 72,800 | Profit = 0 | Portfolio Value = 1,103,505.15 | Budget = 231,168.75 | inventory = 3
[ 2024-08-06 15:57:35,452 ] 208 : Bought 3 shares at price 72,000 | Portfolio Value = 1,104,768.75 | Budget = 15,060.75 | inventory = 4
[ 2024-08-06 15:57:35,479 ] 210 : Sold 4 shares at price 71,200 | Profit = -4,800 | Portfolio Value = 1,104,060.75 | Budget = 299,718.35 | inventory = 3
[ 2024-08-06 15:57:35,492 ] 211 : Sold 4 shares at price 71,700 | Profit = 0 | Portfolio Value = 1,082,918.35 | Budget = 586,374.95 | inventory = 2
[ 2024-08-06 15:57:35,506 ] 212 : Sold 4 shares at price 71,500 | Profit = -4,800 | Portfolio Value = 1,088,274.95 | Budget = 872,231.95 | inventory = 1
[ 2024-08-06 15:57:35,534 ] 214 : Bought 3 shares at price 73,000 | Portfolio Value = 1,090,031.95 | Budget = 653,122.45 | inventory = 2
[ 2024-08-06 15:57:35,548 ] 215 : Bought 2 shares at price 73,500 | Portfolio Value = 1,091,122.45 | Budget = 506,048.95 | inventory = 3
[ 2024-08-06 15:57:35,561 ] 216 : Sold 3 shares at price 72,800 | Profit = 2,400 | Portfolio Value = 1,094,048.95 | Budget = 724,339.75 | inventory = 2
[ 2024-08-06 15:57:35,574 ] 217 : Sold 3 shares at price 73,100 | Profit = 300 | Portfolio Value = 1,088,339.75 | Budget = 943,530.1 | inventory = 1
[ 2024-08-06 15:57:35,587 ] 218 : Sold 2 shares at price 73,300 | Profit = -400 | Portfolio Value = 1,089,730.1 | Budget = 1,090,056.8 | inventory = 0
[ 2024-08-06 15:57:35,601 ] 219 : Bought 6 shares at price 72,900 | Portfolio Value = 1,090,056.8 | Budget = 652,438.1 | inventory = 1
[ 2024-08-06 15:57:35,615 ] 220 : Bought 2 shares at price 73,400 | Portfolio Value = 1,089,838.1 | Budget = 505,564.7 | inventory = 2
[ 2024-08-06 15:57:35,641 ] 222 : Bought 5 shares at price 75,000 | Portfolio Value = 1,103,964.7 | Budget = 130,377.2 | inventory = 3
[ 2024-08-06 15:57:35,655 ] 223 : Bought 1 shares at price 75,900 | Portfolio Value = 1,105,377.2 | Budget = 54,439.25 | inventory = 4
[ 2024-08-06 15:57:35,682 ] 225 : Sold 6 shares at price 78,000 | Profit = 30,600 | Portfolio Value = 1,126,839.25 | Budget = 522,205.25 | inventory = 3
[ 2024-08-06 15:57:35,695 ] 226 : Bought 5 shares at price 78,500 | Portfolio Value = 1,146,205.25 | Budget = 129,509.0 | inventory = 4
[ 2024-08-06 15:57:35,751 ] 3 : Bought 12 shares at price 63,500 | Portfolio Value = 1,000,000.0 | Budget = 237,619.0 | inventory = 1
[ 2024-08-06 15:57:35,780 ] 4 : Bought 2 shares at price 63,800 | Portfolio Value = 999,619.0 | Budget = 109,955.2 | inventory = 2
[ 2024-08-06 15:57:35,794 ] 5 : Sold 12 shares at price 61,600 | Profit = -22,800 | Portfolio Value = 1,003,155.2 | Budget = 848,785.6 | inventory = 1
[ 2024-08-06 15:57:35,822 ] 7 : Sold 2 shares at price 63,100 | Profit = -1,400 | Portfolio Value = 972,585.6 | Budget = 974,922.5 | inventory = 0
[ 2024-08-06 15:57:35,836 ] 8 : Bought 6 shares at price 63,000 | Portfolio Value = 974,922.5 | Budget = 596,733.5 | inventory = 1
[ 2024-08-06 15:57:35,849 ] 9 : Sold 6 shares at price 62,800 | Profit = -1,200 | Portfolio Value = 974,733.5 | Budget = 973,345.1 | inventory = 0
[ 2024-08-06 15:57:35,889 ] 12 : Bought 6 shares at price 62,200 | Portfolio Value = 973,345.1 | Budget = 599,958.5 | inventory = 1
[ 2024-08-06 15:57:35,902 ] 13 : Bought 3 shares at price 63,700 | Portfolio Value = 973,158.5 | Budget = 408,762.95 | inventory = 2
[ 2024-08-06 15:57:35,916 ] 14 : Bought 2 shares at price 62,600 | Portfolio Value = 982,062.95 | Budget = 283,500.35 | inventory = 3
[ 2024-08-06 15:57:35,929 ] 15 : Bought 4 shares at price 62,700 | Portfolio Value = 972,100.35 | Budget = 32,574.95 | inventory = 4
[ 2024-08-06 15:57:35,956 ] 17 : Sold 6 shares at price 61,100 | Profit = -6,600 | Portfolio Value = 964,074.95 | Budget = 398,991.65 | inventory = 3
[ 2024-08-06 15:57:35,970 ] 18 : Bought 3 shares at price 62,000 | Portfolio Value = 948,891.65 | Budget = 212,898.65 | inventory = 4
[ 2024-08-06 15:57:35,983 ] 19 : Sold 3 shares at price 61,300 | Profit = -7,200 | Portfolio Value = 956,898.65 | Budget = 396,706.7 | inventory = 3
[ 2024-08-06 15:57:35,997 ] 20 : Sold 2 shares at price 60,500 | Profit = -4,200 | Portfolio Value = 948,406.7 | Budget = 517,646.2 | inventory = 2
[ 2024-08-06 15:57:36,011 ] 21 : Bought 1 shares at price 60,600 | Portfolio Value = 941,146.2 | Budget = 457,015.9 | inventory = 3
[ 2024-08-06 15:57:36,024 ] 22 : Sold 4 shares at price 60,800 | Profit = -7,600 | Portfolio Value = 941,815.9 | Budget = 700,094.3 | inventory = 2
[ 2024-08-06 15:57:36,038 ] 23 : Sold 3 shares at price 60,500 | Profit = -4,500 | Portfolio Value = 943,294.3 | Budget = 881,503.55 | inventory = 1
[ 2024-08-06 15:57:36,052 ] 24 : Sold 1 shares at price 61,500 | Profit = 900 | Portfolio Value = 942,003.55 | Budget = 942,972.8 | inventory = 0
[ 2024-08-06 15:57:36,092 ] 27 : Bought 15 shares at price 60,100 | Portfolio Value = 942,972.8 | Budget = 41,022.05 | inventory = 1
[ 2024-08-06 15:57:36,106 ] 28 : Sold 15 shares at price 59,500 | Profit = -9,000 | Portfolio Value = 942,522.05 | Budget = 933,075.8 | inventory = 0
[ 2024-08-06 15:57:36,198 ] 35 : Bought 8 shares at price 60,300 | Portfolio Value = 933,075.8 | Budget = 450,434.6 | inventory = 1
[ 2024-08-06 15:57:36,212 ] 36 : Bought 1 shares at price 61,100 | Portfolio Value = 932,834.6 | Budget = 389,304.05 | inventory = 2
[ 2024-08-06 15:57:36,225 ] 37 : Sold 8 shares at price 62,300 | Profit = 16,000 | Portfolio Value = 939,204.05 | Budget = 887,454.85 | inventory = 1
[ 2024-08-06 15:57:36,237 ] 38 : Bought 14 shares at price 63,000 | Portfolio Value = 949,754.85 | Budget = 5,013.85 | inventory = 2
[ 2024-08-06 15:57:36,264 ] 40 : Sold 1 shares at price 62,900 | Profit = 1,800 | Portfolio Value = 936,513.85 | Budget = 67,882.4 | inventory = 1
[ 2024-08-06 15:57:36,277 ] 41 : Sold 14 shares at price 62,700 | Profit = -4,200 | Portfolio Value = 948,482.4 | Budget = 945,243.5 | inventory = 0
[ 2024-08-06 15:57:36,305 ] 43 : Bought 4 shares at price 64,000 | Portfolio Value = 945,243.5 | Budget = 689,115.5 | inventory = 1
[ 2024-08-06 15:57:36,318 ] 44 : Sold 4 shares at price 63,100 | Profit = -3,600 | Portfolio Value = 945,115.5 | Budget = 941,389.3 | inventory = 0
[ 2024-08-06 15:57:36,331 ] 45 : Bought 9 shares at price 63,600 | Portfolio Value = 941,389.3 | Budget = 368,703.1 | inventory = 1
[ 2024-08-06 15:57:36,344 ] 46 : Bought 2 shares at price 63,900 | Portfolio Value = 941,103.1 | Budget = 240,839.2 | inventory = 2
[ 2024-08-06 15:57:36,357 ] 47 : Sold 9 shares at price 62,300 | Profit = -11,700 | Portfolio Value = 943,739.2 | Budget = 801,258.85 | inventory = 1
[ 2024-08-06 15:57:36,370 ] 48 : Bought 10 shares at price 65,000 | Portfolio Value = 925,858.85 | Budget = 150,933.85 | inventory = 2
[ 2024-08-06 15:57:36,383 ] 49 : Bought 1 shares at price 65,700 | Portfolio Value = 930,933.85 | Budget = 85,201.0 | inventory = 3
[ 2024-08-06 15:57:36,396 ] 50 : Sold 2 shares at price 65,900 | Profit = 4,000 | Portfolio Value = 939,301.0 | Budget = 216,935.1 | inventory = 2
[ 2024-08-06 15:57:36,409 ] 51 : Sold 10 shares at price 66,000 | Profit = 10,000 | Portfolio Value = 941,835.1 | Budget = 876,605.1 | inventory = 1
[ 2024-08-06 15:57:36,423 ] 52 : Bought 9 shares at price 66,100 | Portfolio Value = 942,605.1 | Budget = 281,407.65 | inventory = 2
[ 2024-08-06 15:57:36,436 ] 53 : Bought 3 shares at price 65,100 | Portfolio Value = 942,407.65 | Budget = 86,010.0 | inventory = 3
[ 2024-08-06 15:57:36,449 ] 54 : Sold 1 shares at price 65,300 | Profit = -400 | Portfolio Value = 932,310.0 | Budget = 151,277.35 | inventory = 2
[ 2024-08-06 15:57:36,463 ] 55 : Bought 2 shares at price 65,600 | Portfolio Value = 934,877.35 | Budget = 20,011.75 | inventory = 3
[ 2024-08-06 15:57:36,554 ] 62 : Sold 9 shares at price 64,600 | Profit = -13,500 | Portfolio Value = 917,411.75 | Budget = 601,121.05 | inventory = 2
[ 2024-08-06 15:57:36,568 ] 63 : Sold 3 shares at price 65,500 | Profit = 1,200 | Portfolio Value = 924,121.05 | Budget = 797,522.8 | inventory = 1
[ 2024-08-06 15:57:36,583 ] 64 : Sold 2 shares at price 65,700 | Profit = 200 | Portfolio Value = 928,522.8 | Budget = 928,857.1 | inventory = 0
[ 2024-08-06 15:57:36,733 ] 75 : Bought 6 shares at price 66,200 | Portfolio Value = 928,857.1 | Budget = 531,458.5 | inventory = 1
[ 2024-08-06 15:57:36,747 ] 76 : Sold 6 shares at price 68,400 | Profit = 13,200 | Portfolio Value = 928,658.5 | Budget = 941,653.3 | inventory = 0
[ 2024-08-06 15:57:36,760 ] 77 : Bought 2 shares at price 68,500 | Portfolio Value = 941,653.3 | Budget = 804,584.8 | inventory = 1
[ 2024-08-06 15:57:36,776 ] 78 : Bought 6 shares at price 68,400 | Portfolio Value = 941,584.8 | Budget = 393,979.6 | inventory = 2
[ 2024-08-06 15:57:36,789 ] 79 : Sold 2 shares at price 68,500 | Profit = 0 | Portfolio Value = 941,179.6 | Budget = 530,911.1 | inventory = 1
[ 2024-08-06 15:57:36,802 ] 80 : Sold 6 shares at price 68,800 | Profit = 2,400 | Portfolio Value = 941,911.1 | Budget = 943,504.7 | inventory = 0
[ 2024-08-06 15:57:36,829 ] 82 : Bought 7 shares at price 72,300 | Portfolio Value = 943,504.7 | Budget = 437,151.65 | inventory = 1
[ 2024-08-06 15:57:36,843 ] 83 : Bought 2 shares at price 71,400 | Portfolio Value = 943,251.65 | Budget = 294,280.25 | inventory = 2
[ 2024-08-06 15:57:36,856 ] 84 : Sold 7 shares at price 70,900 | Profit = -9,800 | Portfolio Value = 936,880.25 | Budget = 790,332.1 | inventory = 1
[ 2024-08-06 15:57:36,869 ] 85 : Bought 6 shares at price 72,200 | Portfolio Value = 932,132.1 | Budget = 356,915.5 | inventory = 2
[ 2024-08-06 15:57:36,883 ] 86 : Bought 4 shares at price 71,700 | Portfolio Value = 934,515.5 | Budget = 69,972.1 | inventory = 3
[ 2024-08-06 15:57:36,924 ] 89 : Sold 2 shares at price 72,000 | Profit = 1,200 | Portfolio Value = 920,772.1 | Budget = 213,900.1 | inventory = 2
[ 2024-08-06 15:57:36,938 ] 90 : Sold 6 shares at price 71,000 | Profit = -7,200 | Portfolio Value = 933,900.1 | Budget = 639,687.1 | inventory = 1
[ 2024-08-06 15:57:36,951 ] 91 : Sold 4 shares at price 72,000 | Profit = 1,200 | Portfolio Value = 923,687.1 | Budget = 927,543.1 | inventory = 0
[ 2024-08-06 15:57:37,032 ] 97 : Bought 5 shares at price 70,500 | Portfolio Value = 927,543.1 | Budget = 574,866.85 | inventory = 1
[ 2024-08-06 15:57:37,046 ] 98 : Bought 7 shares at price 71,300 | Portfolio Value = 927,366.85 | Budget = 75,517.3 | inventory = 2
[ 2024-08-06 15:57:37,060 ] 99 : Sold 5 shares at price 71,600 | Profit = 5,500 | Portfolio Value = 931,117.3 | Budget = 433,338.3 | inventory = 1
[ 2024-08-06 15:57:37,073 ] 100 : Bought 4 shares at price 72,400 | Portfolio Value = 934,538.3 | Budget = 143,593.5 | inventory = 2
[ 2024-08-06 15:57:37,087 ] 101 : Bought 1 shares at price 72,600 | Portfolio Value = 939,993.5 | Budget = 70,957.2 | inventory = 3
[ 2024-08-06 15:57:37,100 ] 102 : Sold 7 shares at price 72,700 | Profit = 9,800 | Portfolio Value = 942,157.2 | Budget = 579,602.75 | inventory = 2
[ 2024-08-06 15:57:37,114 ] 103 : Sold 4 shares at price 72,400 | Profit = 0 | Portfolio Value = 943,102.75 | Budget = 869,057.95 | inventory = 1
[ 2024-08-06 15:57:37,142 ] 105 : Sold 1 shares at price 73,000 | Profit = 400 | Portfolio Value = 941,257.95 | Budget = 942,021.45 | inventory = 0
[ 2024-08-06 15:57:37,183 ] 108 : Bought 9 shares at price 71,600 | Portfolio Value = 942,021.45 | Budget = 297,299.25 | inventory = 1
[ 2024-08-06 15:57:37,196 ] 109 : Sold 9 shares at price 69,900 | Profit = -15,300 | Portfolio Value = 941,699.25 | Budget = 926,084.7 | inventory = 0
[ 2024-08-06 15:57:37,209 ] 110 : Bought 5 shares at price 69,500 | Portfolio Value = 926,084.7 | Budget = 578,410.95 | inventory = 1
[ 2024-08-06 15:57:37,223 ] 111 : Sold 5 shares at price 71,500 | Profit = 10,000 | Portfolio Value = 925,910.95 | Budget = 935,732.2 | inventory = 0
[ 2024-08-06 15:57:37,370 ] 122 : Bought 7 shares at price 69,800 | Portfolio Value = 935,732.2 | Budget = 446,887.9 | inventory = 1
[ 2024-08-06 15:57:37,397 ] 124 : Bought 3 shares at price 70,600 | Portfolio Value = 948,787.9 | Budget = 234,982.0 | inventory = 2
[ 2024-08-06 15:57:37,410 ] 125 : Sold 7 shares at price 69,800 | Profit = 0 | Portfolio Value = 940,982.0 | Budget = 723,337.7 | inventory = 1
[ 2024-08-06 15:57:37,423 ] 126 : Bought 3 shares at price 71,100 | Portfolio Value = 932,737.7 | Budget = 509,931.05 | inventory = 2
[ 2024-08-06 15:57:37,437 ] 127 : Sold 3 shares at price 69,900 | Profit = -2,100 | Portfolio Value = 936,531.05 | Budget = 719,526.2 | inventory = 1
[ 2024-08-06 15:57:37,451 ] 128 : Sold 3 shares at price 68,800 | Profit = -6,900 | Portfolio Value = 929,226.2 | Budget = 925,823.0 | inventory = 0
[ 2024-08-06 15:57:37,490 ] 131 : Bought 4 shares at price 67,600 | Portfolio Value = 925,823.0 | Budget = 655,287.8 | inventory = 1
[ 2024-08-06 15:57:37,503 ] 132 : Sold 4 shares at price 68,900 | Profit = 5,200 | Portfolio Value = 925,687.8 | Budget = 930,750.0 | inventory = 0
[ 2024-08-06 15:57:37,531 ] 134 : Bought 13 shares at price 67,500 | Portfolio Value = 930,750.0 | Budget = 52,811.25 | inventory = 1
[ 2024-08-06 15:57:37,572 ] 137 : Sold 13 shares at price 66,700 | Profit = -10,400 | Portfolio Value = 923,811.25 | Budget = 919,477.7 | inventory = 0
[ 2024-08-06 15:57:37,599 ] 139 : Bought 3 shares at price 66,600 | Portfolio Value = 919,477.7 | Budget = 719,577.8 | inventory = 1
[ 2024-08-06 15:57:37,627 ] 141 : Sold 3 shares at price 67,100 | Profit = 1,500 | Portfolio Value = 919,377.8 | Budget = 920,777.15 | inventory = 0
[ 2024-08-06 15:57:37,680 ] 145 : Bought 4 shares at price 66,800 | Portfolio Value = 920,777.15 | Budget = 653,443.55 | inventory = 1
[ 2024-08-06 15:57:37,706 ] 147 : Sold 4 shares at price 66,900 | Profit = 400 | Portfolio Value = 921,843.55 | Budget = 920,909.75 | inventory = 0
[ 2024-08-06 15:57:37,748 ] 150 : Bought 9 shares at price 70,700 | Portfolio Value = 920,909.75 | Budget = 284,291.6 | inventory = 1
[ 2024-08-06 15:57:37,762 ] 151 : Bought 1 shares at price 70,000 | Portfolio Value = 920,591.6 | Budget = 214,256.6 | inventory = 2
[ 2024-08-06 15:57:37,775 ] 152 : Sold 9 shares at price 70,400 | Profit = -2,700 | Portfolio Value = 914,256.6 | Budget = 847,539.8 | inventory = 1
[ 2024-08-06 15:57:37,789 ] 153 : Sold 1 shares at price 70,300 | Profit = 300 | Portfolio Value = 917,939.8 | Budget = 917,804.65 | inventory = 0
[ 2024-08-06 15:57:37,857 ] 158 : Bought 12 shares at price 72,000 | Portfolio Value = 917,804.65 | Budget = 53,372.65 | inventory = 1
[ 2024-08-06 15:57:37,895 ] 161 : Sold 12 shares at price 69,600 | Profit = -28,800 | Portfolio Value = 890,972.65 | Budget = 888,155.05 | inventory = 0
[ 2024-08-06 15:57:37,908 ] 162 : Bought 12 shares at price 68,900 | Portfolio Value = 888,155.05 | Budget = 60,941.65 | inventory = 1
[ 2024-08-06 15:57:37,947 ] 165 : Sold 12 shares at price 68,600 | Profit = -3,600 | Portfolio Value = 893,741.65 | Budget = 883,730.05 | inventory = 0
[ 2024-08-06 15:57:37,987 ] 168 : Bought 6 shares at price 66,700 | Portfolio Value = 883,730.05 | Budget = 483,329.95 | inventory = 1
[ 2024-08-06 15:57:38,001 ] 169 : Bought 6 shares at price 66,000 | Portfolio Value = 883,529.95 | Budget = 87,131.95 | inventory = 2
[ 2024-08-06 15:57:38,014 ] 170 : Sold 6 shares at price 66,400 | Profit = -1,800 | Portfolio Value = 879,131.95 | Budget = 485,332.75 | inventory = 1
[ 2024-08-06 15:57:38,038 ] 172 : Sold 6 shares at price 68,900 | Profit = 17,400 | Portfolio Value = 894,532.75 | Budget = 898,526.05 | inventory = 0
[ 2024-08-06 15:57:38,052 ] 173 : Bought 5 shares at price 68,000 | Portfolio Value = 898,526.05 | Budget = 558,356.05 | inventory = 1
[ 2024-08-06 15:57:38,065 ] 174 : Bought 5 shares at price 67,300 | Portfolio Value = 898,356.05 | Budget = 221,687.8 | inventory = 2
[ 2024-08-06 15:57:38,078 ] 175 : Sold 5 shares at price 69,400 | Profit = 7,000 | Portfolio Value = 894,687.8 | Budget = 568,514.3 | inventory = 1
[ 2024-08-06 15:57:38,091 ] 176 : Sold 5 shares at price 70,500 | Profit = 16,000 | Portfolio Value = 915,514.3 | Budget = 920,838.05 | inventory = 0
[ 2024-08-06 15:57:38,117 ] 178 : Bought 13 shares at price 68,800 | Portfolio Value = 920,838.05 | Budget = 25,990.85 | inventory = 1
[ 2024-08-06 15:57:38,143 ] 180 : Sold 13 shares at price 68,500 | Profit = -3,900 | Portfolio Value = 915,190.85 | Budget = 916,045.6 | inventory = 0
[ 2024-08-06 15:57:38,184 ] 183 : Bought 5 shares at price 67,300 | Portfolio Value = 916,045.6 | Budget = 579,377.35 | inventory = 1
[ 2024-08-06 15:57:38,198 ] 184 : Sold 5 shares at price 67,300 | Profit = 0 | Portfolio Value = 915,877.35 | Budget = 915,709.1 | inventory = 0
[ 2024-08-06 15:57:38,241 ] 187 : Bought 12 shares at price 69,700 | Portfolio Value = 915,709.1 | Budget = 78,890.9 | inventory = 1
[ 2024-08-06 15:57:38,254 ] 188 : Sold 12 shares at price 69,600 | Profit = -1,200 | Portfolio Value = 915,290.9 | Budget = 913,673.3 | inventory = 0
[ 2024-08-06 15:57:38,268 ] 189 : Bought 9 shares at price 70,900 | Portfolio Value = 913,673.3 | Budget = 275,254.25 | inventory = 1
[ 2024-08-06 15:57:38,281 ] 190 : Bought 3 shares at price 70,900 | Portfolio Value = 913,354.25 | Budget = 62,447.9 | inventory = 2
[ 2024-08-06 15:57:38,348 ] 195 : Sold 9 shares at price 70,800 | Profit = -900 | Portfolio Value = 907,247.9 | Budget = 699,329.3 | inventory = 1
[ 2024-08-06 15:57:38,361 ] 196 : Bought 3 shares at price 72,200 | Portfolio Value = 911,729.3 | Budget = 482,621.0 | inventory = 2
[ 2024-08-06 15:57:38,387 ] 198 : Bought 3 shares at price 72,500 | Portfolio Value = 919,421.0 | Budget = 265,012.25 | inventory = 3
[ 2024-08-06 15:57:38,401 ] 199 : Sold 3 shares at price 72,700 | Profit = 5,400 | Portfolio Value = 917,512.25 | Budget = 483,003.2 | inventory = 2
[ 2024-08-06 15:57:38,415 ] 200 : Bought 6 shares at price 72,800 | Portfolio Value = 919,203.2 | Budget = 45,984.8 | inventory = 3
[ 2024-08-06 15:57:38,469 ] 204 : Sold 3 shares at price 71,300 | Profit = -2,700 | Portfolio Value = 906,384.8 | Budget = 259,777.85 | inventory = 2
[ 2024-08-06 15:57:38,482 ] 205 : Sold 3 shares at price 72,700 | Profit = 600 | Portfolio Value = 901,477.85 | Budget = 477,768.8 | inventory = 1
[ 2024-08-06 15:57:38,495 ] 206 : Sold 6 shares at price 72,700 | Profit = -600 | Portfolio Value = 913,968.8 | Budget = 913,750.7 | inventory = 0
[ 2024-08-06 15:57:38,509 ] 207 : Bought 9 shares at price 72,800 | Portfolio Value = 913,750.7 | Budget = 258,223.1 | inventory = 1
[ 2024-08-06 15:57:38,523 ] 208 : Sold 9 shares at price 72,000 | Profit = -7,200 | Portfolio Value = 913,423.1 | Budget = 905,899.1 | inventory = 0
[ 2024-08-06 15:57:38,536 ] 209 : Bought 2 shares at price 72,600 | Portfolio Value = 905,899.1 | Budget = 760,626.5 | inventory = 1
[ 2024-08-06 15:57:38,564 ] 211 : Bought 4 shares at price 71,700 | Portfolio Value = 903,026.5 | Budget = 473,683.1 | inventory = 2
[ 2024-08-06 15:57:38,577 ] 212 : Sold 2 shares at price 71,500 | Profit = -2,200 | Portfolio Value = 903,883.1 | Budget = 616,611.6 | inventory = 1
[ 2024-08-06 15:57:38,591 ] 213 : Sold 4 shares at price 72,600 | Profit = 3,600 | Portfolio Value = 902,611.6 | Budget = 906,866.4 | inventory = 0
[ 2024-08-06 15:57:38,604 ] 214 : Bought 12 shares at price 73,000 | Portfolio Value = 906,866.4 | Budget = 30,428.4 | inventory = 1
[ 2024-08-06 15:57:38,631 ] 216 : Sold 12 shares at price 72,800 | Profit = -2,400 | Portfolio Value = 912,428.4 | Budget = 903,591.6 | inventory = 0
[ 2024-08-06 15:57:38,644 ] 217 : Bought 2 shares at price 73,100 | Portfolio Value = 903,591.6 | Budget = 757,318.5 | inventory = 1
[ 2024-08-06 15:57:38,658 ] 218 : Bought 4 shares at price 73,300 | Portfolio Value = 903,518.5 | Budget = 463,971.9 | inventory = 2
[ 2024-08-06 15:57:38,670 ] 219 : Sold 2 shares at price 72,900 | Profit = -400 | Portfolio Value = 903,771.9 | Budget = 609,699.0 | inventory = 1
[ 2024-08-06 15:57:38,682 ] 220 : Bought 6 shares at price 73,400 | Portfolio Value = 901,299.0 | Budget = 169,078.8 | inventory = 2
[ 2024-08-06 15:57:38,695 ] 221 : Sold 4 shares at price 74,800 | Profit = 6,000 | Portfolio Value = 903,078.8 | Budget = 468,129.2 | inventory = 1
[ 2024-08-06 15:57:38,709 ] 222 : Sold 6 shares at price 75,000 | Profit = 9,600 | Portfolio Value = 916,929.2 | Budget = 917,904.2 | inventory = 0
[ 2024-08-06 15:57:38,722 ] 223 : Bought 5 shares at price 75,900 | Portfolio Value = 917,904.2 | Budget = 538,214.45 | inventory = 1
[ 2024-08-06 15:57:38,736 ] 224 : Bought 3 shares at price 76,600 | Portfolio Value = 917,714.45 | Budget = 308,299.55 | inventory = 2
[ 2024-08-06 15:57:38,750 ] 225 : Bought 1 shares at price 78,000 | Portfolio Value = 921,099.55 | Budget = 230,260.55 | inventory = 3
[ 2024-08-06 15:57:38,764 ] 226 : Bought 2 shares at price 78,500 | Portfolio Value = 932,260.55 | Budget = 73,182.05 | inventory = 4
[ 2024-08-06 15:57:38,764 ] Evaluation at Episode 1: Average Reward: 53,708.73 Average Profit: 53,700, Profit Rate: 5.37%
[ 2024-08-06 15:57:38,764 ] ----------------------------------------------------------------------------------------------------
[ 2024-08-06 15:57:38,764 ] Starting Episode 2
[ 2024-08-06 15:57:38,805 ] 3 : Bought 10 shares at price 63,500 | Portfolio Value = 1,000,000.0 | Budget = 364,682.5 | inventory = 1
[ 2024-08-06 15:57:38,819 ] 4 : Sold 10 shares at price 63,800 | Profit = 3,000 | Portfolio Value = 999,682.5 | Budget = 1,002,363.5 | inventory = 0
[ 2024-08-06 15:57:38,846 ] 6 : Bought 2 shares at price 61,900 | Portfolio Value = 1,002,363.5 | Budget = 878,501.6 | inventory = 1
[ 2024-08-06 15:57:38,859 ] 7 : Sold 2 shares at price 63,100 | Profit = 2,400 | Portfolio Value = 1,002,301.6 | Budget = 1,004,638.5 | inventory = 0
[ 2024-08-06 15:57:38,951 ] 14 : Bought 12 shares at price 62,600 | Portfolio Value = 1,004,638.5 | Budget = 253,062.9 | inventory = 1
[ 2024-08-06 15:57:38,964 ] 15 : Sold 12 shares at price 62,700 | Profit = 1,200 | Portfolio Value = 1,004,262.9 | Budget = 1,005,086.7 | inventory = 0
[ 2024-08-06 15:57:39,010 ] 18 : Bought 8 shares at price 62,000 | Portfolio Value = 1,005,086.7 | Budget = 508,838.7 | inventory = 1
[ 2024-08-06 15:57:39,024 ] 19 : Bought 7 shares at price 61,300 | Portfolio Value = 1,004,838.7 | Budget = 79,524.15 | inventory = 2
[ 2024-08-06 15:57:39,038 ] 20 : Bought 1 shares at price 60,500 | Portfolio Value = 999,024.15 | Budget = 18,993.9 | inventory = 3
[ 2024-08-06 15:57:39,052 ] 21 : Sold 8 shares at price 60,600 | Profit = -11,200 | Portfolio Value = 986,993.9 | Budget = 503,551.5 | inventory = 2
[ 2024-08-06 15:57:39,065 ] 22 : Bought 8 shares at price 60,800 | Portfolio Value = 988,351.5 | Budget = 16,908.3 | inventory = 3
[ 2024-08-06 15:57:39,079 ] 23 : Sold 7 shares at price 60,500 | Profit = -5,600 | Portfolio Value = 989,708.3 | Budget = 440,196.55 | inventory = 2
[ 2024-08-06 15:57:39,092 ] 24 : Sold 1 shares at price 61,500 | Profit = 1,000 | Portfolio Value = 984,696.55 | Budget = 501,665.8 | inventory = 1
[ 2024-08-06 15:57:39,106 ] 25 : Sold 8 shares at price 60,700 | Profit = -800 | Portfolio Value = 993,665.8 | Budget = 987,023.0 | inventory = 0
[ 2024-08-06 15:57:39,119 ] 26 : Bought 1 shares at price 60,300 | Portfolio Value = 987,023.0 | Budget = 926,692.85 | inventory = 1
[ 2024-08-06 15:57:39,132 ] 27 : Sold 1 shares at price 60,100 | Profit = -200 | Portfolio Value = 986,992.85 | Budget = 986,762.8 | inventory = 0
[ 2024-08-06 15:57:39,172 ] 30 : Bought 14 shares at price 59,000 | Portfolio Value = 986,762.8 | Budget = 160,349.8 | inventory = 1
[ 2024-08-06 16:00:17,407 ] Starting Episode 1
[ 2024-08-06 16:00:17,607 ] 1 : Bought 5 shares at price 61,000 | Portfolio Value = 1,000,000 | Budget = 694,847.5 | inventory = 1
[ 2024-08-06 16:00:17,621 ] 2 : Sold 5 shares at price 61,800 | Profit = 4,000 | Portfolio Value = 999,847.5 | Budget = 1,003,693.0 | inventory = 0
[ 2024-08-06 16:00:17,634 ] 3 : Bought 11 shares at price 63,500 | Portfolio Value = 1,003,693.0 | Budget = 304,843.75 | inventory = 1
[ 2024-08-06 16:00:17,647 ] 4 : Sold 11 shares at price 63,800 | Profit = 3,300 | Portfolio Value = 1,003,343.75 | Budget = 1,006,292.85 | inventory = 0
[ 2024-08-06 16:00:17,720 ] 9 : Bought 5 shares at price 62,800 | Portfolio Value = 1,006,292.85 | Budget = 692,135.85 | inventory = 1
[ 2024-08-06 16:00:17,745 ] 10 : Sold 5 shares at price 62,900 | Profit = 500 | Portfolio Value = 1,006,135.85 | Budget = 1,006,478.6 | inventory = 0
[ 2024-08-06 16:00:17,889 ] 15 : Bought 15 shares at price 62,700 | Portfolio Value = 1,006,478.6 | Budget = 65,508.35 | inventory = 1
[ 2024-08-06 16:00:17,905 ] 16 : Bought 1 shares at price 62,100 | Portfolio Value = 1,006,008.35 | Budget = 3,377.3 | inventory = 2
[ 2024-08-06 16:00:17,944 ] 18 : Sold 15 shares at price 62,000 | Profit = -10,500 | Portfolio Value = 980,977.3 | Budget = 932,912.3 | inventory = 1
[ 2024-08-06 16:00:17,960 ] 19 : Bought 9 shares at price 61,300 | Portfolio Value = 994,912.3 | Budget = 380,936.45 | inventory = 2
[ 2024-08-06 16:00:17,985 ] 20 : Sold 1 shares at price 60,500 | Profit = -1,600 | Portfolio Value = 993,936.45 | Budget = 441,406.2 | inventory = 1
[ 2024-08-06 16:00:18,001 ] 21 : Sold 9 shares at price 60,600 | Profit = -6,300 | Portfolio Value = 985,906.2 | Budget = 986,533.5 | inventory = 0
[ 2024-08-06 16:00:18,033 ] 23 : Bought 8 shares at price 60,500 | Portfolio Value = 986,533.5 | Budget = 502,291.5 | inventory = 1
[ 2024-08-06 16:00:18,049 ] 24 : Bought 7 shares at price 61,500 | Portfolio Value = 986,291.5 | Budget = 71,576.25 | inventory = 2
[ 2024-08-06 16:00:18,067 ] 25 : Bought 1 shares at price 60,700 | Portfolio Value = 994,076.25 | Budget = 10,845.9 | inventory = 3
[ 2024-08-06 16:00:18,087 ] 26 : Sold 8 shares at price 60,300 | Profit = -1,600 | Portfolio Value = 982,045.9 | Budget = 493,004.7 | inventory = 2
[ 2024-08-06 16:00:18,107 ] 27 : Bought 7 shares at price 60,100 | Portfolio Value = 975,404.7 | Budget = 72,094.35 | inventory = 3
[ 2024-08-06 16:00:18,134 ] 28 : Bought 1 shares at price 59,500 | Portfolio Value = 973,594.35 | Budget = 12,564.6 | inventory = 4
[ 2024-08-06 16:00:18,305 ] 34 : Sold 7 shares at price 60,200 | Profit = -9,100 | Portfolio Value = 993,364.6 | Budget = 433,753.9 | inventory = 3
[ 2024-08-06 16:00:18,318 ] 35 : Sold 1 shares at price 60,300 | Profit = -400 | Portfolio Value = 975,553.9 | Budget = 494,023.75 | inventory = 2
[ 2024-08-06 16:00:18,332 ] 36 : Bought 2 shares at price 61,100 | Portfolio Value = 976,423.75 | Budget = 371,762.65 | inventory = 3
[ 2024-08-06 16:00:18,346 ] 37 : Bought 2 shares at price 62,300 | Portfolio Value = 982,762.65 | Budget = 247,100.35 | inventory = 4
[ 2024-08-06 16:00:18,361 ] 38 : Bought 2 shares at price 63,000 | Portfolio Value = 994,700.35 | Budget = 121,037.35 | inventory = 5
[ 2024-08-06 16:00:18,375 ] 39 : Sold 7 shares at price 62,100 | Profit = 14,000 | Portfolio Value = 1,003,037.35 | Budget = 555,520.0 | inventory = 4
[ 2024-08-06 16:00:18,401 ] 41 : Bought 4 shares at price 62,700 | Portfolio Value = 995,820.0 | Budget = 304,594.6 | inventory = 5
[ 2024-08-06 16:00:18,416 ] 42 : Bought 1 shares at price 63,200 | Portfolio Value = 994,294.6 | Budget = 241,363.0 | inventory = 6
[ 2024-08-06 16:00:18,451 ] 44 : Sold 1 shares at price 63,100 | Profit = 3,600 | Portfolio Value = 1,009,363.0 | Budget = 304,431.45 | inventory = 5
[ 2024-08-06 16:00:18,485 ] 45 : Bought 3 shares at price 63,600 | Portfolio Value = 998,531.45 | Budget = 113,536.05 | inventory = 6
[ 2024-08-06 16:00:18,532 ] 47 : Bought 1 shares at price 62,300 | Portfolio Value = 1,008,136.05 | Budget = 51,204.9 | inventory = 7
[ 2024-08-06 16:00:18,629 ] 51 : Sold 2 shares at price 66,000 | Profit = 9,800 | Portfolio Value = 1,039,704.9 | Budget = 183,138.9 | inventory = 6
[ 2024-08-06 16:00:18,646 ] 52 : Sold 2 shares at price 66,100 | Profit = 7,600 | Portfolio Value = 1,041,138.9 | Budget = 315,272.8 | inventory = 5
[ 2024-08-06 16:00:18,661 ] 53 : Sold 2 shares at price 65,100 | Profit = 4,200 | Portfolio Value = 1,042,372.8 | Budget = 445,407.7 | inventory = 4
[ 2024-08-06 16:00:18,676 ] 54 : Sold 4 shares at price 65,300 | Profit = 10,400 | Portfolio Value = 1,031,307.7 | Budget = 706,477.1 | inventory = 3
[ 2024-08-06 16:00:18,690 ] 55 : Bought 5 shares at price 65,600 | Portfolio Value = 1,032,977.1 | Budget = 378,313.1 | inventory = 4
[ 2024-08-06 16:00:18,704 ] 56 : Sold 1 shares at price 65,500 | Profit = 2,300 | Portfolio Value = 1,034,313.1 | Budget = 443,780.35 | inventory = 3
[ 2024-08-06 16:00:18,734 ] 58 : Bought 6 shares at price 65,700 | Portfolio Value = 1,031,480.35 | Budget = 49,383.25 | inventory = 4
[ 2024-08-06 16:00:18,763 ] 60 : Sold 3 shares at price 63,600 | Profit = 0 | Portfolio Value = 1,027,383.25 | Budget = 240,087.85 | inventory = 3
[ 2024-08-06 16:00:18,776 ] 61 : Bought 3 shares at price 64,100 | Portfolio Value = 1,003,287.85 | Budget = 47,691.7 | inventory = 4
[ 2024-08-06 16:00:18,804 ] 63 : Sold 1 shares at price 65,500 | Profit = 3,200 | Portfolio Value = 1,016,691.7 | Budget = 113,158.95 | inventory = 3
[ 2024-08-06 16:00:18,817 ] 64 : Bought 1 shares at price 65,700 | Portfolio Value = 1,030,158.95 | Budget = 47,426.1 | inventory = 4
[ 2024-08-06 16:00:18,869 ] 68 : Sold 5 shares at price 65,300 | Profit = -1,500 | Portfolio Value = 1,035,926.1 | Budget = 373,762.85 | inventory = 3
[ 2024-08-06 16:00:18,896 ] 70 : Sold 6 shares at price 64,200 | Profit = -9,000 | Portfolio Value = 1,019,762.85 | Budget = 758,770.25 | inventory = 2
[ 2024-08-06 16:00:18,909 ] 71 : Sold 3 shares at price 64,100 | Profit = 0 | Portfolio Value = 1,015,570.25 | Budget = 950,974.1 | inventory = 1
[ 2024-08-06 16:00:18,949 ] 74 : Sold 1 shares at price 65,000 | Profit = -700 | Portfolio Value = 1,016,374.1 | Budget = 1,015,941.6 | inventory = 0
[ 2024-08-06 16:00:18,963 ] 75 : Bought 1 shares at price 66,200 | Portfolio Value = 1,015,941.6 | Budget = 949,708.5 | inventory = 1
[ 2024-08-06 16:00:18,977 ] 76 : Sold 1 shares at price 68,400 | Profit = 2,200 | Portfolio Value = 1,015,908.5 | Budget = 1,018,074.3 | inventory = 0
[ 2024-08-06 16:00:19,003 ] 78 : Bought 9 shares at price 68,400 | Portfolio Value = 1,018,074.3 | Budget = 402,166.5 | inventory = 1
[ 2024-08-06 16:00:19,030 ] 80 : Bought 4 shares at price 68,800 | Portfolio Value = 1,018,666.5 | Budget = 126,828.9 | inventory = 2
[ 2024-08-06 16:00:19,042 ] 81 : Sold 9 shares at price 70,300 | Profit = 17,100 | Portfolio Value = 1,021,228.9 | Budget = 759,212.55 | inventory = 1
[ 2024-08-06 16:00:19,056 ] 82 : Sold 4 shares at price 72,300 | Profit = 14,000 | Portfolio Value = 1,040,412.55 | Budget = 1,048,267.95 | inventory = 0
[ 2024-08-06 16:00:19,097 ] 85 : Bought 13 shares at price 72,200 | Portfolio Value = 1,048,267.95 | Budget = 109,198.65 | inventory = 1
[ 2024-08-06 16:00:19,122 ] 87 : Sold 13 shares at price 71,000 | Profit = -15,600 | Portfolio Value = 1,041,298.65 | Budget = 1,031,737.15 | inventory = 0
[ 2024-08-06 16:00:19,149 ] 89 : Bought 12 shares at price 72,000 | Portfolio Value = 1,031,737.15 | Budget = 167,305.15 | inventory = 1
[ 2024-08-06 16:00:19,188 ] 92 : Sold 12 shares at price 71,900 | Profit = -1,200 | Portfolio Value = 1,031,305.15 | Budget = 1,029,673.75 | inventory = 0
[ 2024-08-06 16:00:19,215 ] 94 : Bought 3 shares at price 71,800 | Portfolio Value = 1,029,673.75 | Budget = 814,166.05 | inventory = 1
[ 2024-08-06 16:00:19,230 ] 95 : Sold 3 shares at price 71,200 | Profit = -1,800 | Portfolio Value = 1,029,566.05 | Budget = 1,027,659.25 | inventory = 0
[ 2024-08-06 16:00:19,244 ] 96 : Bought 4 shares at price 71,400 | Portfolio Value = 1,027,659.25 | Budget = 741,916.45 | inventory = 1
[ 2024-08-06 16:00:19,258 ] 97 : Bought 9 shares at price 70,500 | Portfolio Value = 1,027,516.45 | Budget = 107,099.2 | inventory = 2
[ 2024-08-06 16:00:19,272 ] 98 : Bought 1 shares at price 71,300 | Portfolio Value = 1,023,599.2 | Budget = 35,763.55 | inventory = 3
[ 2024-08-06 16:00:19,325 ] 102 : Sold 4 shares at price 72,700 | Profit = 5,200 | Portfolio Value = 1,052,163.55 | Budget = 326,418.15 | inventory = 2
[ 2024-08-06 16:00:19,338 ] 103 : Bought 3 shares at price 72,400 | Portfolio Value = 1,053,418.15 | Budget = 109,109.55 | inventory = 3
[ 2024-08-06 16:00:19,351 ] 104 : Bought 1 shares at price 72,200 | Portfolio Value = 1,050,309.55 | Budget = 36,873.45 | inventory = 4
[ 2024-08-06 16:00:19,364 ] 105 : Sold 9 shares at price 73,000 | Profit = 22,500 | Portfolio Value = 1,047,673.45 | Budget = 693,544.95 | inventory = 3
[ 2024-08-06 16:00:19,391 ] 107 : Sold 1 shares at price 72,000 | Profit = 700 | Portfolio Value = 1,058,544.95 | Budget = 765,508.95 | inventory = 2
[ 2024-08-06 16:00:19,404 ] 108 : Sold 3 shares at price 71,600 | Profit = -2,400 | Portfolio Value = 1,053,508.95 | Budget = 980,201.55 | inventory = 1
[ 2024-08-06 16:00:19,417 ] 109 : Bought 9 shares at price 69,900 | Portfolio Value = 1,051,801.55 | Budget = 350,787.0 | inventory = 2
[ 2024-08-06 16:00:19,444 ] 111 : Bought 4 shares at price 71,500 | Portfolio Value = 1,045,787.0 | Budget = 64,644.0 | inventory = 3
[ 2024-08-06 16:00:19,471 ] 113 : Sold 1 shares at price 71,900 | Profit = -300 | Portfolio Value = 1,071,244.0 | Budget = 136,508.05 | inventory = 2
[ 2024-08-06 16:00:19,485 ] 114 : Sold 9 shares at price 73,400 | Profit = 31,500 | Portfolio Value = 1,071,208.05 | Budget = 796,777.75 | inventory = 1
[ 2024-08-06 16:00:19,498 ] 115 : Bought 10 shares at price 73,300 | Portfolio Value = 1,090,377.75 | Budget = 63,411.25 | inventory = 2
[ 2024-08-06 16:00:19,511 ] 116 : Sold 4 shares at price 72,000 | Profit = 2,000 | Portfolio Value = 1,089,611.25 | Budget = 351,267.25 | inventory = 1
[ 2024-08-06 16:00:19,526 ] 117 : Bought 3 shares at price 71,700 | Portfolio Value = 1,071,267.25 | Budget = 136,059.7 | inventory = 2
[ 2024-08-06 16:00:19,543 ] 118 : Bought 1 shares at price 71,000 | Portfolio Value = 1,068,159.7 | Budget = 65,024.2 | inventory = 3
[ 2024-08-06 16:00:19,556 ] 119 : Sold 10 shares at price 70,300 | Profit = -30,000 | Portfolio Value = 1,059,024.2 | Budget = 767,672.7 | inventory = 2
[ 2024-08-06 16:00:19,570 ] 120 : Bought 7 shares at price 70,400 | Portfolio Value = 1,048,872.7 | Budget = 274,626.3 | inventory = 3
[ 2024-08-06 16:00:19,583 ] 121 : Sold 3 shares at price 70,000 | Profit = -5,100 | Portfolio Value = 1,049,026.3 | Budget = 484,521.3 | inventory = 2
[ 2024-08-06 16:00:19,597 ] 122 : Sold 1 shares at price 69,800 | Profit = -1,200 | Portfolio Value = 1,044,521.3 | Budget = 554,286.4 | inventory = 1
[ 2024-08-06 16:00:19,611 ] 123 : Bought 7 shares at price 71,700 | Portfolio Value = 1,042,886.4 | Budget = 52,135.45 | inventory = 2
[ 2024-08-06 16:00:19,677 ] 128 : Sold 7 shares at price 68,800 | Profit = -11,200 | Portfolio Value = 1,030,735.45 | Budget = 533,494.65 | inventory = 1
[ 2024-08-06 16:00:19,704 ] 130 : Bought 4 shares at price 68,500 | Portfolio Value = 1,011,594.65 | Budget = 259,357.65 | inventory = 2
[ 2024-08-06 16:00:19,731 ] 132 : Bought 1 shares at price 68,900 | Portfolio Value = 1,002,957.65 | Budget = 190,423.2 | inventory = 3
[ 2024-08-06 16:00:19,745 ] 133 : Bought 2 shares at price 68,000 | Portfolio Value = 1,017,223.2 | Budget = 54,355.2 | inventory = 4
[ 2024-08-06 16:00:19,811 ] 138 : Sold 7 shares at price 66,300 | Profit = -37,800 | Portfolio Value = 988,155.2 | Budget = 518,223.15 | inventory = 3
[ 2024-08-06 16:00:19,824 ] 139 : Bought 2 shares at price 66,600 | Portfolio Value = 982,323.15 | Budget = 384,956.55 | inventory = 4
[ 2024-08-06 16:00:19,837 ] 140 : Sold 4 shares at price 66,600 | Profit = -7,600 | Portfolio Value = 984,356.55 | Budget = 651,223.35 | inventory = 3
[ 2024-08-06 16:00:19,850 ] 141 : Sold 1 shares at price 67,100 | Profit = -1,800 | Portfolio Value = 984,223.35 | Budget = 718,289.8 | inventory = 2
[ 2024-08-06 16:00:19,876 ] 143 : Bought 7 shares at price 67,100 | Portfolio Value = 991,089.8 | Budget = 248,354.95 | inventory = 3
[ 2024-08-06 16:00:19,889 ] 144 : Bought 2 shares at price 66,800 | Portfolio Value = 986,454.95 | Budget = 114,688.15 | inventory = 4
[ 2024-08-06 16:00:19,903 ] 145 : Bought 1 shares at price 66,800 | Portfolio Value = 983,088.15 | Budget = 47,854.75 | inventory = 5
[ 2024-08-06 16:00:19,929 ] 147 : Sold 2 shares at price 66,900 | Profit = -2,200 | Portfolio Value = 987,254.75 | Budget = 181,587.85 | inventory = 4
[ 2024-08-06 16:00:19,943 ] 148 : Bought 2 shares at price 71,000 | Portfolio Value = 984,387.85 | Budget = 39,516.85 | inventory = 5
[ 2024-08-06 16:00:19,983 ] 151 : Sold 2 shares at price 70,000 | Profit = 6,800 | Portfolio Value = 1,029,316.85 | Budget = 179,446.85 | inventory = 4
[ 2024-08-06 16:00:19,996 ] 152 : Bought 2 shares at price 70,400 | Portfolio Value = 1,019,446.85 | Budget = 38,576.45 | inventory = 5
[ 2024-08-06 16:00:20,035 ] 155 : Sold 7 shares at price 70,500 | Profit = 23,800 | Portfolio Value = 1,029,776.45 | Budget = 531,829.7 | inventory = 4
[ 2024-08-06 16:00:20,048 ] 156 : Bought 6 shares at price 70,900 | Portfolio Value = 1,025,329.7 | Budget = 106,217.0 | inventory = 5
[ 2024-08-06 16:00:20,061 ] 157 : Sold 2 shares at price 71,700 | Profit = 9,800 | Portfolio Value = 1,027,917.0 | Budget = 249,545.3 | inventory = 4
[ 2024-08-06 16:00:20,074 ] 158 : Sold 1 shares at price 72,000 | Profit = 5,200 | Portfolio Value = 1,038,245.3 | Budget = 321,509.3 | inventory = 3
[ 2024-08-06 16:00:20,087 ] 159 : Bought 4 shares at price 70,200 | Portfolio Value = 1,041,509.3 | Budget = 40,568.9 | inventory = 4
[ 2024-08-06 16:00:20,100 ] 160 : Sold 2 shares at price 69,800 | Profit = -2,400 | Portfolio Value = 1,023,368.9 | Budget = 180,099.1 | inventory = 3
[ 2024-08-06 16:00:20,130 ] 162 : Bought 2 shares at price 68,900 | Portfolio Value = 1,015,299.1 | Budget = 42,230.2 | inventory = 4
[ 2024-08-06 16:00:20,144 ] 163 : Sold 2 shares at price 68,800 | Profit = -3,200 | Portfolio Value = 1,006,830.2 | Budget = 179,761.4 | inventory = 3
[ 2024-08-06 16:00:20,157 ] 164 : Bought 2 shares at price 69,400 | Portfolio Value = 1,005,361.4 | Budget = 40,892.0 | inventory = 4
[ 2024-08-06 16:00:20,184 ] 166 : Sold 6 shares at price 68,400 | Profit = -15,000 | Portfolio Value = 1,001,292.0 | Budget = 451,086.8 | inventory = 3
[ 2024-08-06 16:00:20,198 ] 167 : Bought 4 shares at price 67,500 | Portfolio Value = 998,286.8 | Budget = 180,951.8 | inventory = 4
[ 2024-08-06 16:00:20,210 ] 168 : Bought 2 shares at price 66,700 | Portfolio Value = 990,951.8 | Budget = 47,485.1 | inventory = 5
[ 2024-08-06 16:00:20,250 ] 171 : Sold 4 shares at price 68,200 | Profit = -8,000 | Portfolio Value = 977,085.1 | Budget = 320,148.7 | inventory = 4
[ 2024-08-06 16:00:20,276 ] 173 : Bought 4 shares at price 68,000 | Portfolio Value = 1,009,148.7 | Budget = 48,012.7 | inventory = 5
[ 2024-08-06 16:00:20,302 ] 175 : Sold 2 shares at price 69,400 | Profit = 1,000 | Portfolio Value = 990,212.7 | Budget = 186,743.3 | inventory = 4
[ 2024-08-06 16:00:20,314 ] 176 : Bought 1 shares at price 70,500 | Portfolio Value = 1,019,543.3 | Budget = 116,208.05 | inventory = 5
[ 2024-08-06 16:00:20,328 ] 177 : Bought 1 shares at price 69,500 | Portfolio Value = 1,032,708.05 | Budget = 46,673.3 | inventory = 6
[ 2024-08-06 16:00:20,354 ] 179 : Sold 2 shares at price 68,400 | Profit = -2,000 | Portfolio Value = 1,009,873.3 | Budget = 183,404.9 | inventory = 5
[ 2024-08-06 16:00:20,379 ] 181 : Bought 2 shares at price 68,000 | Portfolio Value = 1,005,404.9 | Budget = 47,336.9 | inventory = 6
[ 2024-08-06 16:00:20,405 ] 183 : Sold 4 shares at price 67,300 | Profit = -800 | Portfolio Value = 981,136.9 | Budget = 316,402.3 | inventory = 5
[ 2024-08-06 16:00:20,418 ] 184 : Sold 2 shares at price 67,300 | Profit = 1,200 | Portfolio Value = 989,402.3 | Budget = 450,935.0 | inventory = 4
[ 2024-08-06 16:00:20,445 ] 186 : Bought 1 shares at price 68,600 | Portfolio Value = 986,135.0 | Budget = 382,300.7 | inventory = 5
[ 2024-08-06 16:00:20,458 ] 187 : Bought 3 shares at price 69,700 | Portfolio Value = 999,700.7 | Budget = 173,096.15 | inventory = 6
[ 2024-08-06 16:00:20,472 ] 188 : Bought 2 shares at price 69,600 | Portfolio Value = 1,009,496.15 | Budget = 33,826.55 | inventory = 7
[ 2024-08-06 16:00:20,524 ] 192 : Sold 4 shares at price 70,300 | Profit = 9,200 | Portfolio Value = 1,012,426.55 | Budget = 314,885.95 | inventory = 6
[ 2024-08-06 16:00:20,537 ] 193 : Sold 1 shares at price 70,500 | Profit = 0 | Portfolio Value = 1,017,885.95 | Budget = 385,350.7 | inventory = 5
[ 2024-08-06 16:00:20,550 ] 194 : Sold 1 shares at price 70,400 | Profit = 900 | Portfolio Value = 1,019,850.7 | Budget = 455,715.5 | inventory = 4
[ 2024-08-06 16:00:20,562 ] 195 : Bought 1 shares at price 70,800 | Portfolio Value = 1,018,915.5 | Budget = 384,880.1 | inventory = 5
[ 2024-08-06 16:00:20,575 ] 196 : Bought 1 shares at price 72,200 | Portfolio Value = 1,022,080.1 | Budget = 312,644.0 | inventory = 6
[ 2024-08-06 16:00:20,588 ] 197 : Sold 2 shares at price 72,800 | Profit = 9,600 | Portfolio Value = 1,034,644.0 | Budget = 458,171.2 | inventory = 5
[ 2024-08-06 16:00:20,602 ] 198 : Sold 1 shares at price 72,500 | Profit = 3,900 | Portfolio Value = 1,040,571.2 | Budget = 530,634.95 | inventory = 4
[ 2024-08-06 16:00:20,616 ] 199 : Sold 3 shares at price 72,700 | Profit = 9,000 | Portfolio Value = 1,038,134.95 | Budget = 748,625.9 | inventory = 3
[ 2024-08-06 16:00:20,642 ] 201 : Sold 2 shares at price 72,800 | Profit = 6,400 | Portfolio Value = 1,039,825.9 | Budget = 894,153.1 | inventory = 2
[ 2024-08-06 16:00:20,681 ] 204 : Sold 1 shares at price 71,300 | Profit = 500 | Portfolio Value = 1,037,553.1 | Budget = 965,417.45 | inventory = 1
[ 2024-08-06 16:00:20,694 ] 205 : Bought 9 shares at price 72,700 | Portfolio Value = 1,036,717.45 | Budget = 310,790.3 | inventory = 2
[ 2024-08-06 16:00:20,721 ] 207 : Bought 2 shares at price 72,800 | Portfolio Value = 1,037,790.3 | Budget = 165,117.5 | inventory = 3
[ 2024-08-06 16:00:20,733 ] 208 : Sold 1 shares at price 72,000 | Profit = -200 | Portfolio Value = 1,038,717.5 | Budget = 237,081.5 | inventory = 2
[ 2024-08-06 16:00:20,773 ] 211 : Bought 2 shares at price 71,700 | Portfolio Value = 1,020,281.5 | Budget = 93,609.8 | inventory = 3
[ 2024-08-06 16:00:20,786 ] 212 : Sold 9 shares at price 71,500 | Profit = -10,800 | Portfolio Value = 1,025,709.8 | Budget = 736,788.05 | inventory = 2
[ 2024-08-06 16:00:20,798 ] 213 : Sold 2 shares at price 72,600 | Profit = -400 | Portfolio Value = 1,022,788.05 | Budget = 881,915.45 | inventory = 1
[ 2024-08-06 16:00:20,825 ] 215 : Sold 2 shares at price 73,500 | Profit = 3,600 | Portfolio Value = 1,027,915.45 | Budget = 1,028,841.95 | inventory = 0
[ 2024-08-06 16:00:20,852 ] 217 : Bought 8 shares at price 73,100 | Portfolio Value = 1,028,841.95 | Budget = 443,749.55 | inventory = 1
[ 2024-08-06 16:00:20,866 ] 218 : Sold 8 shares at price 73,300 | Profit = 1,600 | Portfolio Value = 1,028,549.55 | Budget = 1,029,856.35 | inventory = 0
[ 2024-08-06 16:00:20,892 ] 220 : Bought 5 shares at price 73,400 | Portfolio Value = 1,029,856.35 | Budget = 662,672.85 | inventory = 1
[ 2024-08-06 16:00:20,906 ] 221 : Bought 6 shares at price 74,800 | Portfolio Value = 1,029,672.85 | Budget = 213,648.45 | inventory = 2
[ 2024-08-06 16:00:20,919 ] 222 : Bought 2 shares at price 75,000 | Portfolio Value = 1,036,448.45 | Budget = 63,573.45 | inventory = 3
[ 2024-08-06 16:00:20,971 ] Episode: 1, Total Reward: 48,911.18, Total Profit: 48,900, Profit Rate: 4.89%
[ 2024-08-06 16:00:20,971 ] ----------------------------------------------------------------------------------------------------
[ 2024-08-06 16:00:20,985 ] 1 : Bought 5 shares at price 61,000 | Portfolio Value = 1,000,000 | Budget = 694,847.5 | inventory = 1
[ 2024-08-06 16:00:21,009 ] 3 : Sold 5 shares at price 63,500 | Profit = 12,500 | Portfolio Value = 1,003,847.5 | Budget = 1,012,188.75 | inventory = 0
[ 2024-08-06 16:00:21,049 ] 6 : Bought 1 shares at price 61,900 | Portfolio Value = 1,012,188.75 | Budget = 950,257.8 | inventory = 1
[ 2024-08-06 16:00:21,076 ] 8 : Bought 5 shares at price 63,000 | Portfolio Value = 1,013,357.8 | Budget = 635,100.3 | inventory = 2
[ 2024-08-06 16:00:21,089 ] 9 : Bought 9 shares at price 62,800 | Portfolio Value = 1,013,100.3 | Budget = 69,617.7 | inventory = 3
[ 2024-08-06 16:00:21,103 ] 10 : Bought 1 shares at price 62,900 | Portfolio Value = 1,011,617.7 | Budget = 6,686.25 | inventory = 4
[ 2024-08-06 16:00:21,144 ] 13 : Sold 1 shares at price 63,700 | Profit = 1,800 | Portfolio Value = 1,001,886.25 | Budget = 70,354.4 | inventory = 3
[ 2024-08-06 16:00:21,170 ] 15 : Sold 5 shares at price 62,700 | Profit = -1,500 | Portfolio Value = 1,009,354.4 | Budget = 383,697.65 | inventory = 2
[ 2024-08-06 16:00:21,185 ] 16 : Sold 9 shares at price 62,100 | Profit = -6,300 | Portfolio Value = 1,010,697.65 | Budget = 942,318.2 | inventory = 1
[ 2024-08-06 16:00:21,198 ] 17 : Sold 1 shares at price 61,100 | Profit = -1,800 | Portfolio Value = 1,004,418.2 | Budget = 1,003,387.65 | inventory = 0
[ 2024-08-06 16:00:21,212 ] 18 : Bought 3 shares at price 62,000 | Portfolio Value = 1,003,387.65 | Budget = 817,294.65 | inventory = 1
[ 2024-08-06 16:00:21,240 ] 20 : Sold 3 shares at price 60,500 | Profit = -4,500 | Portfolio Value = 1,001,194.65 | Budget = 998,703.9 | inventory = 0
[ 2024-08-06 16:00:21,254 ] 21 : Bought 1 shares at price 60,600 | Portfolio Value = 998,703.9 | Budget = 938,073.6 | inventory = 1
[ 2024-08-06 16:00:21,267 ] 22 : Sold 1 shares at price 60,800 | Profit = 200 | Portfolio Value = 998,673.6 | Budget = 998,843.2 | inventory = 0
[ 2024-08-06 16:00:21,307 ] 25 : Bought 1 shares at price 60,700 | Portfolio Value = 998,843.2 | Budget = 938,112.85 | inventory = 1
[ 2024-08-06 16:00:21,322 ] 26 : Sold 1 shares at price 60,300 | Profit = -400 | Portfolio Value = 998,812.85 | Budget = 998,382.7 | inventory = 0
[ 2024-08-06 16:00:21,351 ] 28 : Bought 8 shares at price 59,500 | Portfolio Value = 998,382.7 | Budget = 522,144.7 | inventory = 1
[ 2024-08-06 16:00:21,365 ] 29 : Bought 4 shares at price 60,000 | Portfolio Value = 998,144.7 | Budget = 282,024.7 | inventory = 2
[ 2024-08-06 16:00:21,379 ] 30 : Bought 3 shares at price 59,000 | Portfolio Value = 1,002,024.7 | Budget = 104,936.2 | inventory = 3
[ 2024-08-06 16:00:21,393 ] 31 : Sold 8 shares at price 59,800 | Profit = 2,400 | Portfolio Value = 989,936.2 | Budget = 583,097.0 | inventory = 2
[ 2024-08-06 16:00:21,405 ] 32 : Sold 4 shares at price 59,900 | Profit = -400 | Portfolio Value = 1,001,697.0 | Budget = 822,577.2 | inventory = 1
[ 2024-08-06 16:00:21,444 ] 35 : Bought 5 shares at price 60,300 | Portfolio Value = 1,003,177.2 | Budget = 520,926.45 | inventory = 2
[ 2024-08-06 16:00:21,457 ] 36 : Sold 3 shares at price 61,100 | Profit = 6,300 | Portfolio Value = 1,003,326.45 | Budget = 704,134.8 | inventory = 1
[ 2024-08-06 16:00:21,471 ] 37 : Bought 5 shares at price 62,300 | Portfolio Value = 1,009,634.8 | Budget = 392,479.05 | inventory = 2
[ 2024-08-06 16:00:21,484 ] 38 : Bought 2 shares at price 63,000 | Portfolio Value = 1,015,479.05 | Budget = 266,416.05 | inventory = 3
[ 2024-08-06 16:00:21,497 ] 39 : Bought 1 shares at price 62,100 | Portfolio Value = 1,022,416.05 | Budget = 204,285.0 | inventory = 4
[ 2024-08-06 16:00:21,510 ] 40 : Sold 5 shares at price 62,900 | Profit = 13,000 | Portfolio Value = 1,011,585.0 | Budget = 518,627.75 | inventory = 3
[ 2024-08-06 16:00:21,523 ] 41 : Sold 5 shares at price 62,700 | Profit = 2,000 | Portfolio Value = 1,021,827.75 | Budget = 831,971.0 | inventory = 2
[ 2024-08-06 16:00:21,537 ] 42 : Sold 2 shares at price 63,200 | Profit = 400 | Portfolio Value = 1,020,071.0 | Budget = 958,307.8 | inventory = 1
[ 2024-08-06 16:00:21,563 ] 44 : Bought 5 shares at price 63,100 | Portfolio Value = 1,022,307.8 | Budget = 642,650.05 | inventory = 2
[ 2024-08-06 16:00:21,578 ] 45 : Sold 1 shares at price 63,600 | Profit = 1,500 | Portfolio Value = 1,021,250.05 | Budget = 706,218.25 | inventory = 1
[ 2024-08-06 16:00:21,592 ] 46 : Sold 5 shares at price 63,900 | Profit = 4,000 | Portfolio Value = 1,024,218.25 | Budget = 1,025,558.5 | inventory = 0
[ 2024-08-06 16:00:21,687 ] 53 : Bought 10 shares at price 65,100 | Portfolio Value = 1,025,558.5 | Budget = 374,233.0 | inventory = 1
[ 2024-08-06 16:00:21,701 ] 54 : Sold 10 shares at price 65,300 | Profit = 2,000 | Portfolio Value = 1,025,233.0 | Budget = 1,026,906.5 | inventory = 0
[ 2024-08-06 16:00:21,796 ] 61 : Bought 6 shares at price 64,100 | Portfolio Value = 1,026,906.5 | Budget = 642,114.2 | inventory = 1
[ 2024-08-06 16:00:21,809 ] 62 : Bought 1 shares at price 64,600 | Portfolio Value = 1,026,714.2 | Budget = 577,481.9 | inventory = 2
[ 2024-08-06 16:00:21,885 ] 63 : Bought 4 shares at price 65,500 | Portfolio Value = 1,029,681.9 | Budget = 315,350.9 | inventory = 3
[ 2024-08-06 16:00:21,899 ] 64 : Sold 6 shares at price 65,700 | Profit = 9,600 | Portfolio Value = 1,035,850.9 | Budget = 709,353.8 | inventory = 2
[ 2024-08-06 16:00:21,940 ] 67 : Sold 1 shares at price 65,900 | Profit = 1,300 | Portfolio Value = 1,034,853.8 | Budget = 775,220.85 | inventory = 1
[ 2024-08-06 16:00:21,979 ] 70 : Sold 4 shares at price 64,200 | Profit = -5,200 | Portfolio Value = 1,033,620.85 | Budget = 1,031,892.45 | inventory = 0
[ 2024-08-06 16:00:21,992 ] 71 : Bought 5 shares at price 64,100 | Portfolio Value = 1,031,892.45 | Budget = 711,232.2 | inventory = 1
[ 2024-08-06 16:00:22,005 ] 72 : Sold 5 shares at price 64,500 | Profit = 2,000 | Portfolio Value = 1,031,732.2 | Budget = 1,033,570.95 | inventory = 0
[ 2024-08-06 16:00:22,056 ] 76 : Bought 11 shares at price 68,400 | Portfolio Value = 1,033,570.95 | Budget = 280,794.75 | inventory = 1
[ 2024-08-06 16:00:22,070 ] 77 : Sold 11 shares at price 68,500 | Profit = 1,100 | Portfolio Value = 1,033,194.75 | Budget = 1,033,918.0 | inventory = 0
[ 2024-08-06 16:00:22,097 ] 79 : Bought 4 shares at price 68,500 | Portfolio Value = 1,033,918.0 | Budget = 759,781.0 | inventory = 1
[ 2024-08-06 16:00:22,110 ] 80 : Sold 4 shares at price 68,800 | Profit = 1,200 | Portfolio Value = 1,033,781.0 | Budget = 1,034,843.4 | inventory = 0
[ 2024-08-06 16:00:22,123 ] 81 : Bought 13 shares at price 70,300 | Portfolio Value = 1,034,843.4 | Budget = 120,486.45 | inventory = 1
[ 2024-08-06 16:00:22,136 ] 82 : Bought 1 shares at price 72,300 | Portfolio Value = 1,034,386.45 | Budget = 48,150.3 | inventory = 2
[ 2024-08-06 16:00:22,150 ] 83 : Sold 13 shares at price 71,400 | Profit = 14,300 | Portfolio Value = 1,060,350.3 | Budget = 975,886.2 | inventory = 1
[ 2024-08-06 16:00:22,163 ] 84 : Bought 11 shares at price 70,900 | Portfolio Value = 1,047,286.2 | Budget = 195,596.25 | inventory = 2
[ 2024-08-06 16:00:22,177 ] 85 : Sold 1 shares at price 72,200 | Profit = -100 | Portfolio Value = 1,046,396.25 | Budget = 267,760.15 | inventory = 1
[ 2024-08-06 16:00:22,215 ] 88 : Sold 11 shares at price 70,900 | Profit = 0 | Portfolio Value = 1,048,760.15 | Budget = 1,047,270.2 | inventory = 0
[ 2024-08-06 16:00:22,228 ] 89 : Bought 11 shares at price 72,000 | Portfolio Value = 1,047,270.2 | Budget = 254,874.2 | inventory = 1
[ 2024-08-06 16:00:22,241 ] 90 : Sold 11 shares at price 71,000 | Profit = -11,000 | Portfolio Value = 1,046,874.2 | Budget = 1,035,483.7 | inventory = 0
[ 2024-08-06 16:00:22,255 ] 91 : Bought 13 shares at price 72,000 | Portfolio Value = 1,035,483.7 | Budget = 99,015.7 | inventory = 1
[ 2024-08-06 16:00:22,281 ] 93 : Bought 1 shares at price 71,500 | Portfolio Value = 1,033,715.7 | Budget = 27,479.95 | inventory = 2
[ 2024-08-06 16:00:22,373 ] 100 : Sold 13 shares at price 72,400 | Profit = 5,200 | Portfolio Value = 1,029,879.95 | Budget = 968,209.35 | inventory = 1
[ 2024-08-06 16:00:22,386 ] 101 : Sold 1 shares at price 72,600 | Profit = 1,100 | Portfolio Value = 1,040,609.35 | Budget = 1,040,773.05 | inventory = 0
[ 2024-08-06 16:00:22,492 ] 109 : Bought 11 shares at price 69,900 | Portfolio Value = 1,040,773.05 | Budget = 271,488.6 | inventory = 1
[ 2024-08-06 16:00:22,505 ] 110 : Bought 2 shares at price 69,500 | Portfolio Value = 1,040,388.6 | Budget = 132,419.1 | inventory = 2
[ 2024-08-06 16:00:22,518 ] 111 : Sold 11 shares at price 71,500 | Profit = 17,600 | Portfolio Value = 1,035,919.1 | Budget = 918,525.85 | inventory = 1
[ 2024-08-06 16:00:22,533 ] 112 : Sold 2 shares at price 71,900 | Profit = 4,800 | Portfolio Value = 1,061,525.85 | Budget = 1,062,253.95 | inventory = 0
[ 2024-08-06 16:00:22,570 ] 115 : Bought 3 shares at price 73,300 | Portfolio Value = 1,062,253.95 | Budget = 842,244.0 | inventory = 1
[ 2024-08-06 16:00:22,583 ] 116 : Bought 1 shares at price 72,000 | Portfolio Value = 1,062,144.0 | Budget = 770,208.0 | inventory = 2
[ 2024-08-06 16:00:22,596 ] 117 : Bought 9 shares at price 71,700 | Portfolio Value = 1,058,208.0 | Budget = 124,585.35 | inventory = 3
[ 2024-08-06 16:00:22,609 ] 118 : Bought 1 shares at price 71,000 | Portfolio Value = 1,056,685.35 | Budget = 53,549.85 | inventory = 4
[ 2024-08-06 16:00:22,635 ] 120 : Sold 3 shares at price 70,400 | Profit = -8,700 | Portfolio Value = 1,037,749.85 | Budget = 264,644.25 | inventory = 3
[ 2024-08-06 16:00:22,649 ] 121 : Bought 1 shares at price 70,000 | Portfolio Value = 1,039,044.25 | Budget = 194,609.25 | inventory = 4
[ 2024-08-06 16:00:22,675 ] 123 : Bought 2 shares at price 71,700 | Portfolio Value = 1,032,209.25 | Budget = 51,137.55 | inventory = 5
[ 2024-08-06 16:00:22,688 ] 124 : Sold 1 shares at price 70,600 | Profit = -1,400 | Portfolio Value = 1,054,937.55 | Budget = 121,702.25 | inventory = 4
[ 2024-08-06 16:00:22,701 ] 125 : Bought 1 shares at price 69,800 | Portfolio Value = 1,039,502.25 | Budget = 51,867.35 | inventory = 5
[ 2024-08-06 16:00:22,809 ] 133 : Sold 9 shares at price 68,000 | Profit = -33,300 | Portfolio Value = 1,016,467.35 | Budget = 663,561.35 | inventory = 4
[ 2024-08-06 16:00:22,823 ] 134 : Bought 1 shares at price 67,500 | Portfolio Value = 1,003,561.35 | Budget = 596,027.6 | inventory = 5
[ 2024-08-06 16:00:22,836 ] 135 : Bought 8 shares at price 67,300 | Portfolio Value = 1,001,027.6 | Budget = 57,358.4 | inventory = 6
[ 2024-08-06 16:00:22,849 ] 136 : Sold 1 shares at price 67,000 | Profit = -4,000 | Portfolio Value = 999,558.4 | Budget = 124,324.9 | inventory = 5
[ 2024-08-06 16:00:22,863 ] 137 : Bought 1 shares at price 66,700 | Portfolio Value = 995,324.9 | Budget = 57,591.55 | inventory = 6
[ 2024-08-06 16:00:22,890 ] 139 : Sold 1 shares at price 66,600 | Profit = -3,400 | Portfolio Value = 985,791.55 | Budget = 124,158.25 | inventory = 5
[ 2024-08-06 16:00:22,917 ] 141 : Sold 2 shares at price 67,100 | Profit = -9,200 | Portfolio Value = 989,958.25 | Budget = 258,291.15 | inventory = 4
[ 2024-08-06 16:00:22,930 ] 142 : Sold 1 shares at price 68,200 | Profit = -1,600 | Portfolio Value = 996,391.15 | Budget = 326,457.05 | inventory = 3
[ 2024-08-06 16:00:23,009 ] 148 : Sold 1 shares at price 71,000 | Profit = 3,500 | Portfolio Value = 995,457.05 | Budget = 397,421.55 | inventory = 2
[ 2024-08-06 16:00:23,049 ] 151 : Bought 2 shares at price 70,000 | Portfolio Value = 1,033,721.55 | Budget = 257,351.55 | inventory = 3
[ 2024-08-06 16:00:23,075 ] 153 : Sold 8 shares at price 70,300 | Profit = 24,000 | Portfolio Value = 1,031,751.55 | Budget = 819,470.35 | inventory = 2
[ 2024-08-06 16:00:23,088 ] 154 : Bought 5 shares at price 70,800 | Portfolio Value = 1,030,370.35 | Budget = 465,293.35 | inventory = 3
[ 2024-08-06 16:00:23,116 ] 156 : Sold 1 shares at price 70,900 | Profit = 4,200 | Portfolio Value = 1,029,293.35 | Budget = 536,157.9 | inventory = 2
[ 2024-08-06 16:00:23,129 ] 157 : Bought 4 shares at price 71,700 | Portfolio Value = 1,032,457.9 | Budget = 249,214.5 | inventory = 3
[ 2024-08-06 16:00:23,143 ] 158 : Sold 2 shares at price 72,000 | Profit = 4,000 | Portfolio Value = 1,037,914.5 | Budget = 393,142.5 | inventory = 2
[ 2024-08-06 16:00:23,156 ] 159 : Sold 5 shares at price 70,200 | Profit = -3,000 | Portfolio Value = 1,041,142.5 | Budget = 743,967.0 | inventory = 1
[ 2024-08-06 16:00:23,170 ] 160 : Sold 4 shares at price 69,800 | Profit = -7,600 | Portfolio Value = 1,024,767.0 | Budget = 1,023,027.4 | inventory = 0
[ 2024-08-06 16:00:23,210 ] 163 : Bought 7 shares at price 68,800 | Portfolio Value = 1,023,027.4 | Budget = 541,186.6 | inventory = 1
[ 2024-08-06 16:00:23,224 ] 164 : Bought 2 shares at price 69,400 | Portfolio Value = 1,022,786.6 | Budget = 402,317.2 | inventory = 2
[ 2024-08-06 16:00:23,238 ] 165 : Sold 7 shares at price 68,600 | Profit = -1,400 | Portfolio Value = 1,026,917.2 | Budget = 882,277.1 | inventory = 1
[ 2024-08-06 16:00:23,277 ] 168 : Sold 2 shares at price 66,700 | Profit = -5,400 | Portfolio Value = 1,017,277.1 | Budget = 1,015,610.4 | inventory = 0
[ 2024-08-06 16:00:23,290 ] 169 : Bought 13 shares at price 66,000 | Portfolio Value = 1,015,610.4 | Budget = 157,181.4 | inventory = 1
[ 2024-08-06 16:00:23,303 ] 170 : Sold 13 shares at price 66,400 | Profit = 5,200 | Portfolio Value = 1,015,181.4 | Budget = 1,019,949.8 | inventory = 0
[ 2024-08-06 16:00:23,330 ] 172 : Bought 14 shares at price 68,900 | Portfolio Value = 1,019,949.8 | Budget = 54,867.5 | inventory = 1
[ 2024-08-06 16:00:23,357 ] 174 : Sold 14 shares at price 67,300 | Profit = -22,400 | Portfolio Value = 1,006,867.5 | Budget = 996,596.4 | inventory = 0
[ 2024-08-06 16:00:23,397 ] 177 : Bought 5 shares at price 69,500 | Portfolio Value = 996,596.4 | Budget = 648,922.65 | inventory = 1
[ 2024-08-06 16:00:23,411 ] 178 : Sold 5 shares at price 68,800 | Profit = -3,500 | Portfolio Value = 996,422.65 | Budget = 992,750.65 | inventory = 0
[ 2024-08-06 16:00:23,580 ] 191 : Bought 13 shares at price 69,900 | Portfolio Value = 992,750.65 | Budget = 83,596.3 | inventory = 1
[ 2024-08-06 16:00:23,606 ] 193 : Bought 1 shares at price 70,500 | Portfolio Value = 997,496.3 | Budget = 13,061.05 | inventory = 2
[ 2024-08-06 16:00:23,632 ] 195 : Sold 13 shares at price 70,800 | Profit = 11,700 | Portfolio Value = 998,661.05 | Budget = 933,000.85 | inventory = 1
[ 2024-08-06 16:00:23,645 ] 196 : Sold 1 shares at price 72,200 | Profit = 1,700 | Portfolio Value = 1,003,800.85 | Budget = 1,005,164.75 | inventory = 0
[ 2024-08-06 16:00:23,671 ] 198 : Bought 9 shares at price 72,500 | Portfolio Value = 1,005,164.75 | Budget = 352,338.5 | inventory = 1
[ 2024-08-06 16:00:23,697 ] 200 : Bought 2 shares at price 72,800 | Portfolio Value = 1,006,638.5 | Budget = 206,665.7 | inventory = 2
[ 2024-08-06 16:00:23,711 ] 201 : Sold 9 shares at price 72,800 | Profit = 2,700 | Portfolio Value = 1,007,465.7 | Budget = 861,538.1 | inventory = 1
[ 2024-08-06 16:00:23,724 ] 202 : Sold 2 shares at price 72,400 | Profit = -800 | Portfolio Value = 1,007,138.1 | Budget = 1,006,265.7 | inventory = 0
[ 2024-08-06 16:00:23,737 ] 203 : Bought 13 shares at price 71,700 | Portfolio Value = 1,006,265.7 | Budget = 73,699.65 | inventory = 1
[ 2024-08-06 16:00:23,777 ] 206 : Sold 13 shares at price 72,700 | Profit = 13,000 | Portfolio Value = 1,018,799.65 | Budget = 1,018,327.1 | inventory = 0
[ 2024-08-06 16:00:23,895 ] 215 : Bought 1 shares at price 73,500 | Portfolio Value = 1,018,327.1 | Budget = 944,790.35 | inventory = 1
[ 2024-08-06 16:00:23,908 ] 216 : Sold 1 shares at price 72,800 | Profit = -700 | Portfolio Value = 1,018,290.35 | Budget = 1,017,553.95 | inventory = 0
[ 2024-08-06 16:00:23,921 ] 217 : Bought 13 shares at price 73,100 | Portfolio Value = 1,017,553.95 | Budget = 66,778.8 | inventory = 1
[ 2024-08-06 16:00:23,961 ] 220 : Sold 13 shares at price 73,400 | Profit = 3,900 | Portfolio Value = 1,014,478.8 | Budget = 1,020,501.7 | inventory = 0
[ 2024-08-06 16:00:24,015 ] 224 : Bought 9 shares at price 76,600 | Portfolio Value = 1,020,501.7 | Budget = 330,757.0 | inventory = 1
[ 2024-08-06 16:00:24,028 ] 225 : Sold 9 shares at price 78,000 | Profit = 12,600 | Portfolio Value = 1,020,157.0 | Budget = 1,032,406.0 | inventory = 0
[ 2024-08-06 16:00:24,055 ] 1 : Bought 10 shares at price 61,000 | Portfolio Value = 1,000,000 | Budget = 389,695.0 | inventory = 1
[ 2024-08-06 16:00:24,068 ] 2 : Bought 6 shares at price 61,800 | Portfolio Value = 999,695.0 | Budget = 18,709.6 | inventory = 2
[ 2024-08-06 16:00:24,095 ] 4 : Sold 10 shares at price 63,800 | Profit = 28,000 | Portfolio Value = 1,034,709.6 | Budget = 656,390.6 | inventory = 1
[ 2024-08-06 16:00:24,150 ] 8 : Bought 8 shares at price 63,000 | Portfolio Value = 1,034,990.6 | Budget = 152,138.6 | inventory = 2
[ 2024-08-06 16:00:24,163 ] 9 : Bought 2 shares at price 62,800 | Portfolio Value = 1,034,138.6 | Budget = 26,475.8 | inventory = 3
[ 2024-08-06 16:00:24,218 ] 13 : Sold 6 shares at price 63,700 | Profit = 11,400 | Portfolio Value = 1,021,675.8 | Budget = 408,484.7 | inventory = 2
[ 2024-08-06 16:00:24,231 ] 14 : Bought 2 shares at price 62,600 | Portfolio Value = 1,045,484.7 | Budget = 283,222.1 | inventory = 3
[ 2024-08-06 16:00:24,257 ] 16 : Sold 8 shares at price 62,100 | Profit = -7,200 | Portfolio Value = 1,035,622.1 | Budget = 779,773.7 | inventory = 2
[ 2024-08-06 16:00:24,284 ] 18 : Sold 2 shares at price 62,000 | Profit = -1,600 | Portfolio Value = 1,024,173.7 | Budget = 903,711.7 | inventory = 1
[ 2024-08-06 16:00:24,310 ] 20 : Sold 2 shares at price 60,500 | Profit = -4,200 | Portfolio Value = 1,026,311.7 | Budget = 1,024,651.2 | inventory = 0
[ 2024-08-06 16:00:24,350 ] 23 : Bought 6 shares at price 60,500 | Portfolio Value = 1,024,651.2 | Budget = 661,469.7 | inventory = 1
[ 2024-08-06 16:00:24,364 ] 24 : Sold 6 shares at price 61,500 | Profit = 6,000 | Portfolio Value = 1,024,469.7 | Budget = 1,030,285.2 | inventory = 0
[ 2024-08-06 16:00:24,418 ] 28 : Bought 11 shares at price 59,500 | Portfolio Value = 1,030,285.2 | Budget = 375,457.95 | inventory = 1
[ 2024-08-06 16:00:24,432 ] 29 : Sold 11 shares at price 60,000 | Profit = 5,500 | Portfolio Value = 1,029,957.95 | Budget = 1,035,127.95 | inventory = 0
[ 2024-08-06 16:00:24,445 ] 30 : Bought 7 shares at price 59,000 | Portfolio Value = 1,035,127.95 | Budget = 621,921.45 | inventory = 1
[ 2024-08-06 16:00:24,458 ] 31 : Bought 8 shares at price 59,800 | Portfolio Value = 1,034,921.45 | Budget = 143,282.25 | inventory = 2
[ 2024-08-06 16:00:24,471 ] 32 : Bought 1 shares at price 59,900 | Portfolio Value = 1,040,282.25 | Budget = 83,352.3 | inventory = 3
[ 2024-08-06 16:00:24,484 ] 33 : Bought 1 shares at price 61,300 | Portfolio Value = 1,041,752.3 | Budget = 22,021.65 | inventory = 4
[ 2024-08-06 16:00:24,497 ] 34 : Sold 7 shares at price 60,200 | Profit = 8,400 | Portfolio Value = 1,064,121.65 | Budget = 443,210.95 | inventory = 3
[ 2024-08-06 16:00:24,525 ] 36 : Bought 5 shares at price 61,100 | Portfolio Value = 1,046,210.95 | Budget = 137,558.2 | inventory = 4
[ 2024-08-06 16:00:24,539 ] 37 : Sold 8 shares at price 62,300 | Profit = 20,000 | Portfolio Value = 1,054,058.2 | Budget = 635,709.0 | inventory = 3
[ 2024-08-06 16:00:24,553 ] 38 : Bought 1 shares at price 63,000 | Portfolio Value = 1,071,809.0 | Budget = 572,677.5 | inventory = 4
[ 2024-08-06 16:00:24,566 ] 39 : Bought 8 shares at price 62,100 | Portfolio Value = 1,076,677.5 | Budget = 75,629.1 | inventory = 5
[ 2024-08-06 16:00:24,580 ] 40 : Sold 1 shares at price 62,900 | Profit = 3,000 | Portfolio Value = 1,069,229.1 | Budget = 138,497.65 | inventory = 4
[ 2024-08-06 16:00:24,622 ] 43 : Bought 1 shares at price 64,000 | Portfolio Value = 1,086,497.65 | Budget = 74,465.65 | inventory = 5
[ 2024-08-06 16:00:24,636 ] 44 : Bought 1 shares at price 63,100 | Portfolio Value = 1,098,465.65 | Budget = 11,334.1 | inventory = 6
[ 2024-08-06 16:00:24,677 ] 47 : Sold 1 shares at price 62,300 | Profit = 1,000 | Portfolio Value = 1,097,634.1 | Budget = 73,602.95 | inventory = 5
[ 2024-08-06 16:00:24,690 ] 48 : Sold 5 shares at price 65,000 | Profit = 19,500 | Portfolio Value = 1,070,402.95 | Budget = 398,440.45 | inventory = 4
[ 2024-08-06 16:00:24,704 ] 49 : Sold 1 shares at price 65,700 | Profit = 2,700 | Portfolio Value = 1,113,440.45 | Budget = 464,107.6 | inventory = 3
[ 2024-08-06 16:00:24,718 ] 50 : Bought 7 shares at price 65,900 | Portfolio Value = 1,121,107.6 | Budget = 2,576.95 | inventory = 4
[ 2024-08-06 16:00:24,744 ] 52 : Sold 8 shares at price 66,100 | Profit = 32,000 | Portfolio Value = 1,124,576.95 | Budget = 531,112.55 | inventory = 3
[ 2024-08-06 16:00:24,757 ] 53 : Bought 5 shares at price 65,100 | Portfolio Value = 1,126,012.55 | Budget = 205,449.8 | inventory = 4
[ 2024-08-06 16:00:24,783 ] 55 : Sold 1 shares at price 65,600 | Profit = 1,600 | Portfolio Value = 1,119,649.8 | Budget = 271,017.0 | inventory = 3
[ 2024-08-06 16:00:24,796 ] 56 : Sold 1 shares at price 65,500 | Profit = 2,400 | Portfolio Value = 1,123,817.0 | Budget = 336,484.25 | inventory = 2
[ 2024-08-06 16:00:24,809 ] 57 : Sold 7 shares at price 65,300 | Profit = -4,200 | Portfolio Value = 1,122,484.25 | Budget = 793,355.7 | inventory = 1
[ 2024-08-06 16:00:24,823 ] 58 : Sold 5 shares at price 65,700 | Profit = 3,000 | Portfolio Value = 1,119,855.7 | Budget = 1,121,691.45 | inventory = 0
[ 2024-08-06 16:00:24,849 ] 60 : Bought 7 shares at price 63,600 | Portfolio Value = 1,121,691.45 | Budget = 676,268.85 | inventory = 1
[ 2024-08-06 16:00:24,862 ] 61 : Sold 7 shares at price 64,100 | Profit = 3,500 | Portfolio Value = 1,121,468.85 | Budget = 1,124,744.5 | inventory = 0
[ 2024-08-06 16:00:24,928 ] 66 : Bought 5 shares at price 65,100 | Portfolio Value = 1,124,744.5 | Budget = 799,081.75 | inventory = 1
[ 2024-08-06 16:00:24,940 ] 67 : Sold 5 shares at price 65,900 | Profit = 4,000 | Portfolio Value = 1,124,581.75 | Budget = 1,128,417.0 | inventory = 0
[ 2024-08-06 16:00:24,969 ] 69 : Bought 15 shares at price 64,600 | Portfolio Value = 1,128,417.0 | Budget = 158,932.5 | inventory = 1
[ 2024-08-06 16:00:24,982 ] 70 : Bought 1 shares at price 64,200 | Portfolio Value = 1,127,932.5 | Budget = 94,700.4 | inventory = 2
[ 2024-08-06 16:00:24,995 ] 71 : Sold 15 shares at price 64,100 | Profit = -7,500 | Portfolio Value = 1,121,900.4 | Budget = 1,055,719.65 | inventory = 1
[ 2024-08-06 16:00:25,009 ] 72 : Bought 16 shares at price 64,500 | Portfolio Value = 1,119,819.65 | Budget = 23,203.65 | inventory = 2
[ 2024-08-06 16:00:25,023 ] 73 : Sold 1 shares at price 65,400 | Profit = 1,200 | Portfolio Value = 1,119,703.65 | Budget = 88,570.95 | inventory = 1
[ 2024-08-06 16:00:25,036 ] 74 : Bought 1 shares at price 65,000 | Portfolio Value = 1,134,970.95 | Budget = 23,538.45 | inventory = 2
[ 2024-08-06 16:00:25,090 ] 78 : Sold 16 shares at price 68,400 | Profit = 62,400 | Portfolio Value = 1,188,038.45 | Budget = 1,117,391.25 | inventory = 1
[ 2024-08-06 16:00:25,103 ] 79 : Sold 1 shares at price 68,500 | Profit = 3,500 | Portfolio Value = 1,185,791.25 | Budget = 1,185,857.0 | inventory = 0
[ 2024-08-06 16:00:25,142 ] 82 : Bought 1 shares at price 72,300 | Portfolio Value = 1,185,857.0 | Budget = 1,113,520.85 | inventory = 1
[ 2024-08-06 16:00:25,242 ] 83 : Sold 1 shares at price 71,400 | Profit = -900 | Portfolio Value = 1,185,820.85 | Budget = 1,184,885.15 | inventory = 0
[ 2024-08-06 16:00:25,351 ] 90 : Bought 4 shares at price 71,000 | Portfolio Value = 1,184,885.15 | Budget = 900,743.15 | inventory = 1
[ 2024-08-06 16:00:25,378 ] 92 : Sold 4 shares at price 71,900 | Profit = 3,600 | Portfolio Value = 1,188,743.15 | Budget = 1,188,199.35 | inventory = 0
[ 2024-08-06 16:00:25,406 ] 94 : Bought 6 shares at price 71,800 | Portfolio Value = 1,188,199.35 | Budget = 757,183.95 | inventory = 1
[ 2024-08-06 16:00:25,434 ] 96 : Sold 6 shares at price 71,400 | Profit = -2,400 | Portfolio Value = 1,184,383.95 | Budget = 1,185,369.75 | inventory = 0
[ 2024-08-06 16:00:25,503 ] 101 : Bought 13 shares at price 72,600 | Portfolio Value = 1,185,369.75 | Budget = 241,097.85 | inventory = 1
[ 2024-08-06 16:00:25,517 ] 102 : Sold 13 shares at price 72,700 | Profit = 1,300 | Portfolio Value = 1,184,897.85 | Budget = 1,185,725.3 | inventory = 0
[ 2024-08-06 16:00:25,546 ] 104 : Bought 1 shares at price 72,200 | Portfolio Value = 1,185,725.3 | Budget = 1,113,489.2 | inventory = 1
[ 2024-08-06 16:00:25,587 ] 107 : Sold 1 shares at price 72,000 | Profit = -200 | Portfolio Value = 1,186,489.2 | Budget = 1,185,453.2 | inventory = 0
[ 2024-08-06 16:00:25,601 ] 108 : Bought 1 shares at price 71,600 | Portfolio Value = 1,185,453.2 | Budget = 1,113,817.4 | inventory = 1
[ 2024-08-06 16:00:25,614 ] 109 : Bought 8 shares at price 69,900 | Portfolio Value = 1,185,417.4 | Budget = 554,337.8 | inventory = 2
[ 2024-08-06 16:00:25,628 ] 110 : Bought 1 shares at price 69,500 | Portfolio Value = 1,183,437.8 | Budget = 484,803.05 | inventory = 3
[ 2024-08-06 16:00:25,668 ] 113 : Sold 1 shares at price 71,900 | Profit = 300 | Portfolio Value = 1,203,803.05 | Budget = 556,667.1 | inventory = 2
[ 2024-08-06 16:00:25,682 ] 114 : Bought 5 shares at price 73,400 | Portfolio Value = 1,203,767.1 | Budget = 189,483.6 | inventory = 3
[ 2024-08-06 16:00:25,695 ] 115 : Bought 1 shares at price 73,300 | Portfolio Value = 1,217,083.6 | Budget = 116,146.95 | inventory = 4
[ 2024-08-06 16:00:25,708 ] 116 : Bought 1 shares at price 72,000 | Portfolio Value = 1,215,646.95 | Budget = 44,110.95 | inventory = 5
[ 2024-08-06 16:00:25,722 ] 117 : Sold 8 shares at price 71,700 | Profit = 14,400 | Portfolio Value = 1,196,110.95 | Budget = 617,424.15 | inventory = 4
[ 2024-08-06 16:00:25,748 ] 119 : Sold 1 shares at price 70,300 | Profit = 800 | Portfolio Value = 1,185,424.15 | Budget = 687,689.0 | inventory = 3
[ 2024-08-06 16:00:25,762 ] 120 : Sold 5 shares at price 70,400 | Profit = -15,000 | Portfolio Value = 1,179,789.0 | Budget = 1,039,513.0 | inventory = 2
[ 2024-08-06 16:00:25,776 ] 121 : Bought 12 shares at price 70,000 | Portfolio Value = 1,180,313.0 | Budget = 199,093.0 | inventory = 3
[ 2024-08-06 16:00:25,790 ] 122 : Bought 2 shares at price 69,800 | Portfolio Value = 1,179,093.0 | Budget = 59,423.2 | inventory = 4
[ 2024-08-06 16:00:25,804 ] 123 : Sold 1 shares at price 71,700 | Profit = -1,600 | Portfolio Value = 1,176,223.2 | Budget = 131,087.35 | inventory = 3
[ 2024-08-06 16:00:25,817 ] 124 : Sold 1 shares at price 70,600 | Profit = -1,400 | Portfolio Value = 1,206,587.35 | Budget = 201,652.05 | inventory = 2
[ 2024-08-06 16:00:25,844 ] 126 : Sold 12 shares at price 71,100 | Profit = 13,200 | Portfolio Value = 1,178,852.05 | Budget = 1,054,425.45 | inventory = 1
[ 2024-08-06 16:00:25,858 ] 127 : Bought 7 shares at price 69,900 | Portfolio Value = 1,196,625.45 | Budget = 564,880.8 | inventory = 2
[ 2024-08-06 16:00:25,871 ] 128 : Sold 2 shares at price 68,800 | Profit = -2,000 | Portfolio Value = 1,193,980.8 | Budget = 702,412.0 | inventory = 1
[ 2024-08-06 16:00:25,885 ] 129 : Bought 8 shares at price 68,300 | Portfolio Value = 1,184,012.0 | Budget = 155,738.8 | inventory = 2
[ 2024-08-06 16:00:25,898 ] 130 : Sold 7 shares at price 68,500 | Profit = -9,800 | Portfolio Value = 1,180,238.8 | Budget = 634,999.05 | inventory = 1
[ 2024-08-06 16:00:25,911 ] 131 : Sold 8 shares at price 67,600 | Profit = -5,600 | Portfolio Value = 1,182,999.05 | Budget = 1,175,528.65 | inventory = 0
[ 2024-08-06 16:00:25,925 ] 132 : Bought 9 shares at price 68,900 | Portfolio Value = 1,175,528.65 | Budget = 555,118.6 | inventory = 1
[ 2024-08-06 16:00:25,951 ] 134 : Bought 6 shares at price 67,500 | Portfolio Value = 1,167,118.6 | Budget = 149,916.1 | inventory = 2
[ 2024-08-06 16:00:25,979 ] 136 : Bought 1 shares at price 67,000 | Portfolio Value = 1,159,416.1 | Budget = 82,882.6 | inventory = 3
[ 2024-08-06 16:00:26,020 ] 139 : Bought 1 shares at price 66,600 | Portfolio Value = 1,143,682.6 | Budget = 16,249.3 | inventory = 4
[ 2024-08-06 16:00:26,033 ] 140 : Sold 9 shares at price 66,600 | Profit = -20,700 | Portfolio Value = 1,148,449.3 | Budget = 615,349.6 | inventory = 3
[ 2024-08-06 16:00:26,047 ] 141 : Bought 4 shares at price 67,100 | Portfolio Value = 1,148,149.6 | Budget = 346,815.4 | inventory = 4
[ 2024-08-06 16:00:26,060 ] 142 : Bought 4 shares at price 68,200 | Portfolio Value = 1,152,015.4 | Budget = 73,879.0 | inventory = 5
[ 2024-08-06 16:00:26,074 ] 143 : Sold 6 shares at price 67,100 | Profit = -2,400 | Portfolio Value = 1,165,079.0 | Budget = 476,277.7 | inventory = 4
[ 2024-08-06 16:00:26,087 ] 144 : Sold 1 shares at price 66,800 | Profit = -200 | Portfolio Value = 1,147,277.7 | Budget = 543,044.3 | inventory = 3
[ 2024-08-06 16:00:26,101 ] 145 : Sold 1 shares at price 66,800 | Profit = 200 | Portfolio Value = 1,144,244.3 | Budget = 609,810.9 | inventory = 2
[ 2024-08-06 16:00:26,115 ] 146 : Bought 8 shares at price 67,100 | Portfolio Value = 1,144,210.9 | Budget = 72,742.5 | inventory = 3
[ 2024-08-06 16:00:26,194 ] 152 : Bought 1 shares at price 70,400 | Portfolio Value = 1,192,742.5 | Budget = 2,307.3 | inventory = 4
[ 2024-08-06 16:00:26,260 ] 157 : Sold 4 shares at price 71,700 | Profit = 18,400 | Portfolio Value = 1,207,607.3 | Budget = 288,963.9 | inventory = 3
[ 2024-08-06 16:00:26,273 ] 158 : Sold 4 shares at price 72,000 | Profit = 15,200 | Portfolio Value = 1,221,063.9 | Budget = 576,819.9 | inventory = 2
[ 2024-08-06 16:00:26,300 ] 160 : Bought 1 shares at price 69,800 | Portfolio Value = 1,208,619.9 | Budget = 506,985.0 | inventory = 3
[ 2024-08-06 16:00:26,314 ] 161 : Bought 4 shares at price 69,600 | Portfolio Value = 1,204,985.0 | Budget = 228,445.8 | inventory = 4
[ 2024-08-06 16:00:26,340 ] 163 : Bought 2 shares at price 68,800 | Portfolio Value = 1,193,045.8 | Budget = 90,777.0 | inventory = 5
[ 2024-08-06 16:00:26,354 ] 164 : Sold 8 shares at price 69,400 | Profit = 18,400 | Portfolio Value = 1,191,577.0 | Budget = 645,699.4 | inventory = 4
[ 2024-08-06 16:00:26,381 ] 166 : Sold 1 shares at price 68,400 | Profit = -2,000 | Portfolio Value = 1,194,499.4 | Budget = 714,065.2 | inventory = 3
[ 2024-08-06 16:00:26,394 ] 167 : Sold 1 shares at price 67,500 | Profit = -2,300 | Portfolio Value = 1,192,865.2 | Budget = 781,531.45 | inventory = 2
[ 2024-08-06 16:00:26,408 ] 168 : Bought 5 shares at price 66,700 | Portfolio Value = 1,186,531.45 | Budget = 447,864.7 | inventory = 3
[ 2024-08-06 16:00:26,435 ] 170 : Bought 4 shares at price 66,400 | Portfolio Value = 1,173,864.7 | Budget = 182,131.9 | inventory = 4
[ 2024-08-06 16:00:26,448 ] 171 : Bought 2 shares at price 68,200 | Portfolio Value = 1,178,131.9 | Budget = 45,663.7 | inventory = 5
[ 2024-08-06 16:00:26,461 ] 172 : Sold 4 shares at price 68,900 | Profit = -2,800 | Portfolio Value = 1,205,063.7 | Budget = 321,125.9 | inventory = 4
[ 2024-08-06 16:00:26,500 ] 175 : Bought 3 shares at price 69,400 | Portfolio Value = 1,196,025.9 | Budget = 112,821.8 | inventory = 5
[ 2024-08-06 16:00:26,514 ] 176 : Bought 1 shares at price 70,500 | Portfolio Value = 1,223,221.8 | Budget = 42,286.55 | inventory = 6
[ 2024-08-06 16:00:26,555 ] 179 : Sold 2 shares at price 68,400 | Profit = -800 | Portfolio Value = 1,211,886.55 | Budget = 179,018.15 | inventory = 5
[ 2024-08-06 16:00:26,568 ] 180 : Sold 5 shares at price 68,500 | Profit = 9,000 | Portfolio Value = 1,205,018.15 | Budget = 521,346.9 | inventory = 4
[ 2024-08-06 16:00:26,581 ] 181 : Bought 6 shares at price 68,000 | Portfolio Value = 1,206,346.9 | Budget = 113,142.9 | inventory = 5
[ 2024-08-06 16:00:26,595 ] 182 : Bought 1 shares at price 66,700 | Portfolio Value = 1,201,142.9 | Budget = 46,409.55 | inventory = 6
[ 2024-08-06 16:00:26,648 ] 186 : Sold 4 shares at price 68,600 | Profit = 8,800 | Portfolio Value = 1,183,709.55 | Budget = 320,672.35 | inventory = 5
[ 2024-08-06 16:00:26,662 ] 187 : Bought 1 shares at price 69,700 | Portfolio Value = 1,212,472.35 | Budget = 250,937.5 | inventory = 6
[ 2024-08-06 16:00:26,675 ] 188 : Bought 3 shares at price 69,600 | Portfolio Value = 1,226,737.5 | Budget = 42,033.1 | inventory = 7
[ 2024-08-06 16:00:26,754 ] 194 : Sold 2 shares at price 70,400 | Profit = 4,400 | Portfolio Value = 1,240,533.1 | Budget = 182,762.7 | inventory = 6
[ 2024-08-06 16:00:26,768 ] 195 : Bought 2 shares at price 70,800 | Portfolio Value = 1,238,762.7 | Budget = 41,091.9 | inventory = 7
[ 2024-08-06 16:00:26,793 ] 197 : Sold 3 shares at price 72,800 | Profit = 10,200 | Portfolio Value = 1,268,491.9 | Budget = 259,382.7 | inventory = 6
[ 2024-08-06 16:00:26,807 ] 198 : Bought 2 shares at price 72,500 | Portfolio Value = 1,278,582.7 | Budget = 114,310.2 | inventory = 7
[ 2024-08-06 16:00:26,834 ] 200 : Sold 1 shares at price 72,800 | Profit = 2,300 | Portfolio Value = 1,277,510.2 | Budget = 187,073.8 | inventory = 6
[ 2024-08-06 16:00:26,848 ] 201 : Bought 1 shares at price 72,800 | Portfolio Value = 1,279,073.8 | Budget = 114,237.4 | inventory = 7
[ 2024-08-06 16:00:26,862 ] 202 : Sold 6 shares at price 72,400 | Profit = 26,400 | Portfolio Value = 1,279,037.4 | Budget = 548,420.2 | inventory = 6
[ 2024-08-06 16:00:26,876 ] 203 : Bought 2 shares at price 71,700 | Portfolio Value = 1,272,420.2 | Budget = 404,948.5 | inventory = 7
[ 2024-08-06 16:00:26,890 ] 204 : Bought 5 shares at price 71,300 | Portfolio Value = 1,265,348.5 | Budget = 48,270.25 | inventory = 8
[ 2024-08-06 16:00:26,916 ] 206 : Sold 1 shares at price 72,700 | Profit = 6,000 | Portfolio Value = 1,284,170.25 | Budget = 120,933.9 | inventory = 7
[ 2024-08-06 16:00:26,929 ] 207 : Sold 1 shares at price 72,800 | Profit = 3,100 | Portfolio Value = 1,284,133.9 | Budget = 193,697.5 | inventory = 6
[ 2024-08-06 16:00:26,970 ] 210 : Sold 3 shares at price 71,200 | Profit = 4,800 | Portfolio Value = 1,282,697.5 | Budget = 407,190.7 | inventory = 5
[ 2024-08-06 16:00:26,985 ] 211 : Sold 2 shares at price 71,700 | Profit = 1,800 | Portfolio Value = 1,261,590.7 | Budget = 550,519.0 | inventory = 4
[ 2024-08-06 16:00:27,042 ] 214 : Sold 2 shares at price 73,000 | Profit = 1,000 | Portfolio Value = 1,276,519.0 | Budget = 696,446.0 | inventory = 3
[ 2024-08-06 16:00:27,057 ] 215 : Sold 1 shares at price 73,500 | Profit = 700 | Portfolio Value = 1,280,446.0 | Budget = 769,909.25 | inventory = 2
[ 2024-08-06 16:00:27,084 ] 216 : Bought 7 shares at price 72,800 | Portfolio Value = 1,284,409.25 | Budget = 260,054.45 | inventory = 3
[ 2024-08-06 16:00:27,098 ] 217 : Bought 3 shares at price 73,100 | Portfolio Value = 1,279,254.45 | Budget = 40,644.8 | inventory = 4
[ 2024-08-06 16:00:27,140 ] 220 : Sold 2 shares at price 73,400 | Profit = 3,400 | Portfolio Value = 1,279,944.8 | Budget = 187,371.4 | inventory = 3
[ 2024-08-06 16:00:27,167 ] 222 : Bought 2 shares at price 75,000 | Portfolio Value = 1,309,371.4 | Budget = 37,296.4 | inventory = 4
[ 2024-08-06 16:00:27,195 ] 224 : Sold 5 shares at price 76,600 | Profit = 26,500 | Portfolio Value = 1,327,596.4 | Budget = 420,104.9 | inventory = 3
[ 2024-08-06 16:00:27,288 ] 5 : Bought 13 shares at price 61,600 | Portfolio Value = 1,000,000.0 | Budget = 198,799.6 | inventory = 1
[ 2024-08-06 16:00:27,302 ] 6 : Bought 3 shares at price 61,900 | Portfolio Value = 999,599.6 | Budget = 13,006.75 | inventory = 2
[ 2024-08-06 16:00:27,315 ] 7 : Sold 13 shares at price 63,100 | Profit = 19,500 | Portfolio Value = 1,003,406.75 | Budget = 832,896.6 | inventory = 1
[ 2024-08-06 16:00:27,329 ] 8 : Sold 3 shares at price 63,000 | Profit = 3,300 | Portfolio Value = 1,022,196.6 | Budget = 1,021,802.1 | inventory = 0
[ 2024-08-06 16:00:27,355 ] 10 : Bought 6 shares at price 62,900 | Portfolio Value = 1,021,802.1 | Budget = 644,213.4 | inventory = 1
[ 2024-08-06 16:00:27,368 ] 11 : Sold 6 shares at price 63,200 | Profit = 1,800 | Portfolio Value = 1,021,613.4 | Budget = 1,023,223.8 | inventory = 0
[ 2024-08-06 16:00:27,450 ] 17 : Bought 9 shares at price 61,100 | Portfolio Value = 1,023,223.8 | Budget = 473,048.85 | inventory = 1
[ 2024-08-06 16:00:27,464 ] 18 : Sold 9 shares at price 62,000 | Profit = 8,100 | Portfolio Value = 1,022,948.85 | Budget = 1,030,769.85 | inventory = 0
[ 2024-08-06 16:00:27,477 ] 19 : Bought 5 shares at price 61,300 | Portfolio Value = 1,030,769.85 | Budget = 724,116.6 | inventory = 1
[ 2024-08-06 16:00:27,490 ] 20 : Bought 7 shares at price 60,500 | Portfolio Value = 1,030,616.6 | Budget = 300,404.85 | inventory = 2
[ 2024-08-06 16:00:27,504 ] 21 : Bought 2 shares at price 60,600 | Portfolio Value = 1,026,404.85 | Budget = 179,144.25 | inventory = 3
[ 2024-08-06 16:00:27,517 ] 22 : Bought 1 shares at price 60,800 | Portfolio Value = 1,027,544.25 | Budget = 118,313.85 | inventory = 4
[ 2024-08-06 16:00:27,531 ] 23 : Bought 1 shares at price 60,500 | Portfolio Value = 1,030,313.85 | Budget = 57,783.6 | inventory = 5
[ 2024-08-06 16:00:27,596 ] 28 : Sold 5 shares at price 59,500 | Profit = -9,000 | Portfolio Value = 1,019,383.6 | Budget = 355,134.85 | inventory = 4
[ 2024-08-06 16:00:27,624 ] 30 : Sold 7 shares at price 59,000 | Profit = -10,500 | Portfolio Value = 1,015,134.85 | Budget = 767,928.35 | inventory = 3
[ 2024-08-06 16:00:27,638 ] 31 : Bought 4 shares at price 59,800 | Portfolio Value = 1,003,928.35 | Budget = 528,608.75 | inventory = 4
[ 2024-08-06 16:00:27,651 ] 32 : Sold 2 shares at price 59,900 | Profit = -1,400 | Portfolio Value = 1,007,008.75 | Budget = 648,348.85 | inventory = 3
[ 2024-08-06 16:00:27,665 ] 33 : Sold 1 shares at price 61,300 | Profit = 500 | Portfolio Value = 1,007,748.85 | Budget = 709,618.2 | inventory = 2
[ 2024-08-06 16:00:27,678 ] 34 : Bought 5 shares at price 60,200 | Portfolio Value = 1,016,118.2 | Budget = 408,467.7 | inventory = 3
[ 2024-08-06 16:00:27,691 ] 35 : Bought 2 shares at price 60,300 | Portfolio Value = 1,010,467.7 | Budget = 287,807.4 | inventory = 4
[ 2024-08-06 16:00:27,705 ] 36 : Bought 1 shares at price 61,100 | Portfolio Value = 1,011,407.4 | Budget = 226,676.85 | inventory = 5
[ 2024-08-06 16:00:27,718 ] 37 : Bought 3 shares at price 62,300 | Portfolio Value = 1,020,976.85 | Budget = 39,683.4 | inventory = 6
[ 2024-08-06 16:00:27,731 ] 38 : Sold 1 shares at price 63,000 | Profit = 2,500 | Portfolio Value = 1,036,483.4 | Budget = 102,651.9 | inventory = 5
[ 2024-08-06 16:00:27,745 ] 39 : Sold 4 shares at price 62,100 | Profit = 9,200 | Portfolio Value = 1,047,651.9 | Budget = 350,927.7 | inventory = 4
[ 2024-08-06 16:00:27,758 ] 40 : Sold 5 shares at price 62,900 | Profit = 13,500 | Portfolio Value = 1,034,027.7 | Budget = 665,270.45 | inventory = 3
[ 2024-08-06 16:00:27,772 ] 41 : Sold 2 shares at price 62,700 | Profit = 4,800 | Portfolio Value = 1,042,670.45 | Budget = 790,607.75 | inventory = 2
[ 2024-08-06 16:00:27,786 ] 42 : Sold 1 shares at price 63,200 | Profit = 2,100 | Portfolio Value = 1,041,407.75 | Budget = 853,776.15 | inventory = 1
[ 2024-08-06 16:00:27,799 ] 43 : Sold 3 shares at price 64,000 | Profit = 5,100 | Portfolio Value = 1,043,376.15 | Budget = 1,045,680.15 | inventory = 0
[ 2024-08-06 16:00:27,957 ] 55 : Bought 2 shares at price 65,600 | Portfolio Value = 1,045,680.15 | Budget = 914,414.55 | inventory = 1
[ 2024-08-06 16:00:27,970 ] 56 : Bought 1 shares at price 65,500 | Portfolio Value = 1,045,614.55 | Budget = 848,881.8 | inventory = 2
[ 2024-08-06 16:00:27,984 ] 57 : Bought 2 shares at price 65,300 | Portfolio Value = 1,045,381.8 | Budget = 718,216.5 | inventory = 3
[ 2024-08-06 16:00:27,997 ] 58 : Sold 2 shares at price 65,700 | Profit = 200 | Portfolio Value = 1,044,716.5 | Budget = 849,550.8 | inventory = 2
[ 2024-08-06 16:00:28,010 ] 59 : Bought 13 shares at price 65,200 | Portfolio Value = 1,046,650.8 | Budget = 1,527.0 | inventory = 3
[ 2024-08-06 16:00:28,024 ] 60 : Sold 1 shares at price 63,600 | Profit = -1,900 | Portfolio Value = 1,044,727.0 | Budget = 65,095.2 | inventory = 2
[ 2024-08-06 16:00:28,037 ] 61 : Bought 1 shares at price 64,100 | Portfolio Value = 1,019,095.2 | Budget = 963.15 | inventory = 3
[ 2024-08-06 16:00:28,089 ] 65 : Sold 2 shares at price 65,400 | Profit = 200 | Portfolio Value = 1,052,163.15 | Budget = 131,697.75 | inventory = 2
[ 2024-08-06 16:00:28,102 ] 66 : Bought 1 shares at price 65,100 | Portfolio Value = 1,047,297.75 | Budget = 66,565.2 | inventory = 3
[ 2024-08-06 16:00:28,127 ] 68 : Sold 13 shares at price 65,300 | Profit = 1,300 | Portfolio Value = 1,055,065.2 | Budget = 915,040.75 | inventory = 2
[ 2024-08-06 16:00:28,140 ] 69 : Bought 13 shares at price 64,600 | Portfolio Value = 1,045,640.75 | Budget = 74,820.85 | inventory = 3
[ 2024-08-06 16:00:28,153 ] 70 : Sold 1 shares at price 64,200 | Profit = 100 | Portfolio Value = 1,043,820.85 | Budget = 138,988.75 | inventory = 2
[ 2024-08-06 16:00:28,166 ] 71 : Sold 1 shares at price 64,100 | Profit = -1,000 | Portfolio Value = 1,037,788.75 | Budget = 203,056.7 | inventory = 1
[ 2024-08-06 16:00:28,179 ] 72 : Sold 13 shares at price 64,500 | Profit = -1,300 | Portfolio Value = 1,036,356.7 | Budget = 1,041,137.45 | inventory = 0
[ 2024-08-06 16:00:28,257 ] 78 : Bought 3 shares at price 68,400 | Portfolio Value = 1,041,137.45 | Budget = 835,834.85 | inventory = 1
[ 2024-08-06 16:00:28,271 ] 79 : Sold 3 shares at price 68,500 | Profit = 300 | Portfolio Value = 1,041,034.85 | Budget = 1,041,232.1 | inventory = 0
[ 2024-08-06 16:00:28,337 ] 84 : Bought 1 shares at price 70,900 | Portfolio Value = 1,041,232.1 | Budget = 970,296.65 | inventory = 1
[ 2024-08-06 16:00:28,351 ] 85 : Bought 8 shares at price 72,200 | Portfolio Value = 1,041,196.65 | Budget = 392,407.85 | inventory = 2
[ 2024-08-06 16:00:28,364 ] 86 : Sold 1 shares at price 71,700 | Profit = 800 | Portfolio Value = 1,042,207.85 | Budget = 464,072.0 | inventory = 1
[ 2024-08-06 16:00:28,378 ] 87 : Bought 1 shares at price 71,000 | Portfolio Value = 1,037,672.0 | Budget = 393,036.5 | inventory = 2
[ 2024-08-06 16:00:28,391 ] 88 : Bought 5 shares at price 70,900 | Portfolio Value = 1,032,036.5 | Budget = 38,359.25 | inventory = 3
[ 2024-08-06 16:00:28,404 ] 89 : Sold 8 shares at price 72,000 | Profit = -1,600 | Portfolio Value = 1,030,959.25 | Budget = 614,071.25 | inventory = 2
[ 2024-08-06 16:00:28,418 ] 90 : Bought 8 shares at price 71,000 | Portfolio Value = 1,046,071.25 | Budget = 45,787.25 | inventory = 3
[ 2024-08-06 16:00:28,444 ] 92 : Sold 1 shares at price 71,900 | Profit = 900 | Portfolio Value = 1,053,787.25 | Budget = 117,651.3 | inventory = 2
[ 2024-08-06 16:00:28,470 ] 94 : Sold 5 shares at price 71,800 | Profit = 4,500 | Portfolio Value = 1,047,151.3 | Budget = 476,471.8 | inventory = 1
[ 2024-08-06 16:00:28,483 ] 95 : Bought 1 shares at price 71,200 | Portfolio Value = 1,050,871.8 | Budget = 405,236.2 | inventory = 2
[ 2024-08-06 16:00:28,496 ] 96 : Bought 2 shares at price 71,400 | Portfolio Value = 1,046,036.2 | Budget = 262,364.8 | inventory = 3
[ 2024-08-06 16:00:28,509 ] 97 : Sold 8 shares at price 70,500 | Profit = -4,000 | Portfolio Value = 1,047,764.8 | Budget = 826,082.8 | inventory = 2
[ 2024-08-06 16:00:28,522 ] 98 : Bought 1 shares at price 71,300 | Portfolio Value = 1,037,582.8 | Budget = 754,747.15 | inventory = 3
[ 2024-08-06 16:00:28,549 ] 100 : Bought 7 shares at price 72,400 | Portfolio Value = 1,041,147.15 | Budget = 247,693.75 | inventory = 4
[ 2024-08-06 16:00:28,562 ] 101 : Bought 2 shares at price 72,600 | Portfolio Value = 1,044,093.75 | Budget = 102,421.15 | inventory = 5
[ 2024-08-06 16:00:28,576 ] 102 : Bought 1 shares at price 72,700 | Portfolio Value = 1,046,221.15 | Budget = 29,684.8 | inventory = 6
[ 2024-08-06 16:00:28,589 ] 103 : Sold 1 shares at price 72,400 | Profit = 1,200 | Portfolio Value = 1,047,484.8 | Budget = 102,048.6 | inventory = 5
[ 2024-08-06 16:00:28,602 ] 104 : Bought 1 shares at price 72,200 | Portfolio Value = 1,043,248.6 | Budget = 29,812.5 | inventory = 6
[ 2024-08-06 16:00:28,655 ] 108 : Sold 2 shares at price 71,600 | Profit = 400 | Portfolio Value = 1,037,812.5 | Budget = 172,940.9 | inventory = 5
[ 2024-08-06 16:00:28,669 ] 109 : Sold 1 shares at price 69,900 | Profit = -1,400 | Portfolio Value = 1,032,140.9 | Budget = 242,805.95 | inventory = 4
[ 2024-08-06 16:00:28,682 ] 110 : Bought 3 shares at price 69,500 | Portfolio Value = 1,011,705.95 | Budget = 34,201.7 | inventory = 5
[ 2024-08-06 16:00:28,695 ] 111 : Sold 7 shares at price 71,500 | Profit = -6,300 | Portfolio Value = 1,007,201.7 | Budget = 534,451.45 | inventory = 4
[ 2024-08-06 16:00:28,707 ] 112 : Sold 2 shares at price 71,900 | Profit = -1,400 | Portfolio Value = 1,034,951.45 | Budget = 678,179.55 | inventory = 3
[ 2024-08-06 16:00:28,734 ] 114 : Bought 6 shares at price 73,400 | Portfolio Value = 1,037,679.55 | Budget = 237,559.35 | inventory = 4
[ 2024-08-06 16:00:28,747 ] 115 : Sold 1 shares at price 73,300 | Profit = 600 | Portfolio Value = 1,044,959.35 | Budget = 310,822.7 | inventory = 3
[ 2024-08-06 16:00:28,788 ] 118 : Sold 1 shares at price 71,000 | Profit = -1,200 | Portfolio Value = 1,027,822.7 | Budget = 381,787.2 | inventory = 2
[ 2024-08-06 16:00:28,801 ] 119 : Bought 3 shares at price 70,300 | Portfolio Value = 1,020,787.2 | Budget = 170,781.75 | inventory = 3
[ 2024-08-06 16:00:28,815 ] 120 : Bought 2 shares at price 70,400 | Portfolio Value = 1,014,381.75 | Budget = 29,911.35 | inventory = 4
[ 2024-08-06 16:00:28,829 ] 121 : Sold 3 shares at price 70,000 | Profit = 1,500 | Portfolio Value = 1,015,511.35 | Budget = 239,806.35 | inventory = 3
[ 2024-08-06 16:00:28,842 ] 122 : Sold 6 shares at price 69,800 | Profit = -21,600 | Portfolio Value = 1,009,806.35 | Budget = 658,396.95 | inventory = 2
[ 2024-08-06 16:00:28,856 ] 123 : Bought 6 shares at price 71,700 | Portfolio Value = 1,007,396.95 | Budget = 227,981.85 | inventory = 3
[ 2024-08-06 16:00:28,870 ] 124 : Bought 2 shares at price 70,600 | Portfolio Value = 1,016,681.85 | Budget = 86,711.25 | inventory = 4
[ 2024-08-06 16:00:28,897 ] 126 : Sold 3 shares at price 71,100 | Profit = 2,400 | Portfolio Value = 994,111.25 | Budget = 299,904.6 | inventory = 3
[ 2024-08-06 16:00:28,909 ] 127 : Bought 4 shares at price 69,900 | Portfolio Value = 1,010,904.6 | Budget = 20,164.8 | inventory = 4
[ 2024-08-06 16:00:28,923 ] 128 : Sold 2 shares at price 68,800 | Profit = -3,200 | Portfolio Value = 998,764.8 | Budget = 157,696.0 | inventory = 3
[ 2024-08-06 16:00:28,936 ] 129 : Sold 6 shares at price 68,300 | Profit = -20,400 | Portfolio Value = 983,296.0 | Budget = 567,291.1 | inventory = 2
[ 2024-08-06 16:00:28,949 ] 130 : Sold 2 shares at price 68,500 | Profit = -4,200 | Portfolio Value = 977,091.1 | Budget = 704,222.6 | inventory = 1
[ 2024-08-06 16:00:28,963 ] 131 : Bought 7 shares at price 67,600 | Portfolio Value = 978,222.6 | Budget = 230,786.0 | inventory = 2
[ 2024-08-06 16:00:28,977 ] 132 : Bought 1 shares at price 68,900 | Portfolio Value = 974,386.0 | Budget = 161,851.55 | inventory = 3
[ 2024-08-06 16:00:28,990 ] 133 : Sold 4 shares at price 68,000 | Profit = -7,600 | Portfolio Value = 988,651.55 | Budget = 433,715.55 | inventory = 2
[ 2024-08-06 16:00:29,003 ] 134 : Sold 7 shares at price 67,500 | Profit = -700 | Portfolio Value = 977,715.55 | Budget = 905,979.3 | inventory = 1
[ 2024-08-06 16:00:29,029 ] 136 : Sold 1 shares at price 67,000 | Profit = -1,900 | Portfolio Value = 973,279.3 | Budget = 972,945.8 | inventory = 0
[ 2024-08-06 16:00:29,056 ] 138 : Bought 12 shares at price 66,300 | Portfolio Value = 972,945.8 | Budget = 176,948.0 | inventory = 1
[ 2024-08-06 16:00:29,070 ] 139 : Bought 2 shares at price 66,600 | Portfolio Value = 972,548.0 | Budget = 43,681.4 | inventory = 2
[ 2024-08-06 16:00:29,124 ] 143 : Sold 12 shares at price 67,100 | Profit = 9,600 | Portfolio Value = 998,481.4 | Budget = 848,478.8 | inventory = 1
[ 2024-08-06 16:00:29,150 ] 145 : Bought 10 shares at price 66,800 | Portfolio Value = 982,078.8 | Budget = 180,144.8 | inventory = 2
[ 2024-08-06 16:00:29,165 ] 146 : Sold 2 shares at price 67,100 | Profit = 1,000 | Portfolio Value = 981,744.8 | Budget = 314,277.7 | inventory = 1
[ 2024-08-06 16:00:29,178 ] 147 : Bought 4 shares at price 66,900 | Portfolio Value = 985,277.7 | Budget = 46,543.9 | inventory = 2
[ 2024-08-06 16:00:29,191 ] 148 : Sold 10 shares at price 71,000 | Profit = 42,000 | Portfolio Value = 983,143.9 | Budget = 756,188.9 | inventory = 1
[ 2024-08-06 16:00:29,205 ] 149 : Bought 7 shares at price 71,200 | Portfolio Value = 1,040,188.9 | Budget = 257,539.7 | inventory = 2
[ 2024-08-06 16:00:29,232 ] 151 : Sold 4 shares at price 70,000 | Profit = 12,400 | Portfolio Value = 1,035,239.7 | Budget = 537,399.7 | inventory = 1
[ 2024-08-06 16:00:29,245 ] 152 : Bought 1 shares at price 70,400 | Portfolio Value = 1,027,399.7 | Budget = 466,964.5 | inventory = 2
[ 2024-08-06 16:00:29,258 ] 153 : Bought 6 shares at price 70,300 | Portfolio Value = 1,030,164.5 | Budget = 44,953.6 | inventory = 3
[ 2024-08-06 16:00:29,338 ] 159 : Sold 7 shares at price 70,200 | Profit = -7,000 | Portfolio Value = 1,052,953.6 | Budget = 536,107.9 | inventory = 2
[ 2024-08-06 16:00:29,351 ] 160 : Bought 6 shares at price 69,800 | Portfolio Value = 1,027,507.9 | Budget = 117,098.5 | inventory = 3
[ 2024-08-06 16:00:29,364 ] 161 : Bought 1 shares at price 69,600 | Portfolio Value = 1,024,498.5 | Budget = 47,463.7 | inventory = 4
[ 2024-08-06 16:00:29,377 ] 162 : Sold 1 shares at price 68,900 | Profit = -1,500 | Portfolio Value = 1,021,863.7 | Budget = 116,329.25 | inventory = 3
[ 2024-08-06 16:00:29,416 ] 165 : Bought 1 shares at price 68,600 | Portfolio Value = 1,018,529.25 | Budget = 47,694.95 | inventory = 4
[ 2024-08-06 16:00:29,482 ] 170 : Sold 6 shares at price 66,400 | Profit = -23,400 | Portfolio Value = 971,694.95 | Budget = 445,895.75 | inventory = 3
[ 2024-08-06 16:00:29,496 ] 171 : Bought 2 shares at price 68,200 | Portfolio Value = 977,095.75 | Budget = 309,427.55 | inventory = 4
[ 2024-08-06 16:00:29,509 ] 172 : Sold 6 shares at price 68,900 | Profit = -5,400 | Portfolio Value = 991,427.55 | Budget = 722,620.85 | inventory = 3
[ 2024-08-06 16:00:29,535 ] 174 : Sold 1 shares at price 67,300 | Profit = -2,300 | Portfolio Value = 994,620.85 | Budget = 789,887.2 | inventory = 2
[ 2024-08-06 16:00:29,549 ] 175 : Bought 8 shares at price 69,400 | Portfolio Value = 991,787.2 | Budget = 234,409.6 | inventory = 3
[ 2024-08-06 16:00:29,562 ] 176 : Bought 3 shares at price 70,500 | Portfolio Value = 997,809.6 | Budget = 22,803.85 | inventory = 4
[ 2024-08-06 16:00:29,653 ] 183 : Sold 1 shares at price 67,300 | Profit = -1,300 | Portfolio Value = 956,603.85 | Budget = 90,070.2 | inventory = 3
[ 2024-08-06 16:00:29,667 ] 184 : Bought 1 shares at price 67,300 | Portfolio Value = 964,970.2 | Budget = 22,736.55 | inventory = 4
[ 2024-08-06 16:00:30,243 ] 192 : Sold 2 shares at price 70,300 | Profit = 4,200 | Portfolio Value = 1,001,336.55 | Budget = 163,266.25 | inventory = 3
[ 2024-08-06 16:00:30,257 ] 193 : Bought 1 shares at price 70,500 | Portfolio Value = 1,006,866.25 | Budget = 92,731.0 | inventory = 4
[ 2024-08-06 16:00:30,270 ] 194 : Bought 1 shares at price 70,400 | Portfolio Value = 1,009,231.0 | Budget = 22,295.8 | inventory = 5
[ 2024-08-06 16:00:30,338 ] 199 : Sold 8 shares at price 72,700 | Profit = 26,400 | Portfolio Value = 1,037,295.8 | Budget = 603,605.0 | inventory = 4
[ 2024-08-06 16:00:30,351 ] 200 : Sold 3 shares at price 72,800 | Profit = 6,900 | Portfolio Value = 1,039,805.0 | Budget = 821,895.8 | inventory = 3
[ 2024-08-06 16:00:30,391 ] 203 : Bought 10 shares at price 71,700 | Portfolio Value = 1,039,095.8 | Budget = 104,537.3 | inventory = 4
[ 2024-08-06 16:00:30,405 ] 204 : Bought 1 shares at price 71,300 | Portfolio Value = 1,036,637.3 | Budget = 33,201.65 | inventory = 5
[ 2024-08-06 16:00:30,444 ] 207 : Sold 1 shares at price 72,800 | Profit = 5,500 | Portfolio Value = 1,051,001.65 | Budget = 105,965.25 | inventory = 4
[ 2024-08-06 16:00:30,457 ] 208 : Bought 1 shares at price 72,000 | Portfolio Value = 1,052,365.25 | Budget = 33,929.25 | inventory = 5
[ 2024-08-06 16:00:30,470 ] 209 : Sold 1 shares at price 72,600 | Profit = 2,100 | Portfolio Value = 1,041,929.25 | Budget = 106,492.95 | inventory = 4
[ 2024-08-06 16:00:30,496 ] 211 : Bought 1 shares at price 71,700 | Portfolio Value = 1,032,092.95 | Budget = 34,757.1 | inventory = 5
[ 2024-08-06 16:00:30,535 ] 214 : Sold 1 shares at price 73,000 | Profit = 2,600 | Portfolio Value = 1,051,157.1 | Budget = 107,720.6 | inventory = 4
[ 2024-08-06 16:00:30,548 ] 215 : Sold 10 shares at price 73,500 | Profit = 18,000 | Portfolio Value = 1,056,720.6 | Budget = 842,353.1 | inventory = 3
[ 2024-08-06 16:00:30,560 ] 216 : Bought 4 shares at price 72,800 | Portfolio Value = 1,062,853.1 | Budget = 551,007.5 | inventory = 4
[ 2024-08-06 16:00:30,574 ] 217 : Bought 5 shares at price 73,100 | Portfolio Value = 1,060,607.5 | Budget = 185,324.75 | inventory = 5
[ 2024-08-06 16:00:30,587 ] 218 : Bought 1 shares at price 73,300 | Portfolio Value = 1,062,524.75 | Budget = 111,988.1 | inventory = 6
[ 2024-08-06 16:00:30,602 ] 219 : Bought 1 shares at price 72,900 | Portfolio Value = 1,064,888.1 | Budget = 39,051.65 | inventory = 7
[ 2024-08-06 16:00:30,618 ] 220 : Sold 1 shares at price 73,400 | Profit = 2,100 | Portfolio Value = 1,059,651.65 | Budget = 112,414.95 | inventory = 6
[ 2024-08-06 16:00:30,658 ] 223 : Bought 1 shares at price 75,900 | Portfolio Value = 1,087,414.95 | Budget = 36,477.0 | inventory = 7
[ 2024-08-06 16:00:30,698 ] 226 : Sold 1 shares at price 78,500 | Profit = 6,500 | Portfolio Value = 1,128,477.0 | Budget = 114,937.75 | inventory = 6
[ 2024-08-06 16:00:30,711 ] 1 : Bought 2 shares at price 61,000 | Portfolio Value = 1,000,000 | Budget = 877,939.0 | inventory = 1
[ 2024-08-06 16:00:30,724 ] 2 : Sold 2 shares at price 61,800 | Profit = 1,600 | Portfolio Value = 999,939.0 | Budget = 1,001,477.2 | inventory = 0
[ 2024-08-06 16:00:30,750 ] 4 : Bought 15 shares at price 63,800 | Portfolio Value = 1,001,477.2 | Budget = 43,998.7 | inventory = 1
[ 2024-08-06 16:00:30,789 ] 7 : Sold 15 shares at price 63,100 | Profit = -10,500 | Portfolio Value = 972,498.7 | Budget = 990,025.45 | inventory = 0
[ 2024-08-06 16:00:30,803 ] 8 : Bought 3 shares at price 63,000 | Portfolio Value = 990,025.45 | Budget = 800,930.95 | inventory = 1
[ 2024-08-06 16:00:30,815 ] 9 : Sold 3 shares at price 62,800 | Profit = -600 | Portfolio Value = 989,930.95 | Budget = 989,236.75 | inventory = 0
[ 2024-08-06 16:00:30,828 ] 10 : Bought 12 shares at price 62,900 | Portfolio Value = 989,236.75 | Budget = 234,059.35 | inventory = 1
[ 2024-08-06 16:00:30,841 ] 11 : Bought 3 shares at price 63,200 | Portfolio Value = 988,859.35 | Budget = 44,364.55 | inventory = 2
[ 2024-08-06 16:00:30,881 ] 14 : Sold 12 shares at price 62,600 | Profit = -3,600 | Portfolio Value = 999,864.55 | Budget = 795,188.95 | inventory = 1
[ 2024-08-06 16:00:30,894 ] 15 : Sold 3 shares at price 62,700 | Profit = -1,500 | Portfolio Value = 982,988.95 | Budget = 983,194.9 | inventory = 0
[ 2024-08-06 16:00:30,908 ] 16 : Bought 4 shares at price 62,100 | Portfolio Value = 983,194.9 | Budget = 734,670.7 | inventory = 1
[ 2024-08-06 16:00:30,921 ] 17 : Sold 4 shares at price 61,100 | Profit = -4,000 | Portfolio Value = 983,070.7 | Budget = 978,948.5 | inventory = 0
[ 2024-08-06 16:00:30,975 ] 21 : Bought 15 shares at price 60,600 | Portfolio Value = 978,948.5 | Budget = 69,494.0 | inventory = 1
[ 2024-08-06 16:00:31,016 ] 24 : Sold 15 shares at price 61,500 | Profit = 13,500 | Portfolio Value = 976,994.0 | Budget = 991,532.75 | inventory = 0
[ 2024-08-06 16:00:31,030 ] 25 : Bought 1 shares at price 60,700 | Portfolio Value = 991,532.75 | Budget = 930,802.4 | inventory = 1
[ 2024-08-06 16:00:31,044 ] 26 : Bought 9 shares at price 60,300 | Portfolio Value = 991,502.4 | Budget = 387,831.05 | inventory = 2
[ 2024-08-06 16:00:31,071 ] 28 : Sold 1 shares at price 59,500 | Profit = -1,200 | Portfolio Value = 988,831.05 | Budget = 447,301.3 | inventory = 1
[ 2024-08-06 16:00:31,085 ] 29 : Sold 9 shares at price 60,000 | Profit = -2,700 | Portfolio Value = 982,801.3 | Budget = 987,031.3 | inventory = 0
[ 2024-08-06 16:00:31,098 ] 30 : Bought 1 shares at price 59,000 | Portfolio Value = 987,031.3 | Budget = 928,001.8 | inventory = 1
[ 2024-08-06 16:00:31,111 ] 31 : Bought 15 shares at price 59,800 | Portfolio Value = 987,001.8 | Budget = 30,553.3 | inventory = 2
[ 2024-08-06 16:00:31,152 ] 34 : Sold 1 shares at price 60,200 | Profit = 1,200 | Portfolio Value = 1,011,353.3 | Budget = 90,723.2 | inventory = 1
[ 2024-08-06 16:00:31,165 ] 35 : Bought 1 shares at price 60,300 | Portfolio Value = 993,723.2 | Budget = 30,393.05 | inventory = 2
[ 2024-08-06 16:00:31,231 ] 40 : Sold 15 shares at price 62,900 | Profit = 46,500 | Portfolio Value = 1,023,993.05 | Budget = 973,421.3 | inventory = 1
[ 2024-08-06 16:00:31,290 ] 44 : Sold 1 shares at price 63,100 | Profit = 2,800 | Portfolio Value = 1,037,421.3 | Budget = 1,036,489.75 | inventory = 0
[ 2024-08-06 16:00:31,318 ] 46 : Bought 8 shares at price 63,900 | Portfolio Value = 1,036,489.75 | Budget = 525,034.15 | inventory = 1
[ 2024-08-06 16:00:31,332 ] 47 : Sold 8 shares at price 62,300 | Profit = -12,800 | Portfolio Value = 1,036,234.15 | Budget = 1,023,184.95 | inventory = 0
[ 2024-08-06 16:00:31,385 ] 51 : Bought 11 shares at price 66,000 | Portfolio Value = 1,023,184.95 | Budget = 296,821.95 | inventory = 1
[ 2024-08-06 16:00:31,399 ] 52 : Bought 2 shares at price 66,100 | Portfolio Value = 1,022,821.95 | Budget = 164,555.85 | inventory = 2
[ 2024-08-06 16:00:31,413 ] 53 : Bought 2 shares at price 65,100 | Portfolio Value = 1,023,855.85 | Budget = 34,290.75 | inventory = 3
[ 2024-08-06 16:00:31,453 ] 56 : Sold 11 shares at price 65,500 | Profit = -5,500 | Portfolio Value = 1,018,290.75 | Budget = 754,430.5 | inventory = 2
[ 2024-08-06 16:00:31,480 ] 58 : Sold 2 shares at price 65,700 | Profit = -800 | Portfolio Value = 1,015,630.5 | Budget = 885,764.8 | inventory = 1
[ 2024-08-06 16:00:31,508 ] 60 : Bought 6 shares at price 63,600 | Portfolio Value = 1,016,164.8 | Budget = 503,974.0 | inventory = 2
[ 2024-08-06 16:00:31,521 ] 61 : Bought 6 shares at price 64,100 | Portfolio Value = 1,012,774.0 | Budget = 119,181.7 | inventory = 3
[ 2024-08-06 16:00:31,548 ] 63 : Sold 2 shares at price 65,500 | Profit = 800 | Portfolio Value = 1,023,581.7 | Budget = 250,116.2 | inventory = 2
[ 2024-08-06 16:00:31,576 ] 65 : Bought 2 shares at price 65,400 | Portfolio Value = 1,038,516.2 | Budget = 119,250.8 | inventory = 3
[ 2024-08-06 16:00:31,589 ] 66 : Bought 1 shares at price 65,100 | Portfolio Value = 1,034,850.8 | Budget = 54,118.25 | inventory = 4
[ 2024-08-06 16:00:31,603 ] 67 : Sold 6 shares at price 65,900 | Profit = 13,800 | Portfolio Value = 1,030,618.25 | Budget = 449,320.55 | inventory = 3
[ 2024-08-06 16:00:31,616 ] 68 : Sold 6 shares at price 65,300 | Profit = 7,200 | Portfolio Value = 1,042,420.55 | Budget = 840,924.65 | inventory = 2
[ 2024-08-06 16:00:31,630 ] 69 : Sold 2 shares at price 64,600 | Profit = -1,600 | Portfolio Value = 1,036,824.65 | Budget = 970,060.05 | inventory = 1
[ 2024-08-06 16:00:31,643 ] 70 : Bought 4 shares at price 64,200 | Portfolio Value = 1,034,660.05 | Budget = 713,131.65 | inventory = 2
[ 2024-08-06 16:00:31,670 ] 72 : Bought 4 shares at price 64,500 | Portfolio Value = 1,033,631.65 | Budget = 455,002.65 | inventory = 3
[ 2024-08-06 16:00:31,684 ] 73 : Bought 4 shares at price 65,400 | Portfolio Value = 1,035,502.65 | Budget = 193,271.85 | inventory = 4
[ 2024-08-06 16:00:31,710 ] 75 : Bought 1 shares at price 66,200 | Portfolio Value = 1,038,271.85 | Budget = 127,038.75 | inventory = 5
[ 2024-08-06 16:00:31,724 ] 76 : Sold 1 shares at price 68,400 | Profit = 3,300 | Portfolio Value = 1,053,838.75 | Budget = 195,404.55 | inventory = 4
[ 2024-08-06 16:00:31,752 ] 78 : Sold 4 shares at price 68,400 | Profit = 16,800 | Portfolio Value = 1,085,904.55 | Budget = 468,867.75 | inventory = 3
[ 2024-08-06 16:00:31,793 ] 81 : Bought 4 shares at price 70,300 | Portfolio Value = 1,088,067.75 | Budget = 187,527.15 | inventory = 4
[ 2024-08-06 16:00:31,807 ] 82 : Bought 2 shares at price 72,300 | Portfolio Value = 1,101,427.15 | Budget = 42,854.85 | inventory = 5
[ 2024-08-06 16:00:31,821 ] 83 : Sold 4 shares at price 71,400 | Profit = 27,600 | Portfolio Value = 1,127,354.85 | Budget = 328,312.05 | inventory = 4
[ 2024-08-06 16:00:31,835 ] 84 : Bought 3 shares at price 70,900 | Portfolio Value = 1,113,712.05 | Budget = 115,505.7 | inventory = 5
[ 2024-08-06 16:00:31,861 ] 86 : Bought 1 shares at price 71,700 | Portfolio Value = 1,126,305.7 | Budget = 43,769.85 | inventory = 6
[ 2024-08-06 16:00:31,887 ] 88 : Sold 4 shares at price 70,900 | Profit = 22,000 | Portfolio Value = 1,108,769.85 | Budget = 327,228.05 | inventory = 5
[ 2024-08-06 16:00:31,901 ] 89 : Bought 3 shares at price 72,000 | Portfolio Value = 1,107,128.05 | Budget = 111,120.05 | inventory = 6
[ 2024-08-06 16:00:31,914 ] 90 : Bought 1 shares at price 71,000 | Portfolio Value = 1,119,120.05 | Budget = 40,084.55 | inventory = 7
[ 2024-08-06 16:00:31,953 ] 93 : Sold 1 shares at price 71,500 | Profit = 5,300 | Portfolio Value = 1,118,584.55 | Budget = 111,548.8 | inventory = 6
[ 2024-08-06 16:00:31,980 ] 95 : Sold 4 shares at price 71,200 | Profit = 3,600 | Portfolio Value = 1,116,748.8 | Budget = 396,206.4 | inventory = 5
[ 2024-08-06 16:00:31,995 ] 96 : Sold 2 shares at price 71,400 | Profit = -1,800 | Portfolio Value = 1,108,206.4 | Budget = 538,935.0 | inventory = 4
[ 2024-08-06 16:00:32,022 ] 98 : Sold 3 shares at price 71,300 | Profit = 1,200 | Portfolio Value = 1,102,935.0 | Budget = 752,728.05 | inventory = 3
[ 2024-08-06 16:00:32,035 ] 99 : Sold 1 shares at price 71,600 | Profit = -100 | Portfolio Value = 1,109,228.05 | Budget = 824,292.25 | inventory = 2
[ 2024-08-06 16:00:32,049 ] 100 : Bought 11 shares at price 72,400 | Portfolio Value = 1,110,692.25 | Budget = 27,494.05 | inventory = 3
[ 2024-08-06 16:00:32,063 ] 101 : Sold 3 shares at price 72,600 | Profit = 1,800 | Portfolio Value = 1,113,494.05 | Budget = 245,185.15 | inventory = 2
[ 2024-08-06 16:00:32,076 ] 102 : Bought 3 shares at price 72,700 | Portfolio Value = 1,116,385.15 | Budget = 26,976.1 | inventory = 3
[ 2024-08-06 16:00:32,090 ] 103 : Sold 1 shares at price 72,400 | Profit = 1,400 | Portfolio Value = 1,117,476.1 | Budget = 99,339.9 | inventory = 2
[ 2024-08-06 16:00:32,105 ] 104 : Sold 11 shares at price 72,200 | Profit = -2,200 | Portfolio Value = 1,112,939.9 | Budget = 893,142.8 | inventory = 1
[ 2024-08-06 16:00:32,118 ] 105 : Bought 7 shares at price 73,000 | Portfolio Value = 1,109,742.8 | Budget = 381,887.3 | inventory = 2
[ 2024-08-06 16:00:32,132 ] 106 : Bought 1 shares at price 73,000 | Portfolio Value = 1,111,887.3 | Budget = 308,850.8 | inventory = 3
[ 2024-08-06 16:00:32,159 ] 108 : Sold 3 shares at price 71,600 | Profit = -3,300 | Portfolio Value = 1,100,850.8 | Budget = 523,543.4 | inventory = 2
[ 2024-08-06 16:00:32,172 ] 109 : Sold 7 shares at price 69,900 | Profit = -21,700 | Portfolio Value = 1,096,343.4 | Budget = 1,012,598.75 | inventory = 1
[ 2024-08-06 16:00:32,200 ] 111 : Sold 1 shares at price 71,500 | Profit = -1,500 | Portfolio Value = 1,082,098.75 | Budget = 1,084,063.0 | inventory = 0
[ 2024-08-06 16:00:32,292 ] 118 : Bought 15 shares at price 71,000 | Portfolio Value = 1,084,063.0 | Budget = 18,530.5 | inventory = 1
[ 2024-08-06 16:00:32,306 ] 119 : Sold 15 shares at price 70,300 | Profit = -10,500 | Portfolio Value = 1,083,530.5 | Budget = 1,072,503.25 | inventory = 0
[ 2024-08-06 16:00:32,399 ] 126 : Bought 5 shares at price 71,100 | Portfolio Value = 1,072,503.25 | Budget = 716,825.5 | inventory = 1
[ 2024-08-06 16:00:32,426 ] 128 : Sold 5 shares at price 68,800 | Profit = -11,500 | Portfolio Value = 1,066,325.5 | Budget = 1,060,653.5 | inventory = 0
[ 2024-08-06 16:00:32,443 ] 129 : Bought 7 shares at price 68,300 | Portfolio Value = 1,060,653.5 | Budget = 582,314.45 | inventory = 1
[ 2024-08-06 16:00:32,484 ] 132 : Sold 7 shares at price 68,900 | Profit = 4,200 | Portfolio Value = 1,055,514.45 | Budget = 1,064,373.3 | inventory = 0
[ 2024-08-06 16:00:32,498 ] 133 : Bought 7 shares at price 68,000 | Portfolio Value = 1,064,373.3 | Budget = 588,135.3 | inventory = 1
[ 2024-08-06 16:00:32,511 ] 134 : Sold 7 shares at price 67,500 | Profit = -3,500 | Portfolio Value = 1,064,135.3 | Budget = 1,060,399.05 | inventory = 0
[ 2024-08-06 16:00:32,537 ] 136 : Bought 14 shares at price 67,000 | Portfolio Value = 1,060,399.05 | Budget = 121,930.05 | inventory = 1
[ 2024-08-06 16:00:32,551 ] 137 : Bought 1 shares at price 66,700 | Portfolio Value = 1,059,930.05 | Budget = 55,196.7 | inventory = 2
[ 2024-08-06 16:00:32,565 ] 138 : Sold 14 shares at price 66,300 | Profit = -9,800 | Portfolio Value = 1,055,696.7 | Budget = 982,932.6 | inventory = 1
[ 2024-08-06 16:00:32,593 ] 140 : Sold 1 shares at price 66,600 | Profit = -100 | Portfolio Value = 1,049,532.6 | Budget = 1,049,499.3 | inventory = 0
[ 2024-08-06 16:00:32,633 ] 143 : Bought 7 shares at price 67,100 | Portfolio Value = 1,049,499.3 | Budget = 579,564.45 | inventory = 1
[ 2024-08-06 16:00:32,661 ] 145 : Sold 7 shares at price 66,800 | Profit = -2,100 | Portfolio Value = 1,047,164.45 | Budget = 1,046,930.65 | inventory = 0
[ 2024-08-06 16:00:32,688 ] 147 : Bought 3 shares at price 66,900 | Portfolio Value = 1,046,930.65 | Budget = 846,130.3 | inventory = 1
[ 2024-08-06 16:00:32,702 ] 148 : Bought 9 shares at price 71,000 | Portfolio Value = 1,046,830.3 | Budget = 206,810.8 | inventory = 2
[ 2024-08-06 16:00:32,715 ] 149 : Sold 3 shares at price 71,200 | Profit = 12,900 | Portfolio Value = 1,058,810.8 | Budget = 420,304.0 | inventory = 1
[ 2024-08-06 16:00:32,729 ] 150 : Bought 4 shares at price 70,700 | Portfolio Value = 1,061,104.0 | Budget = 137,362.6 | inventory = 2
[ 2024-08-06 16:00:32,742 ] 151 : Sold 9 shares at price 70,000 | Profit = -9,000 | Portfolio Value = 1,056,462.6 | Budget = 767,047.6 | inventory = 1
[ 2024-08-06 16:00:32,756 ] 152 : Bought 2 shares at price 70,400 | Portfolio Value = 1,047,047.6 | Budget = 626,177.2 | inventory = 2
[ 2024-08-06 16:00:32,769 ] 153 : Sold 4 shares at price 70,300 | Profit = -1,600 | Portfolio Value = 1,048,577.2 | Budget = 907,236.6 | inventory = 1
[ 2024-08-06 16:00:32,783 ] 154 : Bought 4 shares at price 70,800 | Portfolio Value = 1,047,836.6 | Budget = 623,895.0 | inventory = 2
[ 2024-08-06 16:00:32,797 ] 155 : Bought 1 shares at price 70,500 | Portfolio Value = 1,048,695.0 | Budget = 553,359.75 | inventory = 3
[ 2024-08-06 16:00:32,811 ] 156 : Sold 2 shares at price 70,900 | Profit = 1,000 | Portfolio Value = 1,046,859.75 | Budget = 695,088.85 | inventory = 2
[ 2024-08-06 16:00:32,824 ] 157 : Bought 2 shares at price 71,700 | Portfolio Value = 1,049,588.85 | Budget = 551,617.15 | inventory = 3
[ 2024-08-06 16:00:32,838 ] 158 : Sold 4 shares at price 72,000 | Profit = 4,800 | Portfolio Value = 1,053,517.15 | Budget = 839,473.15 | inventory = 2
[ 2024-08-06 16:00:32,852 ] 159 : Sold 1 shares at price 70,200 | Profit = -300 | Portfolio Value = 1,055,473.15 | Budget = 909,638.05 | inventory = 1
[ 2024-08-06 16:00:32,865 ] 160 : Bought 7 shares at price 69,800 | Portfolio Value = 1,050,038.05 | Budget = 420,793.75 | inventory = 2
[ 2024-08-06 16:00:32,878 ] 161 : Bought 6 shares at price 69,600 | Portfolio Value = 1,048,993.75 | Budget = 2,984.95 | inventory = 3
[ 2024-08-06 16:00:33,011 ] 171 : Sold 2 shares at price 68,200 | Profit = -7,000 | Portfolio Value = 998,984.95 | Budget = 139,316.75 | inventory = 2
[ 2024-08-06 16:00:33,025 ] 172 : Sold 7 shares at price 68,900 | Profit = -6,300 | Portfolio Value = 1,025,916.75 | Budget = 621,375.6 | inventory = 1
[ 2024-08-06 16:00:33,039 ] 173 : Bought 5 shares at price 68,000 | Portfolio Value = 1,034,775.6 | Budget = 281,205.6 | inventory = 2
[ 2024-08-06 16:00:33,052 ] 174 : Sold 6 shares at price 67,300 | Profit = -13,800 | Portfolio Value = 1,029,205.6 | Budget = 684,803.7 | inventory = 1
[ 2024-08-06 16:00:33,078 ] 176 : Sold 5 shares at price 70,500 | Profit = 12,500 | Portfolio Value = 1,031,803.7 | Budget = 1,037,127.45 | inventory = 0
[ 2024-08-06 16:00:33,105 ] 178 : Bought 9 shares at price 68,800 | Portfolio Value = 1,037,127.45 | Budget = 417,617.85 | inventory = 1
[ 2024-08-06 16:00:33,118 ] 179 : Bought 2 shares at price 68,400 | Portfolio Value = 1,036,817.85 | Budget = 280,749.45 | inventory = 2
[ 2024-08-06 16:00:33,131 ] 180 : Sold 9 shares at price 68,500 | Profit = -2,700 | Portfolio Value = 1,033,149.45 | Budget = 896,941.2 | inventory = 1
[ 2024-08-06 16:00:33,145 ] 181 : Sold 2 shares at price 68,000 | Profit = -800 | Portfolio Value = 1,033,941.2 | Budget = 1,032,873.2 | inventory = 0
[ 2024-08-06 16:00:33,158 ] 182 : Bought 2 shares at price 66,700 | Portfolio Value = 1,032,873.2 | Budget = 899,406.5 | inventory = 1
[ 2024-08-06 16:00:33,171 ] 183 : Sold 2 shares at price 67,300 | Profit = 1,200 | Portfolio Value = 1,032,806.5 | Budget = 1,033,939.2 | inventory = 0
[ 2024-08-06 16:00:33,212 ] 186 : Bought 15 shares at price 68,600 | Portfolio Value = 1,033,939.2 | Budget = 4,424.7 | inventory = 1
[ 2024-08-06 16:00:33,225 ] 187 : Sold 15 shares at price 69,700 | Profit = 16,500 | Portfolio Value = 1,033,424.7 | Budget = 1,049,401.95 | inventory = 0
[ 2024-08-06 16:00:33,279 ] 191 : Bought 7 shares at price 69,900 | Portfolio Value = 1,049,401.95 | Budget = 559,857.3 | inventory = 1
[ 2024-08-06 16:00:33,332 ] 195 : Sold 7 shares at price 70,800 | Profit = 6,300 | Portfolio Value = 1,052,657.3 | Budget = 1,055,209.5 | inventory = 0
[ 2024-08-06 16:00:33,346 ] 196 : Bought 3 shares at price 72,200 | Portfolio Value = 1,055,209.5 | Budget = 838,501.2 | inventory = 1
[ 2024-08-06 16:00:33,373 ] 198 : Sold 3 shares at price 72,500 | Profit = 900 | Portfolio Value = 1,056,901.2 | Budget = 1,055,892.45 | inventory = 0
[ 2024-08-06 16:00:33,426 ] 202 : Bought 6 shares at price 72,400 | Portfolio Value = 1,055,892.45 | Budget = 621,275.25 | inventory = 1
[ 2024-08-06 16:00:33,439 ] 203 : Bought 6 shares at price 71,700 | Portfolio Value = 1,055,675.25 | Budget = 190,860.15 | inventory = 2
[ 2024-08-06 16:00:33,453 ] 204 : Sold 6 shares at price 71,300 | Profit = -6,600 | Portfolio Value = 1,051,260.15 | Budget = 618,446.25 | inventory = 1
[ 2024-08-06 16:00:33,466 ] 205 : Sold 6 shares at price 72,700 | Profit = 6,000 | Portfolio Value = 1,046,246.25 | Budget = 1,054,428.15 | inventory = 0
[ 2024-08-06 16:00:33,479 ] 206 : Bought 8 shares at price 72,700 | Portfolio Value = 1,054,428.15 | Budget = 472,537.35 | inventory = 1
[ 2024-08-06 16:00:33,492 ] 207 : Bought 4 shares at price 72,800 | Portfolio Value = 1,054,137.35 | Budget = 181,191.75 | inventory = 2
[ 2024-08-06 16:00:33,506 ] 208 : Bought 1 shares at price 72,000 | Portfolio Value = 1,054,791.75 | Budget = 109,155.75 | inventory = 3
[ 2024-08-06 16:00:33,519 ] 209 : Bought 1 shares at price 72,600 | Portfolio Value = 1,045,155.75 | Budget = 36,519.45 | inventory = 4
[ 2024-08-06 16:00:33,562 ] 212 : Sold 8 shares at price 71,500 | Profit = -9,600 | Portfolio Value = 1,040,319.45 | Budget = 608,233.45 | inventory = 3
[ 2024-08-06 16:00:33,589 ] 214 : Sold 4 shares at price 73,000 | Profit = 800 | Portfolio Value = 1,043,833.45 | Budget = 900,087.45 | inventory = 2
[ 2024-08-06 16:00:33,603 ] 215 : Bought 8 shares at price 73,500 | Portfolio Value = 1,046,087.45 | Budget = 311,793.45 | inventory = 3
[ 2024-08-06 16:00:33,617 ] 216 : Bought 1 shares at price 72,800 | Portfolio Value = 1,046,793.45 | Budget = 238,957.05 | inventory = 4
[ 2024-08-06 16:00:33,631 ] 217 : Sold 1 shares at price 73,100 | Profit = 1,100 | Portfolio Value = 1,039,757.05 | Budget = 312,020.5 | inventory = 3
[ 2024-08-06 16:00:33,644 ] 218 : Sold 1 shares at price 73,300 | Profit = 700 | Portfolio Value = 1,043,020.5 | Budget = 385,283.85 | inventory = 2
[ 2024-08-06 16:00:33,658 ] 219 : Sold 8 shares at price 72,900 | Profit = -4,800 | Portfolio Value = 1,044,983.85 | Budget = 968,192.25 | inventory = 1
[ 2024-08-06 16:00:33,672 ] 220 : Sold 1 shares at price 73,400 | Profit = 600 | Portfolio Value = 1,041,092.25 | Budget = 1,041,555.55 | inventory = 0
[ 2024-08-06 16:00:33,699 ] 222 : Bought 5 shares at price 75,000 | Portfolio Value = 1,041,555.55 | Budget = 666,368.05 | inventory = 1
[ 2024-08-06 16:00:33,726 ] 224 : Bought 3 shares at price 76,600 | Portfolio Value = 1,045,868.05 | Budget = 436,453.15 | inventory = 2
[ 2024-08-06 16:00:33,738 ] 225 : Bought 5 shares at price 78,000 | Portfolio Value = 1,049,253.15 | Budget = 46,258.15 | inventory = 3
[ 2024-08-06 16:00:33,777 ] 2 : Bought 10 shares at price 61,800 | Portfolio Value = 1,000,000.0 | Budget = 381,691.0 | inventory = 1
[ 2024-08-06 16:00:33,790 ] 3 : Bought 3 shares at price 63,500 | Portfolio Value = 999,691.0 | Budget = 191,095.75 | inventory = 2
[ 2024-08-06 16:00:33,816 ] 5 : Bought 2 shares at price 61,600 | Portfolio Value = 1,020,495.75 | Budget = 67,834.15 | inventory = 3
[ 2024-08-06 16:00:33,843 ] 7 : Sold 10 shares at price 63,100 | Profit = 13,000 | Portfolio Value = 996,334.15 | Budget = 698,518.65 | inventory = 2
[ 2024-08-06 16:00:33,857 ] 8 : Bought 11 shares at price 63,000 | Portfolio Value = 1,014,018.65 | Budget = 5,172.15 | inventory = 3
[ 2024-08-06 16:00:33,883 ] 10 : Sold 3 shares at price 62,900 | Profit = -1,800 | Portfolio Value = 1,009,972.15 | Budget = 193,777.8 | inventory = 2
[ 2024-08-06 16:00:33,896 ] 11 : Sold 2 shares at price 63,200 | Profit = 3,200 | Portfolio Value = 1,011,477.8 | Budget = 320,114.6 | inventory = 1
[ 2024-08-06 16:00:33,911 ] 12 : Bought 4 shares at price 62,200 | Portfolio Value = 1,015,314.6 | Budget = 71,190.2 | inventory = 2
[ 2024-08-06 16:00:33,938 ] 14 : Sold 11 shares at price 62,600 | Profit = -4,400 | Portfolio Value = 1,026,690.2 | Budget = 759,445.9 | inventory = 1
[ 2024-08-06 16:00:33,951 ] 15 : Bought 4 shares at price 62,700 | Portfolio Value = 1,009,845.9 | Budget = 508,520.5 | inventory = 2
[ 2024-08-06 16:00:33,964 ] 16 : Sold 4 shares at price 62,100 | Profit = -400 | Portfolio Value = 1,010,120.5 | Budget = 756,796.3 | inventory = 1
[ 2024-08-06 16:00:33,977 ] 17 : Sold 4 shares at price 61,100 | Profit = -6,400 | Portfolio Value = 1,005,196.3 | Budget = 1,001,074.1 | inventory = 0
[ 2024-08-06 16:00:34,260 ] 38 : Bought 6 shares at price 63,000 | Portfolio Value = 1,001,074.1 | Budget = 622,885.1 | inventory = 1
[ 2024-08-06 16:00:34,288 ] 40 : Bought 3 shares at price 62,900 | Portfolio Value = 995,485.1 | Budget = 434,090.75 | inventory = 2
[ 2024-08-06 16:00:34,301 ] 41 : Sold 6 shares at price 62,700 | Profit = -1,800 | Portfolio Value = 1,000,190.75 | Budget = 810,102.65 | inventory = 1
[ 2024-08-06 16:00:34,315 ] 42 : Sold 3 shares at price 63,200 | Profit = 900 | Portfolio Value = 998,202.65 | Budget = 999,607.85 | inventory = 0
[ 2024-08-06 16:00:34,342 ] 44 : Bought 12 shares at price 63,100 | Portfolio Value = 999,607.85 | Budget = 242,029.25 | inventory = 1
[ 2024-08-06 16:00:34,356 ] 45 : Sold 12 shares at price 63,600 | Profit = 6,000 | Portfolio Value = 999,229.25 | Budget = 1,004,847.65 | inventory = 0
[ 2024-08-06 16:00:34,490 ] 55 : Bought 8 shares at price 65,600 | Portfolio Value = 1,004,847.65 | Budget = 479,785.25 | inventory = 1
[ 2024-08-06 16:00:34,503 ] 56 : Sold 8 shares at price 65,500 | Profit = -800 | Portfolio Value = 1,004,585.25 | Budget = 1,003,523.25 | inventory = 0
[ 2024-08-06 16:00:34,556 ] 60 : Bought 1 shares at price 63,600 | Portfolio Value = 1,003,523.25 | Budget = 939,891.45 | inventory = 1
[ 2024-08-06 16:00:34,582 ] 62 : Bought 14 shares at price 64,600 | Portfolio Value = 1,003,991.45 | Budget = 35,039.25 | inventory = 2
[ 2024-08-06 16:00:34,609 ] 64 : Sold 1 shares at price 65,700 | Profit = 2,100 | Portfolio Value = 1,017,539.25 | Budget = 100,706.4 | inventory = 1
[ 2024-08-06 16:00:34,640 ] 66 : Sold 14 shares at price 65,100 | Profit = 7,000 | Portfolio Value = 1,016,306.4 | Budget = 1,011,650.7 | inventory = 0
[ 2024-08-06 16:00:34,679 ] 69 : Bought 11 shares at price 64,600 | Portfolio Value = 1,011,650.7 | Budget = 300,695.4 | inventory = 1
[ 2024-08-06 16:00:34,707 ] 71 : Sold 11 shares at price 64,100 | Profit = -5,500 | Portfolio Value = 1,006,895.4 | Budget = 1,005,442.85 | inventory = 0
[ 2024-08-06 16:00:34,748 ] 74 : Bought 15 shares at price 65,000 | Portfolio Value = 1,005,442.85 | Budget = 29,955.35 | inventory = 1
[ 2024-08-06 16:00:34,776 ] 76 : Sold 15 shares at price 68,400 | Profit = 51,000 | Portfolio Value = 1,022,955.35 | Budget = 1,055,442.35 | inventory = 0
[ 2024-08-06 16:00:34,790 ] 77 : Bought 13 shares at price 68,500 | Portfolio Value = 1,055,442.35 | Budget = 164,497.1 | inventory = 1
[ 2024-08-06 16:00:34,804 ] 78 : Bought 1 shares at price 68,400 | Portfolio Value = 1,054,997.1 | Budget = 96,062.9 | inventory = 2
[ 2024-08-06 16:00:34,830 ] 80 : Sold 13 shares at price 68,800 | Profit = 3,900 | Portfolio Value = 1,055,062.9 | Budget = 990,015.7 | inventory = 1
[ 2024-08-06 16:00:34,844 ] 81 : Bought 4 shares at price 70,300 | Portfolio Value = 1,058,815.7 | Budget = 708,675.1 | inventory = 2
[ 2024-08-06 16:00:34,857 ] 82 : Bought 6 shares at price 72,300 | Portfolio Value = 1,060,175.1 | Budget = 274,658.2 | inventory = 3
[ 2024-08-06 16:00:34,871 ] 83 : Bought 1 shares at price 71,400 | Portfolio Value = 1,069,958.2 | Budget = 203,222.5 | inventory = 4
[ 2024-08-06 16:00:34,884 ] 84 : Bought 2 shares at price 70,900 | Portfolio Value = 1,060,022.5 | Budget = 61,351.6 | inventory = 5
[ 2024-08-06 16:00:34,899 ] 85 : Sold 1 shares at price 72,200 | Profit = 3,800 | Portfolio Value = 1,053,951.6 | Budget = 133,515.5 | inventory = 4
[ 2024-08-06 16:00:34,912 ] 86 : Sold 4 shares at price 71,700 | Profit = 5,600 | Portfolio Value = 1,072,115.5 | Budget = 420,172.1 | inventory = 3
[ 2024-08-06 16:00:34,925 ] 87 : Bought 1 shares at price 71,000 | Portfolio Value = 1,065,472.1 | Budget = 349,136.6 | inventory = 4
[ 2024-08-06 16:00:34,938 ] 88 : Sold 6 shares at price 70,900 | Profit = -8,400 | Portfolio Value = 1,059,136.6 | Budget = 774,323.9 | inventory = 3
[ 2024-08-06 16:00:34,952 ] 89 : Sold 1 shares at price 72,000 | Profit = 600 | Portfolio Value = 1,057,923.9 | Budget = 846,287.9 | inventory = 2
[ 2024-08-06 16:00:34,979 ] 91 : Sold 2 shares at price 72,000 | Profit = 2,200 | Portfolio Value = 1,059,287.9 | Budget = 990,215.9 | inventory = 1
[ 2024-08-06 16:00:35,006 ] 93 : Bought 1 shares at price 71,500 | Portfolio Value = 1,062,115.9 | Budget = 918,680.15 | inventory = 2
[ 2024-08-06 16:00:35,019 ] 94 : Sold 1 shares at price 71,800 | Profit = 800 | Portfolio Value = 1,061,680.15 | Budget = 990,444.25 | inventory = 1
[ 2024-08-06 16:00:35,031 ] 95 : Bought 8 shares at price 71,200 | Portfolio Value = 1,062,244.25 | Budget = 420,559.45 | inventory = 2
[ 2024-08-06 16:00:35,044 ] 96 : Bought 3 shares at price 71,400 | Portfolio Value = 1,061,359.45 | Budget = 206,252.35 | inventory = 3
[ 2024-08-06 16:00:35,058 ] 97 : Sold 1 shares at price 70,500 | Profit = -1,000 | Portfolio Value = 1,063,052.35 | Budget = 276,717.1 | inventory = 2
[ 2024-08-06 16:00:35,072 ] 98 : Bought 1 shares at price 71,300 | Portfolio Value = 1,052,217.1 | Budget = 205,381.45 | inventory = 3
[ 2024-08-06 16:00:35,085 ] 99 : Sold 8 shares at price 71,600 | Profit = 3,200 | Portfolio Value = 1,060,981.45 | Budget = 777,895.05 | inventory = 2
[ 2024-08-06 16:00:35,099 ] 100 : Bought 10 shares at price 72,400 | Portfolio Value = 1,064,295.05 | Budget = 53,533.05 | inventory = 3
[ 2024-08-06 16:00:35,112 ] 101 : Sold 3 shares at price 72,600 | Profit = 3,600 | Portfolio Value = 1,067,133.05 | Budget = 271,224.15 | inventory = 2
[ 2024-08-06 16:00:35,167 ] 105 : Sold 1 shares at price 73,000 | Profit = 1,700 | Portfolio Value = 1,065,424.15 | Budget = 344,187.65 | inventory = 1
[ 2024-08-06 16:00:35,181 ] 106 : Bought 1 shares at price 73,000 | Portfolio Value = 1,074,187.65 | Budget = 271,151.15 | inventory = 2
[ 2024-08-06 16:00:35,194 ] 107 : Sold 10 shares at price 72,000 | Profit = -4,000 | Portfolio Value = 1,074,151.15 | Budget = 990,791.15 | inventory = 1
[ 2024-08-06 16:00:35,221 ] 109 : Sold 1 shares at price 69,900 | Profit = -3,100 | Portfolio Value = 1,062,391.15 | Budget = 1,060,656.2 | inventory = 0
[ 2024-08-06 16:00:35,236 ] 110 : Bought 11 shares at price 69,500 | Portfolio Value = 1,060,656.2 | Budget = 295,773.95 | inventory = 1
[ 2024-08-06 16:00:35,249 ] 111 : Sold 11 shares at price 71,500 | Profit = 22,000 | Portfolio Value = 1,060,273.95 | Budget = 1,081,880.7 | inventory = 0
[ 2024-08-06 16:00:35,262 ] 112 : Bought 5 shares at price 71,900 | Portfolio Value = 1,081,880.7 | Budget = 722,200.95 | inventory = 1
[ 2024-08-06 16:00:35,277 ] 113 : Sold 5 shares at price 71,900 | Profit = 0 | Portfolio Value = 1,081,700.95 | Budget = 1,081,521.2 | inventory = 0
[ 2024-08-06 16:00:35,303 ] 115 : Bought 12 shares at price 73,300 | Portfolio Value = 1,081,521.2 | Budget = 201,481.4 | inventory = 1
[ 2024-08-06 16:00:35,317 ] 116 : Bought 1 shares at price 72,000 | Portfolio Value = 1,081,081.4 | Budget = 129,445.4 | inventory = 2
[ 2024-08-06 16:00:35,331 ] 117 : Bought 1 shares at price 71,700 | Portfolio Value = 1,065,445.4 | Budget = 57,709.55 | inventory = 3
[ 2024-08-06 16:00:35,359 ] 119 : Sold 12 shares at price 70,300 | Profit = -36,000 | Portfolio Value = 1,051,709.55 | Budget = 900,887.75 | inventory = 2
[ 2024-08-06 16:00:35,371 ] 120 : Bought 11 shares at price 70,400 | Portfolio Value = 1,041,487.75 | Budget = 126,100.55 | inventory = 3
[ 2024-08-06 16:00:35,384 ] 121 : Sold 1 shares at price 70,000 | Profit = -2,000 | Portfolio Value = 1,041,300.55 | Budget = 196,065.55 | inventory = 2
[ 2024-08-06 16:00:35,399 ] 122 : Bought 2 shares at price 69,800 | Portfolio Value = 1,036,065.55 | Budget = 56,395.75 | inventory = 3
[ 2024-08-06 16:00:35,438 ] 125 : Sold 1 shares at price 69,800 | Profit = -1,900 | Portfolio Value = 1,044,795.75 | Budget = 126,160.85 | inventory = 2
[ 2024-08-06 16:00:35,465 ] 127 : Bought 1 shares at price 69,900 | Portfolio Value = 1,050,460.85 | Budget = 56,225.9 | inventory = 3
[ 2024-08-06 16:00:35,478 ] 128 : Sold 11 shares at price 68,800 | Profit = -17,600 | Portfolio Value = 1,034,825.9 | Budget = 812,647.5 | inventory = 2
[ 2024-08-06 16:00:35,504 ] 130 : Sold 2 shares at price 68,500 | Profit = -2,600 | Portfolio Value = 1,017,547.5 | Budget = 949,579.0 | inventory = 1
[ 2024-08-06 16:00:35,518 ] 131 : Bought 1 shares at price 67,600 | Portfolio Value = 1,018,079.0 | Budget = 881,945.2 | inventory = 2
[ 2024-08-06 16:00:35,532 ] 132 : Sold 1 shares at price 68,900 | Profit = -1,000 | Portfolio Value = 1,017,145.2 | Budget = 950,810.75 | inventory = 1
[ 2024-08-06 16:00:35,546 ] 133 : Bought 5 shares at price 68,000 | Portfolio Value = 1,019,710.75 | Budget = 610,640.75 | inventory = 2
[ 2024-08-06 16:00:35,560 ] 134 : Bought 6 shares at price 67,500 | Portfolio Value = 1,018,640.75 | Budget = 205,438.25 | inventory = 3
[ 2024-08-06 16:00:35,600 ] 137 : Bought 1 shares at price 66,700 | Portfolio Value = 1,009,438.25 | Budget = 138,704.9 | inventory = 4
[ 2024-08-06 16:00:35,614 ] 138 : Bought 1 shares at price 66,300 | Portfolio Value = 1,005,804.9 | Budget = 72,371.75 | inventory = 5
[ 2024-08-06 16:00:35,627 ] 139 : Sold 1 shares at price 66,600 | Profit = -1,000 | Portfolio Value = 1,000,571.75 | Budget = 138,938.45 | inventory = 4
[ 2024-08-06 16:00:35,640 ] 140 : Bought 1 shares at price 66,600 | Portfolio Value = 1,004,738.45 | Budget = 72,305.15 | inventory = 5
[ 2024-08-06 16:00:35,653 ] 141 : Sold 5 shares at price 67,100 | Profit = -4,500 | Portfolio Value = 1,004,705.15 | Budget = 407,637.4 | inventory = 4
[ 2024-08-06 16:00:35,665 ] 142 : Sold 6 shares at price 68,200 | Profit = 4,200 | Portfolio Value = 1,011,537.4 | Budget = 816,632.8 | inventory = 3
[ 2024-08-06 16:00:35,678 ] 143 : Sold 1 shares at price 67,100 | Profit = 400 | Portfolio Value = 1,021,232.8 | Budget = 883,699.25 | inventory = 2
[ 2024-08-06 16:00:35,704 ] 145 : Bought 10 shares at price 66,800 | Portfolio Value = 1,017,299.25 | Budget = 215,365.25 | inventory = 3
[ 2024-08-06 16:00:35,717 ] 146 : Bought 3 shares at price 67,100 | Portfolio Value = 1,016,965.25 | Budget = 13,964.6 | inventory = 4
[ 2024-08-06 16:00:35,743 ] 148 : Sold 1 shares at price 71,000 | Profit = 4,700 | Portfolio Value = 1,017,464.6 | Budget = 84,929.1 | inventory = 3
[ 2024-08-06 16:00:35,756 ] 149 : Sold 1 shares at price 71,200 | Profit = 4,600 | Portfolio Value = 1,078,929.1 | Budget = 156,093.5 | inventory = 2
[ 2024-08-06 16:00:35,770 ] 150 : Sold 10 shares at price 70,700 | Profit = 39,000 | Portfolio Value = 1,081,693.5 | Budget = 862,740.0 | inventory = 1
[ 2024-08-06 16:00:35,783 ] 151 : Sold 3 shares at price 70,000 | Profit = 8,700 | Portfolio Value = 1,074,840.0 | Budget = 1,072,635.0 | inventory = 0
[ 2024-08-06 16:00:35,848 ] 156 : Bought 12 shares at price 70,900 | Portfolio Value = 1,072,635.0 | Budget = 221,409.6 | inventory = 1
[ 2024-08-06 16:00:35,874 ] 158 : Sold 12 shares at price 72,000 | Profit = 13,200 | Portfolio Value = 1,081,809.6 | Budget = 1,084,977.6 | inventory = 0
[ 2024-08-06 16:00:35,912 ] 161 : Bought 8 shares at price 69,600 | Portfolio Value = 1,084,977.6 | Budget = 527,899.2 | inventory = 1
[ 2024-08-06 16:00:35,938 ] 163 : Bought 4 shares at price 68,800 | Portfolio Value = 1,079,099.2 | Budget = 252,561.6 | inventory = 2
[ 2024-08-06 16:00:35,951 ] 164 : Sold 8 shares at price 69,400 | Profit = -1,600 | Portfolio Value = 1,078,161.6 | Budget = 807,484.0 | inventory = 1
[ 2024-08-06 16:00:35,965 ] 165 : Sold 4 shares at price 68,600 | Profit = -800 | Portfolio Value = 1,085,084.0 | Budget = 1,081,746.8 | inventory = 0
[ 2024-08-06 16:00:35,992 ] 167 : Bought 2 shares at price 67,500 | Portfolio Value = 1,081,746.8 | Budget = 946,679.3 | inventory = 1
[ 2024-08-06 16:00:36,006 ] 168 : Bought 5 shares at price 66,700 | Portfolio Value = 1,081,679.3 | Budget = 613,012.55 | inventory = 2
[ 2024-08-06 16:00:36,020 ] 169 : Bought 1 shares at price 66,000 | Portfolio Value = 1,079,912.55 | Budget = 546,979.55 | inventory = 3
[ 2024-08-06 16:00:36,033 ] 170 : Sold 2 shares at price 66,400 | Profit = -2,200 | Portfolio Value = 1,074,979.55 | Budget = 679,713.15 | inventory = 2
[ 2024-08-06 16:00:36,059 ] 172 : Sold 5 shares at price 68,900 | Profit = 11,000 | Portfolio Value = 1,088,913.15 | Budget = 1,024,040.9 | inventory = 1
[ 2024-08-06 16:00:36,085 ] 174 : Sold 1 shares at price 67,300 | Profit = 1,300 | Portfolio Value = 1,092,040.9 | Budget = 1,091,307.25 | inventory = 0
[ 2024-08-06 16:00:36,098 ] 175 : Bought 4 shares at price 69,400 | Portfolio Value = 1,091,307.25 | Budget = 813,568.45 | inventory = 1
[ 2024-08-06 16:00:36,111 ] 176 : Sold 4 shares at price 70,500 | Profit = 4,400 | Portfolio Value = 1,091,168.45 | Budget = 1,095,427.45 | inventory = 0
[ 2024-08-06 16:00:36,124 ] 177 : Bought 14 shares at price 69,500 | Portfolio Value = 1,095,427.45 | Budget = 121,940.95 | inventory = 1
[ 2024-08-06 16:00:36,137 ] 178 : Sold 14 shares at price 68,800 | Profit = -9,800 | Portfolio Value = 1,094,940.95 | Budget = 1,084,659.35 | inventory = 0
[ 2024-08-06 16:00:36,151 ] 179 : Bought 13 shares at price 68,400 | Portfolio Value = 1,084,659.35 | Budget = 195,014.75 | inventory = 1
[ 2024-08-06 16:00:36,163 ] 180 : Sold 13 shares at price 68,500 | Profit = 1,300 | Portfolio Value = 1,084,214.75 | Budget = 1,085,069.5 | inventory = 0
[ 2024-08-06 16:00:36,177 ] 181 : Bought 11 shares at price 68,000 | Portfolio Value = 1,085,069.5 | Budget = 336,695.5 | inventory = 1
[ 2024-08-06 16:00:36,191 ] 182 : Sold 11 shares at price 66,700 | Profit = -14,300 | Portfolio Value = 1,084,695.5 | Budget = 1,070,028.65 | inventory = 0
[ 2024-08-06 16:00:36,231 ] 185 : Bought 15 shares at price 66,900 | Portfolio Value = 1,070,028.65 | Budget = 66,026.9 | inventory = 1
[ 2024-08-06 16:00:36,271 ] 188 : Sold 15 shares at price 69,600 | Profit = 40,500 | Portfolio Value = 1,111,526.9 | Budget = 1,109,504.9 | inventory = 0
[ 2024-08-06 16:00:36,298 ] 190 : Bought 7 shares at price 70,900 | Portfolio Value = 1,109,504.9 | Budget = 612,956.75 | inventory = 1
[ 2024-08-06 16:00:36,325 ] 192 : Bought 7 shares at price 70,300 | Portfolio Value = 1,102,256.75 | Budget = 120,610.7 | inventory = 2
[ 2024-08-06 16:00:36,339 ] 193 : Sold 7 shares at price 70,500 | Profit = -2,800 | Portfolio Value = 1,104,810.7 | Budget = 613,863.95 | inventory = 1
[ 2024-08-06 16:00:36,367 ] 195 : Sold 7 shares at price 70,800 | Profit = 3,500 | Portfolio Value = 1,106,663.95 | Budget = 1,109,216.15 | inventory = 0
[ 2024-08-06 16:00:36,381 ] 196 : Bought 7 shares at price 72,200 | Portfolio Value = 1,109,216.15 | Budget = 603,563.45 | inventory = 1
[ 2024-08-06 16:00:36,407 ] 198 : Sold 7 shares at price 72,500 | Profit = 2,100 | Portfolio Value = 1,113,163.45 | Budget = 1,110,809.7 | inventory = 0
[ 2024-08-06 16:00:36,434 ] 200 : Bought 13 shares at price 72,800 | Portfolio Value = 1,110,809.7 | Budget = 163,936.5 | inventory = 1
[ 2024-08-06 16:00:36,446 ] 201 : Bought 2 shares at price 72,800 | Portfolio Value = 1,110,336.5 | Budget = 18,263.7 | inventory = 2
[ 2024-08-06 16:00:36,459 ] 202 : Sold 13 shares at price 72,400 | Profit = -5,200 | Portfolio Value = 1,110,263.7 | Budget = 958,993.1 | inventory = 1
[ 2024-08-06 16:00:36,486 ] 204 : Sold 2 shares at price 71,300 | Profit = -3,000 | Portfolio Value = 1,102,393.1 | Budget = 1,101,521.8 | inventory = 0
[ 2024-08-06 16:00:36,512 ] 206 : Bought 9 shares at price 72,700 | Portfolio Value = 1,101,521.8 | Budget = 446,894.65 | inventory = 1
[ 2024-08-06 16:00:36,538 ] 208 : Sold 9 shares at price 72,000 | Profit = -6,300 | Portfolio Value = 1,102,094.65 | Budget = 1,094,570.65 | inventory = 0
[ 2024-08-06 16:00:36,648 ] 216 : Bought 11 shares at price 72,800 | Portfolio Value = 1,094,570.65 | Budget = 293,370.25 | inventory = 1
[ 2024-08-06 16:00:36,674 ] 218 : Bought 2 shares at price 73,300 | Portfolio Value = 1,097,470.25 | Budget = 146,696.95 | inventory = 2
[ 2024-08-06 16:00:36,688 ] 219 : Sold 11 shares at price 72,900 | Profit = 1,100 | Portfolio Value = 1,099,596.95 | Budget = 948,196.0 | inventory = 1
[ 2024-08-06 16:00:36,714 ] 221 : Sold 2 shares at price 74,800 | Profit = 3,000 | Portfolio Value = 1,094,996.0 | Budget = 1,097,721.2 | inventory = 0
[ 2024-08-06 16:00:36,727 ] 222 : Bought 13 shares at price 75,000 | Portfolio Value = 1,097,721.2 | Budget = 122,233.7 | inventory = 1
[ 2024-08-06 16:00:36,741 ] 223 : Bought 1 shares at price 75,900 | Portfolio Value = 1,097,233.7 | Budget = 46,295.75 | inventory = 2
[ 2024-08-06 16:00:36,755 ] 224 : Sold 13 shares at price 76,600 | Profit = 20,800 | Portfolio Value = 1,108,895.75 | Budget = 1,041,597.85 | inventory = 1
[ 2024-08-06 16:00:36,768 ] 225 : Bought 3 shares at price 78,000 | Portfolio Value = 1,118,197.85 | Budget = 807,480.85 | inventory = 2
[ 2024-08-06 16:00:36,781 ] 226 : Sold 1 shares at price 78,500 | Profit = 2,600 | Portfolio Value = 1,119,480.85 | Budget = 885,941.6 | inventory = 1
[ 2024-08-06 16:00:36,781 ] Evaluation at Episode 1: Average Reward: 133,137.39 Average Profit: 133,120, Profit Rate: 13.31%
[ 2024-08-06 16:00:36,781 ] ----------------------------------------------------------------------------------------------------
[ 2024-08-06 16:00:36,782 ] Starting Episode 2
[ 2024-08-06 16:00:36,836 ] 4 : Bought 13 shares at price 63,800 | Portfolio Value = 1,000,000.0 | Budget = 170,185.3 | inventory = 1
[ 2024-08-06 16:00:36,848 ] 5 : Sold 13 shares at price 61,600 | Profit = -28,600 | Portfolio Value = 999,585.3 | Budget = 970,584.9 | inventory = 0
[ 2024-08-06 16:00:36,874 ] 7 : Bought 6 shares at price 63,100 | Portfolio Value = 970,584.9 | Budget = 591,795.6 | inventory = 1
[ 2024-08-06 16:00:36,887 ] 8 : Bought 4 shares at price 63,000 | Portfolio Value = 970,395.6 | Budget = 339,669.6 | inventory = 2
[ 2024-08-06 16:00:36,901 ] 9 : Sold 6 shares at price 62,800 | Profit = -1,800 | Portfolio Value = 969,669.6 | Budget = 716,281.2 | inventory = 1
[ 2024-08-06 16:00:36,928 ] 11 : Bought 6 shares at price 63,200 | Portfolio Value = 967,881.2 | Budget = 336,891.6 | inventory = 2
[ 2024-08-06 16:00:36,941 ] 12 : Sold 4 shares at price 62,200 | Profit = -3,200 | Portfolio Value = 968,891.6 | Budget = 585,567.2 | inventory = 1
[ 2024-08-06 16:00:36,955 ] 13 : Bought 1 shares at price 63,700 | Portfolio Value = 958,767.2 | Budget = 521,835.35 | inventory = 2
[ 2024-08-06 16:00:36,981 ] 15 : Sold 6 shares at price 62,700 | Profit = -3,000 | Portfolio Value = 960,035.35 | Budget = 897,847.25 | inventory = 1
[ 2024-08-06 16:00:36,996 ] 16 : Bought 6 shares at price 62,100 | Portfolio Value = 960,547.25 | Budget = 525,060.95 | inventory = 2
[ 2024-08-06 16:00:37,011 ] 17 : Sold 1 shares at price 61,100 | Profit = -2,600 | Portfolio Value = 959,760.95 | Budget = 586,130.4 | inventory = 1
[ 2024-08-06 16:00:37,024 ] 18 : Sold 6 shares at price 62,000 | Profit = -600 | Portfolio Value = 952,730.4 | Budget = 957,944.4 | inventory = 0
[ 2024-08-06 16:00:37,067 ] 21 : Bought 15 shares at price 60,600 | Portfolio Value = 957,944.4 | Budget = 48,489.9 | inventory = 1
[ 2024-08-06 16:00:37,143 ] 27 : Sold 15 shares at price 60,100 | Profit = -7,500 | Portfolio Value = 952,989.9 | Budget = 949,539.15 | inventory = 0
[ 2024-08-06 16:02:05,027 ] Starting Episode 1
[ 2024-08-06 16:02:05,278 ] 4 : Bought 5 shares at price 63,800 | Portfolio Value = 1,000,000.0 | Budget = 680,840.5 | inventory = 1
[ 2024-08-06 16:02:05,296 ] 5 : Bought 1 shares at price 61,600 | Portfolio Value = 999,840.5 | Budget = 619,209.7 | inventory = 2
[ 2024-08-06 16:02:05,343 ] 8 : Bought 6 shares at price 63,000 | Portfolio Value = 997,809.7 | Budget = 241,020.7 | inventory = 3
[ 2024-08-06 16:02:05,366 ] 9 : Bought 1 shares at price 62,800 | Portfolio Value = 997,020.7 | Budget = 178,189.3 | inventory = 4
[ 2024-08-06 16:02:05,389 ] 10 : Bought 1 shares at price 62,900 | Portfolio Value = 994,589.3 | Budget = 115,257.85 | inventory = 5
[ 2024-08-06 16:02:05,448 ] 12 : Sold 5 shares at price 62,200 | Profit = -8,000 | Portfolio Value = 1,000,057.85 | Budget = 426,102.35 | inventory = 4
[ 2024-08-06 16:02:05,471 ] 13 : Bought 2 shares at price 63,700 | Portfolio Value = 985,902.35 | Budget = 298,638.65 | inventory = 5
[ 2024-08-06 16:02:05,592 ] 18 : Bought 1 shares at price 62,000 | Portfolio Value = 970,738.65 | Budget = 236,607.65 | inventory = 6
[ 2024-08-06 16:02:05,649 ] 21 : Bought 3 shares at price 60,600 | Portfolio Value = 962,607.65 | Budget = 54,716.75 | inventory = 7
[ 2024-08-06 16:02:05,858 ] 29 : Sold 1 shares at price 60,000 | Profit = -1,600 | Portfolio Value = 947,216.75 | Budget = 114,686.75 | inventory = 6
[ 2024-08-06 16:02:05,888 ] 31 : Sold 6 shares at price 59,800 | Profit = -19,200 | Portfolio Value = 940,686.75 | Budget = 473,307.35 | inventory = 5
[ 2024-08-06 16:02:05,966 ] 34 : Sold 1 shares at price 60,200 | Profit = -2,600 | Portfolio Value = 963,707.35 | Budget = 533,477.25 | inventory = 4
[ 2024-08-06 16:02:05,983 ] 35 : Bought 4 shares at price 60,300 | Portfolio Value = 954,877.25 | Budget = 292,156.65 | inventory = 5
[ 2024-08-06 16:02:06,008 ] 36 : Sold 1 shares at price 61,100 | Profit = -1,800 | Portfolio Value = 955,456.65 | Budget = 353,226.1 | inventory = 4
[ 2024-08-06 16:02:06,023 ] 37 : Bought 4 shares at price 62,300 | Portfolio Value = 964,226.1 | Budget = 103,901.5 | inventory = 5
[ 2024-08-06 16:02:06,097 ] 42 : Bought 1 shares at price 63,200 | Portfolio Value = 981,701.5 | Budget = 40,669.9 | inventory = 6
[ 2024-08-06 16:02:06,133 ] 44 : Sold 2 shares at price 63,100 | Profit = -1,200 | Portfolio Value = 1,000,669.9 | Budget = 166,806.8 | inventory = 5
[ 2024-08-06 16:02:06,170 ] 46 : Bought 1 shares at price 63,900 | Portfolio Value = 993,606.8 | Budget = 102,874.85 | inventory = 6
[ 2024-08-06 16:02:06,241 ] 51 : Sold 1 shares at price 66,000 | Profit = 4,000 | Portfolio Value = 1,025,474.85 | Budget = 168,841.85 | inventory = 5
[ 2024-08-06 16:02:06,277 ] 53 : Bought 1 shares at price 65,100 | Portfolio Value = 1,028,141.85 | Budget = 103,709.3 | inventory = 6
[ 2024-08-06 16:02:06,292 ] 54 : Sold 3 shares at price 65,300 | Profit = 14,100 | Portfolio Value = 1,015,109.3 | Budget = 299,511.35 | inventory = 5
[ 2024-08-06 16:02:06,319 ] 56 : Bought 2 shares at price 65,500 | Portfolio Value = 1,021,111.35 | Budget = 168,445.85 | inventory = 6
[ 2024-08-06 16:02:06,429 ] 64 : Bought 1 shares at price 65,700 | Portfolio Value = 1,019,945.85 | Budget = 102,713.0 | inventory = 7
[ 2024-08-06 16:02:06,518 ] 68 : Bought 1 shares at price 65,300 | Portfolio Value = 1,025,313.0 | Budget = 37,380.35 | inventory = 8
[ 2024-08-06 16:02:06,548 ] 70 : Sold 4 shares at price 64,200 | Profit = 15,600 | Portfolio Value = 1,006,380.35 | Budget = 294,051.95 | inventory = 7
[ 2024-08-06 16:02:06,562 ] 71 : Sold 4 shares at price 64,100 | Profit = 7,200 | Portfolio Value = 1,000,251.95 | Budget = 550,323.75 | inventory = 6
[ 2024-08-06 16:02:06,603 ] 74 : Sold 1 shares at price 65,000 | Profit = 1,800 | Portfolio Value = 1,008,123.75 | Budget = 615,291.25 | inventory = 5
[ 2024-08-06 16:02:06,616 ] 75 : Sold 1 shares at price 66,200 | Profit = 2,300 | Portfolio Value = 1,005,291.25 | Budget = 681,458.15 | inventory = 4
[ 2024-08-06 16:02:06,631 ] 76 : Bought 4 shares at price 68,400 | Portfolio Value = 1,012,458.15 | Budget = 407,721.35 | inventory = 5
[ 2024-08-06 16:02:06,644 ] 77 : Bought 3 shares at price 68,500 | Portfolio Value = 1,023,321.35 | Budget = 202,118.6 | inventory = 6
[ 2024-08-06 16:02:06,700 ] 81 : Bought 2 shares at price 70,300 | Portfolio Value = 1,027,718.6 | Budget = 61,448.3 | inventory = 7
[ 2024-08-06 16:02:06,833 ] 90 : Sold 1 shares at price 71,000 | Profit = 5,900 | Portfolio Value = 1,069,448.3 | Budget = 132,412.8 | inventory = 6
[ 2024-08-06 16:02:06,985 ] 97 : Bought 1 shares at price 70,500 | Portfolio Value = 1,060,612.8 | Budget = 61,877.55 | inventory = 7
[ 2024-08-06 16:02:07,396 ] 119 : Sold 2 shares at price 70,300 | Profit = 9,600 | Portfolio Value = 1,055,877.55 | Budget = 202,407.25 | inventory = 6
[ 2024-08-06 16:02:07,409 ] 120 : Sold 1 shares at price 70,400 | Profit = 4,700 | Portfolio Value = 1,046,007.25 | Budget = 272,772.05 | inventory = 5
[ 2024-08-06 16:02:07,422 ] 121 : Sold 1 shares at price 70,000 | Profit = 4,700 | Portfolio Value = 1,047,172.05 | Budget = 342,737.05 | inventory = 4
[ 2024-08-06 16:02:07,436 ] 122 : Sold 4 shares at price 69,800 | Profit = 5,600 | Portfolio Value = 1,042,737.05 | Budget = 621,797.45 | inventory = 3
[ 2024-08-06 16:02:07,449 ] 123 : Bought 8 shares at price 71,700 | Portfolio Value = 1,040,597.45 | Budget = 47,910.65 | inventory = 4
[ 2024-08-06 16:02:07,605 ] 135 : Sold 3 shares at price 67,300 | Profit = -3,600 | Portfolio Value = 992,910.65 | Budget = 249,709.7 | inventory = 3
[ 2024-08-06 16:02:07,619 ] 136 : Bought 1 shares at price 67,000 | Portfolio Value = 990,009.7 | Budget = 182,676.2 | inventory = 4
[ 2024-08-06 16:02:07,636 ] 137 : Bought 2 shares at price 66,700 | Portfolio Value = 986,676.2 | Budget = 49,209.5 | inventory = 5
[ 2024-08-06 16:02:07,685 ] 140 : Sold 2 shares at price 66,600 | Profit = -7,400 | Portfolio Value = 981,609.5 | Budget = 182,342.9 | inventory = 4
[ 2024-08-06 16:02:07,698 ] 141 : Sold 1 shares at price 67,100 | Profit = -3,400 | Portfolio Value = 981,542.9 | Budget = 249,409.35 | inventory = 3
[ 2024-08-06 16:02:07,726 ] 143 : Bought 1 shares at price 67,100 | Portfolio Value = 999,609.35 | Budget = 182,275.8 | inventory = 4
[ 2024-08-06 16:02:07,792 ] 147 : Bought 2 shares at price 66,900 | Portfolio Value = 987,475.8 | Budget = 48,408.9 | inventory = 5
[ 2024-08-06 16:02:07,902 ] 155 : Sold 8 shares at price 70,500 | Profit = -9,600 | Portfolio Value = 1,039,608.9 | Budget = 612,126.9 | inventory = 4
[ 2024-08-06 16:02:07,928 ] 157 : Bought 7 shares at price 71,700 | Portfolio Value = 1,037,526.9 | Budget = 109,975.95 | inventory = 5
[ 2024-08-06 16:02:07,941 ] 158 : Sold 1 shares at price 72,000 | Profit = 5,000 | Portfolio Value = 1,042,075.95 | Budget = 181,939.95 | inventory = 4
[ 2024-08-06 16:02:07,968 ] 160 : Sold 2 shares at price 69,800 | Profit = 6,200 | Portfolio Value = 1,024,339.95 | Budget = 321,470.15 | inventory = 3
[ 2024-08-06 16:02:07,994 ] 162 : Bought 1 shares at price 68,900 | Portfolio Value = 1,017,470.15 | Budget = 252,535.7 | inventory = 4
[ 2024-08-06 16:02:08,008 ] 163 : Bought 2 shares at price 68,800 | Portfolio Value = 1,010,435.7 | Budget = 114,866.9 | inventory = 5
[ 2024-08-06 16:02:08,021 ] 164 : Bought 1 shares at price 69,400 | Portfolio Value = 1,009,266.9 | Budget = 45,432.2 | inventory = 6
[ 2024-08-06 16:02:08,048 ] 166 : Sold 1 shares at price 68,400 | Profit = 1,300 | Portfolio Value = 1,005,832.2 | Budget = 113,798.0 | inventory = 5
[ 2024-08-06 16:02:08,061 ] 167 : Bought 1 shares at price 67,500 | Portfolio Value = 1,002,998.0 | Budget = 46,264.25 | inventory = 6
[ 2024-08-06 16:02:08,225 ] 179 : Sold 2 shares at price 68,400 | Profit = 3,000 | Portfolio Value = 1,009,464.25 | Budget = 182,995.85 | inventory = 5
[ 2024-08-06 16:02:08,277 ] 183 : Sold 7 shares at price 67,300 | Profit = -30,800 | Portfolio Value = 983,395.85 | Budget = 653,860.3 | inventory = 4
[ 2024-08-06 16:02:08,289 ] 184 : Bought 7 shares at price 67,300 | Portfolio Value = 990,360.3 | Budget = 182,524.75 | inventory = 5
[ 2024-08-06 16:02:08,302 ] 185 : Bought 2 shares at price 66,900 | Portfolio Value = 990,124.75 | Budget = 48,657.85 | inventory = 6
[ 2024-08-06 16:02:08,549 ] 204 : Sold 1 shares at price 71,300 | Profit = 2,400 | Portfolio Value = 1,052,457.85 | Budget = 119,922.2 | inventory = 5
[ 2024-08-06 16:02:08,562 ] 205 : Bought 1 shares at price 72,700 | Portfolio Value = 1,046,822.2 | Budget = 47,185.85 | inventory = 6
[ 2024-08-06 16:02:08,782 ] 222 : Sold 2 shares at price 75,000 | Profit = 12,400 | Portfolio Value = 1,094,385.85 | Budget = 197,110.85 | inventory = 5
[ 2024-08-06 16:02:08,823 ] 225 : Bought 2 shares at price 78,000 | Portfolio Value = 1,116,310.85 | Budget = 41,032.85 | inventory = 6
[ 2024-08-06 16:02:08,836 ] Episode: 1, Total Reward: 16,614.74, Total Profit: 16,600, Profit Rate: 1.66%
[ 2024-08-06 16:02:08,836 ] ----------------------------------------------------------------------------------------------------
[ 2024-08-06 16:02:08,877 ] 3 : Bought 5 shares at price 63,500 | Portfolio Value = 1,000,000.0 | Budget = 682,341.25 | inventory = 1
[ 2024-08-06 16:02:08,903 ] 5 : Bought 2 shares at price 61,600 | Portfolio Value = 1,001,341.25 | Budget = 559,079.65 | inventory = 2
[ 2024-08-06 16:02:08,970 ] 10 : Sold 5 shares at price 62,900 | Profit = -3,000 | Portfolio Value = 998,679.65 | Budget = 873,422.4 | inventory = 1
[ 2024-08-06 16:02:09,025 ] 14 : Sold 2 shares at price 62,600 | Profit = 2,000 | Portfolio Value = 1,000,822.4 | Budget = 998,559.8 | inventory = 0
[ 2024-08-06 16:02:09,039 ] 15 : Bought 6 shares at price 62,700 | Portfolio Value = 998,559.8 | Budget = 622,171.7 | inventory = 1
[ 2024-08-06 16:02:09,053 ] 16 : Sold 6 shares at price 62,100 | Profit = -3,600 | Portfolio Value = 998,371.7 | Budget = 994,585.4 | inventory = 0
[ 2024-08-06 16:02:09,089 ] 18 : Bought 2 shares at price 62,000 | Portfolio Value = 994,585.4 | Budget = 870,523.4 | inventory = 1
[ 2024-08-06 16:02:09,116 ] 20 : Bought 4 shares at price 60,500 | Portfolio Value = 993,123.4 | Budget = 628,402.4 | inventory = 2
[ 2024-08-06 16:02:09,144 ] 22 : Sold 2 shares at price 60,800 | Profit = -2,400 | Portfolio Value = 992,002.4 | Budget = 749,941.6 | inventory = 1
[ 2024-08-06 16:02:09,157 ] 23 : Sold 4 shares at price 60,500 | Profit = 0 | Portfolio Value = 993,141.6 | Budget = 991,820.6 | inventory = 0
[ 2024-08-06 16:02:09,170 ] 24 : Bought 11 shares at price 61,500 | Portfolio Value = 991,820.6 | Budget = 314,982.35 | inventory = 1
[ 2024-08-06 16:02:09,184 ] 25 : Bought 4 shares at price 60,700 | Portfolio Value = 991,482.35 | Budget = 72,060.95 | inventory = 2
[ 2024-08-06 16:02:09,198 ] 26 : Bought 1 shares at price 60,300 | Portfolio Value = 982,560.95 | Budget = 11,730.8 | inventory = 3
[ 2024-08-06 16:02:09,213 ] 27 : Sold 11 shares at price 60,100 | Profit = -15,400 | Portfolio Value = 976,530.8 | Budget = 672,500.25 | inventory = 2
[ 2024-08-06 16:02:09,226 ] 28 : Bought 3 shares at price 59,500 | Portfolio Value = 973,000.25 | Budget = 493,911.0 | inventory = 3
[ 2024-08-06 16:02:09,255 ] 30 : Bought 1 shares at price 59,000 | Portfolio Value = 973,911.0 | Budget = 434,881.5 | inventory = 4
[ 2024-08-06 16:02:09,270 ] 31 : Sold 4 shares at price 59,800 | Profit = -3,600 | Portfolio Value = 965,881.5 | Budget = 673,961.9 | inventory = 3
[ 2024-08-06 16:02:09,284 ] 32 : Bought 9 shares at price 59,900 | Portfolio Value = 972,961.9 | Budget = 134,592.35 | inventory = 4
[ 2024-08-06 16:02:09,298 ] 33 : Bought 2 shares at price 61,300 | Portfolio Value = 973,192.35 | Budget = 11,931.05 | inventory = 5
[ 2024-08-06 16:02:09,324 ] 35 : Sold 1 shares at price 60,300 | Profit = 0 | Portfolio Value = 975,131.05 | Budget = 72,200.9 | inventory = 4
[ 2024-08-06 16:02:09,337 ] 36 : Sold 3 shares at price 61,100 | Profit = 4,800 | Portfolio Value = 976,700.9 | Budget = 255,409.25 | inventory = 3
[ 2024-08-06 16:02:09,376 ] 39 : Sold 1 shares at price 62,100 | Profit = 3,100 | Portfolio Value = 1,011,409.25 | Budget = 317,478.2 | inventory = 2
[ 2024-08-06 16:02:09,403 ] 41 : Bought 4 shares at price 62,700 | Portfolio Value = 1,009,378.2 | Budget = 66,552.8 | inventory = 3
[ 2024-08-06 16:02:09,455 ] 45 : Sold 9 shares at price 63,600 | Profit = 33,300 | Portfolio Value = 1,013,052.8 | Budget = 638,666.6 | inventory = 2
[ 2024-08-06 16:02:09,468 ] 46 : Sold 2 shares at price 63,900 | Profit = 5,200 | Portfolio Value = 1,020,266.6 | Budget = 766,402.7 | inventory = 1
[ 2024-08-06 16:02:09,494 ] 48 : Sold 4 shares at price 65,000 | Profit = 9,200 | Portfolio Value = 1,015,602.7 | Budget = 1,026,272.7 | inventory = 0
[ 2024-08-06 16:02:09,509 ] 49 : Bought 10 shares at price 65,700 | Portfolio Value = 1,026,272.7 | Budget = 368,944.2 | inventory = 1
[ 2024-08-06 16:02:09,564 ] 53 : Bought 4 shares at price 65,100 | Portfolio Value = 1,029,944.2 | Budget = 108,414.0 | inventory = 2
[ 2024-08-06 16:02:09,578 ] 54 : Bought 1 shares at price 65,300 | Portfolio Value = 1,019,814.0 | Budget = 43,081.35 | inventory = 3
[ 2024-08-06 16:02:09,603 ] 56 : Sold 10 shares at price 65,500 | Profit = -2,000 | Portfolio Value = 1,027,081.35 | Budget = 697,753.85 | inventory = 2
[ 2024-08-06 16:02:09,617 ] 57 : Bought 9 shares at price 65,300 | Portfolio Value = 1,025,253.85 | Budget = 109,760.0 | inventory = 3
[ 2024-08-06 16:02:09,682 ] 62 : Sold 4 shares at price 64,600 | Profit = -2,000 | Portfolio Value = 1,007,160.0 | Budget = 368,030.8 | inventory = 2
[ 2024-08-06 16:02:09,708 ] 64 : Bought 1 shares at price 65,700 | Portfolio Value = 1,023,030.8 | Budget = 302,297.95 | inventory = 3
[ 2024-08-06 16:02:09,798 ] 71 : Bought 1 shares at price 64,100 | Portfolio Value = 1,008,497.95 | Budget = 238,165.9 | inventory = 4
[ 2024-08-06 16:02:09,827 ] 73 : Bought 2 shares at price 65,400 | Portfolio Value = 1,012,165.9 | Budget = 107,300.5 | inventory = 5
[ 2024-08-06 16:02:09,867 ] 76 : Bought 1 shares at price 68,400 | Portfolio Value = 1,034,100.5 | Budget = 38,866.3 | inventory = 6
[ 2024-08-06 16:02:09,944 ] 82 : Sold 1 shares at price 72,300 | Profit = 7,000 | Portfolio Value = 1,093,366.3 | Budget = 111,130.15 | inventory = 5
[ 2024-08-06 16:02:09,957 ] 83 : Bought 1 shares at price 71,400 | Portfolio Value = 1,123,330.15 | Budget = 39,694.45 | inventory = 6
[ 2024-08-06 16:02:10,024 ] 88 : Sold 9 shares at price 70,900 | Profit = 50,400 | Portfolio Value = 1,104,694.45 | Budget = 677,475.4 | inventory = 5
[ 2024-08-06 16:02:10,037 ] 89 : Sold 1 shares at price 72,000 | Profit = 6,300 | Portfolio Value = 1,102,875.4 | Budget = 749,439.4 | inventory = 4
[ 2024-08-06 16:02:10,050 ] 90 : Bought 9 shares at price 71,000 | Portfolio Value = 1,109,439.4 | Budget = 110,119.9 | inventory = 5
[ 2024-08-06 16:02:10,063 ] 91 : Bought 1 shares at price 72,000 | Portfolio Value = 1,104,119.9 | Budget = 38,083.9 | inventory = 6
[ 2024-08-06 16:02:10,168 ] 99 : Sold 1 shares at price 71,600 | Profit = 7,500 | Portfolio Value = 1,107,583.9 | Budget = 109,648.1 | inventory = 5
[ 2024-08-06 16:02:10,181 ] 100 : Bought 1 shares at price 72,400 | Portfolio Value = 1,112,048.1 | Budget = 37,211.9 | inventory = 6
[ 2024-08-06 16:02:10,356 ] 113 : Sold 2 shares at price 71,900 | Profit = 13,000 | Portfolio Value = 1,115,711.9 | Budget = 180,940.0 | inventory = 5
[ 2024-08-06 16:02:10,396 ] 116 : Sold 1 shares at price 72,000 | Profit = 3,600 | Portfolio Value = 1,133,840.0 | Budget = 252,904.0 | inventory = 4
[ 2024-08-06 16:02:10,409 ] 117 : Bought 3 shares at price 71,700 | Portfolio Value = 1,116,904.0 | Budget = 37,696.45 | inventory = 5
[ 2024-08-06 16:02:10,662 ] 136 : Sold 1 shares at price 67,000 | Profit = -4,400 | Portfolio Value = 1,047,196.45 | Budget = 104,662.95 | inventory = 4
[ 2024-08-06 16:02:10,676 ] 137 : Bought 1 shares at price 66,700 | Portfolio Value = 1,042,662.95 | Budget = 37,929.6 | inventory = 5
[ 2024-08-06 16:02:10,729 ] 141 : Sold 9 shares at price 67,100 | Profit = -35,100 | Portfolio Value = 1,036,929.6 | Budget = 641,527.65 | inventory = 4
[ 2024-08-06 16:02:10,742 ] 142 : Bought 6 shares at price 68,200 | Portfolio Value = 1,044,127.65 | Budget = 232,123.05 | inventory = 5
[ 2024-08-06 16:02:10,860 ] 151 : Bought 1 shares at price 70,000 | Portfolio Value = 1,080,523.05 | Budget = 162,088.05 | inventory = 6
[ 2024-08-06 16:02:10,887 ] 153 : Bought 2 shares at price 70,300 | Portfolio Value = 1,077,288.05 | Budget = 21,417.75 | inventory = 7
[ 2024-08-06 16:02:10,900 ] 154 : Sold 1 shares at price 70,800 | Profit = -1,200 | Portfolio Value = 1,075,917.75 | Budget = 92,182.35 | inventory = 6
[ 2024-08-06 16:02:10,927 ] 156 : Bought 1 shares at price 70,900 | Portfolio Value = 1,079,182.35 | Budget = 21,246.9 | inventory = 7
[ 2024-08-06 16:02:10,977 ] 160 : Sold 1 shares at price 69,800 | Profit = -2,600 | Portfolio Value = 1,074,246.9 | Budget = 91,012.0 | inventory = 6
[ 2024-08-06 16:02:11,016 ] 163 : Sold 3 shares at price 68,800 | Profit = -8,700 | Portfolio Value = 1,055,612.0 | Budget = 297,308.8 | inventory = 5
[ 2024-08-06 16:02:11,043 ] 165 : Sold 1 shares at price 68,600 | Profit = 1,900 | Portfolio Value = 1,060,708.8 | Budget = 365,874.5 | inventory = 4
[ 2024-08-06 16:02:11,056 ] 166 : Bought 2 shares at price 68,400 | Portfolio Value = 1,051,874.5 | Budget = 229,006.1 | inventory = 5
[ 2024-08-06 16:02:11,069 ] 167 : Bought 1 shares at price 67,500 | Portfolio Value = 1,049,806.1 | Budget = 161,472.35 | inventory = 6
[ 2024-08-06 16:02:11,083 ] 168 : Bought 1 shares at price 66,700 | Portfolio Value = 1,038,972.35 | Budget = 94,739.0 | inventory = 7
[ 2024-08-06 16:02:11,109 ] 170 : Sold 6 shares at price 66,400 | Profit = -10,800 | Portfolio Value = 1,018,739.0 | Budget = 492,939.8 | inventory = 6
[ 2024-08-06 16:02:11,122 ] 171 : Bought 7 shares at price 68,200 | Portfolio Value = 1,024,139.8 | Budget = 15,301.1 | inventory = 7
[ 2024-08-06 16:02:11,149 ] 173 : Sold 1 shares at price 68,000 | Profit = -2,000 | Portfolio Value = 1,048,801.1 | Budget = 83,267.1 | inventory = 6
[ 2024-08-06 16:02:11,163 ] 174 : Sold 2 shares at price 67,300 | Profit = -6,000 | Portfolio Value = 1,035,267.1 | Budget = 217,799.8 | inventory = 5
[ 2024-08-06 16:02:11,189 ] 176 : Sold 1 shares at price 70,500 | Profit = -400 | Portfolio Value = 1,050,599.8 | Budget = 288,264.55 | inventory = 4
[ 2024-08-06 16:02:11,203 ] 177 : Sold 2 shares at price 69,500 | Profit = 2,200 | Portfolio Value = 1,063,764.55 | Budget = 427,195.05 | inventory = 3
[ 2024-08-06 16:02:11,243 ] 180 : Sold 1 shares at price 68,500 | Profit = 1,000 | Portfolio Value = 1,042,795.05 | Budget = 495,660.8 | inventory = 2
[ 2024-08-06 16:02:11,256 ] 181 : Sold 1 shares at price 68,000 | Profit = 1,300 | Portfolio Value = 1,043,660.8 | Budget = 563,626.8 | inventory = 1
[ 2024-08-06 16:02:11,283 ] 183 : Bought 3 shares at price 67,300 | Portfolio Value = 1,030,526.8 | Budget = 361,625.85 | inventory = 2
[ 2024-08-06 16:02:11,339 ] 186 : Sold 7 shares at price 68,600 | Profit = 2,800 | Portfolio Value = 1,030,625.85 | Budget = 841,585.75 | inventory = 1
[ 2024-08-06 16:02:11,361 ] 187 : Bought 5 shares at price 69,700 | Portfolio Value = 1,047,385.75 | Budget = 492,911.5 | inventory = 2
[ 2024-08-06 16:02:11,389 ] 189 : Bought 4 shares at price 70,900 | Portfolio Value = 1,049,711.5 | Budget = 209,169.7 | inventory = 3
[ 2024-08-06 16:02:11,414 ] 191 : Bought 2 shares at price 69,900 | Portfolio Value = 1,059,969.7 | Budget = 69,299.8 | inventory = 4
[ 2024-08-06 16:02:11,479 ] 196 : Sold 3 shares at price 72,200 | Profit = 14,700 | Portfolio Value = 1,060,499.8 | Budget = 285,791.5 | inventory = 3
[ 2024-08-06 16:02:11,548 ] 201 : Bought 3 shares at price 72,800 | Portfolio Value = 1,086,591.5 | Budget = 67,282.3 | inventory = 4
[ 2024-08-06 16:02:11,709 ] 213 : Sold 5 shares at price 72,600 | Profit = 14,500 | Portfolio Value = 1,068,282.3 | Budget = 430,100.8 | inventory = 3
[ 2024-08-06 16:02:11,748 ] 216 : Sold 4 shares at price 72,800 | Profit = 7,600 | Portfolio Value = 1,091,600.8 | Budget = 721,155.2 | inventory = 2
[ 2024-08-06 16:02:11,761 ] 217 : Bought 1 shares at price 73,100 | Portfolio Value = 1,085,155.2 | Budget = 648,018.65 | inventory = 3
[ 2024-08-06 16:02:11,773 ] 218 : Bought 4 shares at price 73,300 | Portfolio Value = 1,086,618.65 | Budget = 354,672.05 | inventory = 4
[ 2024-08-06 16:02:11,786 ] 219 : Sold 2 shares at price 72,900 | Profit = 6,000 | Portfolio Value = 1,087,672.05 | Budget = 500,399.15 | inventory = 3
[ 2024-08-06 16:02:11,799 ] 220 : Sold 3 shares at price 73,400 | Profit = 1,800 | Portfolio Value = 1,083,599.15 | Budget = 720,489.05 | inventory = 2
[ 2024-08-06 16:02:11,812 ] 221 : Sold 1 shares at price 74,800 | Profit = 1,700 | Portfolio Value = 1,087,489.05 | Budget = 795,251.65 | inventory = 1
[ 2024-08-06 16:02:11,863 ] 225 : Sold 4 shares at price 78,000 | Profit = 18,800 | Portfolio Value = 1,101,651.65 | Budget = 1,107,095.65 | inventory = 0
[ 2024-08-06 16:02:11,903 ] 2 : Bought 3 shares at price 61,800 | Portfolio Value = 1,000,000.0 | Budget = 814,507.3 | inventory = 1
[ 2024-08-06 16:02:11,929 ] 4 : Bought 5 shares at price 63,800 | Portfolio Value = 1,005,007.3 | Budget = 495,347.8 | inventory = 2
[ 2024-08-06 16:02:11,955 ] 6 : Bought 3 shares at price 61,900 | Portfolio Value = 988,147.8 | Budget = 309,554.95 | inventory = 3
[ 2024-08-06 16:02:11,981 ] 8 : Bought 3 shares at price 63,000 | Portfolio Value = 1,003,654.95 | Budget = 120,460.45 | inventory = 4
[ 2024-08-06 16:02:11,994 ] 9 : Bought 1 shares at price 62,800 | Portfolio Value = 1,002,460.45 | Budget = 57,629.05 | inventory = 5
[ 2024-08-06 16:02:12,007 ] 10 : Sold 3 shares at price 62,900 | Profit = 3,300 | Portfolio Value = 999,629.05 | Budget = 246,234.7 | inventory = 4
[ 2024-08-06 16:02:12,020 ] 11 : Sold 5 shares at price 63,200 | Profit = -3,000 | Portfolio Value = 1,001,034.7 | Budget = 562,076.7 | inventory = 3
[ 2024-08-06 16:02:12,045 ] 13 : Sold 3 shares at price 63,700 | Profit = 5,400 | Portfolio Value = 997,476.7 | Budget = 753,081.15 | inventory = 2
[ 2024-08-06 16:02:12,071 ] 15 : Bought 9 shares at price 62,700 | Portfolio Value = 1,003,481.15 | Budget = 188,499.0 | inventory = 3
[ 2024-08-06 16:02:12,083 ] 16 : Bought 1 shares at price 62,100 | Portfolio Value = 1,003,599.0 | Budget = 126,367.95 | inventory = 4
[ 2024-08-06 16:02:12,096 ] 17 : Bought 1 shares at price 61,100 | Portfolio Value = 995,767.95 | Budget = 65,237.4 | inventory = 5
[ 2024-08-06 16:02:12,109 ] 18 : Bought 1 shares at price 62,000 | Portfolio Value = 981,737.4 | Budget = 3,206.4 | inventory = 6
[ 2024-08-06 16:02:12,187 ] 24 : Sold 3 shares at price 61,500 | Profit = -4,500 | Portfolio Value = 971,206.4 | Budget = 187,614.15 | inventory = 5
[ 2024-08-06 16:02:12,218 ] 26 : Bought 2 shares at price 60,300 | Portfolio Value = 976,714.15 | Budget = 66,953.85 | inventory = 6
[ 2024-08-06 16:02:12,233 ] 27 : Sold 1 shares at price 60,100 | Profit = -2,700 | Portfolio Value = 971,453.85 | Budget = 127,023.8 | inventory = 5
[ 2024-08-06 16:02:12,247 ] 28 : Bought 1 shares at price 59,500 | Portfolio Value = 968,423.8 | Budget = 67,494.05 | inventory = 6
[ 2024-08-06 16:02:12,261 ] 29 : Bought 1 shares at price 60,000 | Portfolio Value = 959,994.05 | Budget = 7,464.05 | inventory = 7
[ 2024-08-06 16:02:12,274 ] 30 : Sold 9 shares at price 59,000 | Profit = -33,300 | Portfolio Value = 967,464.05 | Budget = 538,198.55 | inventory = 6
[ 2024-08-06 16:02:12,286 ] 31 : Bought 3 shares at price 59,800 | Portfolio Value = 951,198.55 | Budget = 358,708.85 | inventory = 7
[ 2024-08-06 16:02:12,311 ] 33 : Bought 2 shares at price 61,300 | Portfolio Value = 957,708.85 | Budget = 236,047.55 | inventory = 8
[ 2024-08-06 16:02:12,324 ] 34 : Sold 1 shares at price 60,200 | Profit = -1,900 | Portfolio Value = 971,647.55 | Budget = 296,217.45 | inventory = 7
[ 2024-08-06 16:02:12,362 ] 37 : Bought 1 shares at price 62,300 | Portfolio Value = 968,317.45 | Budget = 233,886.3 | inventory = 8
[ 2024-08-06 16:02:12,374 ] 38 : Bought 3 shares at price 63,000 | Portfolio Value = 981,486.3 | Budget = 44,791.8 | inventory = 9
[ 2024-08-06 16:02:12,387 ] 39 : Sold 1 shares at price 62,100 | Profit = 1,000 | Portfolio Value = 989,791.8 | Budget = 106,860.75 | inventory = 8
[ 2024-08-06 16:02:12,400 ] 40 : Bought 1 shares at price 62,900 | Portfolio Value = 976,260.75 | Budget = 43,929.3 | inventory = 9
[ 2024-08-06 16:02:12,492 ] 47 : Sold 1 shares at price 62,300 | Profit = 300 | Portfolio Value = 1,002,429.3 | Budget = 106,198.15 | inventory = 8
[ 2024-08-06 16:02:12,505 ] 48 : Sold 2 shares at price 65,000 | Profit = 9,400 | Portfolio Value = 978,398.15 | Budget = 236,133.15 | inventory = 7
[ 2024-08-06 16:02:12,517 ] 49 : Bought 2 shares at price 65,700 | Portfolio Value = 1,016,133.15 | Budget = 104,667.45 | inventory = 8
[ 2024-08-06 16:02:12,556 ] 52 : Bought 1 shares at price 66,100 | Portfolio Value = 1,028,667.45 | Budget = 38,534.4 | inventory = 9
[ 2024-08-06 16:02:12,611 ] 56 : Sold 1 shares at price 65,500 | Profit = 6,000 | Portfolio Value = 1,022,534.4 | Budget = 104,001.65 | inventory = 8
[ 2024-08-06 16:02:12,626 ] 57 : Bought 1 shares at price 65,300 | Portfolio Value = 1,021,001.65 | Budget = 38,669.0 | inventory = 9
[ 2024-08-06 16:02:12,665 ] 60 : Sold 1 shares at price 63,600 | Profit = 3,600 | Portfolio Value = 1,016,669.0 | Budget = 102,237.2 | inventory = 8
[ 2024-08-06 16:02:12,678 ] 61 : Sold 3 shares at price 64,100 | Profit = 12,900 | Portfolio Value = 992,637.2 | Budget = 294,441.05 | inventory = 7
[ 2024-08-06 16:02:12,747 ] 66 : Sold 2 shares at price 65,100 | Profit = 7,600 | Portfolio Value = 1,013,841.05 | Budget = 424,575.95 | inventory = 6
[ 2024-08-06 16:02:12,761 ] 67 : Sold 1 shares at price 65,900 | Profit = 3,600 | Portfolio Value = 1,010,475.95 | Budget = 490,443.0 | inventory = 5
[ 2024-08-06 16:02:12,812 ] 69 : Sold 3 shares at price 64,600 | Profit = 4,800 | Portfolio Value = 1,012,843.0 | Budget = 684,146.1 | inventory = 4
[ 2024-08-06 16:02:12,843 ] 71 : Bought 2 shares at price 64,100 | Portfolio Value = 1,005,146.1 | Budget = 555,882.0 | inventory = 5
[ 2024-08-06 16:02:12,856 ] 72 : Sold 1 shares at price 64,500 | Profit = 1,600 | Portfolio Value = 1,004,582.0 | Budget = 620,349.75 | inventory = 4
[ 2024-08-06 16:02:12,870 ] 73 : Bought 3 shares at price 65,400 | Portfolio Value = 1,007,349.75 | Budget = 424,051.65 | inventory = 5
[ 2024-08-06 16:02:12,897 ] 75 : Bought 2 shares at price 66,200 | Portfolio Value = 1,009,051.65 | Budget = 291,585.45 | inventory = 6
[ 2024-08-06 16:02:12,951 ] 79 : Bought 2 shares at price 68,500 | Portfolio Value = 1,043,985.45 | Budget = 154,516.95 | inventory = 7
[ 2024-08-06 16:02:12,964 ] 80 : Sold 2 shares at price 68,800 | Profit = 6,200 | Portfolio Value = 1,045,016.95 | Budget = 292,048.15 | inventory = 6
[ 2024-08-06 16:02:12,977 ] 81 : Sold 1 shares at price 70,300 | Profit = 4,200 | Portfolio Value = 1,048,848.15 | Budget = 362,313.0 | inventory = 5
[ 2024-08-06 16:02:12,990 ] 82 : Bought 3 shares at price 72,300 | Portfolio Value = 1,065,313.0 | Budget = 145,304.55 | inventory = 6
[ 2024-08-06 16:02:13,030 ] 85 : Bought 2 shares at price 72,200 | Portfolio Value = 1,067,004.55 | Budget = 832.35 | inventory = 7
[ 2024-08-06 16:02:13,083 ] 89 : Sold 1 shares at price 72,000 | Profit = 6,700 | Portfolio Value = 1,064,332.35 | Budget = 72,796.35 | inventory = 6
[ 2024-08-06 16:02:13,097 ] 90 : Bought 1 shares at price 71,000 | Portfolio Value = 1,080,796.35 | Budget = 1,760.85 | inventory = 7
[ 2024-08-06 16:02:13,251 ] 101 : Sold 2 shares at price 72,600 | Profit = 17,000 | Portfolio Value = 1,087,760.85 | Budget = 146,888.25 | inventory = 6
[ 2024-08-06 16:02:13,277 ] 103 : Bought 1 shares at price 72,400 | Portfolio Value = 1,091,988.25 | Budget = 74,452.05 | inventory = 7
[ 2024-08-06 16:02:13,360 ] 109 : Sold 3 shares at price 69,900 | Profit = 13,500 | Portfolio Value = 1,076,852.05 | Budget = 284,047.2 | inventory = 6
[ 2024-08-06 16:02:13,374 ] 110 : Bought 1 shares at price 69,500 | Portfolio Value = 1,052,947.2 | Budget = 214,512.45 | inventory = 7
[ 2024-08-06 16:02:13,428 ] 114 : Bought 1 shares at price 73,400 | Portfolio Value = 1,077,312.45 | Budget = 141,075.75 | inventory = 8
[ 2024-08-06 16:02:13,455 ] 116 : Sold 2 shares at price 72,000 | Profit = 11,600 | Portfolio Value = 1,093,975.75 | Budget = 285,003.75 | inventory = 7
[ 2024-08-06 16:02:13,469 ] 117 : Sold 2 shares at price 71,700 | Profit = 6,400 | Portfolio Value = 1,077,003.75 | Budget = 428,332.05 | inventory = 6
[ 2024-08-06 16:02:13,483 ] 118 : Bought 3 shares at price 71,000 | Portfolio Value = 1,073,632.05 | Budget = 215,225.55 | inventory = 7
[ 2024-08-06 16:02:13,510 ] 120 : Bought 3 shares at price 70,400 | Portfolio Value = 1,058,825.55 | Budget = 3,919.95 | inventory = 8
[ 2024-08-06 16:02:13,536 ] 122 : Sold 3 shares at price 69,800 | Profit = -7,500 | Portfolio Value = 1,053,919.95 | Budget = 213,215.25 | inventory = 7
[ 2024-08-06 16:02:13,549 ] 123 : Bought 2 shares at price 71,700 | Portfolio Value = 1,050,815.25 | Budget = 69,743.55 | inventory = 8
[ 2024-08-06 16:02:13,562 ] 124 : Sold 2 shares at price 70,600 | Profit = -3,200 | Portfolio Value = 1,073,543.55 | Budget = 210,872.95 | inventory = 7
[ 2024-08-06 16:02:13,588 ] 126 : Sold 1 shares at price 71,100 | Profit = 100 | Portfolio Value = 1,048,472.95 | Budget = 281,937.4 | inventory = 6
[ 2024-08-06 16:02:13,601 ] 127 : Bought 3 shares at price 69,900 | Portfolio Value = 1,064,037.4 | Budget = 72,132.55 | inventory = 7
[ 2024-08-06 16:02:13,629 ] 129 : Bought 1 shares at price 68,300 | Portfolio Value = 1,035,332.55 | Budget = 3,798.4 | inventory = 8
[ 2024-08-06 16:02:13,643 ] 130 : Sold 1 shares at price 68,500 | Profit = -3,900 | Portfolio Value = 1,028,298.4 | Budget = 72,264.15 | inventory = 7
[ 2024-08-06 16:02:13,670 ] 132 : Bought 1 shares at price 68,900 | Portfolio Value = 1,018,664.15 | Budget = 3,329.7 | inventory = 8
[ 2024-08-06 16:02:14,023 ] 158 : Sold 1 shares at price 72,000 | Profit = 2,500 | Portfolio Value = 1,078,829.7 | Budget = 75,293.7 | inventory = 7
[ 2024-08-06 16:02:14,051 ] 160 : Bought 1 shares at price 69,800 | Portfolio Value = 1,058,093.7 | Budget = 5,458.8 | inventory = 8
[ 2024-08-06 16:02:14,094 ] 163 : Sold 1 shares at price 68,800 | Profit = -4,600 | Portfolio Value = 1,038,958.8 | Budget = 74,224.4 | inventory = 7
[ 2024-08-06 16:02:14,108 ] 164 : Sold 3 shares at price 69,400 | Profit = -4,800 | Portfolio Value = 1,037,424.4 | Budget = 282,320.3 | inventory = 6
[ 2024-08-06 16:02:14,136 ] 166 : Bought 3 shares at price 68,400 | Portfolio Value = 1,036,920.3 | Budget = 77,017.7 | inventory = 7
[ 2024-08-06 16:02:14,164 ] 168 : Bought 1 shares at price 66,700 | Portfolio Value = 1,022,017.7 | Budget = 10,284.35 | inventory = 8
[ 2024-08-06 16:02:14,568 ] 198 : Sold 3 shares at price 72,500 | Profit = 6,300 | Portfolio Value = 1,102,284.35 | Budget = 227,675.6 | inventory = 7
[ 2024-08-06 16:02:14,594 ] 200 : Bought 1 shares at price 72,800 | Portfolio Value = 1,100,075.6 | Budget = 154,839.2 | inventory = 8
[ 2024-08-06 16:02:14,607 ] 201 : Bought 2 shares at price 72,800 | Portfolio Value = 1,101,239.2 | Budget = 9,166.4 | inventory = 9
[ 2024-08-06 16:02:14,687 ] 207 : Sold 2 shares at price 72,800 | Profit = 2,200 | Portfolio Value = 1,099,666.4 | Budget = 154,693.6 | inventory = 8
[ 2024-08-06 16:02:14,727 ] 210 : Sold 3 shares at price 71,200 | Profit = 3,900 | Portfolio Value = 1,098,493.6 | Budget = 368,186.8 | inventory = 7
[ 2024-08-06 16:02:14,755 ] 212 : Sold 1 shares at price 71,500 | Profit = 3,200 | Portfolio Value = 1,085,186.8 | Budget = 439,651.05 | inventory = 6
[ 2024-08-06 16:02:14,837 ] 218 : Bought 4 shares at price 73,300 | Portfolio Value = 1,097,551.05 | Budget = 146,304.45 | inventory = 7
[ 2024-08-06 16:02:14,865 ] 220 : Sold 1 shares at price 73,400 | Profit = 4,500 | Portfolio Value = 1,094,004.45 | Budget = 219,667.75 | inventory = 6
[ 2024-08-06 16:02:14,894 ] 222 : Bought 1 shares at price 75,000 | Portfolio Value = 1,117,267.75 | Budget = 144,630.25 | inventory = 7
[ 2024-08-06 16:02:14,921 ] 224 : Sold 1 shares at price 76,600 | Profit = 6,800 | Portfolio Value = 1,131,330.25 | Budget = 221,191.95 | inventory = 6
[ 2024-08-06 16:02:15,028 ] 6 : Bought 9 shares at price 61,900 | Portfolio Value = 1,000,000.0 | Budget = 442,621.45 | inventory = 1
[ 2024-08-06 16:02:15,041 ] 7 : Sold 9 shares at price 63,100 | Profit = 10,800 | Portfolio Value = 999,721.45 | Budget = 1,010,237.5 | inventory = 0
[ 2024-08-06 16:02:15,066 ] 9 : Bought 15 shares at price 62,800 | Portfolio Value = 1,010,237.5 | Budget = 67,766.5 | inventory = 1
[ 2024-08-06 16:02:15,080 ] 10 : Bought 1 shares at price 62,900 | Portfolio Value = 1,009,766.5 | Budget = 4,835.05 | inventory = 2
[ 2024-08-06 16:02:15,093 ] 11 : Sold 15 shares at price 63,200 | Profit = 6,000 | Portfolio Value = 1,011,235.05 | Budget = 952,361.05 | inventory = 1
[ 2024-08-06 16:02:15,187 ] 18 : Bought 1 shares at price 62,000 | Portfolio Value = 1,013,461.05 | Budget = 890,330.05 | inventory = 2
[ 2024-08-06 16:02:15,201 ] 19 : Bought 1 shares at price 61,300 | Portfolio Value = 1,014,330.05 | Budget = 828,999.4 | inventory = 3
[ 2024-08-06 16:02:15,215 ] 20 : Sold 1 shares at price 60,500 | Profit = -2,400 | Portfolio Value = 1,012,899.4 | Budget = 889,469.15 | inventory = 2
[ 2024-08-06 16:02:15,255 ] 23 : Sold 1 shares at price 60,500 | Profit = -1,500 | Portfolio Value = 1,011,069.15 | Budget = 949,938.9 | inventory = 1
[ 2024-08-06 16:02:15,307 ] 27 : Bought 8 shares at price 60,100 | Portfolio Value = 1,010,238.9 | Budget = 468,898.5 | inventory = 2
[ 2024-08-06 16:02:15,321 ] 28 : Sold 1 shares at price 59,500 | Profit = -1,800 | Portfolio Value = 1,009,798.5 | Budget = 528,368.75 | inventory = 1
[ 2024-08-06 16:02:15,348 ] 30 : Bought 3 shares at price 59,000 | Portfolio Value = 1,008,368.75 | Budget = 351,280.25 | inventory = 2
[ 2024-08-06 16:02:15,389 ] 33 : Bought 3 shares at price 61,300 | Portfolio Value = 1,010,180.25 | Budget = 167,288.3 | inventory = 3
[ 2024-08-06 16:02:15,430 ] 36 : Bought 1 shares at price 61,100 | Portfolio Value = 1,011,488.3 | Budget = 106,157.75 | inventory = 4
[ 2024-08-06 16:02:15,457 ] 38 : Bought 1 shares at price 63,000 | Portfolio Value = 1,040,657.75 | Budget = 43,126.25 | inventory = 5
[ 2024-08-06 16:02:15,484 ] 40 : Sold 8 shares at price 62,900 | Profit = 22,400 | Portfolio Value = 1,036,726.25 | Budget = 546,074.65 | inventory = 4
[ 2024-08-06 16:02:15,497 ] 41 : Bought 2 shares at price 62,700 | Portfolio Value = 1,049,274.65 | Budget = 420,611.95 | inventory = 5
[ 2024-08-06 16:02:15,510 ] 42 : Bought 4 shares at price 63,200 | Portfolio Value = 1,047,611.95 | Budget = 167,685.55 | inventory = 6
[ 2024-08-06 16:02:15,523 ] 43 : Sold 3 shares at price 64,000 | Profit = 15,000 | Portfolio Value = 1,052,485.55 | Budget = 359,589.55 | inventory = 5
[ 2024-08-06 16:02:15,535 ] 44 : Sold 3 shares at price 63,100 | Profit = 5,400 | Portfolio Value = 1,063,589.55 | Budget = 548,794.9 | inventory = 4
[ 2024-08-06 16:02:15,592 ] 48 : Sold 1 shares at price 65,000 | Profit = 3,900 | Portfolio Value = 1,047,194.9 | Budget = 613,762.4 | inventory = 3
[ 2024-08-06 16:02:15,605 ] 49 : Bought 5 shares at price 65,700 | Portfolio Value = 1,068,762.4 | Budget = 285,098.15 | inventory = 4
[ 2024-08-06 16:02:15,619 ] 50 : Bought 3 shares at price 65,900 | Portfolio Value = 1,073,498.15 | Budget = 87,299.3 | inventory = 5
[ 2024-08-06 16:02:15,646 ] 52 : Bought 1 shares at price 66,100 | Portfolio Value = 1,077,299.3 | Budget = 21,166.25 | inventory = 6
[ 2024-08-06 16:02:15,688 ] 55 : Sold 1 shares at price 65,600 | Profit = 2,600 | Portfolio Value = 1,065,966.25 | Budget = 86,733.45 | inventory = 5
[ 2024-08-06 16:02:15,701 ] 56 : Bought 1 shares at price 65,500 | Portfolio Value = 1,070,733.45 | Budget = 21,200.7 | inventory = 6
[ 2024-08-06 16:02:16,143 ] 89 : Sold 2 shares at price 72,000 | Profit = 18,600 | Portfolio Value = 1,155,600.7 | Budget = 165,128.7 | inventory = 5
[ 2024-08-06 16:02:16,155 ] 90 : Bought 2 shares at price 71,000 | Portfolio Value = 1,173,128.7 | Budget = 23,057.7 | inventory = 6
[ 2024-08-06 16:02:16,247 ] 97 : Sold 4 shares at price 70,500 | Profit = 29,200 | Portfolio Value = 1,165,457.7 | Budget = 304,916.7 | inventory = 5
[ 2024-08-06 16:02:16,287 ] 100 : Bought 2 shares at price 72,400 | Portfolio Value = 1,164,116.7 | Budget = 160,044.3 | inventory = 6
[ 2024-08-06 16:02:16,301 ] 101 : Sold 5 shares at price 72,600 | Profit = 34,500 | Portfolio Value = 1,173,644.3 | Budget = 522,862.8 | inventory = 5
[ 2024-08-06 16:02:16,329 ] 103 : Bought 4 shares at price 72,400 | Portfolio Value = 1,177,162.8 | Budget = 233,118.0 | inventory = 6
[ 2024-08-06 16:02:16,370 ] 106 : Sold 3 shares at price 73,000 | Profit = 21,300 | Portfolio Value = 1,182,118.0 | Budget = 452,008.5 | inventory = 5
[ 2024-08-06 16:02:16,384 ] 107 : Bought 6 shares at price 72,000 | Portfolio Value = 1,182,008.5 | Budget = 19,792.5 | inventory = 6
[ 2024-08-06 16:02:16,397 ] 108 : Sold 1 shares at price 71,600 | Profit = 5,500 | Portfolio Value = 1,171,792.5 | Budget = 91,356.7 | inventory = 5
[ 2024-08-06 16:02:16,424 ] 110 : Bought 1 shares at price 69,500 | Portfolio Value = 1,139,856.7 | Budget = 21,821.95 | inventory = 6
[ 2024-08-06 16:02:16,451 ] 112 : Sold 1 shares at price 71,900 | Profit = 6,400 | Portfolio Value = 1,165,821.95 | Budget = 93,686.0 | inventory = 5
[ 2024-08-06 16:02:16,478 ] 114 : Sold 2 shares at price 73,400 | Profit = 4,800 | Portfolio Value = 1,172,186.0 | Budget = 240,412.6 | inventory = 4
[ 2024-08-06 16:02:16,507 ] 116 : Bought 2 shares at price 72,000 | Portfolio Value = 1,193,312.6 | Budget = 96,340.6 | inventory = 5
[ 2024-08-06 16:02:16,564 ] 118 : Bought 1 shares at price 71,000 | Portfolio Value = 1,171,840.6 | Budget = 25,305.1 | inventory = 6
[ 2024-08-06 16:02:16,597 ] 120 : Sold 2 shares at price 70,400 | Profit = -4,000 | Portfolio Value = 1,150,105.1 | Budget = 166,034.7 | inventory = 5
[ 2024-08-06 16:02:16,627 ] 122 : Sold 4 shares at price 69,800 | Profit = -10,400 | Portfolio Value = 1,146,034.7 | Budget = 445,095.1 | inventory = 4
[ 2024-08-06 16:02:16,642 ] 123 : Bought 5 shares at price 71,700 | Portfolio Value = 1,143,095.1 | Budget = 86,415.85 | inventory = 5
[ 2024-08-06 16:02:16,670 ] 125 : Sold 6 shares at price 69,800 | Profit = -13,200 | Portfolio Value = 1,145,415.85 | Budget = 505,006.45 | inventory = 4
[ 2024-08-06 16:02:16,698 ] 127 : Sold 1 shares at price 69,900 | Profit = 400 | Portfolio Value = 1,144,906.45 | Budget = 574,871.5 | inventory = 3
[ 2024-08-06 16:02:16,725 ] 129 : Bought 1 shares at price 68,300 | Portfolio Value = 1,125,271.5 | Budget = 506,537.35 | inventory = 4
[ 2024-08-06 16:02:16,739 ] 130 : Bought 4 shares at price 68,500 | Portfolio Value = 1,121,237.35 | Budget = 232,400.35 | inventory = 5
[ 2024-08-06 16:02:16,753 ] 131 : Bought 1 shares at price 67,600 | Portfolio Value = 1,122,900.35 | Budget = 164,766.55 | inventory = 6
[ 2024-08-06 16:02:16,781 ] 133 : Sold 2 shares at price 68,000 | Profit = -8,000 | Portfolio Value = 1,129,366.55 | Budget = 300,698.55 | inventory = 5
[ 2024-08-06 16:02:16,794 ] 134 : Bought 3 shares at price 67,500 | Portfolio Value = 1,116,698.55 | Budget = 98,097.3 | inventory = 6
[ 2024-08-06 16:02:16,821 ] 136 : Bought 1 shares at price 67,000 | Portfolio Value = 1,107,597.3 | Budget = 31,063.8 | inventory = 7
[ 2024-08-06 16:02:16,862 ] 139 : Sold 1 shares at price 66,600 | Profit = -4,400 | Portfolio Value = 1,091,863.8 | Budget = 97,630.5 | inventory = 6
[ 2024-08-06 16:02:16,889 ] 141 : Bought 1 shares at price 67,100 | Portfolio Value = 1,096,630.5 | Budget = 30,496.95 | inventory = 7
[ 2024-08-06 16:02:17,139 ] 158 : Sold 5 shares at price 72,000 | Profit = 1,500 | Portfolio Value = 1,177,696.95 | Budget = 390,316.95 | inventory = 6
[ 2024-08-06 16:02:17,152 ] 159 : Bought 2 shares at price 70,200 | Portfolio Value = 1,182,316.95 | Budget = 249,846.75 | inventory = 7
[ 2024-08-06 16:02:17,167 ] 160 : Bought 1 shares at price 69,800 | Portfolio Value = 1,162,446.75 | Budget = 180,011.85 | inventory = 8
[ 2024-08-06 16:02:17,181 ] 161 : Sold 1 shares at price 69,600 | Profit = 1,300 | Portfolio Value = 1,157,211.85 | Budget = 249,577.05 | inventory = 7
[ 2024-08-06 16:02:17,223 ] 164 : Bought 3 shares at price 69,400 | Portfolio Value = 1,143,977.05 | Budget = 41,272.95 | inventory = 8
[ 2024-08-06 16:02:17,251 ] 166 : Sold 4 shares at price 68,400 | Profit = -400 | Portfolio Value = 1,138,872.95 | Budget = 314,736.15 | inventory = 7
[ 2024-08-06 16:02:17,278 ] 168 : Sold 1 shares at price 66,700 | Profit = -900 | Portfolio Value = 1,124,736.15 | Budget = 381,402.8 | inventory = 6
[ 2024-08-06 16:02:17,305 ] 170 : Sold 3 shares at price 66,400 | Profit = -3,300 | Portfolio Value = 1,107,402.8 | Budget = 580,503.2 | inventory = 5
[ 2024-08-06 16:02:17,318 ] 171 : Bought 3 shares at price 68,200 | Portfolio Value = 1,111,703.2 | Budget = 375,800.9 | inventory = 6
[ 2024-08-06 16:02:17,332 ] 172 : Bought 4 shares at price 68,900 | Portfolio Value = 1,126,000.9 | Budget = 100,063.1 | inventory = 7
[ 2024-08-06 16:02:17,359 ] 174 : Bought 1 shares at price 67,300 | Portfolio Value = 1,120,063.1 | Budget = 32,729.45 | inventory = 8
[ 2024-08-06 16:02:17,390 ] 176 : Sold 1 shares at price 70,500 | Profit = 3,500 | Portfolio Value = 1,143,129.45 | Budget = 103,194.2 | inventory = 7
[ 2024-08-06 16:02:17,416 ] 178 : Sold 1 shares at price 68,800 | Profit = 1,700 | Portfolio Value = 1,145,694.2 | Budget = 171,959.8 | inventory = 6
[ 2024-08-06 16:02:17,443 ] 180 : Sold 2 shares at price 68,500 | Profit = -3,400 | Portfolio Value = 1,129,559.8 | Budget = 308,891.3 | inventory = 5
[ 2024-08-06 16:02:17,456 ] 181 : Bought 1 shares at price 68,000 | Portfolio Value = 1,130,891.3 | Budget = 240,857.3 | inventory = 6
[ 2024-08-06 16:02:17,482 ] 183 : Bought 1 shares at price 67,300 | Portfolio Value = 1,107,957.3 | Budget = 173,523.65 | inventory = 7
[ 2024-08-06 16:02:17,496 ] 184 : Bought 2 shares at price 67,300 | Portfolio Value = 1,115,723.65 | Budget = 38,856.35 | inventory = 8
[ 2024-08-06 16:02:17,591 ] 191 : Sold 1 shares at price 69,900 | Profit = 100 | Portfolio Value = 1,173,256.35 | Budget = 108,721.4 | inventory = 7
[ 2024-08-06 16:02:17,604 ] 192 : Sold 3 shares at price 70,300 | Profit = 2,700 | Portfolio Value = 1,157,221.4 | Budget = 319,515.95 | inventory = 6
[ 2024-08-06 16:02:17,617 ] 193 : Bought 2 shares at price 70,500 | Portfolio Value = 1,163,115.95 | Budget = 178,445.45 | inventory = 7
[ 2024-08-06 16:02:17,647 ] 195 : Bought 1 shares at price 70,800 | Portfolio Value = 1,164,045.45 | Budget = 107,610.05 | inventory = 8
[ 2024-08-06 16:02:17,662 ] 196 : Bought 1 shares at price 72,200 | Portfolio Value = 1,169,610.05 | Budget = 35,373.95 | inventory = 9
[ 2024-08-06 16:02:17,892 ] 213 : Sold 3 shares at price 72,600 | Profit = 13,200 | Portfolio Value = 1,179,373.95 | Budget = 253,065.05 | inventory = 8
[ 2024-08-06 16:02:17,905 ] 214 : Sold 4 shares at price 73,000 | Profit = 16,400 | Portfolio Value = 1,196,865.05 | Budget = 544,919.05 | inventory = 7
[ 2024-08-06 16:02:17,919 ] 215 : Bought 7 shares at price 73,500 | Portfolio Value = 1,201,919.05 | Budget = 30,161.8 | inventory = 8
[ 2024-08-06 16:02:17,945 ] 217 : Sold 1 shares at price 73,100 | Profit = 5,800 | Portfolio Value = 1,194,961.8 | Budget = 103,225.25 | inventory = 7
[ 2024-08-06 16:02:17,971 ] 219 : Bought 1 shares at price 72,900 | Portfolio Value = 1,202,725.25 | Budget = 30,288.8 | inventory = 8
[ 2024-08-06 16:02:18,103 ] 3 : Bought 12 shares at price 63,500 | Portfolio Value = 1,000,000.0 | Budget = 237,619.0 | inventory = 1
[ 2024-08-06 16:02:18,131 ] 5 : Bought 3 shares at price 61,600 | Portfolio Value = 1,003,219.0 | Budget = 52,726.6 | inventory = 2
[ 2024-08-06 16:02:18,261 ] 15 : Sold 12 shares at price 62,700 | Profit = -9,600 | Portfolio Value = 991,726.6 | Budget = 804,750.4 | inventory = 1
[ 2024-08-06 16:02:18,274 ] 16 : Bought 2 shares at price 62,100 | Portfolio Value = 992,850.4 | Budget = 680,488.3 | inventory = 2
[ 2024-08-06 16:02:18,287 ] 17 : Bought 8 shares at price 61,100 | Portfolio Value = 990,988.3 | Budget = 191,443.9 | inventory = 3
[ 2024-08-06 16:02:18,301 ] 18 : Bought 2 shares at price 62,000 | Portfolio Value = 985,743.9 | Budget = 67,381.9 | inventory = 4
[ 2024-08-06 16:02:18,315 ] 19 : Bought 1 shares at price 61,300 | Portfolio Value = 997,381.9 | Budget = 6,051.25 | inventory = 5
[ 2024-08-06 16:02:18,401 ] 25 : Sold 3 shares at price 60,700 | Profit = -2,700 | Portfolio Value = 990,051.25 | Budget = 188,060.2 | inventory = 4
[ 2024-08-06 16:02:18,467 ] 28 : Bought 3 shares at price 59,500 | Portfolio Value = 969,360.2 | Budget = 9,470.95 | inventory = 5
[ 2024-08-06 16:02:18,482 ] 29 : Sold 2 shares at price 60,000 | Profit = -4,200 | Portfolio Value = 961,470.95 | Budget = 129,410.95 | inventory = 4
[ 2024-08-06 16:02:18,496 ] 30 : Bought 1 shares at price 59,000 | Portfolio Value = 969,410.95 | Budget = 70,381.45 | inventory = 5
[ 2024-08-06 16:02:18,523 ] 32 : Bought 1 shares at price 59,900 | Portfolio Value = 967,381.45 | Budget = 10,451.5 | inventory = 6
[ 2024-08-06 16:02:18,575 ] 36 : Sold 8 shares at price 61,100 | Profit = 0 | Portfolio Value = 975,251.5 | Budget = 499,007.1 | inventory = 5
[ 2024-08-06 16:02:18,588 ] 37 : Bought 7 shares at price 62,300 | Portfolio Value = 987,807.1 | Budget = 62,689.05 | inventory = 6
[ 2024-08-06 16:02:18,682 ] 44 : Sold 2 shares at price 63,100 | Profit = 2,200 | Portfolio Value = 1,022,689.05 | Budget = 188,825.95 | inventory = 5
[ 2024-08-06 16:02:18,696 ] 45 : Sold 1 shares at price 63,600 | Profit = 2,300 | Portfolio Value = 1,009,125.95 | Budget = 252,394.15 | inventory = 4
[ 2024-08-06 16:02:18,710 ] 46 : Bought 1 shares at price 63,900 | Portfolio Value = 1,015,594.15 | Budget = 188,462.2 | inventory = 5
[ 2024-08-06 16:02:18,736 ] 48 : Bought 1 shares at price 65,000 | Portfolio Value = 998,362.2 | Budget = 123,429.7 | inventory = 6
[ 2024-08-06 16:02:18,762 ] 50 : Sold 3 shares at price 65,900 | Profit = 19,200 | Portfolio Value = 1,043,229.7 | Budget = 321,030.85 | inventory = 5
[ 2024-08-06 16:02:18,803 ] 53 : Bought 1 shares at price 65,100 | Portfolio Value = 1,048,130.85 | Budget = 255,898.3 | inventory = 6
[ 2024-08-06 16:02:18,917 ] 60 : Bought 1 shares at price 63,600 | Portfolio Value = 1,038,298.3 | Budget = 192,266.5 | inventory = 7
[ 2024-08-06 16:02:18,931 ] 61 : Bought 1 shares at price 64,100 | Portfolio Value = 1,019,066.5 | Budget = 128,134.45 | inventory = 8
[ 2024-08-06 16:02:18,959 ] 63 : Bought 1 shares at price 65,500 | Portfolio Value = 1,032,534.45 | Budget = 62,601.7 | inventory = 9
[ 2024-08-06 16:02:18,998 ] 66 : Sold 1 shares at price 65,100 | Profit = 6,100 | Portfolio Value = 1,043,601.7 | Budget = 127,669.15 | inventory = 8
[ 2024-08-06 16:02:19,012 ] 67 : Bought 1 shares at price 65,900 | Portfolio Value = 1,039,069.15 | Budget = 61,736.2 | inventory = 9
[ 2024-08-06 16:02:19,225 ] 83 : Sold 1 shares at price 71,400 | Profit = 11,500 | Portfolio Value = 1,146,236.2 | Budget = 133,100.5 | inventory = 8
[ 2024-08-06 16:02:19,264 ] 86 : Bought 1 shares at price 71,700 | Portfolio Value = 1,143,900.5 | Budget = 61,364.65 | inventory = 9
[ 2024-08-06 16:02:19,290 ] 88 : Sold 7 shares at price 70,900 | Profit = 60,200 | Portfolio Value = 1,126,364.65 | Budget = 557,416.5 | inventory = 8
[ 2024-08-06 16:02:19,359 ] 93 : Sold 1 shares at price 71,500 | Profit = 7,600 | Portfolio Value = 1,132,616.5 | Budget = 628,880.75 | inventory = 7
[ 2024-08-06 16:02:19,373 ] 94 : Bought 3 shares at price 71,800 | Portfolio Value = 1,129,380.75 | Budget = 413,373.05 | inventory = 8
[ 2024-08-06 16:02:19,386 ] 95 : Sold 1 shares at price 71,200 | Profit = 6,200 | Portfolio Value = 1,131,373.05 | Budget = 484,537.45 | inventory = 7
[ 2024-08-06 16:02:19,400 ] 96 : Bought 1 shares at price 71,400 | Portfolio Value = 1,125,337.45 | Budget = 413,101.75 | inventory = 8
[ 2024-08-06 16:02:19,440 ] 99 : Bought 1 shares at price 71,600 | Portfolio Value = 1,126,101.75 | Budget = 341,465.95 | inventory = 9
[ 2024-08-06 16:02:19,481 ] 102 : Bought 1 shares at price 72,700 | Portfolio Value = 1,140,065.95 | Budget = 268,729.6 | inventory = 10
[ 2024-08-06 16:02:19,494 ] 103 : Bought 1 shares at price 72,400 | Portfolio Value = 1,141,129.6 | Budget = 196,293.4 | inventory = 11
[ 2024-08-06 16:02:19,508 ] 104 : Bought 1 shares at price 72,200 | Portfolio Value = 1,137,493.4 | Budget = 124,057.3 | inventory = 12
[ 2024-08-06 16:02:19,536 ] 106 : Bought 1 shares at price 73,000 | Portfolio Value = 1,146,057.3 | Budget = 51,020.8 | inventory = 13
[ 2024-08-06 16:02:19,563 ] 108 : Sold 1 shares at price 71,600 | Profit = 6,500 | Portfolio Value = 1,131,020.8 | Budget = 122,585.0 | inventory = 12
[ 2024-08-06 16:02:19,577 ] 109 : Sold 1 shares at price 69,900 | Profit = 6,300 | Portfolio Value = 1,124,985.0 | Budget = 192,450.05 | inventory = 11
[ 2024-08-06 16:02:19,605 ] 111 : Bought 2 shares at price 71,500 | Portfolio Value = 1,095,950.05 | Budget = 49,378.55 | inventory = 12
[ 2024-08-06 16:02:19,657 ] 115 : Sold 1 shares at price 73,300 | Profit = 9,200 | Portfolio Value = 1,150,378.55 | Budget = 122,641.9 | inventory = 11
[ 2024-08-06 16:02:19,712 ] 119 : Bought 1 shares at price 70,300 | Portfolio Value = 1,116,641.9 | Budget = 52,306.75 | inventory = 12
[ 2024-08-06 16:02:19,726 ] 120 : Sold 1 shares at price 70,400 | Profit = 4,900 | Portfolio Value = 1,106,806.75 | Budget = 122,671.55 | inventory = 11
[ 2024-08-06 16:02:19,739 ] 121 : Bought 1 shares at price 70,000 | Portfolio Value = 1,108,271.55 | Budget = 52,636.55 | inventory = 12
[ 2024-08-06 16:02:19,808 ] 126 : Sold 1 shares at price 71,100 | Profit = 5,200 | Portfolio Value = 1,099,636.55 | Budget = 123,701.0 | inventory = 11
[ 2024-08-06 16:02:19,835 ] 128 : Bought 1 shares at price 68,800 | Portfolio Value = 1,102,301.0 | Budget = 54,866.6 | inventory = 12
[ 2024-08-06 16:02:19,967 ] 138 : Sold 1 shares at price 66,300 | Profit = -5,400 | Portfolio Value = 1,055,366.6 | Budget = 121,133.45 | inventory = 11
[ 2024-08-06 16:02:19,994 ] 140 : Bought 1 shares at price 66,600 | Portfolio Value = 1,053,533.45 | Budget = 54,500.15 | inventory = 12
[ 2024-08-06 16:02:20,008 ] 141 : Sold 3 shares at price 67,100 | Profit = -14,100 | Portfolio Value = 1,053,500.15 | Budget = 255,699.5 | inventory = 11
[ 2024-08-06 16:02:20,021 ] 142 : Bought 2 shares at price 68,200 | Portfolio Value = 1,060,899.5 | Budget = 119,231.3 | inventory = 12
[ 2024-08-06 16:02:20,087 ] 147 : Sold 1 shares at price 66,900 | Profit = -4,500 | Portfolio Value = 1,058,631.3 | Budget = 186,097.85 | inventory = 11
[ 2024-08-06 16:02:20,100 ] 148 : Bought 1 shares at price 71,000 | Portfolio Value = 1,055,797.85 | Budget = 115,062.35 | inventory = 12
[ 2024-08-06 16:02:20,113 ] 149 : Bought 1 shares at price 71,200 | Portfolio Value = 1,109,062.35 | Budget = 43,826.75 | inventory = 13
[ 2024-08-06 16:02:20,126 ] 150 : Sold 1 shares at price 70,700 | Profit = -900 | Portfolio Value = 1,111,826.75 | Budget = 114,491.4 | inventory = 12
[ 2024-08-06 16:02:20,140 ] 151 : Sold 1 shares at price 70,000 | Profit = -2,700 | Portfolio Value = 1,104,291.4 | Budget = 184,456.4 | inventory = 11
[ 2024-08-06 16:02:20,168 ] 153 : Sold 1 shares at price 70,300 | Profit = -2,100 | Portfolio Value = 1,099,656.4 | Budget = 254,721.25 | inventory = 10
[ 2024-08-06 16:02:20,194 ] 155 : Bought 3 shares at price 70,500 | Portfolio Value = 1,104,321.25 | Budget = 43,115.5 | inventory = 11
[ 2024-08-06 16:02:20,221 ] 157 : Sold 1 shares at price 71,700 | Profit = -500 | Portfolio Value = 1,106,615.5 | Budget = 114,779.65 | inventory = 10
[ 2024-08-06 16:02:20,234 ] 158 : Sold 1 shares at price 72,000 | Profit = -1,000 | Portfolio Value = 1,118,579.65 | Budget = 186,743.65 | inventory = 9
[ 2024-08-06 16:02:20,261 ] 160 : Sold 2 shares at price 69,800 | Profit = -3,400 | Portfolio Value = 1,099,343.65 | Budget = 326,273.85 | inventory = 8
[ 2024-08-06 16:02:20,316 ] 164 : Bought 1 shares at price 69,400 | Portfolio Value = 1,083,073.85 | Budget = 256,839.15 | inventory = 9
[ 2024-08-06 16:02:20,329 ] 165 : Bought 3 shares at price 68,600 | Portfolio Value = 1,089,639.15 | Budget = 50,936.25 | inventory = 10
[ 2024-08-06 16:02:20,407 ] 171 : Sold 1 shares at price 68,200 | Profit = -2,100 | Portfolio Value = 1,046,936.25 | Budget = 119,102.15 | inventory = 9
[ 2024-08-06 16:02:20,448 ] 174 : Bought 1 shares at price 67,300 | Portfolio Value = 1,071,102.15 | Budget = 51,768.5 | inventory = 10
[ 2024-08-06 16:02:20,487 ] 177 : Sold 1 shares at price 69,500 | Profit = -500 | Portfolio Value = 1,109,268.5 | Budget = 121,233.75 | inventory = 9
[ 2024-08-06 16:02:20,526 ] 180 : Bought 1 shares at price 68,500 | Portfolio Value = 1,078,833.75 | Budget = 52,699.5 | inventory = 10
[ 2024-08-06 16:02:20,539 ] 181 : Sold 1 shares at price 68,000 | Profit = -800 | Portfolio Value = 1,080,199.5 | Budget = 120,665.5 | inventory = 9
[ 2024-08-06 16:02:20,553 ] 182 : Bought 1 shares at price 66,700 | Portfolio Value = 1,072,665.5 | Budget = 53,932.15 | inventory = 10
[ 2024-08-06 16:02:20,567 ] 183 : Sold 1 shares at price 67,300 | Profit = 700 | Portfolio Value = 1,054,432.15 | Budget = 121,198.5 | inventory = 9
[ 2024-08-06 16:02:20,593 ] 185 : Sold 2 shares at price 66,900 | Profit = -2,600 | Portfolio Value = 1,063,398.5 | Budget = 254,931.6 | inventory = 8
[ 2024-08-06 16:02:20,623 ] 187 : Sold 1 shares at price 69,700 | Profit = -1,300 | Portfolio Value = 1,078,131.6 | Budget = 324,596.75 | inventory = 7
[ 2024-08-06 16:02:20,637 ] 188 : Bought 2 shares at price 69,600 | Portfolio Value = 1,091,296.75 | Budget = 185,327.15 | inventory = 8
[ 2024-08-06 16:02:20,664 ] 190 : Bought 2 shares at price 70,900 | Portfolio Value = 1,107,027.15 | Budget = 43,456.25 | inventory = 9
[ 2024-08-06 16:02:20,798 ] 200 : Sold 1 shares at price 72,800 | Profit = 1,600 | Portfolio Value = 1,133,956.25 | Budget = 116,219.85 | inventory = 8
[ 2024-08-06 16:02:20,812 ] 201 : Sold 3 shares at price 72,800 | Profit = 6,900 | Portfolio Value = 1,135,419.85 | Budget = 334,510.65 | inventory = 7
[ 2024-08-06 16:02:20,851 ] 204 : Bought 3 shares at price 71,300 | Portfolio Value = 1,123,210.65 | Budget = 120,503.7 | inventory = 8
[ 2024-08-06 16:02:20,865 ] 205 : Bought 1 shares at price 72,700 | Portfolio Value = 1,118,703.7 | Budget = 47,767.35 | inventory = 9
[ 2024-08-06 16:02:20,932 ] 210 : Sold 1 shares at price 71,200 | Profit = 1,800 | Portfolio Value = 1,136,767.35 | Budget = 118,931.75 | inventory = 8
[ 2024-08-06 16:02:20,989 ] 214 : Bought 1 shares at price 73,000 | Portfolio Value = 1,135,331.75 | Budget = 45,895.25 | inventory = 9
[ 2024-08-06 16:02:21,045 ] 218 : Sold 3 shares at price 73,300 | Profit = 14,100 | Portfolio Value = 1,142,395.25 | Budget = 265,685.3 | inventory = 8
[ 2024-08-06 16:02:21,077 ] 220 : Bought 1 shares at price 73,400 | Portfolio Value = 1,140,485.3 | Budget = 192,248.6 | inventory = 9
[ 2024-08-06 16:02:21,117 ] 222 : Bought 2 shares at price 75,000 | Portfolio Value = 1,164,648.6 | Budget = 42,173.6 | inventory = 10
[ 2024-08-06 16:02:21,160 ] 225 : Sold 1 shares at price 78,000 | Profit = 10,700 | Portfolio Value = 1,191,173.6 | Budget = 120,134.6 | inventory = 9
[ 2024-08-06 16:02:21,175 ] 226 : Sold 1 shares at price 78,500 | Profit = 10,000 | Portfolio Value = 1,212,134.6 | Budget = 198,595.35 | inventory = 8
[ 2024-08-06 16:02:21,203 ] 2 : Bought 3 shares at price 61,800 | Portfolio Value = 1,000,000.0 | Budget = 814,507.3 | inventory = 1
[ 2024-08-06 16:02:21,245 ] 5 : Bought 5 shares at price 61,600 | Portfolio Value = 1,005,907.3 | Budget = 506,353.3 | inventory = 2
[ 2024-08-06 16:02:21,273 ] 7 : Bought 5 shares at price 63,100 | Portfolio Value = 1,001,553.3 | Budget = 190,695.55 | inventory = 3
[ 2024-08-06 16:02:21,316 ] 10 : Bought 3 shares at price 62,900 | Portfolio Value = 1,007,095.55 | Budget = 1,901.2 | inventory = 4
[ 2024-08-06 16:02:21,330 ] 11 : Sold 3 shares at price 63,200 | Profit = 4,200 | Portfolio Value = 1,008,301.2 | Budget = 191,406.4 | inventory = 3
[ 2024-08-06 16:02:21,358 ] 13 : Bought 3 shares at price 63,700 | Portfolio Value = 1,000,006.4 | Budget = 210.85 | inventory = 4
[ 2024-08-06 16:02:21,440 ] 19 : Sold 5 shares at price 61,300 | Profit = -1,500 | Portfolio Value = 992,210.85 | Budget = 306,557.6 | inventory = 3
[ 2024-08-06 16:02:21,454 ] 20 : Bought 2 shares at price 60,500 | Portfolio Value = 980,857.6 | Budget = 185,497.1 | inventory = 4
[ 2024-08-06 16:02:21,467 ] 21 : Bought 1 shares at price 60,600 | Portfolio Value = 971,997.1 | Budget = 124,866.8 | inventory = 5
[ 2024-08-06 16:02:21,481 ] 22 : Sold 5 shares at price 60,800 | Profit = -11,500 | Portfolio Value = 973,266.8 | Budget = 428,714.8 | inventory = 4
[ 2024-08-06 16:02:21,495 ] 23 : Bought 4 shares at price 60,500 | Portfolio Value = 975,914.8 | Budget = 186,593.8 | inventory = 5
[ 2024-08-06 16:02:21,510 ] 24 : Bought 2 shares at price 61,500 | Portfolio Value = 973,093.8 | Budget = 63,532.3 | inventory = 6
[ 2024-08-06 16:02:21,524 ] 25 : Bought 1 shares at price 60,700 | Portfolio Value = 986,032.3 | Budget = 2,801.95 | inventory = 7
[ 2024-08-06 16:02:21,577 ] 29 : Sold 3 shares at price 60,000 | Profit = -8,700 | Portfolio Value = 954,801.95 | Budget = 182,711.95 | inventory = 6
[ 2024-08-06 16:02:21,645 ] 34 : Sold 3 shares at price 60,200 | Profit = -10,500 | Portfolio Value = 979,611.95 | Budget = 363,221.65 | inventory = 5
[ 2024-08-06 16:02:21,673 ] 36 : Bought 1 shares at price 61,100 | Portfolio Value = 966,221.65 | Budget = 302,091.1 | inventory = 6
[ 2024-08-06 16:02:21,687 ] 37 : Sold 2 shares at price 62,300 | Profit = 3,600 | Portfolio Value = 974,191.1 | Budget = 426,628.8 | inventory = 5
[ 2024-08-06 16:02:21,727 ] 40 : Bought 1 shares at price 62,900 | Portfolio Value = 985,528.8 | Budget = 363,697.35 | inventory = 6
[ 2024-08-06 16:02:21,741 ] 41 : Bought 4 shares at price 62,700 | Portfolio Value = 992,697.35 | Budget = 112,771.95 | inventory = 7
[ 2024-08-06 16:02:21,755 ] 42 : Sold 1 shares at price 63,200 | Profit = 2,600 | Portfolio Value = 990,571.95 | Budget = 175,940.35 | inventory = 6
[ 2024-08-06 16:02:21,768 ] 43 : Bought 1 shares at price 64,000 | Portfolio Value = 997,540.35 | Budget = 111,908.35 | inventory = 7
[ 2024-08-06 16:02:21,796 ] 45 : Bought 1 shares at price 63,600 | Portfolio Value = 995,308.35 | Budget = 48,276.55 | inventory = 8
[ 2024-08-06 16:02:21,809 ] 46 : Sold 4 shares at price 63,900 | Profit = 13,600 | Portfolio Value = 1,002,276.55 | Budget = 303,748.75 | inventory = 7
[ 2024-08-06 16:02:21,822 ] 47 : Bought 4 shares at price 62,300 | Portfolio Value = 1,006,648.75 | Budget = 54,424.15 | inventory = 8
[ 2024-08-06 16:02:21,863 ] 50 : Sold 2 shares at price 65,900 | Profit = 8,800 | Portfolio Value = 1,039,924.15 | Budget = 186,158.25 | inventory = 7
[ 2024-08-06 16:02:21,876 ] 51 : Sold 1 shares at price 66,000 | Profit = 5,300 | Portfolio Value = 1,042,858.25 | Budget = 252,125.25 | inventory = 6
[ 2024-08-06 16:02:21,903 ] 53 : Bought 1 shares at price 65,100 | Portfolio Value = 1,045,325.25 | Budget = 186,992.7 | inventory = 7
[ 2024-08-06 16:02:21,916 ] 54 : Sold 1 shares at price 65,300 | Profit = 4,200 | Portfolio Value = 1,033,292.7 | Budget = 252,260.05 | inventory = 6
[ 2024-08-06 16:02:21,946 ] 56 : Bought 3 shares at price 65,500 | Portfolio Value = 1,039,460.05 | Budget = 55,661.8 | inventory = 7
[ 2024-08-06 16:02:22,054 ] 64 : Sold 1 shares at price 65,700 | Profit = 2,800 | Portfolio Value = 1,038,161.8 | Budget = 121,328.95 | inventory = 6
[ 2024-08-06 16:02:22,094 ] 67 : Sold 4 shares at price 65,900 | Profit = 12,800 | Portfolio Value = 1,032,728.95 | Budget = 384,797.15 | inventory = 5
[ 2024-08-06 16:02:22,107 ] 68 : Sold 1 shares at price 65,300 | Profit = 1,300 | Portfolio Value = 1,043,797.15 | Budget = 450,064.5 | inventory = 4
[ 2024-08-06 16:02:22,147 ] 71 : Bought 2 shares at price 64,100 | Portfolio Value = 1,027,864.5 | Budget = 321,800.4 | inventory = 5
[ 2024-08-06 16:02:22,187 ] 74 : Bought 1 shares at price 65,000 | Portfolio Value = 1,041,200.4 | Budget = 256,767.9 | inventory = 6
[ 2024-08-06 16:02:22,200 ] 75 : Bought 3 shares at price 66,200 | Portfolio Value = 1,036,767.9 | Budget = 58,068.6 | inventory = 7
[ 2024-08-06 16:02:22,265 ] 80 : Sold 1 shares at price 68,800 | Profit = 5,200 | Portfolio Value = 1,085,568.6 | Budget = 126,834.2 | inventory = 6
[ 2024-08-06 16:02:22,320 ] 84 : Sold 4 shares at price 70,900 | Profit = 34,400 | Portfolio Value = 1,126,434.2 | Budget = 410,292.4 | inventory = 5
[ 2024-08-06 16:02:22,347 ] 86 : Bought 1 shares at price 71,700 | Portfolio Value = 1,132,292.4 | Budget = 338,556.55 | inventory = 6
[ 2024-08-06 16:02:22,374 ] 88 : Bought 3 shares at price 70,900 | Portfolio Value = 1,119,556.55 | Budget = 125,750.2 | inventory = 7
[ 2024-08-06 16:02:22,387 ] 89 : Bought 1 shares at price 72,000 | Portfolio Value = 1,118,350.2 | Budget = 53,714.2 | inventory = 8
[ 2024-08-06 16:02:22,415 ] 91 : Sold 1 shares at price 72,000 | Profit = 6,900 | Portfolio Value = 1,118,714.2 | Budget = 125,678.2 | inventory = 7
[ 2024-08-06 16:02:22,456 ] 94 : Bought 1 shares at price 71,800 | Portfolio Value = 1,126,678.2 | Budget = 53,842.3 | inventory = 8
[ 2024-08-06 16:02:22,524 ] 99 : Sold 3 shares at price 71,600 | Profit = 18,300 | Portfolio Value = 1,123,342.3 | Budget = 268,534.9 | inventory = 7
[ 2024-08-06 16:02:22,552 ] 101 : Bought 1 shares at price 72,600 | Portfolio Value = 1,137,334.9 | Budget = 195,898.6 | inventory = 8
[ 2024-08-06 16:02:22,626 ] 106 : Bought 1 shares at price 73,000 | Portfolio Value = 1,144,898.6 | Budget = 122,862.1 | inventory = 9
[ 2024-08-06 16:02:22,639 ] 107 : Bought 1 shares at price 72,000 | Portfolio Value = 1,144,862.1 | Budget = 50,826.1 | inventory = 10
[ 2024-08-06 16:02:22,665 ] 109 : Sold 2 shares at price 69,900 | Profit = 11,600 | Portfolio Value = 1,124,826.1 | Budget = 190,556.2 | inventory = 9
[ 2024-08-06 16:02:22,693 ] 111 : Sold 1 shares at price 71,500 | Profit = 6,500 | Portfolio Value = 1,094,056.2 | Budget = 262,020.45 | inventory = 8
[ 2024-08-06 16:02:22,707 ] 112 : Bought 2 shares at price 71,900 | Portfolio Value = 1,120,020.45 | Budget = 118,148.55 | inventory = 9
[ 2024-08-06 16:02:22,734 ] 114 : Sold 3 shares at price 73,400 | Profit = 21,600 | Portfolio Value = 1,124,748.55 | Budget = 338,238.45 | inventory = 8
[ 2024-08-06 16:02:22,748 ] 115 : Sold 1 shares at price 73,300 | Profit = 1,600 | Portfolio Value = 1,145,638.45 | Budget = 411,501.8 | inventory = 7
[ 2024-08-06 16:02:22,761 ] 116 : Sold 3 shares at price 72,000 | Profit = 3,300 | Portfolio Value = 1,144,501.8 | Budget = 627,393.8 | inventory = 6
[ 2024-08-06 16:02:22,804 ] 119 : Bought 6 shares at price 70,300 | Portfolio Value = 1,124,393.8 | Budget = 205,382.9 | inventory = 7
[ 2024-08-06 16:02:22,834 ] 121 : Bought 1 shares at price 70,000 | Portfolio Value = 1,120,582.9 | Budget = 135,347.9 | inventory = 8
[ 2024-08-06 16:02:22,906 ] 126 : Bought 1 shares at price 71,100 | Portfolio Value = 1,112,547.9 | Budget = 64,212.35 | inventory = 9
[ 2024-08-06 16:02:23,208 ] 148 : Sold 1 shares at price 71,000 | Profit = -1,000 | Portfolio Value = 1,067,712.35 | Budget = 135,176.85 | inventory = 8
[ 2024-08-06 16:02:23,222 ] 149 : Bought 1 shares at price 71,200 | Portfolio Value = 1,129,176.85 | Budget = 63,941.25 | inventory = 9
[ 2024-08-06 16:02:23,271 ] 152 : Sold 1 shares at price 70,400 | Profit = -1,400 | Portfolio Value = 1,113,941.25 | Budget = 134,306.05 | inventory = 8
[ 2024-08-06 16:02:23,285 ] 153 : Bought 1 shares at price 70,300 | Portfolio Value = 1,119,906.05 | Budget = 63,970.9 | inventory = 9
[ 2024-08-06 16:02:23,510 ] 169 : Sold 1 shares at price 66,000 | Profit = -6,600 | Portfolio Value = 1,064,470.9 | Budget = 129,937.9 | inventory = 8
[ 2024-08-06 16:02:23,524 ] 170 : Sold 1 shares at price 66,400 | Profit = -6,600 | Portfolio Value = 1,053,937.9 | Budget = 196,304.7 | inventory = 7
[ 2024-08-06 16:02:23,552 ] 172 : Bought 2 shares at price 68,900 | Portfolio Value = 1,082,904.7 | Budget = 58,435.8 | inventory = 8
[ 2024-08-06 16:02:23,661 ] 180 : Sold 1 shares at price 68,500 | Profit = -3,500 | Portfolio Value = 1,084,435.8 | Budget = 126,901.55 | inventory = 7
[ 2024-08-06 16:02:23,689 ] 182 : Bought 1 shares at price 66,700 | Portfolio Value = 1,078,901.55 | Budget = 60,168.2 | inventory = 8
[ 2024-08-06 16:02:23,747 ] 186 : Sold 2 shares at price 68,600 | Profit = -6,600 | Portfolio Value = 1,063,668.2 | Budget = 197,299.6 | inventory = 7
[ 2024-08-06 16:02:23,760 ] 187 : Bought 2 shares at price 69,700 | Portfolio Value = 1,089,099.6 | Budget = 57,829.9 | inventory = 8
[ 2024-08-06 16:02:23,936 ] 200 : Sold 6 shares at price 72,800 | Profit = 15,000 | Portfolio Value = 1,148,329.9 | Budget = 494,411.5 | inventory = 7
[ 2024-08-06 16:02:23,963 ] 202 : Bought 1 shares at price 72,400 | Portfolio Value = 1,149,611.5 | Budget = 421,975.3 | inventory = 8
[ 2024-08-06 16:02:23,991 ] 204 : Sold 1 shares at price 71,300 | Profit = 1,300 | Portfolio Value = 1,138,975.3 | Budget = 493,239.65 | inventory = 7
[ 2024-08-06 16:02:24,005 ] 205 : Sold 1 shares at price 72,700 | Profit = 1,600 | Portfolio Value = 1,134,939.65 | Budget = 565,903.3 | inventory = 6
[ 2024-08-06 16:02:24,046 ] 208 : Bought 2 shares at price 72,000 | Portfolio Value = 1,148,303.3 | Budget = 421,831.3 | inventory = 7
[ 2024-08-06 16:02:24,101 ] 212 : Bought 2 shares at price 71,500 | Portfolio Value = 1,138,831.3 | Budget = 278,759.8 | inventory = 8
[ 2024-08-06 16:02:24,114 ] 213 : Sold 1 shares at price 72,600 | Profit = 1,400 | Portfolio Value = 1,136,759.8 | Budget = 351,323.5 | inventory = 7
[ 2024-08-06 16:02:24,143 ] 215 : Bought 4 shares at price 73,500 | Portfolio Value = 1,154,323.5 | Budget = 57,176.5 | inventory = 8
[ 2024-08-06 16:02:24,260 ] 219 : Sold 1 shares at price 72,900 | Profit = 2,600 | Portfolio Value = 1,156,676.5 | Budget = 130,040.05 | inventory = 7
[ 2024-08-06 16:02:24,289 ] 221 : Bought 1 shares at price 74,800 | Portfolio Value = 1,157,640.05 | Budget = 55,202.65 | inventory = 8
[ 2024-08-06 16:02:24,358 ] Evaluation at Episode 1: Average Reward: 129,701.12 Average Profit: 129,680, Profit Rate: 12.97%
[ 2024-08-06 16:02:24,358 ] ----------------------------------------------------------------------------------------------------
[ 2024-08-06 16:02:24,358 ] Starting Episode 2
[ 2024-08-06 16:02:24,373 ] 1 : Bought 11 shares at price 61,000 | Portfolio Value = 1,000,000 | Budget = 328,664.5 | inventory = 1
[ 2024-08-06 16:02:24,400 ] 3 : Bought 2 shares at price 63,500 | Portfolio Value = 1,008,464.5 | Budget = 201,601.0 | inventory = 2
[ 2024-08-06 16:02:24,427 ] 5 : Bought 1 shares at price 61,600 | Portfolio Value = 1,031,001.0 | Budget = 139,970.2 | inventory = 3
[ 2024-08-06 16:02:24,441 ] 6 : Bought 1 shares at price 61,900 | Portfolio Value = 1,002,370.2 | Budget = 78,039.25 | inventory = 4
[ 2024-08-06 16:02:24,455 ] 7 : Bought 1 shares at price 63,100 | Portfolio Value = 1,006,539.25 | Budget = 14,907.7 | inventory = 5
[ 2024-08-06 16:02:24,483 ] 9 : Sold 11 shares at price 62,800 | Profit = 19,800 | Portfolio Value = 1,022,907.7 | Budget = 705,362.3 | inventory = 4
[ 2024-08-06 16:02:24,524 ] 12 : Sold 2 shares at price 62,200 | Profit = -2,600 | Portfolio Value = 1,021,362.3 | Budget = 829,700.1 | inventory = 3
[ 2024-08-06 16:02:24,537 ] 13 : Bought 12 shares at price 63,700 | Portfolio Value = 1,016,300.1 | Budget = 64,917.9 | inventory = 4
[ 2024-08-06 16:02:24,567 ] 15 : Sold 1 shares at price 62,700 | Profit = 1,100 | Portfolio Value = 1,003,917.9 | Budget = 127,586.55 | inventory = 3
[ 2024-08-06 16:02:24,596 ] 17 : Sold 1 shares at price 61,100 | Profit = -800 | Portfolio Value = 996,986.55 | Budget = 188,656.0 | inventory = 2
[ 2024-08-06 16:02:24,613 ] 18 : Bought 2 shares at price 62,000 | Portfolio Value = 982,956.0 | Budget = 64,594.0 | inventory = 3
[ 2024-08-06 16:02:24,644 ] 20 : Sold 1 shares at price 60,500 | Profit = -2,600 | Portfolio Value = 984,094.0 | Budget = 125,063.75 | inventory = 2
[ 2024-08-06 16:02:24,659 ] 21 : Bought 1 shares at price 60,600 | Portfolio Value = 972,063.75 | Budget = 64,433.45 | inventory = 3
[ 2024-08-06 16:02:24,674 ] 22 : Bought 1 shares at price 60,800 | Portfolio Value = 973,433.45 | Budget = 3,603.05 | inventory = 4
[ 2024-08-06 16:02:24,716 ] 25 : Sold 12 shares at price 60,700 | Profit = -36,000 | Portfolio Value = 987,603.05 | Budget = 731,638.85 | inventory = 3
[ 2024-08-06 16:02:24,730 ] 26 : Sold 2 shares at price 60,300 | Profit = -3,400 | Portfolio Value = 974,438.85 | Budget = 852,178.55 | inventory = 2
[ 2024-08-06 16:02:24,743 ] 27 : Sold 1 shares at price 60,100 | Profit = -500 | Portfolio Value = 972,778.55 | Budget = 912,248.5 | inventory = 1
[ 2024-08-06 16:02:24,772 ] 29 : Bought 8 shares at price 60,000 | Portfolio Value = 971,748.5 | Budget = 432,008.5 | inventory = 2
[ 2024-08-06 16:03:33,559 ] Starting Episode 1
[ 2024-08-06 16:03:33,751 ] 1 : Bought 9 shares at price 61,000 | Portfolio Value = 1,000,000 | Budget = 450,725.5 | inventory = 1
[ 2024-08-06 16:03:33,767 ] 2 : Sold 9 shares at price 61,800 | Profit = 7,200 | Portfolio Value = 999,725.5 | Budget = 1,006,647.4 | inventory = 0
[ 2024-08-06 16:03:33,808 ] 5 : Bought 4 shares at price 61,600 | Portfolio Value = 1,006,647.4 | Budget = 760,124.2 | inventory = 1
[ 2024-08-06 16:03:33,822 ] 6 : Bought 12 shares at price 61,900 | Portfolio Value = 1,006,524.2 | Budget = 16,952.8 | inventory = 2
[ 2024-08-06 16:03:33,849 ] 8 : Sold 4 shares at price 63,000 | Profit = 5,600 | Portfolio Value = 1,026,552.8 | Budget = 268,826.8 | inventory = 1
[ 2024-08-06 16:03:33,863 ] 9 : Sold 12 shares at price 62,800 | Profit = 10,800 | Portfolio Value = 1,024,826.8 | Budget = 1,022,050.0 | inventory = 0
[ 2024-08-06 16:03:33,993 ] 13 : Bought 13 shares at price 63,700 | Portfolio Value = 1,022,050.0 | Budget = 193,535.95 | inventory = 1
[ 2024-08-06 16:03:34,025 ] 14 : Bought 3 shares at price 62,600 | Portfolio Value = 1,021,635.95 | Budget = 5,642.05 | inventory = 2
[ 2024-08-06 16:03:34,056 ] 16 : Sold 13 shares at price 62,100 | Profit = -20,800 | Portfolio Value = 1,008,842.05 | Budget = 812,538.4 | inventory = 1
[ 2024-08-06 16:03:34,073 ] 17 : Bought 8 shares at price 61,100 | Portfolio Value = 998,838.4 | Budget = 323,494.0 | inventory = 2
[ 2024-08-06 16:03:34,088 ] 18 : Bought 2 shares at price 62,000 | Portfolio Value = 995,594.0 | Budget = 199,432.0 | inventory = 3
[ 2024-08-06 16:03:34,103 ] 19 : Sold 3 shares at price 61,300 | Profit = -3,900 | Portfolio Value = 1,005,432.0 | Budget = 383,240.05 | inventory = 2
[ 2024-08-06 16:03:34,129 ] 20 : Sold 8 shares at price 60,500 | Profit = -4,800 | Portfolio Value = 996,240.05 | Budget = 866,998.05 | inventory = 1
[ 2024-08-06 16:03:34,145 ] 21 : Bought 3 shares at price 60,600 | Portfolio Value = 987,998.05 | Budget = 685,107.15 | inventory = 2
[ 2024-08-06 16:03:34,161 ] 22 : Sold 2 shares at price 60,800 | Profit = -2,400 | Portfolio Value = 988,107.15 | Budget = 806,646.35 | inventory = 1
[ 2024-08-06 16:03:34,179 ] 23 : Bought 4 shares at price 60,500 | Portfolio Value = 989,046.35 | Budget = 564,525.35 | inventory = 2
[ 2024-08-06 16:03:34,197 ] 24 : Bought 6 shares at price 61,500 | Portfolio Value = 988,025.35 | Budget = 195,340.85 | inventory = 3
[ 2024-08-06 16:03:34,236 ] 26 : Sold 3 shares at price 60,300 | Profit = -900 | Portfolio Value = 984,440.85 | Budget = 376,150.4 | inventory = 2
[ 2024-08-06 16:03:34,265 ] 27 : Bought 1 shares at price 60,100 | Portfolio Value = 979,150.4 | Budget = 316,020.35 | inventory = 3
[ 2024-08-06 16:03:34,293 ] 28 : Sold 4 shares at price 59,500 | Profit = -4,000 | Portfolio Value = 977,120.35 | Budget = 553,901.35 | inventory = 2
[ 2024-08-06 16:03:34,310 ] 29 : Sold 6 shares at price 60,000 | Profit = -9,000 | Portfolio Value = 970,401.35 | Budget = 913,721.35 | inventory = 1
[ 2024-08-06 16:03:34,343 ] 30 : Bought 9 shares at price 59,000 | Portfolio Value = 973,721.35 | Budget = 382,455.85 | inventory = 2
[ 2024-08-06 16:03:34,373 ] 31 : Bought 1 shares at price 59,800 | Portfolio Value = 972,455.85 | Budget = 322,625.95 | inventory = 3
[ 2024-08-06 16:03:34,404 ] 32 : Bought 5 shares at price 59,900 | Portfolio Value = 980,425.95 | Budget = 22,976.2 | inventory = 4
[ 2024-08-06 16:03:34,441 ] 34 : Sold 1 shares at price 60,200 | Profit = 100 | Portfolio Value = 1,003,776.2 | Budget = 83,146.1 | inventory = 3
[ 2024-08-06 16:03:34,455 ] 35 : Sold 9 shares at price 60,300 | Profit = 11,700 | Portfolio Value = 986,146.1 | Budget = 625,574.75 | inventory = 2
[ 2024-08-06 16:03:34,469 ] 36 : Sold 1 shares at price 61,100 | Profit = 1,300 | Portfolio Value = 987,374.75 | Budget = 686,644.2 | inventory = 1
[ 2024-08-06 16:03:34,483 ] 37 : Bought 11 shares at price 62,300 | Portfolio Value = 992,144.2 | Budget = 1,001.55 | inventory = 2
[ 2024-08-06 16:03:34,511 ] 39 : Sold 5 shares at price 62,100 | Profit = 11,000 | Portfolio Value = 1,009,001.55 | Budget = 311,346.3 | inventory = 1
[ 2024-08-06 16:03:34,526 ] 40 : Sold 11 shares at price 62,900 | Profit = 6,600 | Portfolio Value = 994,446.3 | Budget = 1,002,900.35 | inventory = 0
[ 2024-08-06 16:03:34,540 ] 41 : Bought 8 shares at price 62,700 | Portfolio Value = 1,002,900.35 | Budget = 501,049.55 | inventory = 1
[ 2024-08-06 16:03:34,554 ] 42 : Sold 8 shares at price 63,200 | Profit = 4,000 | Portfolio Value = 1,002,649.55 | Budget = 1,006,396.75 | inventory = 0
[ 2024-08-06 16:03:34,605 ] 45 : Bought 10 shares at price 63,600 | Portfolio Value = 1,006,396.75 | Budget = 370,078.75 | inventory = 1
[ 2024-08-06 16:03:34,619 ] 46 : Sold 10 shares at price 63,900 | Profit = 3,000 | Portfolio Value = 1,006,078.75 | Budget = 1,008,759.25 | inventory = 0
[ 2024-08-06 16:03:34,633 ] 47 : Bought 15 shares at price 62,300 | Portfolio Value = 1,008,759.25 | Budget = 73,792.0 | inventory = 1
[ 2024-08-06 16:03:34,650 ] 48 : Sold 15 shares at price 65,000 | Profit = 40,500 | Portfolio Value = 1,008,292.0 | Budget = 1,048,304.5 | inventory = 0
[ 2024-08-06 16:03:34,670 ] 49 : Bought 1 shares at price 65,700 | Portfolio Value = 1,048,304.5 | Budget = 982,571.65 | inventory = 1
[ 2024-08-06 16:03:34,687 ] 50 : Bought 4 shares at price 65,900 | Portfolio Value = 1,048,271.65 | Budget = 718,839.85 | inventory = 2
[ 2024-08-06 16:03:34,703 ] 51 : Sold 1 shares at price 66,000 | Profit = 300 | Portfolio Value = 1,048,339.85 | Budget = 784,806.85 | inventory = 1
[ 2024-08-06 16:03:34,717 ] 52 : Sold 4 shares at price 66,100 | Profit = 800 | Portfolio Value = 1,048,806.85 | Budget = 1,049,074.65 | inventory = 0
[ 2024-08-06 16:03:34,765 ] 55 : Bought 11 shares at price 65,600 | Portfolio Value = 1,049,074.65 | Budget = 327,113.85 | inventory = 1
[ 2024-08-06 16:03:34,786 ] 56 : Sold 11 shares at price 65,500 | Profit = -1,100 | Portfolio Value = 1,048,713.85 | Budget = 1,047,253.6 | inventory = 0
[ 2024-08-06 16:03:34,800 ] 57 : Bought 14 shares at price 65,300 | Portfolio Value = 1,047,253.6 | Budget = 132,596.5 | inventory = 1
[ 2024-08-06 16:03:34,814 ] 58 : Bought 2 shares at price 65,700 | Portfolio Value = 1,046,796.5 | Budget = 1,130.8 | inventory = 2
[ 2024-08-06 16:03:34,882 ] 63 : Sold 14 shares at price 65,500 | Profit = 2,800 | Portfolio Value = 1,034,730.8 | Budget = 917,672.3 | inventory = 1
[ 2024-08-06 16:03:34,895 ] 64 : Bought 2 shares at price 65,700 | Portfolio Value = 1,048,672.3 | Budget = 786,206.6 | inventory = 2
[ 2024-08-06 16:03:34,908 ] 65 : Sold 2 shares at price 65,400 | Profit = -600 | Portfolio Value = 1,049,006.6 | Budget = 916,941.2 | inventory = 1
[ 2024-08-06 16:03:34,921 ] 66 : Sold 2 shares at price 65,100 | Profit = -1,200 | Portfolio Value = 1,047,741.2 | Budget = 1,047,076.1 | inventory = 0
[ 2024-08-06 16:03:34,937 ] 67 : Bought 12 shares at price 65,900 | Portfolio Value = 1,047,076.1 | Budget = 255,880.7 | inventory = 1
[ 2024-08-06 16:03:34,951 ] 68 : Sold 12 shares at price 65,300 | Profit = -7,200 | Portfolio Value = 1,046,680.7 | Budget = 1,039,088.9 | inventory = 0
[ 2024-08-06 16:03:34,963 ] 69 : Bought 4 shares at price 64,600 | Portfolio Value = 1,039,088.9 | Budget = 780,559.7 | inventory = 1
[ 2024-08-06 16:03:34,976 ] 70 : Sold 4 shares at price 64,200 | Profit = -1,600 | Portfolio Value = 1,038,959.7 | Budget = 1,037,231.3 | inventory = 0
[ 2024-08-06 16:03:34,989 ] 71 : Bought 14 shares at price 64,100 | Portfolio Value = 1,037,231.3 | Budget = 139,382.6 | inventory = 1
[ 2024-08-06 16:03:35,002 ] 72 : Bought 2 shares at price 64,500 | Portfolio Value = 1,036,782.6 | Budget = 10,318.1 | inventory = 2
[ 2024-08-06 16:03:35,029 ] 74 : Sold 14 shares at price 65,000 | Profit = 12,600 | Portfolio Value = 1,056,718.1 | Budget = 919,863.1 | inventory = 1
[ 2024-08-06 16:03:35,042 ] 75 : Sold 2 shares at price 66,200 | Profit = 3,400 | Portfolio Value = 1,049,863.1 | Budget = 1,052,196.9 | inventory = 0
[ 2024-08-06 16:03:35,056 ] 76 : Bought 11 shares at price 68,400 | Portfolio Value = 1,052,196.9 | Budget = 299,420.7 | inventory = 1
[ 2024-08-06 16:03:35,069 ] 77 : Sold 11 shares at price 68,500 | Profit = 1,100 | Portfolio Value = 1,051,820.7 | Budget = 1,052,543.95 | inventory = 0
[ 2024-08-06 16:03:35,095 ] 79 : Bought 4 shares at price 68,500 | Portfolio Value = 1,052,543.95 | Budget = 778,406.95 | inventory = 1
[ 2024-08-06 16:03:35,121 ] 81 : Sold 4 shares at price 70,300 | Profit = 7,200 | Portfolio Value = 1,053,606.95 | Budget = 1,059,466.35 | inventory = 0
[ 2024-08-06 16:03:35,175 ] 83 : Bought 14 shares at price 71,400 | Portfolio Value = 1,059,466.35 | Budget = 59,366.55 | inventory = 1
[ 2024-08-06 16:03:35,243 ] 87 : Sold 14 shares at price 71,000 | Profit = -5,600 | Portfolio Value = 1,063,166.55 | Budget = 1,052,869.55 | inventory = 0
[ 2024-08-06 16:03:35,293 ] 90 : Bought 10 shares at price 71,000 | Portfolio Value = 1,052,869.55 | Budget = 342,514.55 | inventory = 1
[ 2024-08-06 16:03:35,307 ] 91 : Bought 2 shares at price 72,000 | Portfolio Value = 1,052,514.55 | Budget = 198,442.55 | inventory = 2
[ 2024-08-06 16:03:35,321 ] 92 : Bought 1 shares at price 71,900 | Portfolio Value = 1,062,442.55 | Budget = 126,506.6 | inventory = 3
[ 2024-08-06 16:03:35,334 ] 93 : Sold 10 shares at price 71,500 | Profit = 5,000 | Portfolio Value = 1,061,206.6 | Budget = 841,149.1 | inventory = 2
[ 2024-08-06 16:03:35,347 ] 94 : Bought 10 shares at price 71,800 | Portfolio Value = 1,055,649.1 | Budget = 122,790.1 | inventory = 3
[ 2024-08-06 16:03:35,360 ] 95 : Sold 2 shares at price 71,200 | Profit = -1,600 | Portfolio Value = 1,056,190.1 | Budget = 265,118.9 | inventory = 2
[ 2024-08-06 16:03:35,373 ] 96 : Sold 1 shares at price 71,400 | Profit = -500 | Portfolio Value = 1,048,318.9 | Budget = 336,483.2 | inventory = 1
[ 2024-08-06 16:03:35,388 ] 97 : Sold 10 shares at price 70,500 | Profit = -13,000 | Portfolio Value = 1,050,483.2 | Budget = 1,041,130.7 | inventory = 0
[ 2024-08-06 16:03:35,414 ] 99 : Bought 8 shares at price 71,600 | Portfolio Value = 1,041,130.7 | Budget = 468,044.3 | inventory = 1
[ 2024-08-06 16:03:35,426 ] 100 : Bought 4 shares at price 72,400 | Portfolio Value = 1,040,844.3 | Budget = 178,299.5 | inventory = 2
[ 2024-08-06 16:03:35,440 ] 101 : Bought 2 shares at price 72,600 | Portfolio Value = 1,047,099.5 | Budget = 33,026.9 | inventory = 3
[ 2024-08-06 16:03:35,453 ] 102 : Sold 8 shares at price 72,700 | Profit = 8,800 | Portfolio Value = 1,049,426.9 | Budget = 614,336.1 | inventory = 2
[ 2024-08-06 16:03:35,465 ] 103 : Bought 3 shares at price 72,400 | Portfolio Value = 1,050,536.1 | Budget = 397,027.5 | inventory = 3
[ 2024-08-06 16:03:35,479 ] 104 : Bought 1 shares at price 72,200 | Portfolio Value = 1,048,627.5 | Budget = 324,791.4 | inventory = 4
[ 2024-08-06 16:03:35,492 ] 105 : Sold 4 shares at price 73,000 | Profit = 2,400 | Portfolio Value = 1,046,791.4 | Budget = 616,645.4 | inventory = 3
[ 2024-08-06 16:03:35,506 ] 106 : Bought 3 shares at price 73,000 | Portfolio Value = 1,054,645.4 | Budget = 397,535.9 | inventory = 4
[ 2024-08-06 16:03:35,520 ] 107 : Bought 1 shares at price 72,000 | Portfolio Value = 1,054,535.9 | Budget = 325,499.9 | inventory = 5
[ 2024-08-06 16:03:35,533 ] 108 : Sold 2 shares at price 71,600 | Profit = -2,000 | Portfolio Value = 1,045,499.9 | Budget = 468,628.3 | inventory = 4
[ 2024-08-06 16:03:35,546 ] 109 : Bought 3 shares at price 69,900 | Portfolio Value = 1,041,428.3 | Budget = 258,823.45 | inventory = 5
[ 2024-08-06 16:03:35,559 ] 110 : Bought 1 shares at price 69,500 | Portfolio Value = 1,027,723.45 | Budget = 189,288.7 | inventory = 6
[ 2024-08-06 16:03:35,572 ] 111 : Bought 1 shares at price 71,500 | Portfolio Value = 1,023,288.7 | Budget = 117,752.95 | inventory = 7
[ 2024-08-06 16:03:35,585 ] 112 : Bought 1 shares at price 71,900 | Portfolio Value = 1,047,252.95 | Budget = 45,817.0 | inventory = 8
[ 2024-08-06 16:03:35,598 ] 113 : Sold 3 shares at price 71,900 | Profit = -1,500 | Portfolio Value = 1,052,417.0 | Budget = 261,409.15 | inventory = 7
[ 2024-08-06 16:03:35,610 ] 114 : Sold 1 shares at price 73,400 | Profit = 1,200 | Portfolio Value = 1,052,309.15 | Budget = 334,772.45 | inventory = 6
[ 2024-08-06 16:03:35,623 ] 115 : Bought 1 shares at price 73,300 | Portfolio Value = 1,068,772.45 | Budget = 261,435.8 | inventory = 7
[ 2024-08-06 16:03:35,637 ] 116 : Sold 3 shares at price 72,000 | Profit = -3,000 | Portfolio Value = 1,067,735.8 | Budget = 477,327.8 | inventory = 6
[ 2024-08-06 16:03:35,651 ] 117 : Bought 4 shares at price 71,700 | Portfolio Value = 1,053,327.8 | Budget = 190,384.4 | inventory = 7
[ 2024-08-06 16:03:35,664 ] 118 : Bought 2 shares at price 71,000 | Portfolio Value = 1,050,784.4 | Budget = 48,313.4 | inventory = 8
[ 2024-08-06 16:03:35,677 ] 119 : Sold 1 shares at price 70,300 | Profit = -1,700 | Portfolio Value = 1,042,313.4 | Budget = 118,578.25 | inventory = 7
[ 2024-08-06 16:03:35,691 ] 120 : Bought 1 shares at price 70,400 | Portfolio Value = 1,032,478.25 | Budget = 48,143.05 | inventory = 8
[ 2024-08-06 16:03:35,704 ] 121 : Sold 3 shares at price 70,000 | Profit = 300 | Portfolio Value = 1,033,743.05 | Budget = 258,038.05 | inventory = 7
[ 2024-08-06 16:03:35,717 ] 122 : Bought 2 shares at price 69,800 | Portfolio Value = 1,028,038.05 | Budget = 118,368.25 | inventory = 8
[ 2024-08-06 16:03:35,729 ] 123 : Bought 1 shares at price 71,700 | Portfolio Value = 1,025,768.25 | Budget = 46,632.4 | inventory = 9
[ 2024-08-06 16:03:35,784 ] 127 : Sold 1 shares at price 69,900 | Profit = 400 | Portfolio Value = 1,042,032.4 | Budget = 116,497.45 | inventory = 8
[ 2024-08-06 16:03:35,798 ] 128 : Sold 1 shares at price 68,800 | Profit = -2,700 | Portfolio Value = 1,025,197.45 | Budget = 185,263.05 | inventory = 7
[ 2024-08-06 16:03:35,824 ] 130 : Sold 1 shares at price 68,500 | Profit = -3,400 | Portfolio Value = 1,004,863.05 | Budget = 253,728.8 | inventory = 6
[ 2024-08-06 16:03:35,836 ] 131 : Bought 1 shares at price 67,600 | Portfolio Value = 1,007,228.8 | Budget = 186,095.0 | inventory = 7
[ 2024-08-06 16:03:35,876 ] 134 : Sold 1 shares at price 67,500 | Profit = -5,800 | Portfolio Value = 1,002,095.0 | Budget = 253,561.25 | inventory = 6
[ 2024-08-06 16:03:35,888 ] 135 : Sold 4 shares at price 67,300 | Profit = -17,600 | Portfolio Value = 996,061.25 | Budget = 522,626.65 | inventory = 5
[ 2024-08-06 16:03:35,901 ] 136 : Bought 7 shares at price 67,000 | Portfolio Value = 993,726.65 | Budget = 53,392.15 | inventory = 6
[ 2024-08-06 16:03:35,927 ] 138 : Sold 2 shares at price 66,300 | Profit = -9,400 | Portfolio Value = 987,192.15 | Budget = 185,925.85 | inventory = 5
[ 2024-08-06 16:03:35,940 ] 139 : Bought 1 shares at price 66,600 | Portfolio Value = 981,525.85 | Budget = 119,292.55 | inventory = 6
[ 2024-08-06 16:03:35,959 ] 140 : Sold 1 shares at price 66,600 | Profit = -3,800 | Portfolio Value = 985,092.55 | Budget = 185,859.25 | inventory = 5
[ 2024-08-06 16:03:35,972 ] 141 : Sold 2 shares at price 67,100 | Profit = -5,400 | Portfolio Value = 985,059.25 | Budget = 319,992.15 | inventory = 4
[ 2024-08-06 16:03:35,984 ] 142 : Bought 4 shares at price 68,200 | Portfolio Value = 990,992.15 | Budget = 47,055.75 | inventory = 5
[ 2024-08-06 16:03:35,997 ] 143 : Sold 1 shares at price 67,100 | Profit = -4,600 | Portfolio Value = 1,001,855.75 | Budget = 114,122.2 | inventory = 4
[ 2024-08-06 16:03:36,011 ] 144 : Bought 1 shares at price 66,800 | Portfolio Value = 986,422.2 | Budget = 47,288.8 | inventory = 5
[ 2024-08-06 16:03:36,104 ] 151 : Sold 1 shares at price 70,000 | Profit = 2,400 | Portfolio Value = 1,037,088.8 | Budget = 117,253.8 | inventory = 4
[ 2024-08-06 16:03:36,118 ] 152 : Sold 7 shares at price 70,400 | Profit = 23,800 | Portfolio Value = 1,027,253.8 | Budget = 609,807.4 | inventory = 3
[ 2024-08-06 16:03:36,131 ] 153 : Bought 4 shares at price 70,300 | Portfolio Value = 1,032,207.4 | Budget = 328,466.8 | inventory = 4
[ 2024-08-06 16:03:36,145 ] 154 : Bought 3 shares at price 70,800 | Portfolio Value = 1,031,466.8 | Budget = 115,960.6 | inventory = 5
[ 2024-08-06 16:03:36,159 ] 155 : Sold 1 shares at price 70,500 | Profit = 3,900 | Portfolio Value = 1,036,360.6 | Budget = 186,425.35 | inventory = 4
[ 2024-08-06 16:03:36,172 ] 156 : Bought 1 shares at price 70,900 | Portfolio Value = 1,032,425.35 | Budget = 115,489.9 | inventory = 5
[ 2024-08-06 16:03:36,185 ] 157 : Sold 4 shares at price 71,700 | Profit = 14,000 | Portfolio Value = 1,037,189.9 | Budget = 402,146.5 | inventory = 4
[ 2024-08-06 16:03:36,198 ] 158 : Sold 1 shares at price 72,000 | Profit = 5,200 | Portfolio Value = 1,047,446.5 | Budget = 474,110.5 | inventory = 3
[ 2024-08-06 16:03:36,211 ] 159 : Bought 4 shares at price 70,200 | Portfolio Value = 1,050,110.5 | Budget = 193,170.1 | inventory = 4
[ 2024-08-06 16:03:36,224 ] 160 : Sold 4 shares at price 69,800 | Profit = -2,000 | Portfolio Value = 1,035,570.1 | Budget = 472,230.5 | inventory = 3
[ 2024-08-06 16:03:36,238 ] 161 : Bought 3 shares at price 69,600 | Portfolio Value = 1,030,630.5 | Budget = 263,326.1 | inventory = 4
[ 2024-08-06 16:03:36,251 ] 162 : Sold 3 shares at price 68,900 | Profit = -5,700 | Portfolio Value = 1,028,926.1 | Budget = 469,922.75 | inventory = 3
[ 2024-08-06 16:03:36,265 ] 163 : Bought 2 shares at price 68,800 | Portfolio Value = 1,021,122.75 | Budget = 332,253.95 | inventory = 4
[ 2024-08-06 16:03:36,278 ] 164 : Bought 3 shares at price 69,400 | Portfolio Value = 1,020,253.95 | Budget = 123,949.85 | inventory = 5
[ 2024-08-06 16:03:36,292 ] 165 : Bought 1 shares at price 68,600 | Portfolio Value = 1,026,149.85 | Budget = 55,315.55 | inventory = 6
[ 2024-08-06 16:03:36,318 ] 167 : Sold 1 shares at price 67,500 | Profit = -3,400 | Portfolio Value = 1,012,915.55 | Budget = 122,781.8 | inventory = 5
[ 2024-08-06 16:03:36,345 ] 169 : Bought 1 shares at price 66,000 | Portfolio Value = 989,881.8 | Budget = 56,748.8 | inventory = 6
[ 2024-08-06 16:03:36,358 ] 170 : Sold 4 shares at price 66,400 | Profit = -15,200 | Portfolio Value = 980,748.8 | Budget = 322,216.0 | inventory = 5
[ 2024-08-06 16:03:36,375 ] 171 : Bought 4 shares at price 68,200 | Portfolio Value = 986,216.0 | Budget = 49,279.6 | inventory = 6
[ 2024-08-06 16:03:36,487 ] 173 : Sold 3 shares at price 68,000 | Profit = -4,800 | Portfolio Value = 1,013,879.6 | Budget = 253,177.6 | inventory = 5
[ 2024-08-06 16:03:36,502 ] 174 : Bought 1 shares at price 67,300 | Portfolio Value = 1,001,177.6 | Budget = 185,843.95 | inventory = 6
[ 2024-08-06 16:03:36,515 ] 175 : Sold 2 shares at price 69,400 | Profit = 1,200 | Portfolio Value = 993,443.95 | Budget = 324,574.55 | inventory = 5
[ 2024-08-06 16:03:36,543 ] 177 : Sold 3 shares at price 69,500 | Profit = 300 | Portfolio Value = 1,029,574.55 | Budget = 532,970.3 | inventory = 4
[ 2024-08-06 16:03:36,557 ] 178 : Bought 2 shares at price 68,800 | Portfolio Value = 1,019,470.3 | Budget = 395,301.5 | inventory = 5
[ 2024-08-06 16:03:36,571 ] 179 : Sold 1 shares at price 68,400 | Profit = -200 | Portfolio Value = 1,014,501.5 | Budget = 463,667.3 | inventory = 4
[ 2024-08-06 16:03:36,585 ] 180 : Bought 3 shares at price 68,500 | Portfolio Value = 1,010,867.3 | Budget = 258,064.55 | inventory = 5
[ 2024-08-06 16:03:36,598 ] 181 : Bought 2 shares at price 68,000 | Portfolio Value = 1,011,564.55 | Budget = 121,996.55 | inventory = 6
[ 2024-08-06 16:03:36,611 ] 182 : Bought 1 shares at price 66,700 | Portfolio Value = 1,005,996.55 | Budget = 55,263.2 | inventory = 7
[ 2024-08-06 16:03:36,624 ] 183 : Sold 1 shares at price 67,300 | Profit = 1,300 | Portfolio Value = 989,063.2 | Budget = 122,529.55 | inventory = 6
[ 2024-08-06 16:03:36,637 ] 184 : Bought 1 shares at price 67,300 | Portfolio Value = 997,429.55 | Budget = 55,195.9 | inventory = 7
[ 2024-08-06 16:03:36,665 ] 186 : Sold 4 shares at price 68,600 | Profit = 1,600 | Portfolio Value = 991,795.9 | Budget = 329,458.7 | inventory = 6
[ 2024-08-06 16:03:36,678 ] 187 : Sold 1 shares at price 69,700 | Profit = 2,400 | Portfolio Value = 1,015,458.7 | Budget = 399,123.85 | inventory = 5
[ 2024-08-06 16:03:36,691 ] 188 : Sold 2 shares at price 69,600 | Profit = 1,600 | Portfolio Value = 1,026,423.85 | Budget = 538,254.25 | inventory = 4
[ 2024-08-06 16:03:36,705 ] 189 : Sold 3 shares at price 70,900 | Profit = 7,200 | Portfolio Value = 1,025,454.25 | Budget = 750,847.9 | inventory = 3
[ 2024-08-06 16:03:36,718 ] 190 : Bought 10 shares at price 70,900 | Portfolio Value = 1,034,447.9 | Budget = 41,493.4 | inventory = 4
[ 2024-08-06 16:03:36,745 ] 192 : Sold 2 shares at price 70,300 | Profit = 4,600 | Portfolio Value = 1,020,093.4 | Budget = 182,023.1 | inventory = 3
[ 2024-08-06 16:03:36,758 ] 193 : Sold 1 shares at price 70,500 | Profit = 3,800 | Portfolio Value = 1,025,623.1 | Budget = 252,487.85 | inventory = 2
[ 2024-08-06 16:03:36,771 ] 194 : Bought 3 shares at price 70,400 | Portfolio Value = 1,027,987.85 | Budget = 41,182.25 | inventory = 3
[ 2024-08-06 16:03:36,810 ] 197 : Sold 1 shares at price 72,800 | Profit = 5,500 | Portfolio Value = 1,051,982.25 | Budget = 113,945.85 | inventory = 2
[ 2024-08-06 16:03:36,823 ] 198 : Sold 10 shares at price 72,500 | Profit = 16,000 | Portfolio Value = 1,060,345.85 | Budget = 838,583.35 | inventory = 1
[ 2024-08-06 16:03:36,836 ] 199 : Sold 3 shares at price 72,700 | Profit = 6,900 | Portfolio Value = 1,056,083.35 | Budget = 1,056,574.3 | inventory = 0
[ 2024-08-06 16:03:36,849 ] 200 : Bought 10 shares at price 72,800 | Portfolio Value = 1,056,574.3 | Budget = 328,210.3 | inventory = 1
[ 2024-08-06 16:03:36,862 ] 201 : Bought 4 shares at price 72,800 | Portfolio Value = 1,056,210.3 | Budget = 36,864.7 | inventory = 2
[ 2024-08-06 16:03:36,902 ] 204 : Sold 10 shares at price 71,300 | Profit = -15,000 | Portfolio Value = 1,040,664.7 | Budget = 749,508.2 | inventory = 1
[ 2024-08-06 16:03:36,915 ] 205 : Bought 1 shares at price 72,700 | Portfolio Value = 1,034,708.2 | Budget = 676,771.85 | inventory = 2
[ 2024-08-06 16:03:36,941 ] 207 : Bought 9 shares at price 72,800 | Portfolio Value = 1,040,271.85 | Budget = 21,244.25 | inventory = 3
[ 2024-08-06 16:03:36,953 ] 208 : Sold 4 shares at price 72,000 | Profit = -3,200 | Portfolio Value = 1,040,444.25 | Budget = 309,100.25 | inventory = 2
[ 2024-08-06 16:03:36,979 ] 210 : Bought 1 shares at price 71,200 | Portfolio Value = 1,035,100.25 | Budget = 237,864.65 | inventory = 3
[ 2024-08-06 16:03:36,992 ] 211 : Sold 1 shares at price 71,700 | Profit = -1,000 | Portfolio Value = 1,021,064.65 | Budget = 309,528.8 | inventory = 2
[ 2024-08-06 16:03:37,007 ] 212 : Sold 9 shares at price 71,500 | Profit = -11,700 | Portfolio Value = 1,026,528.8 | Budget = 952,707.05 | inventory = 1
[ 2024-08-06 16:03:37,020 ] 213 : Sold 1 shares at price 72,600 | Profit = 1,400 | Portfolio Value = 1,024,207.05 | Budget = 1,025,270.75 | inventory = 0
[ 2024-08-06 16:03:37,033 ] 214 : Bought 2 shares at price 73,000 | Portfolio Value = 1,025,270.75 | Budget = 879,197.75 | inventory = 1
[ 2024-08-06 16:03:37,047 ] 215 : Sold 2 shares at price 73,500 | Profit = 1,000 | Portfolio Value = 1,025,197.75 | Budget = 1,026,124.25 | inventory = 0
[ 2024-08-06 16:03:37,060 ] 216 : Bought 4 shares at price 72,800 | Portfolio Value = 1,026,124.25 | Budget = 734,778.65 | inventory = 1
[ 2024-08-06 16:03:37,074 ] 217 : Sold 4 shares at price 73,100 | Profit = 1,200 | Portfolio Value = 1,025,978.65 | Budget = 1,027,032.45 | inventory = 0
[ 2024-08-06 16:03:37,139 ] 222 : Bought 1 shares at price 75,000 | Portfolio Value = 1,027,032.45 | Budget = 951,994.95 | inventory = 1
[ 2024-08-06 16:03:37,164 ] 224 : Bought 5 shares at price 76,600 | Portfolio Value = 1,027,894.95 | Budget = 568,803.45 | inventory = 2
[ 2024-08-06 16:03:37,177 ] 225 : Bought 2 shares at price 78,000 | Portfolio Value = 1,028,403.45 | Budget = 412,725.45 | inventory = 3
[ 2024-08-06 16:03:37,190 ] 226 : Bought 5 shares at price 78,500 | Portfolio Value = 1,036,725.45 | Budget = 20,029.2 | inventory = 4
[ 2024-08-06 16:03:37,190 ] Episode: 1, Total Reward: 52,107.74, Total Profit: 52,100, Profit Rate: 5.21%
[ 2024-08-06 16:03:37,190 ] ----------------------------------------------------------------------------------------------------
[ 2024-08-06 16:03:37,217 ] 2 : Bought 9 shares at price 61,800 | Portfolio Value = 1,000,000.0 | Budget = 443,521.9 | inventory = 1
[ 2024-08-06 16:03:37,230 ] 3 : Sold 9 shares at price 63,500 | Profit = 15,300 | Portfolio Value = 999,721.9 | Budget = 1,014,736.15 | inventory = 0
[ 2024-08-06 16:03:37,298 ] 8 : Bought 15 shares at price 63,000 | Portfolio Value = 1,014,736.15 | Budget = 69,263.65 | inventory = 1
[ 2024-08-06 16:03:37,324 ] 10 : Sold 15 shares at price 62,900 | Profit = -1,500 | Portfolio Value = 1,011,263.65 | Budget = 1,012,291.9 | inventory = 0
[ 2024-08-06 16:03:37,351 ] 12 : Bought 9 shares at price 62,200 | Portfolio Value = 1,012,291.9 | Budget = 452,212.0 | inventory = 1
[ 2024-08-06 16:03:37,364 ] 13 : Sold 9 shares at price 63,700 | Profit = 13,500 | Portfolio Value = 1,012,012.0 | Budget = 1,025,225.35 | inventory = 0
[ 2024-08-06 16:03:37,378 ] 14 : Bought 6 shares at price 62,600 | Portfolio Value = 1,025,225.35 | Budget = 649,437.55 | inventory = 1
[ 2024-08-06 16:03:37,391 ] 15 : Sold 6 shares at price 62,700 | Profit = 600 | Portfolio Value = 1,025,037.55 | Budget = 1,025,449.45 | inventory = 0
[ 2024-08-06 16:03:37,434 ] 18 : Bought 14 shares at price 62,000 | Portfolio Value = 1,025,449.45 | Budget = 157,015.45 | inventory = 1
[ 2024-08-06 16:03:37,463 ] 20 : Sold 14 shares at price 60,500 | Profit = -21,000 | Portfolio Value = 1,015,215.45 | Budget = 1,003,591.95 | inventory = 0
[ 2024-08-06 16:03:37,531 ] 25 : Bought 1 shares at price 60,700 | Portfolio Value = 1,003,591.95 | Budget = 942,861.6 | inventory = 1
[ 2024-08-06 16:03:37,550 ] 26 : Bought 4 shares at price 60,300 | Portfolio Value = 1,003,561.6 | Budget = 701,541.0 | inventory = 2
[ 2024-08-06 16:03:37,568 ] 27 : Bought 3 shares at price 60,100 | Portfolio Value = 1,003,041.0 | Budget = 521,150.85 | inventory = 3
[ 2024-08-06 16:03:37,586 ] 28 : Bought 7 shares at price 59,500 | Portfolio Value = 1,001,950.85 | Budget = 104,442.6 | inventory = 4
[ 2024-08-06 16:03:37,600 ] 29 : Sold 1 shares at price 60,000 | Profit = -700 | Portfolio Value = 996,942.6 | Budget = 164,412.6 | inventory = 3
[ 2024-08-06 16:03:37,614 ] 30 : Sold 4 shares at price 59,000 | Profit = -5,200 | Portfolio Value = 1,004,412.6 | Budget = 400,294.6 | inventory = 2
[ 2024-08-06 16:03:37,628 ] 31 : Sold 3 shares at price 59,800 | Profit = -900 | Portfolio Value = 990,294.6 | Budget = 579,604.9 | inventory = 1
[ 2024-08-06 16:03:37,642 ] 32 : Sold 7 shares at price 59,900 | Profit = 2,800 | Portfolio Value = 998,204.9 | Budget = 998,695.25 | inventory = 0
[ 2024-08-06 16:03:37,655 ] 33 : Bought 13 shares at price 61,300 | Portfolio Value = 998,695.25 | Budget = 201,396.8 | inventory = 1
[ 2024-08-06 16:03:37,669 ] 34 : Bought 2 shares at price 60,200 | Portfolio Value = 998,296.8 | Budget = 80,936.6 | inventory = 2
[ 2024-08-06 16:03:37,683 ] 35 : Sold 13 shares at price 60,300 | Profit = -13,000 | Portfolio Value = 983,936.6 | Budget = 864,444.65 | inventory = 1
[ 2024-08-06 16:03:37,698 ] 36 : Sold 2 shares at price 61,100 | Profit = 1,800 | Portfolio Value = 985,044.65 | Budget = 986,583.55 | inventory = 0
[ 2024-08-06 16:03:37,724 ] 38 : Bought 14 shares at price 63,000 | Portfolio Value = 986,583.55 | Budget = 104,142.55 | inventory = 1
[ 2024-08-06 16:03:37,737 ] 39 : Sold 14 shares at price 62,100 | Profit = -12,600 | Portfolio Value = 986,142.55 | Budget = 973,107.85 | inventory = 0
[ 2024-08-06 16:03:37,806 ] 44 : Bought 14 shares at price 63,100 | Portfolio Value = 973,107.85 | Budget = 89,266.15 | inventory = 1
[ 2024-08-06 16:03:37,820 ] 45 : Sold 14 shares at price 63,600 | Profit = 7,000 | Portfolio Value = 972,666.15 | Budget = 979,220.95 | inventory = 0
[ 2024-08-06 16:03:37,888 ] 50 : Bought 1 shares at price 65,900 | Portfolio Value = 979,220.95 | Budget = 913,288.0 | inventory = 1
[ 2024-08-06 16:03:37,901 ] 51 : Sold 1 shares at price 66,000 | Profit = 100 | Portfolio Value = 979,188.0 | Budget = 979,255.0 | inventory = 0
[ 2024-08-06 16:03:37,978 ] 57 : Bought 3 shares at price 65,300 | Portfolio Value = 979,255.0 | Budget = 783,257.05 | inventory = 1
[ 2024-08-06 16:03:37,992 ] 58 : Bought 11 shares at price 65,700 | Portfolio Value = 979,157.05 | Budget = 60,195.7 | inventory = 2
[ 2024-08-06 16:03:38,031 ] 61 : Sold 3 shares at price 64,100 | Profit = -3,600 | Portfolio Value = 950,595.7 | Budget = 252,399.55 | inventory = 1
[ 2024-08-06 16:03:38,045 ] 62 : Bought 2 shares at price 64,600 | Portfolio Value = 957,499.55 | Budget = 123,134.95 | inventory = 2
[ 2024-08-06 16:03:38,058 ] 63 : Sold 11 shares at price 65,500 | Profit = -2,200 | Portfolio Value = 962,934.95 | Budget = 843,274.7 | inventory = 1
[ 2024-08-06 16:03:38,071 ] 64 : Bought 6 shares at price 65,700 | Portfolio Value = 974,274.7 | Budget = 448,877.6 | inventory = 2
[ 2024-08-06 16:03:38,112 ] 67 : Bought 1 shares at price 65,900 | Portfolio Value = 969,677.6 | Budget = 382,944.65 | inventory = 3
[ 2024-08-06 16:03:38,125 ] 68 : Sold 2 shares at price 65,300 | Profit = 1,400 | Portfolio Value = 976,044.65 | Budget = 513,479.35 | inventory = 2
[ 2024-08-06 16:03:38,139 ] 69 : Bought 3 shares at price 64,600 | Portfolio Value = 970,579.35 | Budget = 319,582.45 | inventory = 3
[ 2024-08-06 16:03:38,151 ] 70 : Sold 6 shares at price 64,200 | Profit = -9,000 | Portfolio Value = 965,582.45 | Budget = 704,589.85 | inventory = 2
[ 2024-08-06 16:03:38,164 ] 71 : Sold 1 shares at price 64,100 | Profit = -1,800 | Portfolio Value = 961,389.85 | Budget = 768,657.8 | inventory = 1
[ 2024-08-06 16:03:38,178 ] 72 : Bought 11 shares at price 64,500 | Portfolio Value = 960,957.8 | Budget = 58,803.05 | inventory = 2
[ 2024-08-06 16:03:38,257 ] 78 : Sold 3 shares at price 68,400 | Profit = 11,400 | Portfolio Value = 1,017,803.05 | Budget = 263,900.45 | inventory = 1
[ 2024-08-06 16:03:38,271 ] 79 : Sold 11 shares at price 68,500 | Profit = 44,000 | Portfolio Value = 1,016,300.45 | Budget = 1,017,023.7 | inventory = 0
[ 2024-08-06 16:03:38,311 ] 82 : Bought 8 shares at price 72,300 | Portfolio Value = 1,017,023.7 | Budget = 438,334.5 | inventory = 1
[ 2024-08-06 16:03:38,325 ] 83 : Sold 8 shares at price 71,400 | Profit = -7,200 | Portfolio Value = 1,016,734.5 | Budget = 1,009,248.9 | inventory = 0
[ 2024-08-06 16:03:38,338 ] 84 : Bought 2 shares at price 70,900 | Portfolio Value = 1,009,248.9 | Budget = 867,378.0 | inventory = 1
[ 2024-08-06 16:03:38,352 ] 85 : Bought 12 shares at price 72,200 | Portfolio Value = 1,009,178.0 | Budget = 544.8 | inventory = 2
[ 2024-08-06 16:03:38,406 ] 89 : Sold 2 shares at price 72,000 | Profit = 2,200 | Portfolio Value = 993,144.8 | Budget = 144,472.8 | inventory = 1
[ 2024-08-06 16:03:38,419 ] 90 : Sold 12 shares at price 71,000 | Profit = -14,400 | Portfolio Value = 1,008,472.8 | Budget = 996,046.8 | inventory = 0
[ 2024-08-06 16:03:38,447 ] 92 : Bought 11 shares at price 71,900 | Portfolio Value = 996,046.8 | Budget = 204,751.35 | inventory = 1
[ 2024-08-06 16:03:38,460 ] 93 : Sold 11 shares at price 71,500 | Profit = -4,400 | Portfolio Value = 995,651.35 | Budget = 990,858.1 | inventory = 0
[ 2024-08-06 16:03:38,474 ] 94 : Bought 8 shares at price 71,800 | Portfolio Value = 990,858.1 | Budget = 416,170.9 | inventory = 1
[ 2024-08-06 16:03:38,487 ] 95 : Bought 5 shares at price 71,200 | Portfolio Value = 990,570.9 | Budget = 59,992.9 | inventory = 2
[ 2024-08-06 16:03:38,500 ] 96 : Sold 8 shares at price 71,400 | Profit = -3,200 | Portfolio Value = 985,592.9 | Budget = 630,907.3 | inventory = 1
[ 2024-08-06 16:03:38,514 ] 97 : Bought 3 shares at price 70,500 | Portfolio Value = 987,907.3 | Budget = 419,301.55 | inventory = 2
[ 2024-08-06 16:03:38,528 ] 98 : Sold 5 shares at price 71,300 | Profit = 500 | Portfolio Value = 983,301.55 | Budget = 775,623.3 | inventory = 1
[ 2024-08-06 16:03:38,541 ] 99 : Sold 3 shares at price 71,600 | Profit = 3,300 | Portfolio Value = 989,523.3 | Budget = 990,315.9 | inventory = 0
[ 2024-08-06 16:03:38,568 ] 101 : Bought 7 shares at price 72,600 | Portfolio Value = 990,315.9 | Budget = 481,861.8 | inventory = 1
[ 2024-08-06 16:03:38,583 ] 102 : Bought 2 shares at price 72,700 | Portfolio Value = 990,061.8 | Budget = 336,389.1 | inventory = 2
[ 2024-08-06 16:03:38,596 ] 103 : Sold 7 shares at price 72,400 | Profit = -1,400 | Portfolio Value = 990,689.1 | Budget = 842,935.7 | inventory = 1
[ 2024-08-06 16:03:38,609 ] 104 : Sold 2 shares at price 72,200 | Profit = -1,000 | Portfolio Value = 987,735.7 | Budget = 987,263.5 | inventory = 0
[ 2024-08-06 16:03:38,623 ] 105 : Bought 10 shares at price 73,000 | Portfolio Value = 987,263.5 | Budget = 256,898.5 | inventory = 1
[ 2024-08-06 16:03:38,637 ] 106 : Sold 10 shares at price 73,000 | Profit = 0 | Portfolio Value = 986,898.5 | Budget = 986,533.5 | inventory = 0
[ 2024-08-06 16:03:38,663 ] 108 : Bought 12 shares at price 71,600 | Portfolio Value = 986,533.5 | Budget = 126,903.9 | inventory = 1
[ 2024-08-06 16:03:38,676 ] 109 : Bought 1 shares at price 69,900 | Portfolio Value = 986,103.9 | Budget = 56,968.95 | inventory = 2
[ 2024-08-06 16:03:38,703 ] 111 : Sold 12 shares at price 71,500 | Profit = -1,200 | Portfolio Value = 960,468.95 | Budget = 914,539.95 | inventory = 1
[ 2024-08-06 16:03:38,717 ] 112 : Sold 1 shares at price 71,900 | Profit = 2,000 | Portfolio Value = 986,039.95 | Budget = 986,404.0 | inventory = 0
[ 2024-08-06 16:03:38,731 ] 113 : Bought 9 shares at price 71,900 | Portfolio Value = 986,404.0 | Budget = 338,980.45 | inventory = 1
[ 2024-08-06 16:03:38,745 ] 114 : Bought 2 shares at price 73,400 | Portfolio Value = 986,080.45 | Budget = 192,107.05 | inventory = 2
[ 2024-08-06 16:03:38,759 ] 115 : Bought 2 shares at price 73,300 | Portfolio Value = 999,507.05 | Budget = 45,433.75 | inventory = 3
[ 2024-08-06 16:03:38,786 ] 117 : Sold 9 shares at price 71,700 | Profit = -1,800 | Portfolio Value = 981,433.75 | Budget = 690,411.1 | inventory = 2
[ 2024-08-06 16:03:38,799 ] 118 : Sold 2 shares at price 71,000 | Profit = -4,800 | Portfolio Value = 977,211.1 | Budget = 832,340.1 | inventory = 1
[ 2024-08-06 16:03:38,812 ] 119 : Bought 2 shares at price 70,300 | Portfolio Value = 974,340.1 | Budget = 691,669.8 | inventory = 2
[ 2024-08-06 16:03:38,825 ] 120 : Sold 2 shares at price 70,400 | Profit = -5,800 | Portfolio Value = 972,869.8 | Budget = 832,399.4 | inventory = 1
[ 2024-08-06 16:03:38,839 ] 121 : Bought 9 shares at price 70,000 | Portfolio Value = 973,199.4 | Budget = 202,084.4 | inventory = 2
[ 2024-08-06 16:03:38,852 ] 122 : Bought 2 shares at price 69,800 | Portfolio Value = 972,084.4 | Budget = 62,414.6 | inventory = 3
[ 2024-08-06 16:03:38,879 ] 124 : Sold 2 shares at price 70,600 | Profit = 600 | Portfolio Value = 994,514.6 | Budget = 203,544.0 | inventory = 2
[ 2024-08-06 16:03:38,893 ] 125 : Sold 9 shares at price 69,800 | Profit = -1,800 | Portfolio Value = 980,144.0 | Budget = 831,429.9 | inventory = 1
[ 2024-08-06 16:03:38,907 ] 126 : Sold 2 shares at price 71,100 | Profit = 2,600 | Portfolio Value = 971,029.9 | Budget = 973,558.8 | inventory = 0
[ 2024-08-06 16:03:38,948 ] 129 : Bought 7 shares at price 68,300 | Portfolio Value = 973,558.8 | Budget = 495,219.75 | inventory = 1
[ 2024-08-06 16:03:38,961 ] 130 : Sold 7 shares at price 68,500 | Profit = 1,400 | Portfolio Value = 973,319.75 | Budget = 974,480.0 | inventory = 0
[ 2024-08-06 16:03:39,029 ] 135 : Bought 2 shares at price 67,300 | Portfolio Value = 974,480.0 | Budget = 839,812.7 | inventory = 1
[ 2024-08-06 16:03:39,043 ] 136 : Sold 2 shares at price 67,000 | Profit = -600 | Portfolio Value = 974,412.7 | Budget = 973,745.7 | inventory = 0
[ 2024-08-06 16:03:39,057 ] 137 : Bought 4 shares at price 66,700 | Portfolio Value = 973,745.7 | Budget = 706,812.3 | inventory = 1
[ 2024-08-06 16:03:39,070 ] 138 : Sold 4 shares at price 66,300 | Profit = -1,600 | Portfolio Value = 973,612.3 | Budget = 971,879.7 | inventory = 0
[ 2024-08-06 16:03:39,139 ] 143 : Bought 3 shares at price 67,100 | Portfolio Value = 971,879.7 | Budget = 770,479.05 | inventory = 1
[ 2024-08-06 16:03:39,193 ] 147 : Bought 6 shares at price 66,900 | Portfolio Value = 971,779.05 | Budget = 368,878.35 | inventory = 2
[ 2024-08-06 16:03:39,207 ] 148 : Bought 1 shares at price 71,000 | Portfolio Value = 970,978.35 | Budget = 297,842.85 | inventory = 3
[ 2024-08-06 16:03:39,235 ] 150 : Bought 1 shares at price 70,700 | Portfolio Value = 1,009,842.85 | Budget = 227,107.5 | inventory = 4
[ 2024-08-06 16:03:39,249 ] 151 : Sold 3 shares at price 70,000 | Profit = 8,700 | Portfolio Value = 1,004,807.5 | Budget = 437,002.5 | inventory = 3
[ 2024-08-06 16:03:39,276 ] 153 : Sold 6 shares at price 70,300 | Profit = 20,400 | Portfolio Value = 1,000,202.5 | Budget = 858,591.6 | inventory = 2
[ 2024-08-06 16:03:39,290 ] 154 : Bought 7 shares at price 70,800 | Portfolio Value = 999,191.6 | Budget = 362,743.8 | inventory = 3
[ 2024-08-06 16:03:39,304 ] 155 : Bought 2 shares at price 70,500 | Portfolio Value = 999,943.8 | Budget = 221,673.3 | inventory = 4
[ 2024-08-06 16:03:39,317 ] 156 : Bought 3 shares at price 70,900 | Portfolio Value = 997,173.3 | Budget = 8,866.95 | inventory = 5
[ 2024-08-06 16:03:39,331 ] 157 : Sold 1 shares at price 71,700 | Profit = 700 | Portfolio Value = 1,001,466.95 | Budget = 80,531.1 | inventory = 4
[ 2024-08-06 16:03:39,344 ] 158 : Sold 1 shares at price 72,000 | Profit = 1,300 | Portfolio Value = 1,012,631.1 | Budget = 152,495.1 | inventory = 3
[ 2024-08-06 16:03:39,357 ] 159 : Sold 7 shares at price 70,200 | Profit = -4,200 | Portfolio Value = 1,016,495.1 | Budget = 643,649.4 | inventory = 2
[ 2024-08-06 16:03:39,371 ] 160 : Bought 8 shares at price 69,800 | Portfolio Value = 994,649.4 | Budget = 84,970.2 | inventory = 3
[ 2024-08-06 16:03:39,385 ] 161 : Bought 1 shares at price 69,600 | Portfolio Value = 992,370.2 | Budget = 15,335.4 | inventory = 4
[ 2024-08-06 16:03:39,411 ] 163 : Sold 2 shares at price 68,800 | Profit = -3,400 | Portfolio Value = 979,935.4 | Budget = 152,866.6 | inventory = 3
[ 2024-08-06 16:03:39,424 ] 164 : Sold 3 shares at price 69,400 | Profit = -4,500 | Portfolio Value = 978,466.6 | Budget = 360,962.5 | inventory = 2
[ 2024-08-06 16:03:39,438 ] 165 : Sold 8 shares at price 68,600 | Profit = -9,600 | Portfolio Value = 985,562.5 | Budget = 909,488.1 | inventory = 1
[ 2024-08-06 16:03:39,452 ] 166 : Bought 4 shares at price 68,400 | Portfolio Value = 978,088.1 | Budget = 635,751.3 | inventory = 2
[ 2024-08-06 16:03:39,466 ] 167 : Sold 1 shares at price 67,500 | Profit = -2,100 | Portfolio Value = 977,751.3 | Budget = 703,217.55 | inventory = 1
[ 2024-08-06 16:03:39,479 ] 168 : Sold 4 shares at price 66,700 | Profit = -6,800 | Portfolio Value = 973,217.55 | Budget = 969,884.15 | inventory = 0
[ 2024-08-06 16:03:39,548 ] 173 : Bought 8 shares at price 68,000 | Portfolio Value = 969,884.15 | Budget = 425,612.15 | inventory = 1
[ 2024-08-06 16:03:39,561 ] 174 : Sold 8 shares at price 67,300 | Profit = -5,600 | Portfolio Value = 969,612.15 | Budget = 963,742.95 | inventory = 0
[ 2024-08-06 16:03:39,574 ] 175 : Bought 4 shares at price 69,400 | Portfolio Value = 963,742.95 | Budget = 686,004.15 | inventory = 1
[ 2024-08-06 16:03:39,587 ] 176 : Bought 7 shares at price 70,500 | Portfolio Value = 963,604.15 | Budget = 192,257.4 | inventory = 2
[ 2024-08-06 16:03:39,601 ] 177 : Bought 1 shares at price 69,500 | Portfolio Value = 967,757.4 | Budget = 122,722.65 | inventory = 3
[ 2024-08-06 16:03:39,614 ] 178 : Sold 4 shares at price 68,800 | Profit = -2,400 | Portfolio Value = 956,722.65 | Budget = 397,785.05 | inventory = 2
[ 2024-08-06 16:03:39,628 ] 179 : Sold 7 shares at price 68,400 | Profit = -14,700 | Portfolio Value = 948,185.05 | Budget = 876,345.65 | inventory = 1
[ 2024-08-06 16:03:39,641 ] 180 : Sold 1 shares at price 68,500 | Profit = -1,000 | Portfolio Value = 944,745.65 | Budget = 944,811.4 | inventory = 0
[ 2024-08-06 16:03:39,655 ] 181 : Bought 10 shares at price 68,000 | Portfolio Value = 944,811.4 | Budget = 264,471.4 | inventory = 1
[ 2024-08-06 16:03:39,681 ] 183 : Sold 10 shares at price 67,300 | Profit = -7,000 | Portfolio Value = 931,471.4 | Budget = 937,134.9 | inventory = 0
[ 2024-08-06 16:03:39,708 ] 185 : Bought 10 shares at price 66,900 | Portfolio Value = 937,134.9 | Budget = 267,800.4 | inventory = 1
[ 2024-08-06 16:03:39,722 ] 186 : Sold 10 shares at price 68,600 | Profit = 17,000 | Portfolio Value = 936,800.4 | Budget = 953,457.4 | inventory = 0
[ 2024-08-06 16:03:39,762 ] 189 : Bought 9 shares at price 70,900 | Portfolio Value = 953,457.4 | Budget = 315,038.35 | inventory = 1
[ 2024-08-06 16:03:39,775 ] 190 : Sold 9 shares at price 70,900 | Profit = 0 | Portfolio Value = 953,138.35 | Budget = 952,819.3 | inventory = 0
[ 2024-08-06 16:03:39,789 ] 191 : Bought 4 shares at price 69,900 | Portfolio Value = 952,819.3 | Budget = 673,079.5 | inventory = 1
[ 2024-08-06 16:03:39,802 ] 192 : Bought 9 shares at price 70,300 | Portfolio Value = 952,679.5 | Budget = 40,063.15 | inventory = 2
[ 2024-08-06 16:03:39,828 ] 194 : Sold 4 shares at price 70,400 | Profit = 2,000 | Portfolio Value = 956,563.15 | Budget = 321,522.35 | inventory = 1
[ 2024-08-06 16:03:39,842 ] 195 : Sold 9 shares at price 70,800 | Profit = 4,500 | Portfolio Value = 955,122.35 | Budget = 958,403.75 | inventory = 0
[ 2024-08-06 16:03:39,870 ] 197 : Bought 7 shares at price 72,800 | Portfolio Value = 958,403.75 | Budget = 448,548.95 | inventory = 1
[ 2024-08-06 16:03:39,884 ] 198 : Bought 4 shares at price 72,500 | Portfolio Value = 958,148.95 | Budget = 158,403.95 | inventory = 2
[ 2024-08-06 16:03:39,911 ] 200 : Sold 7 shares at price 72,800 | Profit = 0 | Portfolio Value = 958,103.95 | Budget = 667,749.15 | inventory = 1
[ 2024-08-06 16:03:39,925 ] 201 : Sold 4 shares at price 72,800 | Profit = 1,200 | Portfolio Value = 958,949.15 | Budget = 958,803.55 | inventory = 0
[ 2024-08-06 16:03:39,952 ] 203 : Bought 3 shares at price 71,700 | Portfolio Value = 958,803.55 | Budget = 743,596.0 | inventory = 1
[ 2024-08-06 16:03:39,964 ] 204 : Bought 2 shares at price 71,300 | Portfolio Value = 958,696.0 | Budget = 600,924.7 | inventory = 2
[ 2024-08-06 16:03:39,978 ] 205 : Bought 1 shares at price 72,700 | Portfolio Value = 957,424.7 | Budget = 528,188.35 | inventory = 3
[ 2024-08-06 16:03:39,991 ] 206 : Sold 3 shares at price 72,700 | Profit = 3,000 | Portfolio Value = 964,388.35 | Budget = 746,179.3 | inventory = 2
[ 2024-08-06 16:03:40,005 ] 207 : Bought 8 shares at price 72,800 | Portfolio Value = 964,279.3 | Budget = 163,488.1 | inventory = 3
[ 2024-08-06 16:03:40,017 ] 208 : Bought 1 shares at price 72,000 | Portfolio Value = 964,288.1 | Budget = 91,452.1 | inventory = 4
[ 2024-08-06 16:03:40,030 ] 209 : Bought 1 shares at price 72,600 | Portfolio Value = 955,452.1 | Budget = 18,815.8 | inventory = 5
[ 2024-08-06 16:03:40,043 ] 210 : Sold 2 shares at price 71,200 | Profit = -200 | Portfolio Value = 962,615.8 | Budget = 161,144.6 | inventory = 4
[ 2024-08-06 16:03:40,057 ] 211 : Bought 2 shares at price 71,700 | Portfolio Value = 944,344.6 | Budget = 17,672.9 | inventory = 5
[ 2024-08-06 16:03:40,071 ] 212 : Sold 1 shares at price 71,500 | Profit = -1,200 | Portfolio Value = 949,772.9 | Budget = 89,137.15 | inventory = 4
[ 2024-08-06 16:03:40,085 ] 213 : Bought 1 shares at price 72,600 | Portfolio Value = 947,137.15 | Budget = 16,500.85 | inventory = 5
[ 2024-08-06 16:03:40,126 ] 216 : Sold 8 shares at price 72,800 | Profit = 0 | Portfolio Value = 972,000.85 | Budget = 598,609.65 | inventory = 4
[ 2024-08-06 16:03:40,140 ] 217 : Sold 1 shares at price 73,100 | Profit = 1,100 | Portfolio Value = 962,609.65 | Budget = 671,673.1 | inventory = 3
[ 2024-08-06 16:03:40,153 ] 218 : Sold 1 shares at price 73,300 | Profit = 700 | Portfolio Value = 964,073.1 | Budget = 744,936.45 | inventory = 2
[ 2024-08-06 16:03:40,167 ] 219 : Sold 2 shares at price 72,900 | Profit = 2,400 | Portfolio Value = 964,836.45 | Budget = 890,663.55 | inventory = 1
[ 2024-08-06 16:03:40,180 ] 220 : Sold 1 shares at price 73,400 | Profit = 800 | Portfolio Value = 963,563.55 | Budget = 964,026.85 | inventory = 0
[ 2024-08-06 16:03:40,221 ] 223 : Bought 2 shares at price 75,900 | Portfolio Value = 964,026.85 | Budget = 812,150.95 | inventory = 1
[ 2024-08-06 16:03:40,234 ] 224 : Bought 8 shares at price 76,600 | Portfolio Value = 963,950.95 | Budget = 199,044.55 | inventory = 2
[ 2024-08-06 16:03:40,247 ] 225 : Bought 2 shares at price 78,000 | Portfolio Value = 965,044.55 | Budget = 42,966.55 | inventory = 3
[ 2024-08-06 16:03:40,299 ] 3 : Bought 3 shares at price 63,500 | Portfolio Value = 1,000,000.0 | Budget = 809,404.75 | inventory = 1
[ 2024-08-06 16:03:40,312 ] 4 : Bought 12 shares at price 63,800 | Portfolio Value = 999,904.75 | Budget = 43,421.95 | inventory = 2
[ 2024-08-06 16:03:40,416 ] 12 : Sold 3 shares at price 62,200 | Profit = -3,900 | Portfolio Value = 991,421.95 | Budget = 229,928.65 | inventory = 1
[ 2024-08-06 16:03:40,429 ] 13 : Sold 12 shares at price 63,700 | Profit = -1,200 | Portfolio Value = 976,328.65 | Budget = 993,946.45 | inventory = 0
[ 2024-08-06 16:03:40,456 ] 15 : Bought 5 shares at price 62,700 | Portfolio Value = 993,946.45 | Budget = 680,289.7 | inventory = 1
[ 2024-08-06 16:03:40,470 ] 16 : Sold 5 shares at price 62,100 | Profit = -3,000 | Portfolio Value = 993,789.7 | Budget = 990,634.45 | inventory = 0
[ 2024-08-06 16:03:40,483 ] 17 : Bought 4 shares at price 61,100 | Portfolio Value = 990,634.45 | Budget = 746,112.25 | inventory = 1
[ 2024-08-06 16:03:40,497 ] 18 : Sold 4 shares at price 62,000 | Profit = 3,600 | Portfolio Value = 990,512.25 | Budget = 993,988.25 | inventory = 0
[ 2024-08-06 16:03:40,603 ] 26 : Bought 13 shares at price 60,300 | Portfolio Value = 993,988.25 | Budget = 209,696.3 | inventory = 1
[ 2024-08-06 16:03:40,617 ] 27 : Sold 13 shares at price 60,100 | Profit = -2,600 | Portfolio Value = 993,596.3 | Budget = 990,605.65 | inventory = 0
[ 2024-08-06 16:03:40,645 ] 29 : Bought 9 shares at price 60,000 | Portfolio Value = 990,605.65 | Budget = 450,335.65 | inventory = 1
[ 2024-08-06 16:03:40,670 ] 31 : Sold 9 shares at price 59,800 | Profit = -1,800 | Portfolio Value = 981,335.65 | Budget = 988,266.55 | inventory = 0
[ 2024-08-06 16:03:40,724 ] 35 : Bought 13 shares at price 60,300 | Portfolio Value = 988,266.55 | Budget = 203,974.6 | inventory = 1
[ 2024-08-06 16:03:40,737 ] 36 : Bought 2 shares at price 61,100 | Portfolio Value = 987,874.6 | Budget = 81,713.5 | inventory = 2
[ 2024-08-06 16:03:40,750 ] 37 : Sold 13 shares at price 62,300 | Profit = 26,000 | Portfolio Value = 998,213.5 | Budget = 891,208.55 | inventory = 1
[ 2024-08-06 16:03:40,763 ] 38 : Sold 2 shares at price 63,000 | Profit = 3,800 | Portfolio Value = 1,015,808.55 | Budget = 1,017,145.55 | inventory = 0
[ 2024-08-06 16:03:40,802 ] 41 : Bought 2 shares at price 62,700 | Portfolio Value = 1,017,145.55 | Budget = 891,682.85 | inventory = 1
[ 2024-08-06 16:03:40,815 ] 42 : Bought 8 shares at price 63,200 | Portfolio Value = 1,017,082.85 | Budget = 385,830.05 | inventory = 2
[ 2024-08-06 16:03:40,827 ] 43 : Sold 2 shares at price 64,000 | Profit = 2,600 | Portfolio Value = 1,017,830.05 | Budget = 513,766.05 | inventory = 1
[ 2024-08-06 16:03:40,854 ] 45 : Bought 6 shares at price 63,600 | Portfolio Value = 1,018,566.05 | Budget = 131,975.25 | inventory = 2
[ 2024-08-06 16:03:40,880 ] 47 : Sold 8 shares at price 62,300 | Profit = -7,200 | Portfolio Value = 1,026,575.25 | Budget = 630,126.05 | inventory = 1
[ 2024-08-06 16:03:40,893 ] 48 : Sold 6 shares at price 65,000 | Profit = 8,400 | Portfolio Value = 1,003,926.05 | Budget = 1,019,931.05 | inventory = 0
[ 2024-08-06 16:03:40,906 ] 49 : Bought 13 shares at price 65,700 | Portfolio Value = 1,019,931.05 | Budget = 165,404.0 | inventory = 1
[ 2024-08-06 16:03:40,920 ] 50 : Bought 2 shares at price 65,900 | Portfolio Value = 1,019,504.0 | Budget = 33,538.1 | inventory = 2
[ 2024-08-06 16:03:40,946 ] 52 : Sold 13 shares at price 66,100 | Profit = 5,200 | Portfolio Value = 1,023,538.1 | Budget = 892,408.45 | inventory = 1
[ 2024-08-06 16:03:40,960 ] 53 : Sold 2 shares at price 65,100 | Profit = -1,600 | Portfolio Value = 1,024,608.45 | Budget = 1,022,543.35 | inventory = 0
[ 2024-08-06 16:03:41,038 ] 59 : Bought 7 shares at price 65,200 | Portfolio Value = 1,022,543.35 | Budget = 565,915.15 | inventory = 1
[ 2024-08-06 16:03:41,051 ] 60 : Sold 7 shares at price 63,600 | Profit = -11,200 | Portfolio Value = 1,022,315.15 | Budget = 1,010,892.55 | inventory = 0
[ 2024-08-06 16:03:41,118 ] 65 : Bought 2 shares at price 65,400 | Portfolio Value = 1,010,892.55 | Budget = 880,027.15 | inventory = 1
[ 2024-08-06 16:03:41,132 ] 66 : Sold 2 shares at price 65,100 | Profit = -600 | Portfolio Value = 1,010,827.15 | Budget = 1,010,162.05 | inventory = 0
[ 2024-08-06 16:03:41,159 ] 68 : Bought 7 shares at price 65,300 | Portfolio Value = 1,010,162.05 | Budget = 552,833.5 | inventory = 1
[ 2024-08-06 16:03:41,172 ] 69 : Bought 5 shares at price 64,600 | Portfolio Value = 1,009,933.5 | Budget = 229,672.0 | inventory = 2
[ 2024-08-06 16:03:41,186 ] 70 : Bought 3 shares at price 64,200 | Portfolio Value = 1,004,872.0 | Budget = 36,975.7 | inventory = 3
[ 2024-08-06 16:03:41,199 ] 71 : Sold 7 shares at price 64,100 | Profit = -8,400 | Portfolio Value = 999,975.7 | Budget = 485,451.35 | inventory = 2
[ 2024-08-06 16:03:41,213 ] 72 : Sold 5 shares at price 64,500 | Profit = -500 | Portfolio Value = 998,251.35 | Budget = 807,790.1 | inventory = 1
[ 2024-08-06 16:03:41,227 ] 73 : Bought 11 shares at price 65,400 | Portfolio Value = 1,001,290.1 | Budget = 88,030.4 | inventory = 2
[ 2024-08-06 16:03:41,241 ] 74 : Bought 1 shares at price 65,000 | Portfolio Value = 1,003,630.4 | Budget = 22,997.9 | inventory = 3
[ 2024-08-06 16:03:41,268 ] 76 : Sold 3 shares at price 68,400 | Profit = 12,600 | Portfolio Value = 1,015,997.9 | Budget = 228,095.3 | inventory = 2
[ 2024-08-06 16:03:41,281 ] 77 : Bought 3 shares at price 68,500 | Portfolio Value = 1,048,895.3 | Budget = 22,492.55 | inventory = 3
[ 2024-08-06 16:03:41,300 ] 78 : Sold 11 shares at price 68,400 | Profit = 33,000 | Portfolio Value = 1,049,992.55 | Budget = 774,516.35 | inventory = 2
[ 2024-08-06 16:03:41,314 ] 79 : Sold 1 shares at price 68,500 | Profit = 3,500 | Portfolio Value = 1,048,116.35 | Budget = 842,982.1 | inventory = 1
[ 2024-08-06 16:03:41,327 ] 80 : Sold 3 shares at price 68,800 | Profit = 900 | Portfolio Value = 1,048,482.1 | Budget = 1,049,278.9 | inventory = 0
[ 2024-08-06 16:03:41,432 ] 88 : Bought 11 shares at price 70,900 | Portfolio Value = 1,049,278.9 | Budget = 268,988.95 | inventory = 1
[ 2024-08-06 16:03:41,445 ] 89 : Sold 11 shares at price 72,000 | Profit = 12,100 | Portfolio Value = 1,048,888.95 | Budget = 1,060,592.95 | inventory = 0
[ 2024-08-06 16:03:41,472 ] 91 : Bought 4 shares at price 72,000 | Portfolio Value = 1,060,592.95 | Budget = 772,448.95 | inventory = 1
[ 2024-08-06 16:03:41,485 ] 92 : Sold 4 shares at price 71,900 | Profit = -400 | Portfolio Value = 1,060,448.95 | Budget = 1,059,905.15 | inventory = 0
[ 2024-08-06 16:03:41,513 ] 94 : Bought 14 shares at price 71,800 | Portfolio Value = 1,059,905.15 | Budget = 54,202.55 | inventory = 1
[ 2024-08-06 16:03:41,539 ] 96 : Sold 14 shares at price 71,400 | Profit = -5,600 | Portfolio Value = 1,051,002.55 | Budget = 1,053,302.75 | inventory = 0
[ 2024-08-06 16:03:41,579 ] 99 : Bought 4 shares at price 71,600 | Portfolio Value = 1,053,302.75 | Budget = 766,759.55 | inventory = 1
[ 2024-08-06 16:03:41,592 ] 100 : Sold 4 shares at price 72,400 | Profit = 3,200 | Portfolio Value = 1,053,159.55 | Budget = 1,056,214.75 | inventory = 0
[ 2024-08-06 16:03:41,605 ] 101 : Bought 2 shares at price 72,600 | Portfolio Value = 1,056,214.75 | Budget = 910,942.15 | inventory = 1
[ 2024-08-06 16:03:41,619 ] 102 : Sold 2 shares at price 72,700 | Profit = 200 | Portfolio Value = 1,056,142.15 | Budget = 1,056,269.45 | inventory = 0
[ 2024-08-06 16:03:41,647 ] 104 : Bought 5 shares at price 72,200 | Portfolio Value = 1,056,269.45 | Budget = 695,088.95 | inventory = 1
[ 2024-08-06 16:03:41,659 ] 105 : Bought 7 shares at price 73,000 | Portfolio Value = 1,056,088.95 | Budget = 183,833.45 | inventory = 2
[ 2024-08-06 16:03:41,686 ] 107 : Sold 5 shares at price 72,000 | Profit = -1,000 | Portfolio Value = 1,059,833.45 | Budget = 543,653.45 | inventory = 1
[ 2024-08-06 16:03:41,700 ] 108 : Sold 7 shares at price 71,600 | Profit = -9,800 | Portfolio Value = 1,047,653.45 | Budget = 1,044,602.85 | inventory = 0
[ 2024-08-06 16:03:41,726 ] 110 : Bought 8 shares at price 69,500 | Portfolio Value = 1,044,602.85 | Budget = 488,324.85 | inventory = 1
[ 2024-08-06 16:03:41,739 ] 111 : Bought 3 shares at price 71,500 | Portfolio Value = 1,044,324.85 | Budget = 273,717.6 | inventory = 2
[ 2024-08-06 16:03:41,764 ] 113 : Sold 8 shares at price 71,900 | Profit = 19,200 | Portfolio Value = 1,064,617.6 | Budget = 848,630.0 | inventory = 1
[ 2024-08-06 16:03:41,777 ] 114 : Bought 4 shares at price 73,400 | Portfolio Value = 1,064,330.0 | Budget = 554,883.2 | inventory = 2
[ 2024-08-06 16:03:41,790 ] 115 : Sold 3 shares at price 73,300 | Profit = 5,400 | Portfolio Value = 1,068,683.2 | Budget = 774,673.25 | inventory = 1
[ 2024-08-06 16:03:41,804 ] 116 : Bought 5 shares at price 72,000 | Portfolio Value = 1,067,873.25 | Budget = 414,493.25 | inventory = 2
[ 2024-08-06 16:03:41,817 ] 117 : Sold 4 shares at price 71,700 | Profit = -6,800 | Portfolio Value = 1,062,493.25 | Budget = 701,149.85 | inventory = 1
[ 2024-08-06 16:03:41,831 ] 118 : Bought 1 shares at price 71,000 | Portfolio Value = 1,059,649.85 | Budget = 630,114.35 | inventory = 2
[ 2024-08-06 16:03:41,844 ] 119 : Sold 5 shares at price 70,300 | Profit = -8,500 | Portfolio Value = 1,056,114.35 | Budget = 981,438.6 | inventory = 1
[ 2024-08-06 16:03:41,857 ] 120 : Sold 1 shares at price 70,400 | Profit = -600 | Portfolio Value = 1,051,738.6 | Budget = 1,051,803.4 | inventory = 0
[ 2024-08-06 16:03:41,882 ] 122 : Bought 1 shares at price 69,800 | Portfolio Value = 1,051,803.4 | Budget = 981,968.5 | inventory = 1
[ 2024-08-06 16:03:41,895 ] 123 : Sold 1 shares at price 71,700 | Profit = 1,900 | Portfolio Value = 1,051,768.5 | Budget = 1,053,632.65 | inventory = 0
[ 2024-08-06 16:03:41,975 ] 129 : Bought 9 shares at price 68,300 | Portfolio Value = 1,053,632.65 | Budget = 438,625.3 | inventory = 1
[ 2024-08-06 16:03:41,989 ] 130 : Sold 9 shares at price 68,500 | Profit = 1,800 | Portfolio Value = 1,053,325.3 | Budget = 1,054,817.05 | inventory = 0
[ 2024-08-06 16:03:42,016 ] 132 : Bought 7 shares at price 68,900 | Portfolio Value = 1,054,817.05 | Budget = 572,275.9 | inventory = 1
[ 2024-08-06 16:03:42,030 ] 133 : Sold 7 shares at price 68,000 | Profit = -6,300 | Portfolio Value = 1,054,575.9 | Budget = 1,048,037.9 | inventory = 0
[ 2024-08-06 16:03:42,043 ] 134 : Bought 4 shares at price 67,500 | Portfolio Value = 1,048,037.9 | Budget = 777,902.9 | inventory = 1
[ 2024-08-06 16:03:42,056 ] 135 : Bought 10 shares at price 67,300 | Portfolio Value = 1,047,902.9 | Budget = 104,566.4 | inventory = 2
[ 2024-08-06 16:03:42,082 ] 137 : Bought 1 shares at price 66,700 | Portfolio Value = 1,042,566.4 | Budget = 37,833.05 | inventory = 3
[ 2024-08-06 16:03:42,188 ] 145 : Sold 4 shares at price 66,800 | Profit = -2,800 | Portfolio Value = 1,039,833.05 | Budget = 304,899.45 | inventory = 2
[ 2024-08-06 16:03:42,202 ] 146 : Sold 10 shares at price 67,100 | Profit = -2,000 | Portfolio Value = 1,039,699.45 | Budget = 975,563.95 | inventory = 1
[ 2024-08-06 16:03:42,214 ] 147 : Bought 6 shares at price 66,900 | Portfolio Value = 1,042,663.95 | Budget = 573,963.25 | inventory = 2
[ 2024-08-06 16:03:42,228 ] 148 : Bought 2 shares at price 71,000 | Portfolio Value = 1,042,263.25 | Budget = 431,892.25 | inventory = 3
[ 2024-08-06 16:03:42,240 ] 149 : Bought 1 shares at price 71,200 | Portfolio Value = 1,070,892.25 | Budget = 360,656.65 | inventory = 4
[ 2024-08-06 16:03:42,254 ] 150 : Sold 1 shares at price 70,700 | Profit = 4,000 | Portfolio Value = 1,072,656.65 | Budget = 431,321.3 | inventory = 3
[ 2024-08-06 16:03:42,266 ] 151 : Bought 2 shares at price 70,000 | Portfolio Value = 1,067,621.3 | Budget = 291,251.3 | inventory = 4
[ 2024-08-06 16:03:42,280 ] 152 : Bought 4 shares at price 70,400 | Portfolio Value = 1,061,251.3 | Budget = 9,510.5 | inventory = 5
[ 2024-08-06 16:03:42,332 ] 156 : Sold 6 shares at price 70,900 | Profit = 24,000 | Portfolio Value = 1,067,010.5 | Budget = 434,697.8 | inventory = 4
[ 2024-08-06 16:03:42,345 ] 157 : Sold 2 shares at price 71,700 | Profit = 1,400 | Portfolio Value = 1,072,797.8 | Budget = 578,026.1 | inventory = 3
[ 2024-08-06 16:03:42,358 ] 158 : Bought 8 shares at price 72,000 | Portfolio Value = 1,079,926.1 | Budget = 1,738.1 | inventory = 4
[ 2024-08-06 16:03:42,384 ] 160 : Sold 1 shares at price 69,800 | Profit = -1,400 | Portfolio Value = 1,054,738.1 | Budget = 71,503.2 | inventory = 3
[ 2024-08-06 16:03:42,399 ] 161 : Sold 2 shares at price 69,600 | Profit = -800 | Portfolio Value = 1,048,703.2 | Budget = 210,633.6 | inventory = 2
[ 2024-08-06 16:03:42,425 ] 163 : Sold 4 shares at price 68,800 | Profit = -6,400 | Portfolio Value = 1,037,433.6 | Budget = 485,696.0 | inventory = 1
[ 2024-08-06 16:03:42,438 ] 164 : Sold 8 shares at price 69,400 | Profit = -20,800 | Portfolio Value = 1,036,096.0 | Budget = 1,040,618.4 | inventory = 0
[ 2024-08-06 16:03:42,516 ] 170 : Bought 13 shares at price 66,400 | Portfolio Value = 1,040,618.4 | Budget = 176,986.8 | inventory = 1
[ 2024-08-06 16:03:42,529 ] 171 : Bought 1 shares at price 68,200 | Portfolio Value = 1,040,186.8 | Budget = 108,752.7 | inventory = 2
[ 2024-08-06 16:03:42,542 ] 172 : Sold 13 shares at price 68,900 | Profit = 32,500 | Portfolio Value = 1,063,552.7 | Budget = 1,004,004.85 | inventory = 1
[ 2024-08-06 16:03:42,556 ] 173 : Sold 1 shares at price 68,000 | Profit = -200 | Portfolio Value = 1,072,904.85 | Budget = 1,071,970.85 | inventory = 0
[ 2024-08-06 16:03:42,569 ] 174 : Bought 7 shares at price 67,300 | Portfolio Value = 1,071,970.85 | Budget = 600,635.3 | inventory = 1
[ 2024-08-06 16:03:42,582 ] 175 : Bought 4 shares at price 69,400 | Portfolio Value = 1,071,735.3 | Budget = 322,896.5 | inventory = 2
[ 2024-08-06 16:03:42,596 ] 176 : Sold 7 shares at price 70,500 | Profit = 22,400 | Portfolio Value = 1,086,296.5 | Budget = 816,149.75 | inventory = 1
[ 2024-08-06 16:03:42,623 ] 178 : Bought 1 shares at price 68,800 | Portfolio Value = 1,094,149.75 | Budget = 747,315.35 | inventory = 2
[ 2024-08-06 16:03:42,636 ] 179 : Sold 4 shares at price 68,400 | Profit = -4,000 | Portfolio Value = 1,091,315.35 | Budget = 1,020,778.55 | inventory = 1
[ 2024-08-06 16:03:42,650 ] 180 : Sold 1 shares at price 68,500 | Profit = -300 | Portfolio Value = 1,089,178.55 | Budget = 1,089,244.3 | inventory = 0
[ 2024-08-06 16:03:42,676 ] 182 : Bought 11 shares at price 66,700 | Portfolio Value = 1,089,244.3 | Budget = 355,177.45 | inventory = 1
[ 2024-08-06 16:03:42,689 ] 183 : Bought 4 shares at price 67,300 | Portfolio Value = 1,088,877.45 | Budget = 85,842.85 | inventory = 2
[ 2024-08-06 16:03:42,703 ] 184 : Sold 11 shares at price 67,300 | Profit = 6,600 | Portfolio Value = 1,095,342.85 | Budget = 825,772.7 | inventory = 1
[ 2024-08-06 16:03:42,717 ] 185 : Bought 11 shares at price 66,900 | Portfolio Value = 1,094,972.7 | Budget = 89,504.75 | inventory = 2
[ 2024-08-06 16:03:42,731 ] 186 : Bought 1 shares at price 68,600 | Portfolio Value = 1,093,004.75 | Budget = 20,870.45 | inventory = 3
[ 2024-08-06 16:03:42,760 ] 188 : Sold 4 shares at price 69,600 | Profit = 9,200 | Portfolio Value = 1,136,070.45 | Budget = 299,131.25 | inventory = 2
[ 2024-08-06 16:03:42,787 ] 190 : Bought 2 shares at price 70,900 | Portfolio Value = 1,149,931.25 | Budget = 157,260.35 | inventory = 3
[ 2024-08-06 16:03:42,801 ] 191 : Bought 2 shares at price 69,900 | Portfolio Value = 1,149,860.35 | Budget = 17,390.45 | inventory = 4
[ 2024-08-06 16:03:42,840 ] 194 : Sold 11 shares at price 70,400 | Profit = 38,500 | Portfolio Value = 1,145,390.45 | Budget = 791,403.25 | inventory = 3
[ 2024-08-06 16:03:42,854 ] 195 : Bought 8 shares at price 70,800 | Portfolio Value = 1,143,403.25 | Budget = 224,720.05 | inventory = 4
[ 2024-08-06 16:03:42,867 ] 196 : Sold 1 shares at price 72,200 | Profit = 3,600 | Portfolio Value = 1,145,120.05 | Budget = 296,883.95 | inventory = 3
[ 2024-08-06 16:03:42,879 ] 197 : Sold 2 shares at price 72,800 | Profit = 3,800 | Portfolio Value = 1,163,283.95 | Budget = 442,411.15 | inventory = 2
[ 2024-08-06 16:03:42,892 ] 198 : Bought 6 shares at price 72,500 | Portfolio Value = 1,170,411.15 | Budget = 7,193.65 | inventory = 3
[ 2024-08-06 16:03:42,931 ] 201 : Sold 2 shares at price 72,800 | Profit = 5,800 | Portfolio Value = 1,171,993.65 | Budget = 152,720.85 | inventory = 2
[ 2024-08-06 16:03:42,944 ] 202 : Bought 2 shares at price 72,400 | Portfolio Value = 1,171,920.85 | Budget = 7,848.45 | inventory = 3
[ 2024-08-06 16:03:42,956 ] 203 : Sold 8 shares at price 71,700 | Profit = 7,200 | Portfolio Value = 1,166,248.45 | Budget = 581,161.65 | inventory = 2
[ 2024-08-06 16:03:42,997 ] 206 : Bought 7 shares at price 72,700 | Portfolio Value = 1,162,761.65 | Budget = 72,007.2 | inventory = 3
[ 2024-08-06 16:03:43,011 ] 207 : Sold 6 shares at price 72,800 | Profit = 1,800 | Portfolio Value = 1,162,507.2 | Budget = 508,588.8 | inventory = 2
[ 2024-08-06 16:03:43,024 ] 208 : Sold 2 shares at price 72,000 | Profit = -800 | Portfolio Value = 1,163,788.8 | Budget = 652,516.8 | inventory = 1
[ 2024-08-06 16:03:43,038 ] 209 : Sold 7 shares at price 72,600 | Profit = -700 | Portfolio Value = 1,156,516.8 | Budget = 1,160,462.7 | inventory = 0
[ 2024-08-06 16:03:43,077 ] 212 : Bought 3 shares at price 71,500 | Portfolio Value = 1,160,462.7 | Budget = 945,855.45 | inventory = 1
[ 2024-08-06 16:03:43,103 ] 214 : Bought 4 shares at price 73,000 | Portfolio Value = 1,163,655.45 | Budget = 653,709.45 | inventory = 2
[ 2024-08-06 16:03:43,117 ] 215 : Bought 7 shares at price 73,500 | Portfolio Value = 1,164,709.45 | Budget = 138,952.2 | inventory = 3
[ 2024-08-06 16:03:43,143 ] 217 : Bought 1 shares at price 73,100 | Portfolio Value = 1,158,152.2 | Budget = 65,815.65 | inventory = 4
[ 2024-08-06 16:03:43,157 ] 218 : Sold 3 shares at price 73,300 | Profit = 5,400 | Portfolio Value = 1,162,315.65 | Budget = 285,605.7 | inventory = 3
[ 2024-08-06 16:03:43,169 ] 219 : Bought 3 shares at price 72,900 | Portfolio Value = 1,165,205.7 | Budget = 66,796.35 | inventory = 4
[ 2024-08-06 16:03:43,182 ] 220 : Sold 4 shares at price 73,400 | Profit = 1,600 | Portfolio Value = 1,160,296.35 | Budget = 360,249.55 | inventory = 3
[ 2024-08-06 16:03:43,195 ] 221 : Bought 1 shares at price 74,800 | Portfolio Value = 1,167,649.55 | Budget = 285,412.15 | inventory = 4
[ 2024-08-06 16:03:43,208 ] 222 : Bought 3 shares at price 75,000 | Portfolio Value = 1,183,012.15 | Budget = 60,299.65 | inventory = 5
[ 2024-08-06 16:03:43,234 ] 224 : Sold 7 shares at price 76,600 | Profit = 21,700 | Portfolio Value = 1,198,799.65 | Budget = 596,231.55 | inventory = 4
[ 2024-08-06 16:03:43,249 ] 225 : Bought 6 shares at price 78,000 | Portfolio Value = 1,209,031.55 | Budget = 127,997.55 | inventory = 5
[ 2024-08-06 16:03:43,262 ] 226 : Bought 1 shares at price 78,500 | Portfolio Value = 1,219,997.55 | Budget = 49,458.3 | inventory = 6
[ 2024-08-06 16:03:43,314 ] 4 : Bought 9 shares at price 63,800 | Portfolio Value = 1,000,000.0 | Budget = 425,512.9 | inventory = 1
[ 2024-08-06 16:03:43,326 ] 5 : Bought 4 shares at price 61,600 | Portfolio Value = 999,712.9 | Budget = 178,989.7 | inventory = 2
[ 2024-08-06 16:03:43,340 ] 6 : Sold 9 shares at price 61,900 | Profit = -17,100 | Portfolio Value = 979,789.7 | Budget = 735,811.15 | inventory = 1
[ 2024-08-06 16:03:43,352 ] 7 : Sold 4 shares at price 63,100 | Profit = 6,000 | Portfolio Value = 983,411.15 | Budget = 988,084.95 | inventory = 0
[ 2024-08-06 16:03:43,433 ] 13 : Bought 6 shares at price 63,700 | Portfolio Value = 988,084.95 | Budget = 605,693.85 | inventory = 1
[ 2024-08-06 16:03:43,446 ] 14 : Sold 6 shares at price 62,600 | Profit = -6,600 | Portfolio Value = 987,893.85 | Budget = 981,106.05 | inventory = 0
[ 2024-08-06 16:03:43,459 ] 15 : Bought 11 shares at price 62,700 | Portfolio Value = 981,106.05 | Budget = 291,061.2 | inventory = 1
[ 2024-08-06 16:03:43,472 ] 16 : Bought 3 shares at price 62,100 | Portfolio Value = 980,761.2 | Budget = 104,668.05 | inventory = 2
[ 2024-08-06 16:03:43,486 ] 17 : Bought 1 shares at price 61,100 | Portfolio Value = 974,068.05 | Budget = 43,537.5 | inventory = 3
[ 2024-08-06 16:03:43,500 ] 18 : Sold 11 shares at price 62,000 | Profit = -7,700 | Portfolio Value = 960,037.5 | Budget = 725,196.5 | inventory = 2
[ 2024-08-06 16:03:43,513 ] 19 : Bought 10 shares at price 61,300 | Portfolio Value = 973,196.5 | Budget = 111,890.0 | inventory = 3
[ 2024-08-06 16:03:43,527 ] 20 : Bought 1 shares at price 60,500 | Portfolio Value = 970,090.0 | Budget = 51,359.75 | inventory = 4
[ 2024-08-06 16:03:43,553 ] 22 : Sold 3 shares at price 60,800 | Profit = -3,900 | Portfolio Value = 960,359.75 | Budget = 233,668.55 | inventory = 3
[ 2024-08-06 16:03:43,566 ] 23 : Sold 1 shares at price 60,500 | Profit = -600 | Portfolio Value = 963,268.55 | Budget = 294,138.3 | inventory = 2
[ 2024-08-06 16:03:43,592 ] 25 : Sold 10 shares at price 60,700 | Profit = -6,000 | Portfolio Value = 970,638.3 | Budget = 900,834.8 | inventory = 1
[ 2024-08-06 16:03:43,605 ] 26 : Bought 13 shares at price 60,300 | Portfolio Value = 961,534.8 | Budget = 116,542.85 | inventory = 2
[ 2024-08-06 16:03:43,632 ] 28 : Sold 1 shares at price 59,500 | Profit = -1,000 | Portfolio Value = 957,942.85 | Budget = 176,013.1 | inventory = 1
[ 2024-08-06 16:03:43,646 ] 29 : Sold 13 shares at price 60,000 | Profit = -3,900 | Portfolio Value = 949,513.1 | Budget = 955,623.1 | inventory = 0
[ 2024-08-06 16:03:43,727 ] 35 : Bought 8 shares at price 60,300 | Portfolio Value = 955,623.1 | Budget = 472,981.9 | inventory = 1
[ 2024-08-06 16:03:43,741 ] 36 : Bought 3 shares at price 61,100 | Portfolio Value = 955,381.9 | Budget = 289,590.25 | inventory = 2
[ 2024-08-06 16:03:43,755 ] 37 : Sold 8 shares at price 62,300 | Profit = 16,000 | Portfolio Value = 961,690.25 | Budget = 787,741.05 | inventory = 1
[ 2024-08-06 16:03:43,770 ] 38 : Sold 3 shares at price 63,000 | Profit = 5,700 | Portfolio Value = 974,641.05 | Budget = 976,646.55 | inventory = 0
[ 2024-08-06 16:03:43,784 ] 39 : Bought 7 shares at price 62,100 | Portfolio Value = 976,646.55 | Budget = 541,729.2 | inventory = 1
[ 2024-08-06 16:03:43,797 ] 40 : Sold 7 shares at price 62,900 | Profit = 5,600 | Portfolio Value = 976,429.2 | Budget = 981,809.05 | inventory = 0
[ 2024-08-06 16:03:43,864 ] 45 : Bought 3 shares at price 63,600 | Portfolio Value = 981,809.05 | Budget = 790,913.65 | inventory = 1
[ 2024-08-06 16:03:43,878 ] 46 : Sold 3 shares at price 63,900 | Profit = 900 | Portfolio Value = 981,713.65 | Budget = 982,517.8 | inventory = 0
[ 2024-08-06 16:03:43,918 ] 49 : Bought 12 shares at price 65,700 | Portfolio Value = 982,517.8 | Budget = 193,723.6 | inventory = 1
[ 2024-08-06 16:03:43,931 ] 50 : Sold 12 shares at price 65,900 | Profit = 2,400 | Portfolio Value = 982,123.6 | Budget = 984,128.2 | inventory = 0
[ 2024-08-06 16:03:43,945 ] 51 : Bought 9 shares at price 66,000 | Portfolio Value = 984,128.2 | Budget = 389,831.2 | inventory = 1
[ 2024-08-06 16:03:43,958 ] 52 : Bought 1 shares at price 66,100 | Portfolio Value = 983,831.2 | Budget = 323,698.15 | inventory = 2
[ 2024-08-06 16:03:43,972 ] 53 : Bought 3 shares at price 65,100 | Portfolio Value = 984,698.15 | Budget = 128,300.5 | inventory = 3
[ 2024-08-06 16:03:43,986 ] 54 : Sold 9 shares at price 65,300 | Profit = -6,300 | Portfolio Value = 974,600.5 | Budget = 715,706.65 | inventory = 2
[ 2024-08-06 16:03:43,999 ] 55 : Sold 1 shares at price 65,600 | Profit = -500 | Portfolio Value = 976,906.65 | Budget = 781,273.85 | inventory = 1
[ 2024-08-06 16:03:44,012 ] 56 : Sold 3 shares at price 65,500 | Profit = 1,200 | Portfolio Value = 978,073.85 | Budget = 977,675.6 | inventory = 0
[ 2024-08-06 16:03:44,026 ] 57 : Bought 6 shares at price 65,300 | Portfolio Value = 977,675.6 | Budget = 585,679.7 | inventory = 1
[ 2024-08-06 16:03:44,039 ] 58 : Sold 6 shares at price 65,700 | Profit = 2,400 | Portfolio Value = 977,479.7 | Budget = 979,682.6 | inventory = 0
[ 2024-08-06 16:03:44,053 ] 59 : Bought 7 shares at price 65,200 | Portfolio Value = 979,682.6 | Budget = 523,054.4 | inventory = 1
[ 2024-08-06 16:03:44,066 ] 60 : Sold 7 shares at price 63,600 | Profit = -11,200 | Portfolio Value = 979,454.4 | Budget = 968,031.8 | inventory = 0
[ 2024-08-06 16:03:44,079 ] 61 : Bought 13 shares at price 64,100 | Portfolio Value = 968,031.8 | Budget = 134,315.15 | inventory = 1
[ 2024-08-06 16:03:44,091 ] 62 : Bought 2 shares at price 64,600 | Portfolio Value = 967,615.15 | Budget = 5,050.55 | inventory = 2
[ 2024-08-06 16:03:44,105 ] 63 : Sold 13 shares at price 65,500 | Profit = 18,200 | Portfolio Value = 974,050.55 | Budget = 856,124.8 | inventory = 1
[ 2024-08-06 16:03:44,119 ] 64 : Bought 9 shares at price 65,700 | Portfolio Value = 987,124.8 | Budget = 264,529.15 | inventory = 2
[ 2024-08-06 16:03:44,133 ] 65 : Bought 3 shares at price 65,400 | Portfolio Value = 987,229.15 | Budget = 68,231.05 | inventory = 3
[ 2024-08-06 16:03:44,146 ] 66 : Sold 2 shares at price 65,100 | Profit = 1,000 | Portfolio Value = 983,831.05 | Budget = 198,365.95 | inventory = 2
[ 2024-08-06 16:03:44,160 ] 67 : Sold 9 shares at price 65,900 | Profit = 1,800 | Portfolio Value = 979,565.95 | Budget = 791,169.4 | inventory = 1
[ 2024-08-06 16:03:44,173 ] 68 : Sold 3 shares at price 65,300 | Profit = -300 | Portfolio Value = 988,869.4 | Budget = 986,971.45 | inventory = 0
[ 2024-08-06 16:03:44,187 ] 69 : Bought 11 shares at price 64,600 | Portfolio Value = 986,971.45 | Budget = 276,016.15 | inventory = 1
[ 2024-08-06 16:03:44,201 ] 70 : Sold 11 shares at price 64,200 | Profit = -4,400 | Portfolio Value = 986,616.15 | Budget = 981,863.05 | inventory = 0
[ 2024-08-06 16:03:44,241 ] 73 : Bought 10 shares at price 65,400 | Portfolio Value = 981,863.05 | Budget = 327,536.05 | inventory = 1
[ 2024-08-06 16:03:44,255 ] 74 : Sold 10 shares at price 65,000 | Profit = -4,000 | Portfolio Value = 981,536.05 | Budget = 977,211.05 | inventory = 0
[ 2024-08-06 16:03:44,268 ] 75 : Bought 8 shares at price 66,200 | Portfolio Value = 977,211.05 | Budget = 447,346.25 | inventory = 1
[ 2024-08-06 16:03:44,282 ] 76 : Bought 5 shares at price 68,400 | Portfolio Value = 976,946.25 | Budget = 105,175.25 | inventory = 2
[ 2024-08-06 16:03:44,296 ] 77 : Bought 1 shares at price 68,500 | Portfolio Value = 994,375.25 | Budget = 36,641.0 | inventory = 3
[ 2024-08-06 16:03:44,323 ] 79 : Sold 8 shares at price 68,500 | Profit = 18,400 | Portfolio Value = 994,241.0 | Budget = 584,367.0 | inventory = 2
[ 2024-08-06 16:03:44,337 ] 80 : Bought 7 shares at price 68,800 | Portfolio Value = 995,367.0 | Budget = 102,526.2 | inventory = 3
[ 2024-08-06 16:03:44,350 ] 81 : Sold 5 shares at price 70,300 | Profit = 9,500 | Portfolio Value = 996,926.2 | Budget = 453,850.45 | inventory = 2
[ 2024-08-06 16:03:44,363 ] 82 : Sold 1 shares at price 72,300 | Profit = 3,800 | Portfolio Value = 1,016,250.45 | Budget = 526,114.3 | inventory = 1
[ 2024-08-06 16:03:44,377 ] 83 : Sold 7 shares at price 71,400 | Profit = 18,200 | Portfolio Value = 1,032,214.3 | Budget = 1,025,664.4 | inventory = 0
[ 2024-08-06 16:03:44,512 ] 93 : Bought 6 shares at price 71,500 | Portfolio Value = 1,025,664.4 | Budget = 596,449.9 | inventory = 1
[ 2024-08-06 16:03:44,525 ] 94 : Sold 6 shares at price 71,800 | Profit = 1,800 | Portfolio Value = 1,025,449.9 | Budget = 1,027,034.5 | inventory = 0
[ 2024-08-06 16:03:44,553 ] 96 : Bought 9 shares at price 71,400 | Portfolio Value = 1,027,034.5 | Budget = 384,113.2 | inventory = 1
[ 2024-08-06 16:03:44,567 ] 97 : Sold 9 shares at price 70,500 | Profit = -8,100 | Portfolio Value = 1,026,713.2 | Budget = 1,018,295.95 | inventory = 0
[ 2024-08-06 16:03:44,581 ] 98 : Bought 2 shares at price 71,300 | Portfolio Value = 1,018,295.95 | Budget = 875,624.65 | inventory = 1
[ 2024-08-06 16:03:44,595 ] 99 : Bought 2 shares at price 71,600 | Portfolio Value = 1,018,224.65 | Budget = 732,353.05 | inventory = 2
[ 2024-08-06 16:03:44,608 ] 100 : Sold 2 shares at price 72,400 | Profit = 2,200 | Portfolio Value = 1,018,753.05 | Budget = 877,080.65 | inventory = 1
[ 2024-08-06 16:03:44,621 ] 101 : Bought 4 shares at price 72,600 | Portfolio Value = 1,021,880.65 | Budget = 586,535.45 | inventory = 2
[ 2024-08-06 16:03:44,635 ] 102 : Bought 6 shares at price 72,700 | Portfolio Value = 1,022,135.45 | Budget = 150,117.35 | inventory = 3
[ 2024-08-06 16:03:44,648 ] 103 : Sold 2 shares at price 72,400 | Profit = 1,600 | Portfolio Value = 1,022,517.35 | Budget = 294,844.95 | inventory = 2
[ 2024-08-06 16:03:44,661 ] 104 : Sold 4 shares at price 72,200 | Profit = -1,600 | Portfolio Value = 1,018,844.95 | Budget = 583,500.55 | inventory = 1
[ 2024-08-06 16:03:44,674 ] 105 : Sold 6 shares at price 73,000 | Profit = 1,800 | Portfolio Value = 1,016,700.55 | Budget = 1,021,281.55 | inventory = 0
[ 2024-08-06 16:03:44,687 ] 106 : Bought 3 shares at price 73,000 | Portfolio Value = 1,021,281.55 | Budget = 802,172.05 | inventory = 1
[ 2024-08-06 16:03:44,701 ] 107 : Bought 2 shares at price 72,000 | Portfolio Value = 1,021,172.05 | Budget = 658,100.05 | inventory = 2
[ 2024-08-06 16:03:44,714 ] 108 : Sold 3 shares at price 71,600 | Profit = -4,200 | Portfolio Value = 1,018,100.05 | Budget = 872,792.65 | inventory = 1
[ 2024-08-06 16:03:44,727 ] 109 : Sold 2 shares at price 69,900 | Profit = -4,200 | Portfolio Value = 1,015,992.65 | Budget = 1,012,522.75 | inventory = 0
[ 2024-08-06 16:03:44,740 ] 110 : Bought 14 shares at price 69,500 | Portfolio Value = 1,012,522.75 | Budget = 39,036.25 | inventory = 1
[ 2024-08-06 16:03:44,766 ] 112 : Sold 14 shares at price 71,900 | Profit = 33,600 | Portfolio Value = 1,040,036.25 | Budget = 1,045,132.95 | inventory = 0
[ 2024-08-06 16:03:44,913 ] 123 : Bought 9 shares at price 71,700 | Portfolio Value = 1,045,132.95 | Budget = 399,510.3 | inventory = 1
[ 2024-08-06 16:03:44,926 ] 124 : Bought 1 shares at price 70,600 | Portfolio Value = 1,044,810.3 | Budget = 328,875.0 | inventory = 2
[ 2024-08-06 16:03:44,939 ] 125 : Bought 2 shares at price 69,800 | Portfolio Value = 1,034,875.0 | Budget = 189,205.2 | inventory = 3
[ 2024-08-06 16:03:44,952 ] 126 : Bought 1 shares at price 71,100 | Portfolio Value = 1,026,805.2 | Budget = 118,069.65 | inventory = 4
[ 2024-08-06 16:03:44,966 ] 127 : Bought 1 shares at price 69,900 | Portfolio Value = 1,042,369.65 | Budget = 48,134.7 | inventory = 5
[ 2024-08-06 16:03:44,980 ] 128 : Sold 9 shares at price 68,800 | Profit = -26,100 | Portfolio Value = 1,026,734.7 | Budget = 667,025.1 | inventory = 4
[ 2024-08-06 16:03:44,993 ] 129 : Sold 1 shares at price 68,300 | Profit = -2,300 | Portfolio Value = 1,011,025.1 | Budget = 735,290.95 | inventory = 3
[ 2024-08-06 16:03:45,007 ] 130 : Sold 2 shares at price 68,500 | Profit = -2,600 | Portfolio Value = 1,008,490.95 | Budget = 872,222.45 | inventory = 2
[ 2024-08-06 16:03:45,020 ] 131 : Bought 3 shares at price 67,600 | Portfolio Value = 1,009,222.45 | Budget = 669,321.05 | inventory = 3
[ 2024-08-06 16:03:45,034 ] 132 : Bought 8 shares at price 68,900 | Portfolio Value = 1,007,321.05 | Budget = 117,845.45 | inventory = 4
[ 2024-08-06 16:03:45,048 ] 133 : Sold 1 shares at price 68,000 | Profit = -3,100 | Portfolio Value = 1,013,545.45 | Budget = 185,811.45 | inventory = 3
[ 2024-08-06 16:03:45,061 ] 134 : Sold 1 shares at price 67,500 | Profit = -2,400 | Portfolio Value = 1,001,811.45 | Budget = 253,277.7 | inventory = 2
[ 2024-08-06 16:03:45,074 ] 135 : Bought 3 shares at price 67,300 | Portfolio Value = 995,777.7 | Budget = 51,276.75 | inventory = 3
[ 2024-08-06 16:03:45,088 ] 136 : Sold 3 shares at price 67,000 | Profit = -1,800 | Portfolio Value = 993,476.75 | Budget = 252,176.25 | inventory = 2
[ 2024-08-06 16:03:45,102 ] 137 : Sold 8 shares at price 66,700 | Profit = -17,600 | Portfolio Value = 989,176.25 | Budget = 785,509.45 | inventory = 1
[ 2024-08-06 16:03:45,115 ] 138 : Sold 3 shares at price 66,300 | Profit = -3,000 | Portfolio Value = 985,609.45 | Budget = 984,310.0 | inventory = 0
[ 2024-08-06 16:03:45,128 ] 139 : Bought 13 shares at price 66,600 | Portfolio Value = 984,310.0 | Budget = 118,077.1 | inventory = 1
[ 2024-08-06 16:03:45,142 ] 140 : Bought 1 shares at price 66,600 | Portfolio Value = 983,877.1 | Budget = 51,443.8 | inventory = 2
[ 2024-08-06 16:03:45,168 ] 142 : Sold 13 shares at price 68,200 | Profit = 20,800 | Portfolio Value = 990,843.8 | Budget = 937,600.5 | inventory = 1
[ 2024-08-06 16:03:45,182 ] 143 : Sold 1 shares at price 67,100 | Profit = 500 | Portfolio Value = 1,005,800.5 | Budget = 1,004,666.95 | inventory = 0
[ 2024-08-06 16:03:45,208 ] 145 : Bought 3 shares at price 66,800 | Portfolio Value = 1,004,666.95 | Budget = 804,166.75 | inventory = 1
[ 2024-08-06 16:03:45,222 ] 146 : Sold 3 shares at price 67,100 | Profit = 900 | Portfolio Value = 1,004,566.75 | Budget = 1,005,366.1 | inventory = 0
[ 2024-08-06 16:03:45,235 ] 147 : Bought 2 shares at price 66,900 | Portfolio Value = 1,005,366.1 | Budget = 871,499.2 | inventory = 1
[ 2024-08-06 16:03:45,248 ] 148 : Sold 2 shares at price 71,000 | Profit = 8,200 | Portfolio Value = 1,005,299.2 | Budget = 1,013,428.2 | inventory = 0
[ 2024-08-06 16:03:45,261 ] 149 : Bought 11 shares at price 71,200 | Portfolio Value = 1,013,428.2 | Budget = 229,836.6 | inventory = 1
[ 2024-08-06 16:03:45,274 ] 150 : Sold 11 shares at price 70,700 | Profit = -5,500 | Portfolio Value = 1,013,036.6 | Budget = 1,007,147.75 | inventory = 0
[ 2024-08-06 16:03:45,301 ] 152 : Bought 13 shares at price 70,400 | Portfolio Value = 1,007,147.75 | Budget = 91,490.15 | inventory = 1
[ 2024-08-06 16:03:45,315 ] 153 : Bought 1 shares at price 70,300 | Portfolio Value = 1,006,690.15 | Budget = 21,155.0 | inventory = 2
[ 2024-08-06 16:03:45,368 ] 157 : Sold 13 shares at price 71,700 | Profit = 16,900 | Portfolio Value = 1,013,755.0 | Budget = 952,788.95 | inventory = 1
[ 2024-08-06 16:03:45,382 ] 158 : Bought 7 shares at price 72,000 | Portfolio Value = 1,024,488.95 | Budget = 448,536.95 | inventory = 2
[ 2024-08-06 16:03:45,396 ] 159 : Sold 1 shares at price 70,200 | Profit = -100 | Portfolio Value = 1,024,536.95 | Budget = 518,701.85 | inventory = 1
[ 2024-08-06 16:03:45,409 ] 160 : Bought 6 shares at price 69,800 | Portfolio Value = 1,010,101.85 | Budget = 99,692.45 | inventory = 2
[ 2024-08-06 16:03:45,422 ] 161 : Bought 1 shares at price 69,600 | Portfolio Value = 1,007,092.45 | Budget = 30,057.65 | inventory = 3
[ 2024-08-06 16:03:45,436 ] 162 : Sold 7 shares at price 68,900 | Profit = -21,700 | Portfolio Value = 1,004,457.65 | Budget = 512,116.5 | inventory = 2
[ 2024-08-06 16:03:45,463 ] 164 : Bought 5 shares at price 69,400 | Portfolio Value = 993,716.5 | Budget = 164,943.0 | inventory = 3
[ 2024-08-06 16:03:45,476 ] 165 : Bought 2 shares at price 68,600 | Portfolio Value = 997,743.0 | Budget = 27,674.4 | inventory = 4
[ 2024-08-06 16:03:45,489 ] 166 : Sold 6 shares at price 68,400 | Profit = -8,400 | Portfolio Value = 988,074.4 | Budget = 437,869.2 | inventory = 3
[ 2024-08-06 16:03:45,502 ] 167 : Bought 5 shares at price 67,500 | Portfolio Value = 985,069.2 | Budget = 100,200.45 | inventory = 4
[ 2024-08-06 16:03:45,515 ] 168 : Bought 1 shares at price 66,700 | Portfolio Value = 977,700.45 | Budget = 33,467.1 | inventory = 5
[ 2024-08-06 16:03:45,541 ] 170 : Sold 1 shares at price 66,400 | Profit = -3,200 | Portfolio Value = 957,467.1 | Budget = 99,833.9 | inventory = 4
[ 2024-08-06 16:03:45,555 ] 171 : Bought 1 shares at price 68,200 | Portfolio Value = 963,033.9 | Budget = 31,599.8 | inventory = 5
[ 2024-08-06 16:03:45,568 ] 172 : Sold 5 shares at price 68,900 | Profit = -2,500 | Portfolio Value = 986,399.8 | Budget = 375,927.55 | inventory = 4
[ 2024-08-06 16:03:45,594 ] 174 : Sold 2 shares at price 67,300 | Profit = -2,600 | Portfolio Value = 987,927.55 | Budget = 510,460.25 | inventory = 3
[ 2024-08-06 16:03:45,620 ] 176 : Sold 5 shares at price 70,500 | Profit = 15,000 | Portfolio Value = 996,260.25 | Budget = 862,784.0 | inventory = 2
[ 2024-08-06 16:03:45,633 ] 177 : Bought 2 shares at price 69,500 | Portfolio Value = 1,003,784.0 | Budget = 723,714.5 | inventory = 3
[ 2024-08-06 16:03:45,646 ] 178 : Bought 7 shares at price 68,800 | Portfolio Value = 1,001,714.5 | Budget = 241,873.7 | inventory = 4
[ 2024-08-06 16:03:45,660 ] 179 : Bought 1 shares at price 68,400 | Portfolio Value = 998,673.7 | Budget = 173,439.5 | inventory = 5
[ 2024-08-06 16:03:45,673 ] 180 : Sold 1 shares at price 68,500 | Profit = 1,800 | Portfolio Value = 994,239.5 | Budget = 241,905.25 | inventory = 4
[ 2024-08-06 16:03:45,687 ] 181 : Bought 1 shares at price 68,000 | Portfolio Value = 995,405.25 | Budget = 173,871.25 | inventory = 5
[ 2024-08-06 16:03:45,700 ] 182 : Bought 1 shares at price 66,700 | Portfolio Value = 989,871.25 | Budget = 107,137.9 | inventory = 6
[ 2024-08-06 16:03:45,713 ] 183 : Sold 1 shares at price 67,300 | Profit = -900 | Portfolio Value = 974,237.9 | Budget = 174,404.25 | inventory = 5
[ 2024-08-06 16:03:45,726 ] 184 : Sold 2 shares at price 67,300 | Profit = -4,400 | Portfolio Value = 982,004.25 | Budget = 308,936.95 | inventory = 4
[ 2024-08-06 16:03:45,740 ] 185 : Sold 7 shares at price 66,900 | Profit = -13,300 | Portfolio Value = 981,936.95 | Budget = 777,002.8 | inventory = 3
[ 2024-08-06 16:03:45,754 ] 186 : Sold 1 shares at price 68,600 | Profit = 200 | Portfolio Value = 977,702.8 | Budget = 845,568.5 | inventory = 2
[ 2024-08-06 16:03:45,767 ] 187 : Bought 11 shares at price 69,700 | Portfolio Value = 982,768.5 | Budget = 78,485.15 | inventory = 3
[ 2024-08-06 16:03:45,781 ] 188 : Sold 1 shares at price 69,600 | Profit = 1,600 | Portfolio Value = 984,585.15 | Budget = 148,050.35 | inventory = 2
[ 2024-08-06 16:03:45,794 ] 189 : Bought 1 shares at price 70,900 | Portfolio Value = 983,250.35 | Budget = 77,114.9 | inventory = 3
[ 2024-08-06 16:03:45,807 ] 190 : Bought 1 shares at price 70,900 | Portfolio Value = 998,814.9 | Budget = 6,179.45 | inventory = 4
[ 2024-08-06 16:03:45,821 ] 191 : Sold 1 shares at price 69,900 | Profit = 3,200 | Portfolio Value = 998,779.45 | Budget = 76,044.5 | inventory = 3
[ 2024-08-06 16:03:45,835 ] 192 : Sold 11 shares at price 70,300 | Profit = 6,600 | Portfolio Value = 984,744.5 | Budget = 848,957.85 | inventory = 2
[ 2024-08-06 16:03:45,848 ] 193 : Sold 1 shares at price 70,500 | Profit = -400 | Portfolio Value = 989,557.85 | Budget = 919,422.6 | inventory = 1
[ 2024-08-06 16:03:45,874 ] 195 : Bought 6 shares at price 70,800 | Portfolio Value = 989,822.6 | Budget = 494,410.2 | inventory = 2
[ 2024-08-06 16:03:45,888 ] 196 : Bought 3 shares at price 72,200 | Portfolio Value = 990,010.2 | Budget = 277,701.9 | inventory = 3
[ 2024-08-06 16:03:45,901 ] 197 : Bought 3 shares at price 72,800 | Portfolio Value = 999,701.9 | Budget = 59,192.7 | inventory = 4
[ 2024-08-06 16:03:45,915 ] 198 : Sold 1 shares at price 72,500 | Profit = 1,600 | Portfolio Value = 1,005,592.7 | Budget = 131,656.45 | inventory = 3
[ 2024-08-06 16:03:45,928 ] 199 : Bought 1 shares at price 72,700 | Portfolio Value = 1,001,656.45 | Budget = 58,920.1 | inventory = 4
[ 2024-08-06 16:03:45,941 ] 200 : Sold 6 shares at price 72,800 | Profit = 12,000 | Portfolio Value = 1,004,020.1 | Budget = 495,501.7 | inventory = 3
[ 2024-08-06 16:03:45,967 ] 202 : Bought 2 shares at price 72,400 | Portfolio Value = 1,005,101.7 | Budget = 350,629.3 | inventory = 4
[ 2024-08-06 16:03:45,981 ] 203 : Bought 3 shares at price 71,700 | Portfolio Value = 1,002,229.3 | Budget = 135,421.75 | inventory = 5
[ 2024-08-06 16:03:45,995 ] 204 : Bought 1 shares at price 71,300 | Portfolio Value = 995,821.75 | Budget = 64,086.1 | inventory = 6
[ 2024-08-06 16:03:46,102 ] 212 : Sold 3 shares at price 71,500 | Profit = -2,100 | Portfolio Value = 996,186.1 | Budget = 278,478.85 | inventory = 5
[ 2024-08-06 16:03:46,115 ] 213 : Bought 2 shares at price 72,600 | Portfolio Value = 993,478.85 | Budget = 133,206.25 | inventory = 6
[ 2024-08-06 16:03:46,128 ] 214 : Sold 3 shares at price 73,000 | Profit = 600 | Portfolio Value = 1,004,406.25 | Budget = 352,096.75 | inventory = 5
[ 2024-08-06 16:03:46,142 ] 215 : Sold 1 shares at price 73,500 | Profit = 800 | Portfolio Value = 1,009,096.75 | Budget = 425,560.0 | inventory = 4
[ 2024-08-06 16:03:46,155 ] 216 : Bought 4 shares at price 72,800 | Portfolio Value = 1,013,560.0 | Budget = 134,214.4 | inventory = 5
[ 2024-08-06 16:03:46,168 ] 217 : Sold 2 shares at price 73,100 | Profit = 1,400 | Portfolio Value = 1,007,814.4 | Budget = 280,341.3 | inventory = 4
[ 2024-08-06 16:03:46,181 ] 218 : Sold 3 shares at price 73,300 | Profit = 4,800 | Portfolio Value = 1,011,341.3 | Budget = 500,131.35 | inventory = 3
[ 2024-08-06 16:03:46,207 ] 220 : Sold 1 shares at price 73,400 | Profit = 2,100 | Portfolio Value = 1,010,431.35 | Budget = 573,494.65 | inventory = 2
[ 2024-08-06 16:03:46,235 ] 222 : Bought 3 shares at price 75,000 | Portfolio Value = 1,022,294.65 | Budget = 348,382.15 | inventory = 3
[ 2024-08-06 16:03:46,249 ] 223 : Bought 1 shares at price 75,900 | Portfolio Value = 1,023,382.15 | Budget = 272,444.2 | inventory = 4
[ 2024-08-06 16:03:46,275 ] 225 : Bought 1 shares at price 78,000 | Portfolio Value = 1,038,444.2 | Budget = 194,405.2 | inventory = 5
[ 2024-08-06 16:03:46,289 ] 226 : Sold 2 shares at price 78,500 | Profit = 11,800 | Portfolio Value = 1,052,405.2 | Budget = 351,326.7 | inventory = 4
[ 2024-08-06 16:03:46,342 ] 4 : Bought 9 shares at price 63,800 | Portfolio Value = 1,000,000.0 | Budget = 425,512.9 | inventory = 1
[ 2024-08-06 16:03:46,355 ] 5 : Bought 5 shares at price 61,600 | Portfolio Value = 999,712.9 | Budget = 117,358.9 | inventory = 2
[ 2024-08-06 16:03:46,368 ] 6 : Bought 1 shares at price 61,900 | Portfolio Value = 979,758.9 | Budget = 55,427.95 | inventory = 3
[ 2024-08-06 16:03:46,382 ] 7 : Sold 9 shares at price 63,100 | Profit = -6,300 | Portfolio Value = 983,927.95 | Budget = 623,044.0 | inventory = 2
[ 2024-08-06 16:03:46,408 ] 9 : Sold 5 shares at price 62,800 | Profit = 6,000 | Portfolio Value = 1,001,044.0 | Budget = 936,887.0 | inventory = 1
[ 2024-08-06 16:03:46,422 ] 10 : Sold 1 shares at price 62,900 | Profit = 1,000 | Portfolio Value = 999,687.0 | Budget = 999,755.55 | inventory = 0
[ 2024-08-06 16:03:46,449 ] 12 : Bought 1 shares at price 62,200 | Portfolio Value = 999,755.55 | Budget = 937,524.45 | inventory = 1
[ 2024-08-06 16:03:46,462 ] 13 : Bought 13 shares at price 63,700 | Portfolio Value = 999,724.45 | Budget = 109,010.4 | inventory = 2
[ 2024-08-06 16:03:46,475 ] 14 : Sold 1 shares at price 62,600 | Profit = 400 | Portfolio Value = 1,000,810.4 | Budget = 171,579.1 | inventory = 1
[ 2024-08-06 16:03:46,488 ] 15 : Sold 13 shares at price 62,700 | Profit = -13,000 | Portfolio Value = 985,379.1 | Budget = 986,271.55 | inventory = 0
[ 2024-08-06 16:03:46,501 ] 16 : Bought 8 shares at price 62,100 | Portfolio Value = 986,271.55 | Budget = 489,223.15 | inventory = 1
[ 2024-08-06 16:03:46,515 ] 17 : Sold 8 shares at price 61,100 | Profit = -8,000 | Portfolio Value = 986,023.15 | Budget = 977,778.75 | inventory = 0
[ 2024-08-06 16:03:46,598 ] 23 : Bought 13 shares at price 60,500 | Portfolio Value = 977,778.75 | Budget = 190,885.5 | inventory = 1
[ 2024-08-06 16:03:46,612 ] 24 : Sold 13 shares at price 61,500 | Profit = 13,000 | Portfolio Value = 977,385.5 | Budget = 989,985.75 | inventory = 0
[ 2024-08-06 16:03:46,666 ] 28 : Bought 16 shares at price 59,500 | Portfolio Value = 989,985.75 | Budget = 37,509.75 | inventory = 1
[ 2024-08-06 16:03:46,680 ] 29 : Sold 16 shares at price 60,000 | Profit = 8,000 | Portfolio Value = 989,509.75 | Budget = 997,029.75 | inventory = 0
[ 2024-08-06 16:03:46,707 ] 31 : Bought 16 shares at price 59,800 | Portfolio Value = 997,029.75 | Budget = 39,751.35 | inventory = 1
[ 2024-08-06 16:03:46,720 ] 32 : Sold 16 shares at price 59,900 | Profit = 1,600 | Portfolio Value = 996,551.35 | Budget = 997,672.15 | inventory = 0
[ 2024-08-06 16:03:46,760 ] 35 : Bought 4 shares at price 60,300 | Portfolio Value = 997,672.15 | Budget = 756,351.55 | inventory = 1
[ 2024-08-06 16:03:46,774 ] 36 : Bought 8 shares at price 61,100 | Portfolio Value = 997,551.55 | Budget = 267,307.15 | inventory = 2
[ 2024-08-06 16:03:46,788 ] 37 : Bought 4 shares at price 62,300 | Portfolio Value = 1,000,507.15 | Budget = 17,982.55 | inventory = 3
[ 2024-08-06 16:03:46,801 ] 38 : Sold 4 shares at price 63,000 | Profit = 10,800 | Portfolio Value = 1,014,782.55 | Budget = 269,856.55 | inventory = 2
[ 2024-08-06 16:03:46,814 ] 39 : Sold 8 shares at price 62,100 | Profit = 8,000 | Portfolio Value = 1,025,856.55 | Budget = 766,408.15 | inventory = 1
[ 2024-08-06 16:03:46,828 ] 40 : Sold 4 shares at price 62,900 | Profit = 2,400 | Portfolio Value = 1,014,808.15 | Budget = 1,017,882.35 | inventory = 0
[ 2024-08-06 16:03:46,868 ] 43 : Bought 12 shares at price 64,000 | Portfolio Value = 1,017,882.35 | Budget = 249,498.35 | inventory = 1
[ 2024-08-06 16:03:46,883 ] 44 : Bought 1 shares at price 63,100 | Portfolio Value = 1,017,498.35 | Budget = 186,366.8 | inventory = 2
[ 2024-08-06 16:03:46,896 ] 45 : Sold 12 shares at price 63,600 | Profit = -4,800 | Portfolio Value = 1,006,666.8 | Budget = 949,185.2 | inventory = 1
[ 2024-08-06 16:03:46,909 ] 46 : Sold 1 shares at price 63,900 | Profit = 800 | Portfolio Value = 1,012,785.2 | Budget = 1,013,053.25 | inventory = 0
[ 2024-08-06 16:03:46,975 ] 51 : Bought 1 shares at price 66,000 | Portfolio Value = 1,013,053.25 | Budget = 947,020.25 | inventory = 1
[ 2024-08-06 16:03:46,988 ] 52 : Sold 1 shares at price 66,100 | Profit = 100 | Portfolio Value = 1,013,020.25 | Budget = 1,013,087.2 | inventory = 0
[ 2024-08-06 16:03:47,002 ] 53 : Bought 2 shares at price 65,100 | Portfolio Value = 1,013,087.2 | Budget = 882,822.1 | inventory = 1
[ 2024-08-06 16:03:47,029 ] 55 : Bought 7 shares at price 65,600 | Portfolio Value = 1,013,422.1 | Budget = 423,392.5 | inventory = 2
[ 2024-08-06 16:03:47,042 ] 56 : Sold 2 shares at price 65,500 | Profit = 800 | Portfolio Value = 1,013,792.5 | Budget = 554,327.0 | inventory = 1
[ 2024-08-06 16:03:47,068 ] 58 : Bought 5 shares at price 65,700 | Portfolio Value = 1,011,427.0 | Budget = 225,662.75 | inventory = 2
[ 2024-08-06 16:03:47,081 ] 59 : Bought 3 shares at price 65,200 | Portfolio Value = 1,014,062.75 | Budget = 29,964.95 | inventory = 3
[ 2024-08-06 16:03:47,134 ] 63 : Sold 7 shares at price 65,500 | Profit = -700 | Portfolio Value = 998,964.95 | Budget = 488,235.7 | inventory = 2
[ 2024-08-06 16:03:47,148 ] 64 : Bought 5 shares at price 65,700 | Portfolio Value = 1,012,235.7 | Budget = 159,571.45 | inventory = 3
[ 2024-08-06 16:03:47,162 ] 65 : Sold 5 shares at price 65,400 | Profit = -1,500 | Portfolio Value = 1,013,671.45 | Budget = 486,407.95 | inventory = 2
[ 2024-08-06 16:03:47,175 ] 66 : Sold 3 shares at price 65,100 | Profit = -300 | Portfolio Value = 1,009,607.95 | Budget = 681,610.3 | inventory = 1
[ 2024-08-06 16:03:47,188 ] 67 : Sold 5 shares at price 65,900 | Profit = 1,000 | Portfolio Value = 1,007,110.3 | Budget = 1,010,945.55 | inventory = 0
[ 2024-08-06 16:03:47,227 ] 70 : Bought 15 shares at price 64,200 | Portfolio Value = 1,010,945.55 | Budget = 47,464.05 | inventory = 1
[ 2024-08-06 16:03:47,267 ] 73 : Sold 15 shares at price 65,400 | Profit = 18,000 | Portfolio Value = 1,014,964.05 | Budget = 1,027,973.55 | inventory = 0
[ 2024-08-06 16:03:47,294 ] 75 : Bought 2 shares at price 66,200 | Portfolio Value = 1,027,973.55 | Budget = 895,507.35 | inventory = 1
[ 2024-08-06 16:03:47,307 ] 76 : Sold 2 shares at price 68,400 | Profit = 4,400 | Portfolio Value = 1,027,907.35 | Budget = 1,032,238.95 | inventory = 0
[ 2024-08-06 16:03:47,320 ] 77 : Bought 11 shares at price 68,500 | Portfolio Value = 1,032,238.95 | Budget = 278,362.2 | inventory = 1
[ 2024-08-06 16:03:47,333 ] 78 : Sold 11 shares at price 68,400 | Profit = -1,100 | Portfolio Value = 1,031,862.2 | Budget = 1,030,386.0 | inventory = 0
[ 2024-08-06 16:03:47,346 ] 79 : Bought 13 shares at price 68,500 | Portfolio Value = 1,030,386.0 | Budget = 139,440.75 | inventory = 1
[ 2024-08-06 16:03:47,360 ] 80 : Bought 2 shares at price 68,800 | Portfolio Value = 1,029,940.75 | Budget = 1,771.95 | inventory = 2
[ 2024-08-06 16:03:47,373 ] 81 : Sold 13 shares at price 70,300 | Profit = 23,400 | Portfolio Value = 1,033,771.95 | Budget = 915,215.0 | inventory = 1
[ 2024-08-06 16:03:47,386 ] 82 : Sold 2 shares at price 72,300 | Profit = 7,000 | Portfolio Value = 1,055,815.0 | Budget = 1,059,742.7 | inventory = 0
[ 2024-08-06 16:03:47,401 ] 83 : Bought 10 shares at price 71,400 | Portfolio Value = 1,059,742.7 | Budget = 345,385.7 | inventory = 1
[ 2024-08-06 16:03:47,413 ] 84 : Sold 10 shares at price 70,900 | Profit = -5,000 | Portfolio Value = 1,059,385.7 | Budget = 1,054,031.2 | inventory = 0
[ 2024-08-06 16:03:47,426 ] 85 : Bought 6 shares at price 72,200 | Portfolio Value = 1,054,031.2 | Budget = 620,614.6 | inventory = 1
[ 2024-08-06 16:03:47,439 ] 86 : Bought 8 shares at price 71,700 | Portfolio Value = 1,053,814.6 | Budget = 46,727.8 | inventory = 2
[ 2024-08-06 16:03:47,466 ] 88 : Sold 6 shares at price 70,900 | Profit = -7,800 | Portfolio Value = 1,040,727.8 | Budget = 471,915.1 | inventory = 1
[ 2024-08-06 16:03:47,479 ] 89 : Bought 2 shares at price 72,000 | Portfolio Value = 1,039,115.1 | Budget = 327,843.1 | inventory = 2
[ 2024-08-06 16:03:47,492 ] 90 : Sold 8 shares at price 71,000 | Profit = -5,600 | Portfolio Value = 1,047,843.1 | Budget = 895,559.1 | inventory = 1
[ 2024-08-06 16:03:47,519 ] 92 : Bought 11 shares at price 71,900 | Portfolio Value = 1,039,559.1 | Budget = 104,263.65 | inventory = 2
[ 2024-08-06 16:03:47,531 ] 93 : Sold 2 shares at price 71,500 | Profit = -1,000 | Portfolio Value = 1,038,963.65 | Budget = 247,192.15 | inventory = 1
[ 2024-08-06 16:03:47,544 ] 94 : Bought 3 shares at price 71,800 | Portfolio Value = 1,033,692.15 | Budget = 31,684.45 | inventory = 2
[ 2024-08-06 16:03:47,557 ] 95 : Sold 11 shares at price 71,200 | Profit = -7,700 | Portfolio Value = 1,036,884.45 | Budget = 814,492.85 | inventory = 1
[ 2024-08-06 16:03:47,572 ] 96 : Bought 2 shares at price 71,400 | Portfolio Value = 1,028,092.85 | Budget = 671,621.45 | inventory = 2
[ 2024-08-06 16:03:47,585 ] 97 : Bought 7 shares at price 70,500 | Portfolio Value = 1,028,621.45 | Budget = 177,874.7 | inventory = 3
[ 2024-08-06 16:03:47,599 ] 98 : Bought 2 shares at price 71,300 | Portfolio Value = 1,023,874.7 | Budget = 35,203.4 | inventory = 4
[ 2024-08-06 16:03:47,613 ] 99 : Sold 3 shares at price 71,600 | Profit = -600 | Portfolio Value = 1,033,403.4 | Budget = 249,896.0 | inventory = 3
[ 2024-08-06 16:03:47,626 ] 100 : Bought 2 shares at price 72,400 | Portfolio Value = 1,037,496.0 | Budget = 105,023.6 | inventory = 4
[ 2024-08-06 16:03:47,639 ] 101 : Sold 2 shares at price 72,600 | Profit = 2,400 | Portfolio Value = 1,046,223.6 | Budget = 250,151.0 | inventory = 3
[ 2024-08-06 16:03:47,653 ] 102 : Bought 1 shares at price 72,700 | Portfolio Value = 1,048,751.0 | Budget = 177,414.65 | inventory = 4
[ 2024-08-06 16:03:47,666 ] 103 : Sold 7 shares at price 72,400 | Profit = 13,300 | Portfolio Value = 1,049,814.65 | Budget = 683,961.25 | inventory = 3
[ 2024-08-06 16:03:47,680 ] 104 : Sold 2 shares at price 72,200 | Profit = 1,800 | Portfolio Value = 1,045,961.25 | Budget = 828,289.05 | inventory = 2
[ 2024-08-06 16:03:47,693 ] 105 : Bought 7 shares at price 73,000 | Portfolio Value = 1,044,889.05 | Budget = 317,033.55 | inventory = 3
[ 2024-08-06 16:03:47,706 ] 106 : Bought 2 shares at price 73,000 | Portfolio Value = 1,047,033.55 | Budget = 170,960.55 | inventory = 4
[ 2024-08-06 16:03:47,720 ] 107 : Bought 2 shares at price 72,000 | Portfolio Value = 1,046,960.55 | Budget = 26,888.55 | inventory = 5
[ 2024-08-06 16:03:47,733 ] 108 : Sold 2 shares at price 71,600 | Profit = -1,600 | Portfolio Value = 1,034,888.55 | Budget = 170,016.95 | inventory = 4
[ 2024-08-06 16:03:47,747 ] 109 : Sold 1 shares at price 69,900 | Profit = -2,800 | Portfolio Value = 1,029,216.95 | Budget = 239,882.0 | inventory = 3
[ 2024-08-06 16:03:47,760 ] 110 : Bought 3 shares at price 69,500 | Portfolio Value = 1,008,782.0 | Budget = 31,277.75 | inventory = 4
[ 2024-08-06 16:03:47,787 ] 112 : Sold 7 shares at price 71,900 | Profit = -7,700 | Portfolio Value = 1,032,277.75 | Budget = 534,326.1 | inventory = 3
[ 2024-08-06 16:03:47,814 ] 114 : Sold 2 shares at price 73,400 | Profit = 800 | Portfolio Value = 1,037,626.1 | Budget = 681,052.7 | inventory = 2
[ 2024-08-06 16:03:47,828 ] 115 : Sold 2 shares at price 73,300 | Profit = 2,600 | Portfolio Value = 1,048,052.7 | Budget = 827,579.4 | inventory = 1
[ 2024-08-06 16:03:47,841 ] 116 : Bought 9 shares at price 72,000 | Portfolio Value = 1,047,479.4 | Budget = 179,255.4 | inventory = 2
[ 2024-08-06 16:03:47,855 ] 117 : Bought 2 shares at price 71,700 | Portfolio Value = 1,043,255.4 | Budget = 35,783.7 | inventory = 3
[ 2024-08-06 16:03:47,867 ] 118 : Sold 3 shares at price 71,000 | Profit = 4,500 | Portfolio Value = 1,039,583.7 | Budget = 248,677.2 | inventory = 2
[ 2024-08-06 16:03:47,880 ] 119 : Sold 9 shares at price 70,300 | Profit = -15,300 | Portfolio Value = 1,029,677.2 | Budget = 881,060.85 | inventory = 1
[ 2024-08-06 16:03:47,893 ] 120 : Sold 2 shares at price 70,400 | Profit = -2,600 | Portfolio Value = 1,021,660.85 | Budget = 1,021,790.45 | inventory = 0
[ 2024-08-06 16:03:47,960 ] 125 : Bought 14 shares at price 69,800 | Portfolio Value = 1,021,790.45 | Budget = 44,101.85 | inventory = 1
[ 2024-08-06 16:03:48,000 ] 128 : Sold 14 shares at price 68,800 | Profit = -14,000 | Portfolio Value = 1,022,701.85 | Budget = 1,006,820.25 | inventory = 0
[ 2024-08-06 16:03:48,013 ] 129 : Bought 9 shares at price 68,300 | Portfolio Value = 1,006,820.25 | Budget = 391,812.9 | inventory = 1
[ 2024-08-06 16:03:48,026 ] 130 : Bought 4 shares at price 68,500 | Portfolio Value = 1,006,512.9 | Budget = 117,675.9 | inventory = 2
[ 2024-08-06 16:03:48,052 ] 132 : Bought 1 shares at price 68,900 | Portfolio Value = 996,475.9 | Budget = 48,741.45 | inventory = 3
[ 2024-08-06 16:03:48,077 ] 134 : Sold 9 shares at price 67,500 | Profit = -7,200 | Portfolio Value = 1,000,741.45 | Budget = 655,937.7 | inventory = 2
[ 2024-08-06 16:03:48,091 ] 135 : Bought 7 shares at price 67,300 | Portfolio Value = 993,437.7 | Budget = 184,602.15 | inventory = 3
[ 2024-08-06 16:03:48,104 ] 136 : Sold 4 shares at price 67,000 | Profit = -6,000 | Portfolio Value = 992,202.15 | Budget = 452,468.15 | inventory = 2
[ 2024-08-06 16:03:48,117 ] 137 : Sold 1 shares at price 66,700 | Profit = -2,200 | Portfolio Value = 988,468.15 | Budget = 519,134.8 | inventory = 1
[ 2024-08-06 16:03:48,131 ] 138 : Bought 5 shares at price 66,300 | Portfolio Value = 986,034.8 | Budget = 187,469.05 | inventory = 2
[ 2024-08-06 16:03:48,145 ] 139 : Bought 1 shares at price 66,600 | Portfolio Value = 983,069.05 | Budget = 120,835.75 | inventory = 3
[ 2024-08-06 16:03:48,158 ] 140 : Sold 7 shares at price 66,600 | Profit = -4,900 | Portfolio Value = 986,635.75 | Budget = 586,802.65 | inventory = 2
[ 2024-08-06 16:03:48,171 ] 141 : Sold 5 shares at price 67,100 | Profit = 4,000 | Portfolio Value = 986,402.65 | Budget = 922,134.9 | inventory = 1
[ 2024-08-06 16:03:48,185 ] 142 : Sold 1 shares at price 68,200 | Profit = 1,600 | Portfolio Value = 989,234.9 | Budget = 990,300.8 | inventory = 0
[ 2024-08-06 16:03:48,198 ] 143 : Bought 7 shares at price 67,100 | Portfolio Value = 990,300.8 | Budget = 520,365.95 | inventory = 1
[ 2024-08-06 16:03:48,224 ] 145 : Sold 7 shares at price 66,800 | Profit = -2,100 | Portfolio Value = 987,965.95 | Budget = 987,732.15 | inventory = 0
[ 2024-08-06 16:03:48,314 ] 152 : Bought 8 shares at price 70,400 | Portfolio Value = 987,732.15 | Budget = 424,250.55 | inventory = 1
[ 2024-08-06 16:03:48,326 ] 153 : Sold 8 shares at price 70,300 | Profit = -800 | Portfolio Value = 987,450.55 | Budget = 986,369.35 | inventory = 0
[ 2024-08-06 16:03:48,404 ] 159 : Bought 9 shares at price 70,200 | Portfolio Value = 986,369.35 | Budget = 354,253.45 | inventory = 1
[ 2024-08-06 16:03:48,430 ] 161 : Sold 9 shares at price 69,600 | Profit = -5,400 | Portfolio Value = 982,453.45 | Budget = 980,340.25 | inventory = 0
[ 2024-08-06 16:03:48,443 ] 162 : Bought 8 shares at price 68,900 | Portfolio Value = 980,340.25 | Budget = 428,864.65 | inventory = 1
[ 2024-08-06 16:03:48,456 ] 163 : Bought 4 shares at price 68,800 | Portfolio Value = 980,064.65 | Budget = 153,527.05 | inventory = 2
[ 2024-08-06 16:03:48,468 ] 164 : Bought 1 shares at price 69,400 | Portfolio Value = 979,127.05 | Budget = 84,092.35 | inventory = 3
[ 2024-08-06 16:03:48,482 ] 165 : Sold 8 shares at price 68,600 | Profit = -2,400 | Portfolio Value = 986,292.35 | Budget = 632,617.95 | inventory = 2
[ 2024-08-06 16:03:48,494 ] 166 : Bought 4 shares at price 68,400 | Portfolio Value = 975,617.95 | Budget = 358,881.15 | inventory = 3
[ 2024-08-06 16:03:48,507 ] 167 : Bought 4 shares at price 67,500 | Portfolio Value = 974,481.15 | Budget = 88,746.15 | inventory = 4
[ 2024-08-06 16:03:48,519 ] 168 : Bought 1 shares at price 66,700 | Portfolio Value = 966,246.15 | Budget = 22,012.8 | inventory = 5
[ 2024-08-06 16:03:48,560 ] 171 : Sold 4 shares at price 68,200 | Profit = -2,400 | Portfolio Value = 951,612.8 | Budget = 294,676.4 | inventory = 4
[ 2024-08-06 16:03:48,573 ] 172 : Bought 1 shares at price 68,900 | Portfolio Value = 976,676.4 | Budget = 225,741.95 | inventory = 5
[ 2024-08-06 16:03:48,586 ] 173 : Sold 1 shares at price 68,000 | Profit = -1,400 | Portfolio Value = 983,641.95 | Budget = 293,707.95 | inventory = 4
[ 2024-08-06 16:03:48,604 ] 174 : Sold 4 shares at price 67,300 | Profit = -4,400 | Portfolio Value = 973,707.95 | Budget = 562,773.35 | inventory = 3
[ 2024-08-06 16:03:48,618 ] 175 : Bought 6 shares at price 69,400 | Portfolio Value = 966,573.35 | Budget = 146,165.15 | inventory = 4
[ 2024-08-06 16:03:48,632 ] 176 : Sold 4 shares at price 70,500 | Profit = 12,000 | Portfolio Value = 978,965.15 | Budget = 428,024.15 | inventory = 3
[ 2024-08-06 16:03:48,645 ] 177 : Sold 1 shares at price 69,500 | Profit = 2,800 | Portfolio Value = 992,024.15 | Budget = 497,489.4 | inventory = 2
[ 2024-08-06 16:03:48,672 ] 179 : Bought 7 shares at price 68,400 | Portfolio Value = 979,089.4 | Budget = 18,450.0 | inventory = 3
[ 2024-08-06 16:03:48,686 ] 180 : Sold 1 shares at price 68,500 | Profit = -400 | Portfolio Value = 976,050.0 | Budget = 86,915.75 | inventory = 2
[ 2024-08-06 16:03:48,700 ] 181 : Sold 6 shares at price 68,000 | Profit = -8,400 | Portfolio Value = 977,415.75 | Budget = 494,711.75 | inventory = 1
[ 2024-08-06 16:03:48,713 ] 182 : Bought 7 shares at price 66,700 | Portfolio Value = 970,711.75 | Budget = 27,578.3 | inventory = 2
[ 2024-08-06 16:03:48,727 ] 183 : Sold 7 shares at price 67,300 | Profit = -7,700 | Portfolio Value = 961,378.3 | Budget = 498,442.75 | inventory = 1
[ 2024-08-06 16:03:48,741 ] 184 : Bought 7 shares at price 67,300 | Portfolio Value = 969,542.75 | Budget = 27,107.2 | inventory = 2
[ 2024-08-06 16:03:48,754 ] 185 : Sold 7 shares at price 66,900 | Profit = 1,400 | Portfolio Value = 969,307.2 | Budget = 495,173.05 | inventory = 1
[ 2024-08-06 16:03:48,767 ] 186 : Bought 1 shares at price 68,600 | Portfolio Value = 963,473.05 | Budget = 426,538.75 | inventory = 2
[ 2024-08-06 16:03:48,779 ] 187 : Sold 7 shares at price 69,700 | Profit = 16,800 | Portfolio Value = 975,338.75 | Budget = 914,194.8 | inventory = 1
[ 2024-08-06 16:03:48,792 ] 188 : Sold 1 shares at price 69,600 | Profit = 1,000 | Portfolio Value = 983,894.8 | Budget = 983,760.0 | inventory = 0
[ 2024-08-06 16:03:48,819 ] 190 : Bought 7 shares at price 70,900 | Portfolio Value = 983,760.0 | Budget = 487,211.85 | inventory = 1
[ 2024-08-06 16:03:48,832 ] 191 : Bought 5 shares at price 69,900 | Portfolio Value = 983,511.85 | Budget = 137,537.1 | inventory = 2
[ 2024-08-06 16:03:48,846 ] 192 : Sold 7 shares at price 70,300 | Profit = -4,200 | Portfolio Value = 976,337.1 | Budget = 629,391.05 | inventory = 1
[ 2024-08-06 16:03:48,859 ] 193 : Bought 2 shares at price 70,500 | Portfolio Value = 980,891.05 | Budget = 488,320.55 | inventory = 2
[ 2024-08-06 16:03:48,872 ] 194 : Bought 1 shares at price 70,400 | Portfolio Value = 981,820.55 | Budget = 417,885.35 | inventory = 3
[ 2024-08-06 16:03:48,886 ] 195 : Sold 5 shares at price 70,800 | Profit = 4,500 | Portfolio Value = 981,085.35 | Budget = 771,708.35 | inventory = 2
[ 2024-08-06 16:03:48,899 ] 196 : Bought 9 shares at price 72,200 | Portfolio Value = 984,108.35 | Budget = 121,583.45 | inventory = 3
[ 2024-08-06 16:03:48,926 ] 198 : Sold 2 shares at price 72,500 | Profit = 4,000 | Portfolio Value = 995,183.45 | Budget = 266,510.95 | inventory = 2
[ 2024-08-06 16:03:48,939 ] 199 : Sold 1 shares at price 72,700 | Profit = 2,300 | Portfolio Value = 991,510.95 | Budget = 339,174.6 | inventory = 1
[ 2024-08-06 16:03:48,952 ] 200 : Sold 9 shares at price 72,800 | Profit = 5,400 | Portfolio Value = 993,474.6 | Budget = 994,047.0 | inventory = 0
[ 2024-08-06 16:03:48,978 ] 202 : Bought 2 shares at price 72,400 | Portfolio Value = 994,047.0 | Budget = 849,174.6 | inventory = 1
[ 2024-08-06 16:03:48,992 ] 203 : Bought 10 shares at price 71,700 | Portfolio Value = 993,974.6 | Budget = 131,816.1 | inventory = 2
[ 2024-08-06 16:03:49,005 ] 204 : Sold 2 shares at price 71,300 | Profit = -2,200 | Portfolio Value = 992,216.1 | Budget = 274,344.8 | inventory = 1
[ 2024-08-06 16:03:49,018 ] 205 : Sold 10 shares at price 72,700 | Profit = 10,000 | Portfolio Value = 987,344.8 | Budget = 1,000,981.3 | inventory = 0
[ 2024-08-06 16:03:49,124 ] 213 : Bought 4 shares at price 72,600 | Portfolio Value = 1,000,981.3 | Budget = 710,436.1 | inventory = 1
[ 2024-08-06 16:03:49,136 ] 214 : Bought 6 shares at price 73,000 | Portfolio Value = 1,000,836.1 | Budget = 272,217.1 | inventory = 2
[ 2024-08-06 16:03:49,150 ] 215 : Bought 2 shares at price 73,500 | Portfolio Value = 1,002,217.1 | Budget = 125,143.6 | inventory = 3
[ 2024-08-06 16:03:49,163 ] 216 : Bought 1 shares at price 72,800 | Portfolio Value = 1,007,143.6 | Budget = 52,307.2 | inventory = 4
[ 2024-08-06 16:03:49,175 ] 217 : Sold 4 shares at price 73,100 | Profit = 2,000 | Portfolio Value = 998,707.2 | Budget = 344,561.0 | inventory = 3
[ 2024-08-06 16:03:49,189 ] 218 : Sold 6 shares at price 73,300 | Profit = 1,800 | Portfolio Value = 1,002,461.0 | Budget = 784,141.1 | inventory = 2
[ 2024-08-06 16:03:49,202 ] 219 : Sold 2 shares at price 72,900 | Profit = -1,200 | Portfolio Value = 1,004,041.1 | Budget = 929,868.2 | inventory = 1
[ 2024-08-06 16:03:49,215 ] 220 : Sold 1 shares at price 73,400 | Profit = 600 | Portfolio Value = 1,002,768.2 | Budget = 1,003,231.5 | inventory = 0
[ 2024-08-06 16:03:49,253 ] 223 : Bought 4 shares at price 75,900 | Portfolio Value = 1,003,231.5 | Budget = 699,479.7 | inventory = 1
[ 2024-08-06 16:03:49,266 ] 224 : Sold 4 shares at price 76,600 | Profit = 2,800 | Portfolio Value = 1,003,079.7 | Budget = 1,005,726.5 | inventory = 0
[ 2024-08-06 16:03:49,278 ] 225 : Bought 4 shares at price 78,000 | Portfolio Value = 1,005,726.5 | Budget = 693,570.5 | inventory = 1
[ 2024-08-06 16:03:49,304 ] 1 : Bought 15 shares at price 61,000 | Portfolio Value = 1,000,000 | Budget = 84,542.5 | inventory = 1
[ 2024-08-06 16:03:49,317 ] 2 : Bought 1 shares at price 61,800 | Portfolio Value = 999,542.5 | Budget = 22,711.6 | inventory = 2
[ 2024-08-06 16:03:49,382 ] 7 : Sold 15 shares at price 63,100 | Profit = 31,500 | Portfolio Value = 1,013,111.6 | Budget = 968,738.35 | inventory = 1
[ 2024-08-06 16:03:49,396 ] 8 : Sold 1 shares at price 63,000 | Profit = 1,200 | Portfolio Value = 1,031,838.35 | Budget = 1,031,706.85 | inventory = 0
[ 2024-08-06 16:03:49,409 ] 9 : Bought 13 shares at price 62,800 | Portfolio Value = 1,031,706.85 | Budget = 214,898.65 | inventory = 1
[ 2024-08-06 16:03:49,422 ] 10 : Sold 13 shares at price 62,900 | Profit = 1,300 | Portfolio Value = 1,031,298.65 | Budget = 1,032,189.8 | inventory = 0
[ 2024-08-06 16:03:49,448 ] 12 : Bought 9 shares at price 62,200 | Portfolio Value = 1,032,189.8 | Budget = 472,109.9 | inventory = 1
[ 2024-08-06 16:03:49,461 ] 13 : Bought 2 shares at price 63,700 | Portfolio Value = 1,031,909.9 | Budget = 344,646.2 | inventory = 2
[ 2024-08-06 16:03:49,474 ] 14 : Bought 4 shares at price 62,600 | Portfolio Value = 1,045,346.2 | Budget = 94,121.0 | inventory = 3
[ 2024-08-06 16:03:49,489 ] 15 : Sold 9 shares at price 62,700 | Profit = 4,500 | Portfolio Value = 1,033,121.0 | Budget = 658,138.85 | inventory = 2
[ 2024-08-06 16:03:49,502 ] 16 : Sold 2 shares at price 62,100 | Profit = -3,200 | Portfolio Value = 1,034,338.85 | Budget = 782,276.75 | inventory = 1
[ 2024-08-06 16:03:49,516 ] 17 : Bought 10 shares at price 61,100 | Portfolio Value = 1,030,676.75 | Budget = 170,971.25 | inventory = 2
[ 2024-08-06 16:03:49,529 ] 18 : Bought 1 shares at price 62,000 | Portfolio Value = 1,026,371.25 | Budget = 108,940.25 | inventory = 3
[ 2024-08-06 16:03:49,543 ] 19 : Sold 4 shares at price 61,300 | Profit = -5,200 | Portfolio Value = 1,038,940.25 | Budget = 354,017.65 | inventory = 2
[ 2024-08-06 16:03:49,556 ] 20 : Sold 10 shares at price 60,500 | Profit = -6,000 | Portfolio Value = 1,028,317.65 | Budget = 958,715.15 | inventory = 1
[ 2024-08-06 16:03:49,570 ] 21 : Sold 1 shares at price 60,600 | Profit = -1,400 | Portfolio Value = 1,019,215.15 | Budget = 1,019,284.85 | inventory = 0
[ 2024-08-06 16:03:49,610 ] 24 : Bought 7 shares at price 61,500 | Portfolio Value = 1,019,284.85 | Budget = 588,569.6 | inventory = 1
[ 2024-08-06 16:03:49,623 ] 25 : Sold 7 shares at price 60,700 | Profit = -5,600 | Portfolio Value = 1,019,069.6 | Budget = 1,013,257.15 | inventory = 0
[ 2024-08-06 16:03:49,637 ] 26 : Bought 8 shares at price 60,300 | Portfolio Value = 1,013,257.15 | Budget = 530,615.95 | inventory = 1
[ 2024-08-06 16:03:49,650 ] 27 : Bought 5 shares at price 60,100 | Portfolio Value = 1,013,015.95 | Budget = 229,965.7 | inventory = 2
[ 2024-08-06 16:03:49,664 ] 28 : Sold 8 shares at price 59,500 | Profit = -6,400 | Portfolio Value = 1,011,265.7 | Budget = 705,727.7 | inventory = 1
[ 2024-08-06 16:03:49,677 ] 29 : Sold 5 shares at price 60,000 | Profit = -500 | Portfolio Value = 1,003,227.7 | Budget = 1,005,577.7 | inventory = 0
[ 2024-08-06 16:03:49,716 ] 32 : Bought 3 shares at price 59,900 | Portfolio Value = 1,005,577.7 | Budget = 825,787.85 | inventory = 1
[ 2024-08-06 16:03:49,730 ] 33 : Bought 5 shares at price 61,300 | Portfolio Value = 1,005,487.85 | Budget = 519,134.6 | inventory = 2
[ 2024-08-06 16:03:49,784 ] 34 : Sold 3 shares at price 60,200 | Profit = 900 | Portfolio Value = 1,009,534.6 | Budget = 699,644.3 | inventory = 1
[ 2024-08-06 16:03:49,799 ] 35 : Bought 8 shares at price 60,300 | Portfolio Value = 1,000,644.3 | Budget = 217,003.1 | inventory = 2
[ 2024-08-06 16:03:49,813 ] 36 : Sold 5 shares at price 61,100 | Profit = -1,000 | Portfolio Value = 1,000,903.1 | Budget = 522,350.35 | inventory = 1
[ 2024-08-06 16:03:49,826 ] 37 : Sold 8 shares at price 62,300 | Profit = 16,000 | Portfolio Value = 1,011,150.35 | Budget = 1,020,501.15 | inventory = 0
[ 2024-08-06 16:03:49,868 ] 40 : Bought 11 shares at price 62,900 | Portfolio Value = 1,020,501.15 | Budget = 328,255.2 | inventory = 1
[ 2024-08-06 16:03:49,881 ] 41 : Sold 11 shares at price 62,700 | Profit = -2,200 | Portfolio Value = 1,020,155.2 | Budget = 1,017,610.35 | inventory = 0
[ 2024-08-06 16:03:49,921 ] 44 : Bought 11 shares at price 63,100 | Portfolio Value = 1,017,610.35 | Budget = 323,163.3 | inventory = 1
[ 2024-08-06 16:03:49,934 ] 45 : Sold 11 shares at price 63,600 | Profit = 5,500 | Portfolio Value = 1,017,263.3 | Budget = 1,022,413.5 | inventory = 0
[ 2024-08-06 16:03:49,948 ] 46 : Bought 9 shares at price 63,900 | Portfolio Value = 1,022,413.5 | Budget = 447,025.95 | inventory = 1
[ 2024-08-06 16:03:49,961 ] 47 : Bought 2 shares at price 62,300 | Portfolio Value = 1,022,125.95 | Budget = 322,363.65 | inventory = 2
[ 2024-08-06 16:03:49,975 ] 48 : Bought 4 shares at price 65,000 | Portfolio Value = 1,007,663.65 | Budget = 62,233.65 | inventory = 3
[ 2024-08-06 16:03:49,988 ] 49 : Sold 9 shares at price 65,700 | Profit = 16,200 | Portfolio Value = 1,037,233.65 | Budget = 653,238.0 | inventory = 2
[ 2024-08-06 16:03:50,002 ] 50 : Bought 8 shares at price 65,900 | Portfolio Value = 1,047,438.0 | Budget = 125,774.4 | inventory = 3
[ 2024-08-06 16:03:50,015 ] 51 : Sold 2 shares at price 66,000 | Profit = 7,400 | Portfolio Value = 1,048,374.4 | Budget = 257,708.4 | inventory = 2
[ 2024-08-06 16:03:50,029 ] 52 : Bought 2 shares at price 66,100 | Portfolio Value = 1,049,708.4 | Budget = 125,442.3 | inventory = 3
[ 2024-08-06 16:03:50,042 ] 53 : Sold 4 shares at price 65,100 | Profit = 400 | Portfolio Value = 1,050,842.3 | Budget = 385,712.1 | inventory = 2
[ 2024-08-06 16:03:50,055 ] 54 : Sold 8 shares at price 65,300 | Profit = -4,800 | Portfolio Value = 1,036,712.1 | Budget = 907,850.9 | inventory = 1
[ 2024-08-06 16:03:50,067 ] 55 : Bought 9 shares at price 65,600 | Portfolio Value = 1,038,450.9 | Budget = 317,155.7 | inventory = 2
[ 2024-08-06 16:03:50,080 ] 56 : Sold 2 shares at price 65,500 | Profit = -1,200 | Portfolio Value = 1,038,755.7 | Budget = 448,090.2 | inventory = 1
[ 2024-08-06 16:03:50,093 ] 57 : Sold 9 shares at price 65,300 | Profit = -2,700 | Portfolio Value = 1,037,590.2 | Budget = 1,035,496.35 | inventory = 0
[ 2024-08-06 16:03:50,107 ] 58 : Bought 5 shares at price 65,700 | Portfolio Value = 1,035,496.35 | Budget = 706,832.1 | inventory = 1
[ 2024-08-06 16:03:50,120 ] 59 : Sold 5 shares at price 65,200 | Profit = -2,500 | Portfolio Value = 1,035,332.1 | Budget = 1,032,669.1 | inventory = 0
[ 2024-08-06 16:03:50,172 ] 63 : Bought 9 shares at price 65,500 | Portfolio Value = 1,032,669.1 | Budget = 442,874.35 | inventory = 1
[ 2024-08-06 16:03:50,185 ] 64 : Bought 3 shares at price 65,700 | Portfolio Value = 1,032,374.35 | Budget = 245,675.8 | inventory = 2
[ 2024-08-06 16:03:50,199 ] 65 : Bought 2 shares at price 65,400 | Portfolio Value = 1,034,075.8 | Budget = 114,810.4 | inventory = 3
[ 2024-08-06 16:03:50,212 ] 66 : Sold 9 shares at price 65,100 | Profit = -3,600 | Portfolio Value = 1,030,410.4 | Budget = 700,417.45 | inventory = 2
[ 2024-08-06 16:03:50,225 ] 67 : Sold 3 shares at price 65,900 | Profit = 600 | Portfolio Value = 1,025,917.45 | Budget = 898,018.6 | inventory = 1
[ 2024-08-06 16:03:50,239 ] 68 : Sold 2 shares at price 65,300 | Profit = -200 | Portfolio Value = 1,029,818.6 | Budget = 1,028,553.3 | inventory = 0
[ 2024-08-06 16:03:50,265 ] 70 : Bought 4 shares at price 64,200 | Portfolio Value = 1,028,553.3 | Budget = 771,624.9 | inventory = 1
[ 2024-08-06 16:03:50,279 ] 71 : Sold 4 shares at price 64,100 | Profit = -400 | Portfolio Value = 1,028,424.9 | Budget = 1,027,896.7 | inventory = 0
[ 2024-08-06 16:03:50,319 ] 74 : Bought 12 shares at price 65,000 | Portfolio Value = 1,027,896.7 | Budget = 247,506.7 | inventory = 1
[ 2024-08-06 16:03:50,333 ] 75 : Sold 12 shares at price 66,200 | Profit = 14,400 | Portfolio Value = 1,027,506.7 | Budget = 1,041,509.5 | inventory = 0
[ 2024-08-06 16:03:50,372 ] 78 : Bought 2 shares at price 68,400 | Portfolio Value = 1,041,509.5 | Budget = 904,641.1 | inventory = 1
[ 2024-08-06 16:03:50,386 ] 79 : Bought 10 shares at price 68,500 | Portfolio Value = 1,041,441.1 | Budget = 219,298.6 | inventory = 2
[ 2024-08-06 16:03:50,399 ] 80 : Sold 2 shares at price 68,800 | Profit = 800 | Portfolio Value = 1,041,298.6 | Budget = 356,829.8 | inventory = 1
[ 2024-08-06 16:03:50,412 ] 81 : Bought 5 shares at price 70,300 | Portfolio Value = 1,044,829.8 | Budget = 5,154.05 | inventory = 2
[ 2024-08-06 16:03:50,465 ] 85 : Sold 10 shares at price 72,200 | Profit = 37,000 | Portfolio Value = 1,068,654.05 | Budget = 726,793.05 | inventory = 1
[ 2024-08-06 16:03:50,478 ] 86 : Bought 1 shares at price 71,700 | Portfolio Value = 1,087,793.05 | Budget = 655,057.2 | inventory = 2
[ 2024-08-06 16:03:50,492 ] 87 : Sold 5 shares at price 71,000 | Profit = 3,500 | Portfolio Value = 1,085,257.2 | Budget = 1,009,879.7 | inventory = 1
[ 2024-08-06 16:03:50,505 ] 88 : Sold 1 shares at price 70,900 | Profit = -800 | Portfolio Value = 1,080,879.7 | Budget = 1,080,744.25 | inventory = 0
[ 2024-08-06 16:03:50,518 ] 89 : Bought 1 shares at price 72,000 | Portfolio Value = 1,080,744.25 | Budget = 1,008,708.25 | inventory = 1
[ 2024-08-06 16:03:50,533 ] 90 : Sold 1 shares at price 71,000 | Profit = -1,000 | Portfolio Value = 1,080,708.25 | Budget = 1,079,672.75 | inventory = 0
[ 2024-08-06 16:03:50,564 ] 92 : Bought 1 shares at price 71,900 | Portfolio Value = 1,079,672.75 | Budget = 1,007,736.8 | inventory = 1
[ 2024-08-06 16:03:50,579 ] 93 : Sold 1 shares at price 71,500 | Profit = -400 | Portfolio Value = 1,079,636.8 | Budget = 1,079,201.05 | inventory = 0
[ 2024-08-06 16:03:50,606 ] 95 : Bought 13 shares at price 71,200 | Portfolio Value = 1,079,201.05 | Budget = 153,138.25 | inventory = 1
[ 2024-08-06 16:03:50,619 ] 96 : Sold 13 shares at price 71,400 | Profit = 2,600 | Portfolio Value = 1,078,738.25 | Budget = 1,080,874.15 | inventory = 0
[ 2024-08-06 16:03:50,633 ] 97 : Bought 1 shares at price 70,500 | Portfolio Value = 1,080,874.15 | Budget = 1,010,338.9 | inventory = 1
[ 2024-08-06 16:03:50,647 ] 98 : Bought 10 shares at price 71,300 | Portfolio Value = 1,080,838.9 | Budget = 296,982.4 | inventory = 2
[ 2024-08-06 16:03:50,660 ] 99 : Sold 1 shares at price 71,600 | Profit = 1,100 | Portfolio Value = 1,081,282.4 | Budget = 368,546.6 | inventory = 1
[ 2024-08-06 16:03:50,674 ] 100 : Sold 10 shares at price 72,400 | Profit = 11,000 | Portfolio Value = 1,084,546.6 | Budget = 1,092,184.6 | inventory = 0
[ 2024-08-06 16:03:50,702 ] 102 : Bought 7 shares at price 72,700 | Portfolio Value = 1,092,184.6 | Budget = 583,030.15 | inventory = 1
[ 2024-08-06 16:03:50,715 ] 103 : Bought 6 shares at price 72,400 | Portfolio Value = 1,091,930.15 | Budget = 148,412.95 | inventory = 2
[ 2024-08-06 16:03:50,729 ] 104 : Bought 2 shares at price 72,200 | Portfolio Value = 1,089,612.95 | Budget = 3,940.75 | inventory = 3
[ 2024-08-06 16:03:50,742 ] 105 : Sold 7 shares at price 73,000 | Profit = 2,100 | Portfolio Value = 1,086,940.75 | Budget = 514,685.25 | inventory = 2
[ 2024-08-06 16:03:50,755 ] 106 : Bought 5 shares at price 73,000 | Portfolio Value = 1,098,685.25 | Budget = 149,502.75 | inventory = 3
[ 2024-08-06 16:03:50,768 ] 107 : Sold 6 shares at price 72,000 | Profit = -2,400 | Portfolio Value = 1,098,502.75 | Budget = 581,286.75 | inventory = 2
[ 2024-08-06 16:03:50,782 ] 108 : Bought 4 shares at price 71,600 | Portfolio Value = 1,085,286.75 | Budget = 294,743.55 | inventory = 3
[ 2024-08-06 16:03:50,795 ] 109 : Sold 2 shares at price 69,900 | Profit = -4,600 | Portfolio Value = 1,082,343.55 | Budget = 434,473.65 | inventory = 2
[ 2024-08-06 16:03:50,822 ] 111 : Bought 4 shares at price 71,500 | Portfolio Value = 1,059,973.65 | Budget = 148,330.65 | inventory = 3
[ 2024-08-06 16:03:50,835 ] 112 : Bought 1 shares at price 71,900 | Portfolio Value = 1,077,830.65 | Budget = 76,394.7 | inventory = 4
[ 2024-08-06 16:03:50,848 ] 113 : Bought 1 shares at price 71,900 | Portfolio Value = 1,082,994.7 | Budget = 4,458.75 | inventory = 5
[ 2024-08-06 16:03:50,862 ] 114 : Sold 5 shares at price 73,400 | Profit = 2,000 | Portfolio Value = 1,082,958.75 | Budget = 371,275.25 | inventory = 4
[ 2024-08-06 16:03:50,875 ] 115 : Bought 3 shares at price 73,300 | Portfolio Value = 1,105,275.25 | Budget = 151,265.3 | inventory = 5
[ 2024-08-06 16:03:50,889 ] 116 : Sold 4 shares at price 72,000 | Profit = 1,600 | Portfolio Value = 1,104,165.3 | Budget = 439,121.3 | inventory = 4
[ 2024-08-06 16:03:50,930 ] 119 : Sold 4 shares at price 70,300 | Profit = -4,800 | Portfolio Value = 1,078,121.3 | Budget = 720,180.7 | inventory = 3
[ 2024-08-06 16:03:50,944 ] 120 : Bought 7 shares at price 70,400 | Portfolio Value = 1,071,680.7 | Budget = 227,134.3 | inventory = 4
[ 2024-08-06 16:03:50,958 ] 121 : Sold 1 shares at price 70,000 | Profit = -1,900 | Portfolio Value = 1,071,934.3 | Budget = 297,099.3 | inventory = 3
[ 2024-08-06 16:03:50,973 ] 122 : Bought 3 shares at price 69,800 | Portfolio Value = 1,067,099.3 | Budget = 87,594.6 | inventory = 4
[ 2024-08-06 16:03:51,015 ] 125 : Sold 1 shares at price 69,800 | Profit = -2,100 | Portfolio Value = 1,075,994.6 | Budget = 157,359.7 | inventory = 3
[ 2024-08-06 16:03:51,029 ] 126 : Bought 2 shares at price 71,100 | Portfolio Value = 1,064,759.7 | Budget = 15,088.6 | inventory = 4
[ 2024-08-06 16:03:51,057 ] 128 : Sold 3 shares at price 68,800 | Profit = -13,500 | Portfolio Value = 1,063,588.6 | Budget = 221,385.4 | inventory = 3
[ 2024-08-06 16:03:51,070 ] 129 : Bought 3 shares at price 68,300 | Portfolio Value = 1,046,985.4 | Budget = 16,382.95 | inventory = 4
[ 2024-08-06 16:03:51,110 ] 132 : Sold 7 shares at price 68,900 | Profit = -10,500 | Portfolio Value = 1,030,382.95 | Budget = 498,441.8 | inventory = 3
[ 2024-08-06 16:03:51,123 ] 133 : Bought 2 shares at price 68,000 | Portfolio Value = 1,049,641.8 | Budget = 362,373.8 | inventory = 4
[ 2024-08-06 16:03:51,136 ] 134 : Bought 1 shares at price 67,500 | Portfolio Value = 1,042,373.8 | Budget = 294,840.05 | inventory = 5
[ 2024-08-06 16:03:51,162 ] 136 : Bought 3 shares at price 67,000 | Portfolio Value = 1,035,140.05 | Budget = 93,739.55 | inventory = 6
[ 2024-08-06 16:03:51,176 ] 137 : Sold 3 shares at price 66,700 | Profit = -9,300 | Portfolio Value = 1,031,739.55 | Budget = 293,739.5 | inventory = 5
[ 2024-08-06 16:03:51,190 ] 138 : Sold 2 shares at price 66,300 | Profit = -9,600 | Portfolio Value = 1,027,439.5 | Budget = 426,273.2 | inventory = 4
[ 2024-08-06 16:03:51,205 ] 139 : Sold 3 shares at price 66,600 | Profit = -5,100 | Portfolio Value = 1,022,973.2 | Budget = 625,973.3 | inventory = 3
[ 2024-08-06 16:03:51,218 ] 140 : Sold 2 shares at price 66,600 | Profit = -2,800 | Portfolio Value = 1,025,573.3 | Budget = 759,106.7 | inventory = 2
[ 2024-08-06 16:03:51,231 ] 141 : Sold 1 shares at price 67,100 | Profit = -400 | Portfolio Value = 1,025,506.7 | Budget = 826,173.15 | inventory = 1
[ 2024-08-06 16:03:51,245 ] 142 : Sold 3 shares at price 68,200 | Profit = 3,600 | Portfolio Value = 1,027,473.15 | Budget = 1,030,670.85 | inventory = 0
[ 2024-08-06 16:03:51,421 ] 155 : Bought 14 shares at price 70,500 | Portfolio Value = 1,030,670.85 | Budget = 43,177.35 | inventory = 1
[ 2024-08-06 16:03:51,436 ] 156 : Sold 14 shares at price 70,900 | Profit = 5,600 | Portfolio Value = 1,030,177.35 | Budget = 1,035,281.05 | inventory = 0
[ 2024-08-06 16:03:51,451 ] 157 : Bought 3 shares at price 71,700 | Portfolio Value = 1,035,281.05 | Budget = 820,073.5 | inventory = 1
[ 2024-08-06 16:03:51,465 ] 158 : Sold 3 shares at price 72,000 | Profit = 900 | Portfolio Value = 1,035,173.5 | Budget = 1,035,965.5 | inventory = 0
[ 2024-08-06 16:03:51,494 ] 160 : Bought 12 shares at price 69,800 | Portfolio Value = 1,035,965.5 | Budget = 197,946.7 | inventory = 1
[ 2024-08-06 16:03:51,507 ] 161 : Bought 1 shares at price 69,600 | Portfolio Value = 1,035,546.7 | Budget = 128,311.9 | inventory = 2
[ 2024-08-06 16:03:51,535 ] 163 : Sold 12 shares at price 68,800 | Profit = -12,000 | Portfolio Value = 1,024,011.9 | Budget = 953,499.1 | inventory = 1
[ 2024-08-06 16:03:51,550 ] 164 : Sold 1 shares at price 69,400 | Profit = -200 | Portfolio Value = 1,022,299.1 | Budget = 1,022,864.4 | inventory = 0
[ 2024-08-06 16:03:51,577 ] 166 : Bought 4 shares at price 68,400 | Portfolio Value = 1,022,864.4 | Budget = 749,127.6 | inventory = 1
[ 2024-08-06 16:03:51,619 ] 169 : Bought 1 shares at price 66,000 | Portfolio Value = 1,015,927.6 | Budget = 683,094.6 | inventory = 2
[ 2024-08-06 16:03:51,632 ] 170 : Bought 3 shares at price 66,400 | Portfolio Value = 1,013,094.6 | Budget = 483,795.0 | inventory = 3
[ 2024-08-06 16:03:51,647 ] 171 : Bought 5 shares at price 68,200 | Portfolio Value = 1,014,995.0 | Budget = 142,624.5 | inventory = 4
[ 2024-08-06 16:03:51,661 ] 172 : Sold 4 shares at price 68,900 | Profit = 2,000 | Portfolio Value = 1,029,224.5 | Budget = 418,086.7 | inventory = 3
[ 2024-08-06 16:03:51,689 ] 174 : Sold 1 shares at price 67,300 | Profit = 1,300 | Portfolio Value = 1,030,086.7 | Budget = 485,353.05 | inventory = 2
[ 2024-08-06 16:03:51,702 ] 175 : Sold 3 shares at price 69,400 | Profit = 9,000 | Portfolio Value = 1,023,753.05 | Budget = 693,448.95 | inventory = 1
[ 2024-08-06 16:03:51,715 ] 176 : Sold 5 shares at price 70,500 | Profit = 11,500 | Portfolio Value = 1,040,448.95 | Budget = 1,045,772.7 | inventory = 0
[ 2024-08-06 16:03:51,729 ] 177 : Bought 10 shares at price 69,500 | Portfolio Value = 1,045,772.7 | Budget = 350,425.2 | inventory = 1
[ 2024-08-06 16:03:51,743 ] 178 : Sold 10 shares at price 68,800 | Profit = -7,000 | Portfolio Value = 1,045,425.2 | Budget = 1,038,081.2 | inventory = 0
[ 2024-08-06 16:03:51,757 ] 179 : Bought 15 shares at price 68,400 | Portfolio Value = 1,038,081.2 | Budget = 11,568.2 | inventory = 1
[ 2024-08-06 16:03:51,770 ] 180 : Sold 15 shares at price 68,500 | Profit = 1,500 | Portfolio Value = 1,037,568.2 | Budget = 1,038,554.45 | inventory = 0
[ 2024-08-06 16:03:51,785 ] 181 : Bought 4 shares at price 68,000 | Portfolio Value = 1,038,554.45 | Budget = 766,418.45 | inventory = 1
[ 2024-08-06 16:03:51,799 ] 182 : Sold 4 shares at price 66,700 | Profit = -5,200 | Portfolio Value = 1,038,418.45 | Budget = 1,033,085.05 | inventory = 0
[ 2024-08-06 16:03:51,826 ] 184 : Bought 13 shares at price 67,300 | Portfolio Value = 1,033,085.05 | Budget = 157,747.6 | inventory = 1
[ 2024-08-06 16:03:51,841 ] 185 : Sold 13 shares at price 66,900 | Profit = -5,200 | Portfolio Value = 1,032,647.6 | Budget = 1,027,012.75 | inventory = 0
[ 2024-08-06 16:03:51,869 ] 187 : Bought 2 shares at price 69,700 | Portfolio Value = 1,027,012.75 | Budget = 887,543.05 | inventory = 1
[ 2024-08-06 16:03:51,883 ] 188 : Sold 2 shares at price 69,600 | Profit = -200 | Portfolio Value = 1,026,943.05 | Budget = 1,026,673.45 | inventory = 0
[ 2024-08-06 16:03:51,898 ] 189 : Bought 13 shares at price 70,900 | Portfolio Value = 1,026,673.45 | Budget = 104,512.6 | inventory = 1
[ 2024-08-06 16:03:51,912 ] 190 : Bought 1 shares at price 70,900 | Portfolio Value = 1,026,212.6 | Budget = 33,577.15 | inventory = 2
[ 2024-08-06 16:03:51,952 ] 193 : Sold 13 shares at price 70,500 | Profit = -5,200 | Portfolio Value = 1,017,777.15 | Budget = 949,618.9 | inventory = 1
[ 2024-08-06 16:03:51,966 ] 194 : Bought 10 shares at price 70,400 | Portfolio Value = 1,020,118.9 | Budget = 245,266.9 | inventory = 2
[ 2024-08-06 16:03:51,980 ] 195 : Sold 1 shares at price 70,800 | Profit = -100 | Portfolio Value = 1,019,666.9 | Budget = 316,031.5 | inventory = 1
[ 2024-08-06 16:03:52,008 ] 197 : Bought 4 shares at price 72,800 | Portfolio Value = 1,038,031.5 | Budget = 24,685.9 | inventory = 2
[ 2024-08-06 16:03:52,021 ] 198 : Sold 10 shares at price 72,500 | Profit = 21,000 | Portfolio Value = 1,043,885.9 | Budget = 749,323.4 | inventory = 1
[ 2024-08-06 16:03:52,035 ] 199 : Sold 4 shares at price 72,700 | Profit = -400 | Portfolio Value = 1,039,323.4 | Budget = 1,039,978.0 | inventory = 0
[ 2024-08-06 16:03:52,049 ] 200 : Bought 6 shares at price 72,800 | Portfolio Value = 1,039,978.0 | Budget = 602,959.6 | inventory = 1
[ 2024-08-06 16:03:52,062 ] 201 : Bought 8 shares at price 72,800 | Portfolio Value = 1,039,759.6 | Budget = 20,268.4 | inventory = 2
[ 2024-08-06 16:03:52,075 ] 202 : Sold 6 shares at price 72,400 | Profit = -2,400 | Portfolio Value = 1,039,468.4 | Budget = 454,451.2 | inventory = 1
[ 2024-08-06 16:03:52,089 ] 203 : Bought 4 shares at price 71,700 | Portfolio Value = 1,033,651.2 | Budget = 167,507.8 | inventory = 2
[ 2024-08-06 16:03:52,102 ] 204 : Sold 8 shares at price 71,300 | Profit = -12,000 | Portfolio Value = 1,027,907.8 | Budget = 737,622.6 | inventory = 1
[ 2024-08-06 16:03:52,116 ] 205 : Sold 4 shares at price 72,700 | Profit = 4,000 | Portfolio Value = 1,022,822.6 | Budget = 1,028,277.2 | inventory = 0
[ 2024-08-06 16:03:52,145 ] 207 : Bought 4 shares at price 72,800 | Portfolio Value = 1,028,277.2 | Budget = 736,931.6 | inventory = 1
[ 2024-08-06 16:03:52,159 ] 208 : Sold 4 shares at price 72,000 | Profit = -3,200 | Portfolio Value = 1,028,131.6 | Budget = 1,024,787.6 | inventory = 0
[ 2024-08-06 16:03:52,173 ] 209 : Bought 12 shares at price 72,600 | Portfolio Value = 1,024,787.6 | Budget = 153,152.0 | inventory = 1
[ 2024-08-06 16:03:52,186 ] 210 : Bought 1 shares at price 71,200 | Portfolio Value = 1,024,352.0 | Budget = 81,916.4 | inventory = 2
[ 2024-08-06 16:03:52,200 ] 211 : Bought 1 shares at price 71,700 | Portfolio Value = 1,007,516.4 | Budget = 10,180.55 | inventory = 3
[ 2024-08-06 16:03:52,214 ] 212 : Sold 12 shares at price 71,500 | Profit = -13,200 | Portfolio Value = 1,013,980.55 | Budget = 867,751.55 | inventory = 2
[ 2024-08-06 16:03:52,227 ] 213 : Sold 1 shares at price 72,600 | Profit = 1,400 | Portfolio Value = 1,010,751.55 | Budget = 940,315.25 | inventory = 1
[ 2024-08-06 16:03:52,240 ] 214 : Bought 7 shares at price 73,000 | Portfolio Value = 1,012,915.25 | Budget = 429,059.75 | inventory = 2
[ 2024-08-06 16:03:52,254 ] 215 : Sold 1 shares at price 73,500 | Profit = 1,800 | Portfolio Value = 1,013,059.75 | Budget = 502,523.0 | inventory = 1
[ 2024-08-06 16:03:52,268 ] 216 : Bought 5 shares at price 72,800 | Portfolio Value = 1,017,023.0 | Budget = 138,341.0 | inventory = 2
[ 2024-08-06 16:03:52,281 ] 217 : Bought 1 shares at price 73,100 | Portfolio Value = 1,011,941.0 | Budget = 65,204.45 | inventory = 3
[ 2024-08-06 16:03:52,309 ] 219 : Sold 7 shares at price 72,900 | Profit = -700 | Portfolio Value = 1,018,104.45 | Budget = 575,249.3 | inventory = 2
[ 2024-08-06 16:03:52,337 ] 221 : Sold 5 shares at price 74,800 | Profit = 10,000 | Portfolio Value = 1,015,649.3 | Budget = 949,062.3 | inventory = 1
[ 2024-08-06 16:03:52,351 ] 222 : Sold 1 shares at price 75,000 | Profit = 1,900 | Portfolio Value = 1,023,862.3 | Budget = 1,024,024.8 | inventory = 0
[ 2024-08-06 16:03:52,365 ] 223 : Bought 9 shares at price 75,900 | Portfolio Value = 1,024,024.8 | Budget = 340,583.25 | inventory = 1
[ 2024-08-06 16:03:52,379 ] 224 : Bought 1 shares at price 76,600 | Portfolio Value = 1,023,683.25 | Budget = 263,944.95 | inventory = 2
[ 2024-08-06 16:03:52,393 ] 225 : Sold 9 shares at price 78,000 | Profit = 18,900 | Portfolio Value = 1,029,944.95 | Budget = 965,593.95 | inventory = 1
[ 2024-08-06 16:03:52,407 ] 226 : Sold 1 shares at price 78,500 | Profit = 1,900 | Portfolio Value = 1,043,593.95 | Budget = 1,044,054.7 | inventory = 0
[ 2024-08-06 16:03:52,407 ] Evaluation at Episode 1: Average Reward: 71,830.3 Average Profit: 71,820, Profit Rate: 7.18%
[ 2024-08-06 16:03:52,407 ] ----------------------------------------------------------------------------------------------------
[ 2024-08-06 16:03:52,407 ] Starting Episode 2
[ 2024-08-06 16:03:52,436 ] 2 : Bought 4 shares at price 61,800 | Portfolio Value = 1,000,000.0 | Budget = 752,676.4 | inventory = 1
[ 2024-08-06 16:03:52,451 ] 3 : Bought 6 shares at price 63,500 | Portfolio Value = 999,876.4 | Budget = 371,485.9 | inventory = 2
[ 2024-08-06 16:03:52,465 ] 4 : Bought 2 shares at price 63,800 | Portfolio Value = 1,006,485.9 | Budget = 243,822.1 | inventory = 3
[ 2024-08-06 16:03:52,479 ] 5 : Sold 4 shares at price 61,600 | Profit = -800 | Portfolio Value = 1,009,422.1 | Budget = 490,098.9 | inventory = 2
[ 2024-08-06 16:03:52,494 ] 6 : Bought 7 shares at price 61,900 | Portfolio Value = 982,898.9 | Budget = 56,582.25 | inventory = 3
[ 2024-08-06 16:03:52,511 ] 7 : Sold 6 shares at price 63,100 | Profit = -2,400 | Portfolio Value = 985,082.25 | Budget = 434,992.95 | inventory = 2
[ 2024-08-06 16:03:52,525 ] 8 : Sold 2 shares at price 63,000 | Profit = -1,600 | Portfolio Value = 1,002,892.95 | Budget = 560,929.95 | inventory = 1
[ 2024-08-06 16:03:52,539 ] 9 : Sold 7 shares at price 62,800 | Profit = 6,300 | Portfolio Value = 1,001,929.95 | Budget = 1,000,310.15 | inventory = 0
[ 2024-08-06 16:03:52,554 ] 10 : Bought 4 shares at price 62,900 | Portfolio Value = 1,000,310.15 | Budget = 748,584.35 | inventory = 1
[ 2024-08-06 16:03:52,568 ] 11 : Sold 4 shares at price 63,200 | Profit = 1,200 | Portfolio Value = 1,000,184.35 | Budget = 1,001,257.95 | inventory = 0
[ 2024-08-06 16:03:52,638 ] 16 : Bought 6 shares at price 62,100 | Portfolio Value = 1,001,257.95 | Budget = 628,471.65 | inventory = 1
[ 2024-08-06 16:03:52,653 ] 17 : Bought 10 shares at price 61,100 | Portfolio Value = 1,001,071.65 | Budget = 17,166.15 | inventory = 2
[ 2024-08-06 16:03:52,667 ] 18 : Sold 6 shares at price 62,000 | Profit = -600 | Portfolio Value = 994,766.15 | Budget = 388,980.15 | inventory = 1
[ 2024-08-06 16:03:52,681 ] 19 : Sold 10 shares at price 61,300 | Profit = 2,000 | Portfolio Value = 1,008,980.15 | Budget = 1,001,673.65 | inventory = 0
[ 2024-08-06 16:03:52,736 ] 23 : Bought 13 shares at price 60,500 | Portfolio Value = 1,001,673.65 | Budget = 214,780.4 | inventory = 1
[ 2024-08-06 16:03:52,750 ] 24 : Sold 13 shares at price 61,500 | Profit = 13,000 | Portfolio Value = 1,001,280.4 | Budget = 1,013,880.65 | inventory = 0
[ 2024-08-06 16:03:52,778 ] 26 : Bought 1 shares at price 60,300 | Portfolio Value = 1,013,880.65 | Budget = 953,550.5 | inventory = 1
[ 2024-08-06 16:03:52,791 ] 27 : Sold 1 shares at price 60,100 | Profit = -200 | Portfolio Value = 1,013,850.5 | Budget = 1,013,620.45 | inventory = 0
[ 2024-08-06 16:03:52,804 ] 28 : Bought 17 shares at price 59,500 | Portfolio Value = 1,013,620.45 | Budget = 1,614.7 | inventory = 1
[ 2024-08-06 16:03:52,818 ] 29 : Sold 17 shares at price 60,000 | Profit = 8,500 | Portfolio Value = 1,013,114.7 | Budget = 1,021,104.7 | inventory = 0
[ 2024-08-06 16:03:52,831 ] 30 : Bought 8 shares at price 59,000 | Portfolio Value = 1,021,104.7 | Budget = 548,868.7 | inventory = 1
[ 2024-08-06 16:05:01,416 ] Starting Episode 1
[ 2024-08-06 16:05:01,598 ] 1 : Bought 13 shares at price 61,000 | Portfolio Value = 1,000,000 | Budget = 206,603.5 | inventory = 1
[ 2024-08-06 16:05:01,612 ] 2 : Sold 13 shares at price 61,800 | Profit = 10,400 | Portfolio Value = 999,603.5 | Budget = 1,009,601.8 | inventory = 0
[ 2024-08-06 16:05:01,764 ] 11 : Bought 1 shares at price 63,200 | Portfolio Value = 1,009,601.8 | Budget = 946,370.2 | inventory = 1
[ 2024-08-06 16:05:01,786 ] 12 : Sold 1 shares at price 62,200 | Profit = -1,000 | Portfolio Value = 1,009,570.2 | Budget = 1,008,539.1 | inventory = 0
[ 2024-08-06 16:05:01,878 ] 15 : Bought 8 shares at price 62,700 | Portfolio Value = 1,008,539.1 | Budget = 506,688.3 | inventory = 1
[ 2024-08-06 16:05:01,897 ] 16 : Bought 6 shares at price 62,100 | Portfolio Value = 1,008,288.3 | Budget = 133,902.0 | inventory = 2
[ 2024-08-06 16:05:01,914 ] 17 : Sold 8 shares at price 61,100 | Profit = -12,800 | Portfolio Value = 1,003,302.0 | Budget = 622,457.6 | inventory = 1
[ 2024-08-06 16:05:01,949 ] 19 : Bought 6 shares at price 61,300 | Portfolio Value = 994,457.6 | Budget = 254,473.7 | inventory = 2
[ 2024-08-06 16:05:01,982 ] 21 : Sold 6 shares at price 60,600 | Profit = -9,000 | Portfolio Value = 980,473.7 | Budget = 617,891.9 | inventory = 1
[ 2024-08-06 16:05:02,018 ] 23 : Bought 3 shares at price 60,500 | Portfolio Value = 982,691.9 | Budget = 436,301.15 | inventory = 2
[ 2024-08-06 16:05:02,059 ] 25 : Sold 6 shares at price 60,700 | Profit = -3,600 | Portfolio Value = 989,801.15 | Budget = 800,319.05 | inventory = 1
[ 2024-08-06 16:05:02,077 ] 26 : Sold 3 shares at price 60,300 | Profit = -600 | Portfolio Value = 982,419.05 | Budget = 981,128.6 | inventory = 0
[ 2024-08-06 16:05:02,124 ] 28 : Bought 10 shares at price 59,500 | Portfolio Value = 981,128.6 | Budget = 385,831.1 | inventory = 1
[ 2024-08-06 16:05:02,151 ] 29 : Sold 10 shares at price 60,000 | Profit = 5,000 | Portfolio Value = 980,831.1 | Budget = 985,531.1 | inventory = 0
[ 2024-08-06 16:05:02,226 ] 32 : Bought 14 shares at price 59,900 | Portfolio Value = 985,531.1 | Budget = 146,511.8 | inventory = 1
[ 2024-08-06 16:05:02,265 ] 34 : Sold 14 shares at price 60,200 | Profit = 4,200 | Portfolio Value = 1,004,711.8 | Budget = 988,890.4 | inventory = 0
[ 2024-08-06 16:05:02,319 ] 37 : Bought 15 shares at price 62,300 | Portfolio Value = 988,890.4 | Budget = 53,923.15 | inventory = 1
[ 2024-08-06 16:05:02,350 ] 39 : Sold 15 shares at price 62,100 | Profit = -3,000 | Portfolio Value = 998,923.15 | Budget = 984,957.4 | inventory = 0
[ 2024-08-06 16:05:02,475 ] 47 : Bought 4 shares at price 62,300 | Portfolio Value = 984,957.4 | Budget = 735,632.8 | inventory = 1
[ 2024-08-06 16:05:02,489 ] 48 : Sold 4 shares at price 65,000 | Profit = 10,800 | Portfolio Value = 984,832.8 | Budget = 995,502.8 | inventory = 0
[ 2024-08-06 16:05:02,774 ] 61 : Bought 13 shares at price 64,100 | Portfolio Value = 995,502.8 | Budget = 161,786.15 | inventory = 1
[ 2024-08-06 16:05:02,793 ] 62 : Bought 1 shares at price 64,600 | Portfolio Value = 995,086.15 | Budget = 97,153.85 | inventory = 2
[ 2024-08-06 16:05:02,812 ] 63 : Sold 13 shares at price 65,500 | Profit = 18,200 | Portfolio Value = 1,001,553.85 | Budget = 948,228.1 | inventory = 1
[ 2024-08-06 16:05:02,845 ] 65 : Bought 1 shares at price 65,400 | Portfolio Value = 1,013,928.1 | Budget = 882,795.4 | inventory = 2
[ 2024-08-06 16:05:02,861 ] 66 : Sold 1 shares at price 65,100 | Profit = 500 | Portfolio Value = 1,013,595.4 | Budget = 947,862.85 | inventory = 1
[ 2024-08-06 16:05:02,889 ] 68 : Sold 1 shares at price 65,300 | Profit = -100 | Portfolio Value = 1,013,762.85 | Budget = 1,013,130.2 | inventory = 0
[ 2024-08-06 16:05:02,981 ] 75 : Bought 13 shares at price 66,200 | Portfolio Value = 1,013,130.2 | Budget = 152,099.9 | inventory = 1
[ 2024-08-06 16:05:02,995 ] 76 : Sold 13 shares at price 68,400 | Profit = 28,600 | Portfolio Value = 1,012,699.9 | Budget = 1,040,855.3 | inventory = 0
[ 2024-08-06 16:05:03,047 ] 80 : Bought 12 shares at price 68,800 | Portfolio Value = 1,040,855.3 | Budget = 214,842.5 | inventory = 1
[ 2024-08-06 16:05:03,060 ] 81 : Sold 12 shares at price 70,300 | Profit = 18,000 | Portfolio Value = 1,040,442.5 | Budget = 1,058,020.7 | inventory = 0
[ 2024-08-06 16:05:03,113 ] 85 : Bought 9 shares at price 72,200 | Portfolio Value = 1,058,020.7 | Budget = 407,895.8 | inventory = 1
[ 2024-08-06 16:05:03,126 ] 86 : Sold 9 shares at price 71,700 | Profit = -4,500 | Portfolio Value = 1,057,695.8 | Budget = 1,052,873.15 | inventory = 0
[ 2024-08-06 16:05:03,139 ] 87 : Bought 6 shares at price 71,000 | Portfolio Value = 1,052,873.15 | Budget = 626,660.15 | inventory = 1
[ 2024-08-06 16:05:03,152 ] 88 : Sold 6 shares at price 70,900 | Profit = -600 | Portfolio Value = 1,052,660.15 | Budget = 1,051,847.45 | inventory = 0
[ 2024-08-06 16:05:03,190 ] 91 : Bought 12 shares at price 72,000 | Portfolio Value = 1,051,847.45 | Budget = 187,415.45 | inventory = 1
[ 2024-08-06 16:05:03,203 ] 92 : Sold 12 shares at price 71,900 | Profit = -1,200 | Portfolio Value = 1,051,415.45 | Budget = 1,049,784.05 | inventory = 0
[ 2024-08-06 16:05:03,229 ] 94 : Bought 9 shares at price 71,800 | Portfolio Value = 1,049,784.05 | Budget = 403,260.95 | inventory = 1
[ 2024-08-06 16:05:03,242 ] 95 : Bought 5 shares at price 71,200 | Portfolio Value = 1,049,460.95 | Budget = 47,082.95 | inventory = 2
[ 2024-08-06 16:05:03,255 ] 96 : Sold 9 shares at price 71,400 | Profit = -3,600 | Portfolio Value = 1,043,882.95 | Budget = 689,361.65 | inventory = 1
[ 2024-08-06 16:05:03,268 ] 97 : Sold 5 shares at price 70,500 | Profit = -3,500 | Portfolio Value = 1,046,361.65 | Budget = 1,041,685.4 | inventory = 0
[ 2024-08-06 16:05:03,350 ] 103 : Bought 9 shares at price 72,400 | Portfolio Value = 1,041,685.4 | Budget = 389,759.6 | inventory = 1
[ 2024-08-06 16:05:03,363 ] 104 : Sold 9 shares at price 72,200 | Profit = -1,800 | Portfolio Value = 1,041,359.6 | Budget = 1,039,234.7 | inventory = 0
[ 2024-08-06 16:05:03,646 ] 125 : Bought 7 shares at price 69,800 | Portfolio Value = 1,039,234.7 | Budget = 550,390.4 | inventory = 1
[ 2024-08-06 16:05:03,659 ] 126 : Bought 1 shares at price 71,100 | Portfolio Value = 1,038,990.4 | Budget = 479,254.85 | inventory = 2
[ 2024-08-06 16:05:03,673 ] 127 : Sold 7 shares at price 69,900 | Profit = 700 | Portfolio Value = 1,048,054.85 | Budget = 968,310.2 | inventory = 1
[ 2024-08-06 16:05:03,686 ] 128 : Sold 1 shares at price 68,800 | Profit = -2,300 | Portfolio Value = 1,038,210.2 | Budget = 1,037,075.8 | inventory = 0
[ 2024-08-06 16:05:03,727 ] 131 : Bought 6 shares at price 67,600 | Portfolio Value = 1,037,075.8 | Budget = 631,273.0 | inventory = 1
[ 2024-08-06 16:05:03,767 ] 134 : Sold 6 shares at price 67,500 | Profit = -600 | Portfolio Value = 1,039,273.0 | Budget = 1,036,070.5 | inventory = 0
[ 2024-08-06 16:05:03,903 ] 144 : Bought 4 shares at price 66,800 | Portfolio Value = 1,036,070.5 | Budget = 768,736.9 | inventory = 1
[ 2024-08-06 16:05:03,916 ] 145 : Sold 4 shares at price 66,800 | Profit = 0 | Portfolio Value = 1,035,936.9 | Budget = 1,035,803.3 | inventory = 0
[ 2024-08-06 16:05:04,122 ] 161 : Bought 11 shares at price 69,600 | Portfolio Value = 1,035,803.3 | Budget = 269,820.5 | inventory = 1
[ 2024-08-06 16:05:04,135 ] 162 : Sold 11 shares at price 68,900 | Profit = -7,700 | Portfolio Value = 1,035,420.5 | Budget = 1,027,341.55 | inventory = 0
[ 2024-08-06 16:05:04,241 ] 170 : Bought 6 shares at price 66,400 | Portfolio Value = 1,027,341.55 | Budget = 628,742.35 | inventory = 1
[ 2024-08-06 16:05:04,254 ] 171 : Sold 6 shares at price 68,200 | Profit = 10,800 | Portfolio Value = 1,027,142.35 | Budget = 1,037,737.75 | inventory = 0
[ 2024-08-06 16:05:04,398 ] 182 : Bought 11 shares at price 66,700 | Portfolio Value = 1,037,737.75 | Budget = 303,670.9 | inventory = 1
[ 2024-08-06 16:05:04,411 ] 183 : Sold 11 shares at price 67,300 | Profit = 6,600 | Portfolio Value = 1,037,370.9 | Budget = 1,043,600.75 | inventory = 0
[ 2024-08-06 16:05:04,478 ] 188 : Bought 13 shares at price 69,600 | Portfolio Value = 1,043,600.75 | Budget = 138,348.35 | inventory = 1
[ 2024-08-06 16:05:04,491 ] 189 : Sold 13 shares at price 70,900 | Profit = 16,900 | Portfolio Value = 1,043,148.35 | Budget = 1,059,587.5 | inventory = 0
[ 2024-08-06 16:05:04,517 ] 191 : Bought 11 shares at price 69,900 | Portfolio Value = 1,059,587.5 | Budget = 290,303.05 | inventory = 1
[ 2024-08-06 16:05:04,530 ] 192 : Sold 11 shares at price 70,300 | Profit = 4,400 | Portfolio Value = 1,059,203.05 | Budget = 1,063,216.4 | inventory = 0
[ 2024-08-06 16:05:04,652 ] 201 : Bought 6 shares at price 72,800 | Portfolio Value = 1,063,216.4 | Budget = 626,198.0 | inventory = 1
[ 2024-08-06 16:05:04,666 ] 202 : Bought 2 shares at price 72,400 | Portfolio Value = 1,062,998.0 | Budget = 481,325.6 | inventory = 2
[ 2024-08-06 16:05:04,691 ] 204 : Sold 6 shares at price 71,300 | Profit = -9,000 | Portfolio Value = 1,054,925.6 | Budget = 908,911.7 | inventory = 1
[ 2024-08-06 16:05:04,705 ] 205 : Sold 2 shares at price 72,700 | Profit = 600 | Portfolio Value = 1,051,511.7 | Budget = 1,054,239.0 | inventory = 0
[ 2024-08-06 16:05:04,871 ] 217 : Bought 14 shares at price 73,100 | Portfolio Value = 1,054,239.0 | Budget = 30,327.3 | inventory = 1
[ 2024-08-06 16:05:04,885 ] 218 : Sold 14 shares at price 73,300 | Profit = 2,800 | Portfolio Value = 1,053,727.3 | Budget = 1,056,014.2 | inventory = 0
[ 2024-08-06 16:05:04,924 ] 221 : Bought 7 shares at price 74,800 | Portfolio Value = 1,056,014.2 | Budget = 532,152.4 | inventory = 1
[ 2024-08-06 16:05:04,938 ] 222 : Sold 7 shares at price 75,000 | Profit = 1,400 | Portfolio Value = 1,055,752.4 | Budget = 1,056,889.9 | inventory = 0
[ 2024-08-06 16:05:04,951 ] 223 : Bought 4 shares at price 75,900 | Portfolio Value = 1,056,889.9 | Budget = 753,138.1 | inventory = 1
[ 2024-08-06 16:05:04,964 ] 224 : Sold 4 shares at price 76,600 | Profit = 2,800 | Portfolio Value = 1,056,738.1 | Budget = 1,059,384.9 | inventory = 0
[ 2024-08-06 16:05:04,990 ] 226 : Bought 11 shares at price 78,500 | Portfolio Value = 1,059,384.9 | Budget = 195,453.15 | inventory = 1
[ 2024-08-06 16:05:04,991 ] Episode: 1, Total Reward: 77,808.57, Total Profit: 77,800, Profit Rate: 7.78%
[ 2024-08-06 16:05:04,991 ] ----------------------------------------------------------------------------------------------------
[ 2024-08-06 16:05:05,018 ] 2 : Bought 3 shares at price 61,800 | Portfolio Value = 1,000,000.0 | Budget = 814,507.3 | inventory = 1
[ 2024-08-06 16:05:05,031 ] 3 : Sold 3 shares at price 63,500 | Profit = 5,100 | Portfolio Value = 999,907.3 | Budget = 1,004,912.05 | inventory = 0
[ 2024-08-06 16:05:05,122 ] 10 : Bought 3 shares at price 62,900 | Portfolio Value = 1,004,912.05 | Budget = 816,117.7 | inventory = 1
[ 2024-08-06 16:05:05,136 ] 11 : Bought 7 shares at price 63,200 | Portfolio Value = 1,004,817.7 | Budget = 373,496.5 | inventory = 2
[ 2024-08-06 16:05:05,163 ] 13 : Sold 3 shares at price 63,700 | Profit = 2,400 | Portfolio Value = 995,496.5 | Budget = 564,500.95 | inventory = 1
[ 2024-08-06 16:05:05,176 ] 14 : Bought 5 shares at price 62,600 | Portfolio Value = 1,010,400.95 | Budget = 251,344.45 | inventory = 2
[ 2024-08-06 16:05:05,189 ] 15 : Sold 7 shares at price 62,700 | Profit = -3,500 | Portfolio Value = 1,002,544.45 | Budget = 690,025.0 | inventory = 1
[ 2024-08-06 16:05:05,204 ] 16 : Sold 5 shares at price 62,100 | Profit = -2,500 | Portfolio Value = 1,003,525.0 | Budget = 1,000,369.75 | inventory = 0
[ 2024-08-06 16:05:05,388 ] 28 : Bought 9 shares at price 59,500 | Portfolio Value = 1,000,369.75 | Budget = 464,602.0 | inventory = 1
[ 2024-08-06 16:05:05,428 ] 30 : Sold 9 shares at price 59,000 | Profit = -4,500 | Portfolio Value = 1,004,602.0 | Budget = 995,336.5 | inventory = 0
[ 2024-08-06 16:05:05,488 ] 34 : Bought 12 shares at price 60,200 | Portfolio Value = 995,336.5 | Budget = 272,575.3 | inventory = 1
[ 2024-08-06 16:05:05,501 ] 35 : Sold 12 shares at price 60,300 | Profit = 1,200 | Portfolio Value = 994,975.3 | Budget = 995,813.5 | inventory = 0
[ 2024-08-06 16:05:05,594 ] 42 : Bought 12 shares at price 63,200 | Portfolio Value = 995,813.5 | Budget = 237,034.3 | inventory = 1
[ 2024-08-06 16:05:05,607 ] 43 : Sold 12 shares at price 64,000 | Profit = 9,600 | Portfolio Value = 995,434.3 | Budget = 1,004,650.3 | inventory = 0
[ 2024-08-06 16:05:05,802 ] 58 : Bought 4 shares at price 65,700 | Portfolio Value = 1,004,650.3 | Budget = 741,718.9 | inventory = 1
[ 2024-08-06 16:05:05,815 ] 59 : Sold 4 shares at price 65,200 | Profit = -2,000 | Portfolio Value = 1,004,518.9 | Budget = 1,002,388.5 | inventory = 0
[ 2024-08-06 16:05:06,114 ] 82 : Bought 12 shares at price 72,300 | Portfolio Value = 1,002,388.5 | Budget = 134,354.7 | inventory = 1
[ 2024-08-06 16:05:06,127 ] 83 : Bought 1 shares at price 71,400 | Portfolio Value = 1,001,954.7 | Budget = 62,919.0 | inventory = 2
[ 2024-08-06 16:05:06,154 ] 85 : Sold 12 shares at price 72,200 | Profit = -1,200 | Portfolio Value = 984,619.0 | Budget = 928,885.8 | inventory = 1
[ 2024-08-06 16:05:06,168 ] 86 : Bought 3 shares at price 71,700 | Portfolio Value = 1,001,085.8 | Budget = 713,678.25 | inventory = 2
[ 2024-08-06 16:05:06,182 ] 87 : Bought 2 shares at price 71,000 | Portfolio Value = 1,000,478.25 | Budget = 571,607.25 | inventory = 3
[ 2024-08-06 16:05:06,195 ] 88 : Sold 1 shares at price 70,900 | Profit = -500 | Portfolio Value = 997,607.25 | Budget = 642,471.8 | inventory = 2
[ 2024-08-06 16:05:06,208 ] 89 : Sold 3 shares at price 72,000 | Profit = 900 | Portfolio Value = 996,971.8 | Budget = 858,363.8 | inventory = 1
[ 2024-08-06 16:05:06,222 ] 90 : Sold 2 shares at price 71,000 | Profit = 0 | Portfolio Value = 1,002,363.8 | Budget = 1,000,292.8 | inventory = 0
[ 2024-08-06 16:05:06,262 ] 93 : Bought 11 shares at price 71,500 | Portfolio Value = 1,000,292.8 | Budget = 213,399.55 | inventory = 1
[ 2024-08-06 16:05:06,289 ] 95 : Sold 11 shares at price 71,200 | Profit = -3,300 | Portfolio Value = 1,003,199.55 | Budget = 996,207.95 | inventory = 0
[ 2024-08-06 16:05:06,407 ] 104 : Bought 6 shares at price 72,200 | Portfolio Value = 996,207.95 | Budget = 562,791.35 | inventory = 1
[ 2024-08-06 16:05:06,420 ] 105 : Sold 6 shares at price 73,000 | Profit = 4,800 | Portfolio Value = 995,991.35 | Budget = 1,000,572.35 | inventory = 0
[ 2024-08-06 16:05:06,565 ] 116 : Bought 5 shares at price 72,000 | Portfolio Value = 1,000,572.35 | Budget = 640,392.35 | inventory = 1
[ 2024-08-06 16:05:06,591 ] 118 : Sold 5 shares at price 71,000 | Profit = -5,000 | Portfolio Value = 998,892.35 | Budget = 995,214.85 | inventory = 0
[ 2024-08-06 16:05:06,647 ] 122 : Bought 1 shares at price 69,800 | Portfolio Value = 995,214.85 | Budget = 925,379.95 | inventory = 1
[ 2024-08-06 16:05:06,674 ] 124 : Bought 13 shares at price 70,600 | Portfolio Value = 997,079.95 | Budget = 7,121.05 | inventory = 2
[ 2024-08-06 16:05:06,689 ] 125 : Sold 1 shares at price 69,800 | Profit = 0 | Portfolio Value = 995,521.05 | Budget = 76,886.15 | inventory = 1
[ 2024-08-06 16:05:06,703 ] 126 : Sold 13 shares at price 71,100 | Profit = 6,500 | Portfolio Value = 984,286.15 | Budget = 1,000,724.0 | inventory = 0
[ 2024-08-06 16:05:06,822 ] 135 : Bought 13 shares at price 67,300 | Portfolio Value = 1,000,724.0 | Budget = 125,386.55 | inventory = 1
[ 2024-08-06 16:05:06,835 ] 136 : Sold 13 shares at price 67,000 | Profit = -3,900 | Portfolio Value = 1,000,286.55 | Budget = 995,951.05 | inventory = 0
[ 2024-08-06 16:05:06,926 ] 143 : Bought 11 shares at price 67,100 | Portfolio Value = 995,951.05 | Budget = 257,482.0 | inventory = 1
[ 2024-08-06 16:05:06,938 ] 144 : Bought 1 shares at price 66,800 | Portfolio Value = 995,582.0 | Budget = 190,648.6 | inventory = 2
[ 2024-08-06 16:05:06,951 ] 145 : Sold 11 shares at price 66,800 | Profit = -3,300 | Portfolio Value = 992,248.6 | Budget = 925,081.2 | inventory = 1
[ 2024-08-06 16:05:06,976 ] 147 : Sold 1 shares at price 66,900 | Profit = 100 | Portfolio Value = 992,181.2 | Budget = 991,947.75 | inventory = 0
[ 2024-08-06 16:05:06,990 ] 148 : Bought 3 shares at price 71,000 | Portfolio Value = 991,947.75 | Budget = 778,841.25 | inventory = 1
[ 2024-08-06 16:05:07,015 ] 150 : Sold 3 shares at price 70,700 | Profit = -900 | Portfolio Value = 992,441.25 | Budget = 990,835.2 | inventory = 0
[ 2024-08-06 16:05:07,081 ] 155 : Bought 14 shares at price 70,500 | Portfolio Value = 990,835.2 | Budget = 3,341.7 | inventory = 1
[ 2024-08-06 16:05:07,095 ] 156 : Sold 14 shares at price 70,900 | Profit = 5,600 | Portfolio Value = 990,341.7 | Budget = 995,445.4 | inventory = 0
[ 2024-08-06 16:05:07,108 ] 157 : Bought 10 shares at price 71,700 | Portfolio Value = 995,445.4 | Budget = 278,086.9 | inventory = 1
[ 2024-08-06 16:05:07,122 ] 158 : Sold 10 shares at price 72,000 | Profit = 3,000 | Portfolio Value = 995,086.9 | Budget = 997,726.9 | inventory = 0
[ 2024-08-06 16:05:07,343 ] 175 : Bought 13 shares at price 69,400 | Portfolio Value = 997,726.9 | Budget = 95,075.8 | inventory = 1
[ 2024-08-06 16:05:07,357 ] 176 : Sold 13 shares at price 70,500 | Profit = 14,300 | Portfolio Value = 997,275.8 | Budget = 1,011,117.55 | inventory = 0
[ 2024-08-06 16:05:07,398 ] 179 : Bought 4 shares at price 68,400 | Portfolio Value = 1,011,117.55 | Budget = 737,380.75 | inventory = 1
[ 2024-08-06 16:05:07,412 ] 180 : Sold 4 shares at price 68,500 | Profit = 400 | Portfolio Value = 1,010,980.75 | Budget = 1,011,243.75 | inventory = 0
[ 2024-08-06 16:05:07,425 ] 181 : Bought 10 shares at price 68,000 | Portfolio Value = 1,011,243.75 | Budget = 330,903.75 | inventory = 1
[ 2024-08-06 16:05:07,452 ] 183 : Sold 10 shares at price 67,300 | Profit = -7,000 | Portfolio Value = 997,903.75 | Budget = 1,003,567.25 | inventory = 0
[ 2024-08-06 16:05:07,573 ] 192 : Bought 11 shares at price 70,300 | Portfolio Value = 1,003,567.25 | Budget = 229,880.6 | inventory = 1
[ 2024-08-06 16:05:07,587 ] 193 : Sold 11 shares at price 70,500 | Profit = 2,200 | Portfolio Value = 1,003,180.6 | Budget = 1,004,992.85 | inventory = 0
[ 2024-08-06 16:05:07,680 ] 200 : Bought 8 shares at price 72,800 | Portfolio Value = 1,004,992.85 | Budget = 422,301.65 | inventory = 1
[ 2024-08-06 16:05:07,693 ] 201 : Sold 8 shares at price 72,800 | Profit = 0 | Portfolio Value = 1,004,701.65 | Budget = 1,004,410.45 | inventory = 0
[ 2024-08-06 16:05:07,818 ] 209 : Bought 1 shares at price 72,600 | Portfolio Value = 1,004,410.45 | Budget = 931,774.15 | inventory = 1
[ 2024-08-06 16:05:07,831 ] 210 : Sold 1 shares at price 71,200 | Profit = -1,400 | Portfolio Value = 1,004,374.15 | Budget = 1,002,938.55 | inventory = 0
[ 2024-08-06 16:05:07,845 ] 211 : Bought 11 shares at price 71,700 | Portfolio Value = 1,002,938.55 | Budget = 213,844.2 | inventory = 1
[ 2024-08-06 16:05:07,860 ] 212 : Sold 11 shares at price 71,500 | Profit = -2,200 | Portfolio Value = 1,002,544.2 | Budget = 999,950.95 | inventory = 0
[ 2024-08-06 16:05:07,941 ] 218 : Bought 2 shares at price 73,300 | Portfolio Value = 999,950.95 | Budget = 853,277.65 | inventory = 1
[ 2024-08-06 16:05:07,955 ] 219 : Bought 11 shares at price 72,900 | Portfolio Value = 999,877.65 | Budget = 50,976.7 | inventory = 2
[ 2024-08-06 16:05:07,968 ] 220 : Sold 2 shares at price 73,400 | Profit = 200 | Portfolio Value = 998,676.7 | Budget = 197,703.3 | inventory = 1
[ 2024-08-06 16:05:07,981 ] 221 : Sold 11 shares at price 74,800 | Profit = 20,900 | Portfolio Value = 1,005,103.3 | Budget = 1,020,091.9 | inventory = 0
[ 2024-08-06 16:05:08,008 ] 223 : Bought 12 shares at price 75,900 | Portfolio Value = 1,020,091.9 | Budget = 108,836.5 | inventory = 1
[ 2024-08-06 16:05:08,034 ] 225 : Sold 12 shares at price 78,000 | Profit = 25,200 | Portfolio Value = 1,028,036.5 | Budget = 1,044,368.5 | inventory = 0
[ 2024-08-06 16:05:08,061 ] 1 : Bought 6 shares at price 61,000 | Portfolio Value = 1,000,000 | Budget = 633,817.0 | inventory = 1
[ 2024-08-06 16:05:08,074 ] 2 : Sold 6 shares at price 61,800 | Profit = 4,800 | Portfolio Value = 999,817.0 | Budget = 1,004,431.6 | inventory = 0
[ 2024-08-06 16:05:08,128 ] 6 : Bought 11 shares at price 61,900 | Portfolio Value = 1,004,431.6 | Budget = 323,191.15 | inventory = 1
[ 2024-08-06 16:05:08,141 ] 7 : Bought 1 shares at price 63,100 | Portfolio Value = 1,004,091.15 | Budget = 260,059.6 | inventory = 2
[ 2024-08-06 16:05:08,168 ] 9 : Bought 3 shares at price 62,800 | Portfolio Value = 1,016,059.6 | Budget = 71,565.4 | inventory = 3
[ 2024-08-06 16:05:08,181 ] 10 : Sold 11 shares at price 62,900 | Profit = 11,000 | Portfolio Value = 1,013,565.4 | Budget = 763,119.45 | inventory = 2
[ 2024-08-06 16:05:08,195 ] 11 : Sold 1 shares at price 63,200 | Profit = 100 | Portfolio Value = 1,014,719.45 | Budget = 826,287.85 | inventory = 1
[ 2024-08-06 16:05:08,208 ] 12 : Bought 1 shares at price 62,200 | Portfolio Value = 1,015,887.85 | Budget = 764,056.75 | inventory = 2
[ 2024-08-06 16:05:08,221 ] 13 : Sold 3 shares at price 63,700 | Profit = 2,700 | Portfolio Value = 1,012,856.75 | Budget = 955,061.2 | inventory = 1
[ 2024-08-06 16:05:08,248 ] 15 : Bought 11 shares at price 62,700 | Portfolio Value = 1,017,661.2 | Budget = 265,016.35 | inventory = 2
[ 2024-08-06 16:05:08,261 ] 16 : Sold 1 shares at price 62,100 | Profit = -100 | Portfolio Value = 1,017,416.35 | Budget = 327,085.3 | inventory = 1
[ 2024-08-06 16:05:08,275 ] 17 : Bought 4 shares at price 61,100 | Portfolio Value = 1,010,185.3 | Budget = 82,563.1 | inventory = 2
[ 2024-08-06 16:05:08,288 ] 18 : Sold 11 shares at price 62,000 | Profit = -7,700 | Portfolio Value = 999,063.1 | Budget = 764,222.1 | inventory = 1
[ 2024-08-06 16:05:08,316 ] 20 : Sold 4 shares at price 60,500 | Profit = -2,400 | Portfolio Value = 1,009,422.1 | Budget = 1,006,101.1 | inventory = 0
[ 2024-08-06 16:05:08,329 ] 21 : Bought 6 shares at price 60,600 | Portfolio Value = 1,006,101.1 | Budget = 642,319.3 | inventory = 1
[ 2024-08-06 16:05:08,343 ] 22 : Sold 6 shares at price 60,800 | Profit = 1,200 | Portfolio Value = 1,005,919.3 | Budget = 1,006,936.9 | inventory = 0
[ 2024-08-06 16:05:08,382 ] 25 : Bought 9 shares at price 60,700 | Portfolio Value = 1,006,936.9 | Budget = 460,363.75 | inventory = 1
[ 2024-08-06 16:05:08,395 ] 26 : Bought 3 shares at price 60,300 | Portfolio Value = 1,006,663.75 | Budget = 279,373.3 | inventory = 2
[ 2024-08-06 16:05:08,409 ] 27 : Sold 9 shares at price 60,100 | Profit = -5,400 | Portfolio Value = 1,002,973.3 | Budget = 820,002.85 | inventory = 1
[ 2024-08-06 16:05:08,422 ] 28 : Sold 3 shares at price 59,500 | Profit = -2,400 | Portfolio Value = 1,000,302.85 | Budget = 998,413.6 | inventory = 0
[ 2024-08-06 16:05:08,721 ] 50 : Bought 10 shares at price 65,900 | Portfolio Value = 998,413.6 | Budget = 339,084.1 | inventory = 1
[ 2024-08-06 16:05:08,735 ] 51 : Sold 10 shares at price 66,000 | Profit = 1,000 | Portfolio Value = 998,084.1 | Budget = 998,754.1 | inventory = 0
[ 2024-08-06 16:05:08,763 ] 53 : Bought 4 shares at price 65,100 | Portfolio Value = 998,754.1 | Budget = 738,223.9 | inventory = 1
[ 2024-08-06 16:05:08,776 ] 54 : Sold 4 shares at price 65,300 | Profit = 800 | Portfolio Value = 998,623.9 | Budget = 999,293.3 | inventory = 0
[ 2024-08-06 16:05:08,860 ] 60 : Bought 10 shares at price 63,600 | Portfolio Value = 999,293.3 | Budget = 362,975.3 | inventory = 1
[ 2024-08-06 16:05:08,874 ] 61 : Sold 10 shares at price 64,100 | Profit = 5,000 | Portfolio Value = 998,975.3 | Budget = 1,003,654.8 | inventory = 0
[ 2024-08-06 16:05:08,903 ] 63 : Bought 1 shares at price 65,500 | Portfolio Value = 1,003,654.8 | Budget = 938,122.05 | inventory = 1
[ 2024-08-06 16:05:08,931 ] 65 : Sold 1 shares at price 65,400 | Profit = -100 | Portfolio Value = 1,003,822.05 | Budget = 1,003,489.35 | inventory = 0
[ 2024-08-06 16:05:09,080 ] 76 : Bought 6 shares at price 68,400 | Portfolio Value = 1,003,489.35 | Budget = 592,884.15 | inventory = 1
[ 2024-08-06 16:05:09,108 ] 78 : Sold 6 shares at price 68,400 | Profit = 0 | Portfolio Value = 1,003,884.15 | Budget = 1,003,078.95 | inventory = 0
[ 2024-08-06 16:05:09,245 ] 88 : Bought 3 shares at price 70,900 | Portfolio Value = 1,003,078.95 | Budget = 790,272.6 | inventory = 1
[ 2024-08-06 16:05:09,259 ] 89 : Sold 3 shares at price 72,000 | Profit = 3,300 | Portfolio Value = 1,002,972.6 | Budget = 1,006,164.6 | inventory = 0
[ 2024-08-06 16:05:09,284 ] 91 : Bought 2 shares at price 72,000 | Portfolio Value = 1,006,164.6 | Budget = 862,092.6 | inventory = 1
[ 2024-08-06 16:05:09,297 ] 92 : Sold 2 shares at price 71,900 | Profit = -200 | Portfolio Value = 1,006,092.6 | Budget = 1,005,820.7 | inventory = 0
[ 2024-08-06 16:05:09,309 ] 93 : Bought 4 shares at price 71,500 | Portfolio Value = 1,005,820.7 | Budget = 719,677.7 | inventory = 1
[ 2024-08-06 16:05:09,322 ] 94 : Sold 4 shares at price 71,800 | Profit = 1,200 | Portfolio Value = 1,005,677.7 | Budget = 1,006,734.1 | inventory = 0
[ 2024-08-06 16:05:09,336 ] 95 : Bought 12 shares at price 71,200 | Portfolio Value = 1,006,734.1 | Budget = 151,906.9 | inventory = 1
[ 2024-08-06 16:05:09,350 ] 96 : Sold 12 shares at price 71,400 | Profit = 2,400 | Portfolio Value = 1,006,306.9 | Budget = 1,008,278.5 | inventory = 0
[ 2024-08-06 16:05:09,541 ] 110 : Bought 3 shares at price 69,500 | Portfolio Value = 1,008,278.5 | Budget = 799,674.25 | inventory = 1
[ 2024-08-06 16:05:09,581 ] 113 : Bought 2 shares at price 71,900 | Portfolio Value = 1,015,374.25 | Budget = 655,802.35 | inventory = 2
[ 2024-08-06 16:05:09,595 ] 114 : Bought 1 shares at price 73,400 | Portfolio Value = 1,015,302.35 | Budget = 582,365.65 | inventory = 3
[ 2024-08-06 16:05:09,622 ] 116 : Sold 3 shares at price 72,000 | Profit = 7,500 | Portfolio Value = 1,022,165.65 | Budget = 798,257.65 | inventory = 2
[ 2024-08-06 16:05:09,636 ] 117 : Sold 2 shares at price 71,700 | Profit = -400 | Portfolio Value = 1,014,257.65 | Budget = 941,585.95 | inventory = 1
[ 2024-08-06 16:05:09,650 ] 118 : Sold 1 shares at price 71,000 | Profit = -2,400 | Portfolio Value = 1,013,285.95 | Budget = 1,012,550.45 | inventory = 0
[ 2024-08-06 16:05:09,689 ] 121 : Bought 8 shares at price 70,000 | Portfolio Value = 1,012,550.45 | Budget = 452,270.45 | inventory = 1
[ 2024-08-06 16:05:09,702 ] 122 : Sold 8 shares at price 69,800 | Profit = -1,600 | Portfolio Value = 1,012,270.45 | Budget = 1,010,391.25 | inventory = 0
[ 2024-08-06 16:05:09,768 ] 127 : Bought 10 shares at price 69,900 | Portfolio Value = 1,010,391.25 | Budget = 311,041.75 | inventory = 1
[ 2024-08-06 16:05:09,809 ] 130 : Sold 10 shares at price 68,500 | Profit = -14,000 | Portfolio Value = 994,041.75 | Budget = 995,699.25 | inventory = 0
[ 2024-08-06 16:05:09,862 ] 134 : Bought 1 shares at price 67,500 | Portfolio Value = 995,699.25 | Budget = 928,165.5 | inventory = 1
[ 2024-08-06 16:05:09,916 ] 138 : Sold 1 shares at price 66,300 | Profit = -1,200 | Portfolio Value = 994,865.5 | Budget = 994,432.35 | inventory = 0
[ 2024-08-06 16:05:09,930 ] 139 : Bought 7 shares at price 66,600 | Portfolio Value = 994,432.35 | Budget = 527,999.25 | inventory = 1
[ 2024-08-06 16:05:09,943 ] 140 : Sold 7 shares at price 66,600 | Profit = 0 | Portfolio Value = 994,199.25 | Budget = 993,966.15 | inventory = 0
[ 2024-08-06 16:05:10,010 ] 145 : Bought 4 shares at price 66,800 | Portfolio Value = 993,966.15 | Budget = 726,632.55 | inventory = 1
[ 2024-08-06 16:05:10,024 ] 146 : Sold 4 shares at price 67,100 | Profit = 1,200 | Portfolio Value = 993,832.55 | Budget = 994,898.35 | inventory = 0
[ 2024-08-06 16:05:10,089 ] 151 : Bought 3 shares at price 70,000 | Portfolio Value = 994,898.35 | Budget = 784,793.35 | inventory = 1
[ 2024-08-06 16:05:10,116 ] 153 : Bought 5 shares at price 70,300 | Portfolio Value = 995,993.35 | Budget = 433,117.6 | inventory = 2
[ 2024-08-06 16:05:10,129 ] 154 : Sold 3 shares at price 70,800 | Profit = 2,400 | Portfolio Value = 995,517.6 | Budget = 645,411.4 | inventory = 1
[ 2024-08-06 16:05:10,142 ] 155 : Bought 3 shares at price 70,500 | Portfolio Value = 999,411.4 | Budget = 433,805.65 | inventory = 2
[ 2024-08-06 16:05:10,155 ] 156 : Bought 1 shares at price 70,900 | Portfolio Value = 997,805.65 | Budget = 362,870.2 | inventory = 3
[ 2024-08-06 16:05:10,168 ] 157 : Sold 5 shares at price 71,700 | Profit = 7,000 | Portfolio Value = 1,000,970.2 | Budget = 721,190.95 | inventory = 2
[ 2024-08-06 16:05:10,194 ] 159 : Bought 9 shares at price 70,200 | Portfolio Value = 1,009,190.95 | Budget = 89,075.05 | inventory = 3
[ 2024-08-06 16:05:10,208 ] 160 : Sold 3 shares at price 69,800 | Profit = -2,100 | Portfolio Value = 1,001,675.05 | Budget = 298,370.35 | inventory = 2
[ 2024-08-06 16:05:10,221 ] 161 : Sold 1 shares at price 69,600 | Profit = -1,300 | Portfolio Value = 996,370.35 | Budget = 367,935.55 | inventory = 1
[ 2024-08-06 16:05:10,248 ] 163 : Sold 9 shares at price 68,800 | Profit = -12,600 | Portfolio Value = 988,035.55 | Budget = 986,825.95 | inventory = 0
[ 2024-08-06 16:05:10,275 ] 165 : Bought 14 shares at price 68,600 | Portfolio Value = 986,825.95 | Budget = 25,945.75 | inventory = 1
[ 2024-08-06 16:05:10,288 ] 166 : Sold 14 shares at price 68,400 | Profit = -2,800 | Portfolio Value = 986,345.75 | Budget = 983,066.95 | inventory = 0
[ 2024-08-06 16:05:10,314 ] 168 : Bought 1 shares at price 66,700 | Portfolio Value = 983,066.95 | Budget = 916,333.6 | inventory = 1
[ 2024-08-06 16:05:10,340 ] 170 : Bought 11 shares at price 66,400 | Portfolio Value = 982,333.6 | Budget = 185,568.4 | inventory = 2
[ 2024-08-06 16:05:10,352 ] 171 : Sold 1 shares at price 68,200 | Profit = 1,500 | Portfolio Value = 982,368.4 | Budget = 253,734.3 | inventory = 1
[ 2024-08-06 16:05:10,365 ] 172 : Bought 1 shares at price 68,900 | Portfolio Value = 1,003,934.3 | Budget = 184,799.85 | inventory = 2
[ 2024-08-06 16:05:10,379 ] 173 : Sold 11 shares at price 68,000 | Profit = 17,600 | Portfolio Value = 1,011,599.85 | Budget = 932,425.85 | inventory = 1
[ 2024-08-06 16:05:10,392 ] 174 : Sold 1 shares at price 67,300 | Profit = -1,600 | Portfolio Value = 1,000,425.85 | Budget = 999,692.2 | inventory = 0
[ 2024-08-06 16:05:10,484 ] 181 : Bought 6 shares at price 68,000 | Portfolio Value = 999,692.2 | Budget = 591,488.2 | inventory = 1
[ 2024-08-06 16:05:10,497 ] 182 : Sold 6 shares at price 66,700 | Profit = -7,800 | Portfolio Value = 999,488.2 | Budget = 991,488.1 | inventory = 0
[ 2024-08-06 16:05:10,510 ] 183 : Bought 4 shares at price 67,300 | Portfolio Value = 991,488.1 | Budget = 722,153.5 | inventory = 1
[ 2024-08-06 16:05:10,524 ] 184 : Sold 4 shares at price 67,300 | Profit = 0 | Portfolio Value = 991,353.5 | Budget = 991,218.9 | inventory = 0
[ 2024-08-06 16:05:10,537 ] 185 : Bought 7 shares at price 66,900 | Portfolio Value = 991,218.9 | Budget = 522,684.75 | inventory = 1
[ 2024-08-06 16:05:10,551 ] 186 : Sold 7 shares at price 68,600 | Profit = 11,900 | Portfolio Value = 990,984.75 | Budget = 1,002,644.65 | inventory = 0
[ 2024-08-06 16:05:10,736 ] 200 : Bought 8 shares at price 72,800 | Portfolio Value = 1,002,644.65 | Budget = 419,953.45 | inventory = 1
[ 2024-08-06 16:05:10,750 ] 201 : Sold 8 shares at price 72,800 | Profit = 0 | Portfolio Value = 1,002,353.45 | Budget = 1,002,062.25 | inventory = 0
[ 2024-08-06 16:05:10,789 ] 204 : Bought 3 shares at price 71,300 | Portfolio Value = 1,002,062.25 | Budget = 788,055.3 | inventory = 1
[ 2024-08-06 16:05:10,803 ] 205 : Sold 3 shares at price 72,700 | Profit = 4,200 | Portfolio Value = 1,001,955.3 | Budget = 1,006,046.25 | inventory = 0
[ 2024-08-06 16:05:10,883 ] 211 : Bought 4 shares at price 71,700 | Portfolio Value = 1,006,046.25 | Budget = 719,102.85 | inventory = 1
[ 2024-08-06 16:05:10,898 ] 212 : Sold 4 shares at price 71,500 | Profit = -800 | Portfolio Value = 1,005,902.85 | Budget = 1,004,959.85 | inventory = 0
[ 2024-08-06 16:05:10,911 ] 213 : Bought 5 shares at price 72,600 | Portfolio Value = 1,004,959.85 | Budget = 641,778.35 | inventory = 1
[ 2024-08-06 16:05:10,937 ] 215 : Sold 5 shares at price 73,500 | Profit = 4,500 | Portfolio Value = 1,006,778.35 | Budget = 1,009,094.6 | inventory = 0
[ 2024-08-06 16:05:10,998 ] 219 : Bought 3 shares at price 72,900 | Portfolio Value = 1,009,094.6 | Budget = 790,285.25 | inventory = 1
[ 2024-08-06 16:05:11,011 ] 220 : Sold 3 shares at price 73,400 | Profit = 1,500 | Portfolio Value = 1,008,985.25 | Budget = 1,010,375.15 | inventory = 0
[ 2024-08-06 16:05:11,051 ] 223 : Bought 7 shares at price 75,900 | Portfolio Value = 1,010,375.15 | Budget = 478,809.5 | inventory = 1
[ 2024-08-06 16:05:11,065 ] 224 : Sold 7 shares at price 76,600 | Profit = 4,900 | Portfolio Value = 1,010,109.5 | Budget = 1,014,741.4 | inventory = 0
[ 2024-08-06 16:05:11,092 ] 226 : Bought 8 shares at price 78,500 | Portfolio Value = 1,014,741.4 | Budget = 386,427.4 | inventory = 1
[ 2024-08-06 16:05:11,158 ] 5 : Bought 5 shares at price 61,600 | Portfolio Value = 1,000,000.0 | Budget = 691,846.0 | inventory = 1
[ 2024-08-06 16:05:11,185 ] 7 : Sold 5 shares at price 63,100 | Profit = 7,500 | Portfolio Value = 1,001,346.0 | Budget = 1,007,188.25 | inventory = 0
[ 2024-08-06 16:05:11,211 ] 9 : Bought 9 shares at price 62,800 | Portfolio Value = 1,007,188.25 | Budget = 441,705.65 | inventory = 1
[ 2024-08-06 16:05:11,238 ] 11 : Sold 9 shares at price 63,200 | Profit = 3,600 | Portfolio Value = 1,007,805.65 | Budget = 1,010,221.25 | inventory = 0
[ 2024-08-06 16:05:11,279 ] 14 : Bought 15 shares at price 62,600 | Portfolio Value = 1,010,221.25 | Budget = 70,751.75 | inventory = 1
[ 2024-08-06 16:05:11,294 ] 15 : Sold 15 shares at price 62,700 | Profit = 1,500 | Portfolio Value = 1,009,751.75 | Budget = 1,010,781.5 | inventory = 0
[ 2024-08-06 16:05:11,306 ] 16 : Bought 4 shares at price 62,100 | Portfolio Value = 1,010,781.5 | Budget = 762,257.3 | inventory = 1
[ 2024-08-06 16:05:11,320 ] 17 : Bought 10 shares at price 61,100 | Portfolio Value = 1,010,657.3 | Budget = 150,951.8 | inventory = 2
[ 2024-08-06 16:05:11,334 ] 18 : Sold 4 shares at price 62,000 | Profit = -400 | Portfolio Value = 1,006,351.8 | Budget = 398,827.8 | inventory = 1
[ 2024-08-06 16:05:11,347 ] 19 : Sold 10 shares at price 61,300 | Profit = 2,000 | Portfolio Value = 1,018,827.8 | Budget = 1,011,521.3 | inventory = 0
[ 2024-08-06 16:05:11,481 ] 29 : Bought 4 shares at price 60,000 | Portfolio Value = 1,011,521.3 | Budget = 771,401.3 | inventory = 1
[ 2024-08-06 16:05:11,495 ] 30 : Sold 4 shares at price 59,000 | Profit = -4,000 | Portfolio Value = 1,011,401.3 | Budget = 1,007,283.3 | inventory = 0
[ 2024-08-06 16:05:11,562 ] 35 : Bought 10 shares at price 60,300 | Portfolio Value = 1,007,283.3 | Budget = 403,981.8 | inventory = 1
[ 2024-08-06 16:05:11,575 ] 36 : Bought 4 shares at price 61,100 | Portfolio Value = 1,006,981.8 | Budget = 159,459.6 | inventory = 2
[ 2024-08-06 16:05:11,602 ] 38 : Sold 10 shares at price 63,000 | Profit = 27,000 | Portfolio Value = 1,031,659.6 | Budget = 789,144.6 | inventory = 1
[ 2024-08-06 16:05:11,616 ] 39 : Sold 4 shares at price 62,100 | Profit = 4,000 | Portfolio Value = 1,041,144.6 | Budget = 1,037,420.4 | inventory = 0
[ 2024-08-06 16:05:11,694 ] 45 : Bought 5 shares at price 63,600 | Portfolio Value = 1,037,420.4 | Budget = 719,261.4 | inventory = 1
[ 2024-08-06 16:05:11,706 ] 46 : Sold 5 shares at price 63,900 | Profit = 1,500 | Portfolio Value = 1,037,261.4 | Budget = 1,038,601.65 | inventory = 0
[ 2024-08-06 16:05:11,744 ] 49 : Bought 8 shares at price 65,700 | Portfolio Value = 1,038,601.65 | Budget = 512,738.85 | inventory = 1
[ 2024-08-06 16:05:11,757 ] 50 : Sold 8 shares at price 65,900 | Profit = 1,600 | Portfolio Value = 1,038,338.85 | Budget = 1,039,675.25 | inventory = 0
[ 2024-08-06 16:05:11,784 ] 52 : Bought 11 shares at price 66,100 | Portfolio Value = 1,039,675.25 | Budget = 312,211.7 | inventory = 1
[ 2024-08-06 16:05:11,797 ] 53 : Bought 1 shares at price 65,100 | Portfolio Value = 1,039,311.7 | Budget = 247,079.15 | inventory = 2
[ 2024-08-06 16:05:11,810 ] 54 : Sold 11 shares at price 65,300 | Profit = -8,800 | Portfolio Value = 1,028,279.15 | Budget = 965,020.0 | inventory = 1
[ 2024-08-06 16:05:11,822 ] 55 : Sold 1 shares at price 65,600 | Profit = 500 | Portfolio Value = 1,030,320.0 | Budget = 1,030,587.2 | inventory = 0
[ 2024-08-06 16:05:11,876 ] 59 : Bought 11 shares at price 65,200 | Portfolio Value = 1,030,587.2 | Budget = 313,028.6 | inventory = 1
[ 2024-08-06 16:05:11,890 ] 60 : Sold 11 shares at price 63,600 | Profit = -17,600 | Portfolio Value = 1,030,228.6 | Budget = 1,012,278.8 | inventory = 0
[ 2024-08-06 16:05:11,903 ] 61 : Bought 15 shares at price 64,100 | Portfolio Value = 1,012,278.8 | Budget = 50,298.05 | inventory = 1
[ 2024-08-06 16:05:11,916 ] 62 : Sold 15 shares at price 64,600 | Profit = 7,500 | Portfolio Value = 1,011,798.05 | Budget = 1,018,813.55 | inventory = 0
[ 2024-08-06 16:05:12,019 ] 70 : Bought 9 shares at price 64,200 | Portfolio Value = 1,018,813.55 | Budget = 440,724.65 | inventory = 1
[ 2024-08-06 16:05:12,032 ] 71 : Sold 9 shares at price 64,100 | Profit = -900 | Portfolio Value = 1,018,524.65 | Budget = 1,017,336.2 | inventory = 0
[ 2024-08-06 16:05:12,058 ] 73 : Bought 4 shares at price 65,400 | Portfolio Value = 1,017,336.2 | Budget = 755,605.4 | inventory = 1
[ 2024-08-06 16:05:12,071 ] 74 : Sold 4 shares at price 65,000 | Profit = -1,600 | Portfolio Value = 1,017,205.4 | Budget = 1,015,475.4 | inventory = 0
[ 2024-08-06 16:05:12,362 ] 96 : Bought 9 shares at price 71,400 | Portfolio Value = 1,015,475.4 | Budget = 372,554.1 | inventory = 1
[ 2024-08-06 16:05:12,375 ] 97 : Sold 9 shares at price 70,500 | Profit = -8,100 | Portfolio Value = 1,015,154.1 | Budget = 1,006,736.85 | inventory = 0
[ 2024-08-06 16:05:12,388 ] 98 : Bought 11 shares at price 71,300 | Portfolio Value = 1,006,736.85 | Budget = 222,044.7 | inventory = 1
[ 2024-08-06 16:05:12,401 ] 99 : Bought 3 shares at price 71,600 | Portfolio Value = 1,006,344.7 | Budget = 7,137.3 | inventory = 2
[ 2024-08-06 16:05:12,415 ] 100 : Sold 11 shares at price 72,400 | Profit = 12,100 | Portfolio Value = 1,009,537.3 | Budget = 803,139.1 | inventory = 1
[ 2024-08-06 16:05:12,428 ] 101 : Sold 3 shares at price 72,600 | Profit = 3,000 | Portfolio Value = 1,020,339.1 | Budget = 1,020,830.2 | inventory = 0
[ 2024-08-06 16:05:12,907 ] 138 : Bought 7 shares at price 66,300 | Portfolio Value = 1,020,830.2 | Budget = 556,498.15 | inventory = 1
[ 2024-08-06 16:05:12,920 ] 139 : Sold 7 shares at price 66,600 | Profit = 2,100 | Portfolio Value = 1,020,598.15 | Budget = 1,022,465.05 | inventory = 0
[ 2024-08-06 16:05:12,995 ] 145 : Bought 11 shares at price 66,800 | Portfolio Value = 1,022,465.05 | Budget = 287,297.65 | inventory = 1
[ 2024-08-06 16:05:13,008 ] 146 : Sold 11 shares at price 67,100 | Profit = 3,300 | Portfolio Value = 1,022,097.65 | Budget = 1,025,028.6 | inventory = 0
[ 2024-08-06 16:05:13,021 ] 147 : Bought 12 shares at price 66,900 | Portfolio Value = 1,025,028.6 | Budget = 221,827.2 | inventory = 1
[ 2024-08-06 16:05:13,034 ] 148 : Sold 12 shares at price 71,000 | Profit = 49,200 | Portfolio Value = 1,024,627.2 | Budget = 1,073,401.2 | inventory = 0
[ 2024-08-06 16:05:13,111 ] 154 : Bought 4 shares at price 70,800 | Portfolio Value = 1,073,401.2 | Budget = 790,059.6 | inventory = 1
[ 2024-08-06 16:05:13,124 ] 155 : Bought 7 shares at price 70,500 | Portfolio Value = 1,073,259.6 | Budget = 296,312.85 | inventory = 2
[ 2024-08-06 16:05:13,137 ] 156 : Sold 4 shares at price 70,900 | Profit = 400 | Portfolio Value = 1,071,812.85 | Budget = 579,771.05 | inventory = 1
[ 2024-08-06 16:05:13,150 ] 157 : Bought 6 shares at price 71,700 | Portfolio Value = 1,076,071.05 | Budget = 149,355.95 | inventory = 2
[ 2024-08-06 16:05:13,163 ] 158 : Sold 7 shares at price 72,000 | Profit = 10,500 | Portfolio Value = 1,081,455.95 | Budget = 653,103.95 | inventory = 1
[ 2024-08-06 16:05:13,176 ] 159 : Sold 6 shares at price 70,200 | Profit = -9,000 | Portfolio Value = 1,085,103.95 | Budget = 1,074,093.35 | inventory = 0
[ 2024-08-06 16:05:13,295 ] 168 : Bought 3 shares at price 66,700 | Portfolio Value = 1,074,093.35 | Budget = 873,893.3 | inventory = 1
[ 2024-08-06 16:05:13,321 ] 170 : Sold 3 shares at price 66,400 | Profit = -900 | Portfolio Value = 1,071,893.3 | Budget = 1,072,993.7 | inventory = 0
[ 2024-08-06 16:05:13,334 ] 171 : Bought 13 shares at price 68,200 | Portfolio Value = 1,072,993.7 | Budget = 185,950.4 | inventory = 1
[ 2024-08-06 16:05:13,347 ] 172 : Bought 2 shares at price 68,900 | Portfolio Value = 1,072,550.4 | Budget = 48,081.5 | inventory = 2
[ 2024-08-06 16:05:13,373 ] 174 : Sold 13 shares at price 67,300 | Profit = -11,700 | Portfolio Value = 1,068,081.5 | Budget = 922,544.05 | inventory = 1
[ 2024-08-06 16:05:13,386 ] 175 : Bought 8 shares at price 69,400 | Portfolio Value = 1,057,144.05 | Budget = 367,066.45 | inventory = 2
[ 2024-08-06 16:05:13,399 ] 176 : Sold 2 shares at price 70,500 | Profit = 3,200 | Portfolio Value = 1,061,066.45 | Budget = 507,995.95 | inventory = 1
[ 2024-08-06 16:05:13,426 ] 178 : Bought 5 shares at price 68,800 | Portfolio Value = 1,063,995.95 | Budget = 163,823.95 | inventory = 2
[ 2024-08-06 16:05:13,440 ] 179 : Bought 1 shares at price 68,400 | Portfolio Value = 1,058,223.95 | Budget = 95,389.75 | inventory = 3
[ 2024-08-06 16:05:13,453 ] 180 : Sold 8 shares at price 68,500 | Profit = -7,200 | Portfolio Value = 1,052,989.75 | Budget = 643,115.75 | inventory = 2
[ 2024-08-06 16:05:13,466 ] 181 : Sold 5 shares at price 68,000 | Profit = -4,000 | Portfolio Value = 1,054,115.75 | Budget = 982,945.75 | inventory = 1
[ 2024-08-06 16:05:13,479 ] 182 : Bought 7 shares at price 66,700 | Portfolio Value = 1,050,945.75 | Budget = 515,812.3 | inventory = 2
[ 2024-08-06 16:05:13,492 ] 183 : Sold 1 shares at price 67,300 | Profit = -1,100 | Portfolio Value = 1,049,412.3 | Budget = 583,078.65 | inventory = 1
[ 2024-08-06 16:05:13,505 ] 184 : Sold 7 shares at price 67,300 | Profit = 4,200 | Portfolio Value = 1,054,178.65 | Budget = 1,053,943.1 | inventory = 0
[ 2024-08-06 16:05:13,531 ] 186 : Bought 1 shares at price 68,600 | Portfolio Value = 1,053,943.1 | Budget = 985,308.8 | inventory = 1
[ 2024-08-06 16:05:13,544 ] 187 : Bought 8 shares at price 69,700 | Portfolio Value = 1,053,908.8 | Budget = 427,430.0 | inventory = 2
[ 2024-08-06 16:05:13,557 ] 188 : Sold 1 shares at price 69,600 | Profit = 1,000 | Portfolio Value = 1,054,730.0 | Budget = 496,995.2 | inventory = 1
[ 2024-08-06 16:05:13,571 ] 189 : Bought 2 shares at price 70,900 | Portfolio Value = 1,053,795.2 | Budget = 355,124.3 | inventory = 2
[ 2024-08-06 16:05:13,597 ] 191 : Sold 8 shares at price 69,900 | Profit = 1,600 | Portfolio Value = 1,064,124.3 | Budget = 914,044.7 | inventory = 1
[ 2024-08-06 16:05:13,610 ] 192 : Sold 2 shares at price 70,300 | Profit = -1,200 | Portfolio Value = 1,053,844.7 | Budget = 1,054,574.4 | inventory = 0
[ 2024-08-06 16:05:13,858 ] 211 : Bought 11 shares at price 71,700 | Portfolio Value = 1,054,574.4 | Budget = 265,480.05 | inventory = 1
[ 2024-08-06 16:05:13,871 ] 212 : Sold 11 shares at price 71,500 | Profit = -2,200 | Portfolio Value = 1,054,180.05 | Budget = 1,051,586.8 | inventory = 0
[ 2024-08-06 16:05:13,937 ] 217 : Bought 14 shares at price 73,100 | Portfolio Value = 1,051,586.8 | Budget = 27,675.1 | inventory = 1
[ 2024-08-06 16:05:13,950 ] 218 : Sold 14 shares at price 73,300 | Profit = 2,800 | Portfolio Value = 1,051,075.1 | Budget = 1,053,362.0 | inventory = 0
[ 2024-08-06 16:05:14,003 ] 222 : Bought 9 shares at price 75,000 | Portfolio Value = 1,053,362.0 | Budget = 378,024.5 | inventory = 1
[ 2024-08-06 16:05:14,016 ] 223 : Sold 9 shares at price 75,900 | Profit = 8,100 | Portfolio Value = 1,053,024.5 | Budget = 1,060,782.95 | inventory = 0
[ 2024-08-06 16:05:14,041 ] 225 : Bought 7 shares at price 78,000 | Portfolio Value = 1,060,782.95 | Budget = 514,509.95 | inventory = 1
[ 2024-08-06 16:05:14,157 ] 8 : Bought 9 shares at price 63,000 | Portfolio Value = 1,000,000.0 | Budget = 432,716.5 | inventory = 1
[ 2024-08-06 16:05:14,170 ] 9 : Sold 9 shares at price 62,800 | Profit = -1,800 | Portfolio Value = 999,716.5 | Budget = 997,633.9 | inventory = 0
[ 2024-08-06 16:05:14,210 ] 12 : Bought 6 shares at price 62,200 | Portfolio Value = 997,633.9 | Budget = 624,247.3 | inventory = 1
[ 2024-08-06 16:05:14,223 ] 13 : Bought 6 shares at price 63,700 | Portfolio Value = 997,447.3 | Budget = 241,856.2 | inventory = 2
[ 2024-08-06 16:05:14,237 ] 14 : Sold 6 shares at price 62,600 | Profit = 2,400 | Portfolio Value = 1,006,256.2 | Budget = 617,268.4 | inventory = 1
[ 2024-08-06 16:05:14,249 ] 15 : Sold 6 shares at price 62,700 | Profit = -6,000 | Portfolio Value = 992,868.4 | Budget = 993,280.3 | inventory = 0
[ 2024-08-06 16:05:14,355 ] 23 : Bought 16 shares at price 60,500 | Portfolio Value = 993,280.3 | Budget = 24,796.3 | inventory = 1
[ 2024-08-06 16:05:14,369 ] 24 : Sold 16 shares at price 61,500 | Profit = 16,000 | Portfolio Value = 992,796.3 | Budget = 1,008,304.3 | inventory = 0
[ 2024-08-06 16:05:14,396 ] 26 : Bought 15 shares at price 60,300 | Portfolio Value = 1,008,304.3 | Budget = 103,352.05 | inventory = 1
[ 2024-08-06 16:05:14,422 ] 28 : Sold 15 shares at price 59,500 | Profit = -12,000 | Portfolio Value = 1,004,852.05 | Budget = 995,405.8 | inventory = 0
[ 2024-08-06 16:05:14,462 ] 31 : Bought 7 shares at price 59,800 | Portfolio Value = 995,405.8 | Budget = 576,596.5 | inventory = 1
[ 2024-08-06 16:05:14,501 ] 34 : Sold 7 shares at price 60,200 | Profit = 2,800 | Portfolio Value = 1,005,696.5 | Budget = 997,785.8 | inventory = 0
[ 2024-08-06 16:05:14,565 ] 39 : Bought 3 shares at price 62,100 | Portfolio Value = 997,785.8 | Budget = 811,392.65 | inventory = 1
[ 2024-08-06 16:05:14,578 ] 40 : Sold 3 shares at price 62,900 | Profit = 2,400 | Portfolio Value = 997,692.65 | Budget = 999,998.3 | inventory = 0
[ 2024-08-06 16:05:14,591 ] 41 : Bought 6 shares at price 62,700 | Portfolio Value = 999,998.3 | Budget = 623,610.2 | inventory = 1
[ 2024-08-06 16:05:14,616 ] 43 : Sold 6 shares at price 64,000 | Profit = 7,800 | Portfolio Value = 1,002,810.2 | Budget = 1,007,418.2 | inventory = 0
[ 2024-08-06 16:05:14,720 ] 51 : Bought 8 shares at price 66,000 | Portfolio Value = 1,007,418.2 | Budget = 479,154.2 | inventory = 1
[ 2024-08-06 16:05:14,733 ] 52 : Sold 8 shares at price 66,100 | Profit = 800 | Portfolio Value = 1,007,154.2 | Budget = 1,007,689.8 | inventory = 0
[ 2024-08-06 16:05:14,828 ] 55 : Bought 5 shares at price 65,600 | Portfolio Value = 1,007,689.8 | Budget = 679,525.8 | inventory = 1
[ 2024-08-06 16:05:14,841 ] 56 : Sold 5 shares at price 65,500 | Profit = -500 | Portfolio Value = 1,007,525.8 | Budget = 1,006,862.05 | inventory = 0
[ 2024-08-06 16:05:14,897 ] 60 : Bought 10 shares at price 63,600 | Portfolio Value = 1,006,862.05 | Budget = 370,544.05 | inventory = 1
[ 2024-08-06 16:05:14,911 ] 61 : Sold 10 shares at price 64,100 | Profit = 5,000 | Portfolio Value = 1,006,544.05 | Budget = 1,011,223.55 | inventory = 0
[ 2024-08-06 16:05:15,114 ] 76 : Bought 11 shares at price 68,400 | Portfolio Value = 1,011,223.55 | Budget = 258,447.35 | inventory = 1
[ 2024-08-06 16:05:15,127 ] 77 : Bought 1 shares at price 68,500 | Portfolio Value = 1,010,847.35 | Budget = 189,913.1 | inventory = 2
[ 2024-08-06 16:05:15,141 ] 78 : Sold 11 shares at price 68,400 | Profit = 0 | Portfolio Value = 1,011,913.1 | Budget = 941,936.9 | inventory = 1
[ 2024-08-06 16:05:15,181 ] 81 : Sold 1 shares at price 70,300 | Profit = 1,800 | Portfolio Value = 1,010,736.9 | Budget = 1,012,201.75 | inventory = 0
[ 2024-08-06 16:05:15,207 ] 83 : Bought 9 shares at price 71,400 | Portfolio Value = 1,012,201.75 | Budget = 369,280.45 | inventory = 1
[ 2024-08-06 16:05:15,220 ] 84 : Bought 4 shares at price 70,900 | Portfolio Value = 1,011,880.45 | Budget = 85,538.65 | inventory = 2
[ 2024-08-06 16:05:15,246 ] 86 : Sold 9 shares at price 71,700 | Profit = 2,700 | Portfolio Value = 1,024,138.65 | Budget = 730,516.0 | inventory = 1
[ 2024-08-06 16:05:15,260 ] 87 : Sold 4 shares at price 71,000 | Profit = 400 | Portfolio Value = 1,017,316.0 | Budget = 1,014,374.0 | inventory = 0
[ 2024-08-06 16:05:15,313 ] 91 : Bought 1 shares at price 72,000 | Portfolio Value = 1,014,374.0 | Budget = 942,338.0 | inventory = 1
[ 2024-08-06 16:05:15,326 ] 92 : Sold 1 shares at price 71,900 | Profit = -100 | Portfolio Value = 1,014,338.0 | Budget = 1,014,202.05 | inventory = 0
[ 2024-08-06 16:05:15,628 ] 115 : Bought 10 shares at price 73,300 | Portfolio Value = 1,014,202.05 | Budget = 280,835.55 | inventory = 1
[ 2024-08-06 16:05:15,656 ] 117 : Sold 10 shares at price 71,700 | Profit = -16,000 | Portfolio Value = 1,000,835.55 | Budget = 997,477.05 | inventory = 0
[ 2024-08-06 16:05:15,761 ] 125 : Bought 3 shares at price 69,800 | Portfolio Value = 997,477.05 | Budget = 787,972.35 | inventory = 1
[ 2024-08-06 16:05:15,774 ] 126 : Sold 3 shares at price 71,100 | Profit = 3,900 | Portfolio Value = 997,372.35 | Budget = 1,001,165.7 | inventory = 0
[ 2024-08-06 16:05:15,881 ] 134 : Bought 7 shares at price 67,500 | Portfolio Value = 1,001,165.7 | Budget = 528,429.45 | inventory = 1
[ 2024-08-06 16:05:15,923 ] 137 : Bought 7 shares at price 66,700 | Portfolio Value = 997,429.45 | Budget = 61,296.0 | inventory = 2
[ 2024-08-06 16:05:15,937 ] 138 : Sold 7 shares at price 66,300 | Profit = -8,400 | Portfolio Value = 995,096.0 | Budget = 525,163.95 | inventory = 1
[ 2024-08-06 16:05:15,949 ] 139 : Sold 7 shares at price 66,600 | Profit = -700 | Portfolio Value = 989,263.95 | Budget = 991,130.85 | inventory = 0
[ 2024-08-06 16:05:15,990 ] 142 : Bought 6 shares at price 68,200 | Portfolio Value = 991,130.85 | Budget = 581,726.25 | inventory = 1
[ 2024-08-06 16:05:16,004 ] 143 : Bought 5 shares at price 67,100 | Portfolio Value = 990,926.25 | Budget = 246,058.5 | inventory = 2
[ 2024-08-06 16:05:16,030 ] 145 : Sold 6 shares at price 66,800 | Profit = -8,400 | Portfolio Value = 980,858.5 | Budget = 646,658.1 | inventory = 1
[ 2024-08-06 16:05:16,057 ] 147 : Sold 5 shares at price 66,900 | Profit = -1,000 | Portfolio Value = 982,158.1 | Budget = 980,990.85 | inventory = 0
[ 2024-08-06 16:05:16,124 ] 152 : Bought 2 shares at price 70,400 | Portfolio Value = 980,990.85 | Budget = 840,120.45 | inventory = 1
[ 2024-08-06 16:05:16,137 ] 153 : Sold 2 shares at price 70,300 | Profit = -200 | Portfolio Value = 980,920.45 | Budget = 980,650.15 | inventory = 0
[ 2024-08-06 16:05:16,150 ] 154 : Bought 8 shares at price 70,800 | Portfolio Value = 980,650.15 | Budget = 413,966.95 | inventory = 1
[ 2024-08-06 16:05:16,163 ] 155 : Bought 3 shares at price 70,500 | Portfolio Value = 980,366.95 | Budget = 202,361.2 | inventory = 2
[ 2024-08-06 16:05:16,176 ] 156 : Sold 8 shares at price 70,900 | Profit = 800 | Portfolio Value = 977,861.2 | Budget = 769,277.6 | inventory = 1
[ 2024-08-06 16:05:16,190 ] 157 : Sold 3 shares at price 71,700 | Profit = 3,600 | Portfolio Value = 981,977.6 | Budget = 984,270.05 | inventory = 0
[ 2024-08-06 16:05:16,270 ] 163 : Bought 9 shares at price 68,800 | Portfolio Value = 984,270.05 | Budget = 364,760.45 | inventory = 1
[ 2024-08-06 16:05:16,284 ] 164 : Sold 9 shares at price 69,400 | Profit = 5,400 | Portfolio Value = 983,960.45 | Budget = 989,048.15 | inventory = 0
[ 2024-08-06 16:05:16,337 ] 168 : Bought 10 shares at price 66,700 | Portfolio Value = 989,048.15 | Budget = 321,714.65 | inventory = 1
[ 2024-08-06 16:05:16,375 ] 171 : Sold 10 shares at price 68,200 | Profit = 15,000 | Portfolio Value = 985,714.65 | Budget = 1,003,373.65 | inventory = 0
[ 2024-08-06 16:05:16,388 ] 172 : Bought 5 shares at price 68,900 | Portfolio Value = 1,003,373.65 | Budget = 658,701.4 | inventory = 1
[ 2024-08-06 16:05:16,401 ] 173 : Bought 4 shares at price 68,000 | Portfolio Value = 1,003,201.4 | Budget = 386,565.4 | inventory = 2
[ 2024-08-06 16:05:16,414 ] 174 : Bought 5 shares at price 67,300 | Portfolio Value = 998,565.4 | Budget = 49,897.15 | inventory = 3
[ 2024-08-06 16:05:16,427 ] 175 : Sold 5 shares at price 69,400 | Profit = 2,500 | Portfolio Value = 992,097.15 | Budget = 396,723.65 | inventory = 2
[ 2024-08-06 16:05:16,440 ] 176 : Sold 4 shares at price 70,500 | Profit = 10,000 | Portfolio Value = 1,021,323.65 | Budget = 678,582.65 | inventory = 1
[ 2024-08-06 16:05:16,453 ] 177 : Sold 5 shares at price 69,500 | Profit = 11,000 | Portfolio Value = 1,031,082.65 | Budget = 1,025,908.9 | inventory = 0
[ 2024-08-06 16:05:16,518 ] 182 : Bought 8 shares at price 66,700 | Portfolio Value = 1,025,908.9 | Budget = 492,042.1 | inventory = 1
[ 2024-08-06 16:05:16,531 ] 183 : Sold 8 shares at price 67,300 | Profit = 4,800 | Portfolio Value = 1,025,642.1 | Budget = 1,030,172.9 | inventory = 0
[ 2024-08-06 16:05:16,571 ] 186 : Bought 13 shares at price 68,600 | Portfolio Value = 1,030,172.9 | Budget = 137,927.0 | inventory = 1
[ 2024-08-06 16:05:16,585 ] 187 : Sold 13 shares at price 69,700 | Profit = 14,300 | Portfolio Value = 1,029,727.0 | Budget = 1,043,573.95 | inventory = 0
[ 2024-08-06 16:05:16,639 ] 191 : Bought 7 shares at price 69,900 | Portfolio Value = 1,043,573.95 | Budget = 554,029.3 | inventory = 1
[ 2024-08-06 16:05:16,652 ] 192 : Bought 4 shares at price 70,300 | Portfolio Value = 1,043,329.3 | Budget = 272,688.7 | inventory = 2
[ 2024-08-06 16:05:16,666 ] 193 : Sold 7 shares at price 70,500 | Profit = 4,200 | Portfolio Value = 1,045,988.7 | Budget = 765,941.95 | inventory = 1
[ 2024-08-06 16:05:16,692 ] 195 : Sold 4 shares at price 70,800 | Profit = 2,000 | Portfolio Value = 1,047,541.95 | Budget = 1,049,000.35 | inventory = 0
[ 2024-08-06 16:05:16,783 ] 202 : Bought 14 shares at price 72,400 | Portfolio Value = 1,049,000.35 | Budget = 34,893.55 | inventory = 1
[ 2024-08-06 16:05:16,810 ] 204 : Sold 14 shares at price 71,300 | Profit = -15,400 | Portfolio Value = 1,038,693.55 | Budget = 1,032,594.45 | inventory = 0
[ 2024-08-06 16:05:16,942 ] 213 : Bought 11 shares at price 72,600 | Portfolio Value = 1,032,594.45 | Budget = 233,595.15 | inventory = 1
[ 2024-08-06 16:05:16,961 ] 214 : Sold 11 shares at price 73,000 | Profit = 4,400 | Portfolio Value = 1,032,195.15 | Budget = 1,036,193.65 | inventory = 0
[ 2024-08-06 16:05:17,037 ] 219 : Bought 5 shares at price 72,900 | Portfolio Value = 1,036,193.65 | Budget = 671,511.4 | inventory = 1
[ 2024-08-06 16:05:17,053 ] 220 : Sold 5 shares at price 73,400 | Profit = 2,500 | Portfolio Value = 1,036,011.4 | Budget = 1,038,327.9 | inventory = 0
[ 2024-08-06 16:05:17,069 ] 221 : Bought 7 shares at price 74,800 | Portfolio Value = 1,038,327.9 | Budget = 514,466.1 | inventory = 1
[ 2024-08-06 16:05:17,082 ] 222 : Sold 7 shares at price 75,000 | Profit = 1,400 | Portfolio Value = 1,038,066.1 | Budget = 1,039,203.6 | inventory = 0
[ 2024-08-06 16:05:17,119 ] 224 : Bought 13 shares at price 76,600 | Portfolio Value = 1,039,203.6 | Budget = 42,905.7 | inventory = 1
[ 2024-08-06 16:05:17,189 ] 3 : Bought 12 shares at price 63,500 | Portfolio Value = 1,000,000.0 | Budget = 237,619.0 | inventory = 1
[ 2024-08-06 16:05:17,203 ] 4 : Sold 12 shares at price 63,800 | Profit = 3,600 | Portfolio Value = 999,619.0 | Budget = 1,002,836.2 | inventory = 0
[ 2024-08-06 16:05:17,217 ] 5 : Bought 11 shares at price 61,600 | Portfolio Value = 1,002,836.2 | Budget = 324,897.4 | inventory = 1
[ 2024-08-06 16:05:17,246 ] 7 : Sold 11 shares at price 63,100 | Profit = 16,500 | Portfolio Value = 1,005,797.4 | Budget = 1,018,650.35 | inventory = 0
[ 2024-08-06 16:05:17,260 ] 8 : Bought 15 shares at price 63,000 | Portfolio Value = 1,018,650.35 | Budget = 73,177.85 | inventory = 1
[ 2024-08-06 16:05:17,273 ] 9 : Sold 15 shares at price 62,800 | Profit = -3,000 | Portfolio Value = 1,018,177.85 | Budget = 1,014,706.85 | inventory = 0
[ 2024-08-06 16:05:17,357 ] 15 : Bought 11 shares at price 62,700 | Portfolio Value = 1,014,706.85 | Budget = 324,662.0 | inventory = 1
[ 2024-08-06 16:05:17,371 ] 16 : Sold 11 shares at price 62,100 | Profit = -6,600 | Portfolio Value = 1,014,362.0 | Budget = 1,007,420.45 | inventory = 0
[ 2024-08-06 16:05:17,638 ] 35 : Bought 2 shares at price 60,300 | Portfolio Value = 1,007,420.45 | Budget = 886,760.15 | inventory = 1
[ 2024-08-06 16:05:17,651 ] 36 : Sold 2 shares at price 61,100 | Profit = 1,600 | Portfolio Value = 1,007,360.15 | Budget = 1,008,899.05 | inventory = 0
[ 2024-08-06 16:05:17,756 ] 44 : Bought 7 shares at price 63,100 | Portfolio Value = 1,008,899.05 | Budget = 566,978.2 | inventory = 1
[ 2024-08-06 16:05:17,769 ] 45 : Sold 7 shares at price 63,600 | Profit = 3,500 | Portfolio Value = 1,008,678.2 | Budget = 1,011,955.6 | inventory = 0
[ 2024-08-06 16:05:17,783 ] 46 : Bought 8 shares at price 63,900 | Portfolio Value = 1,011,955.6 | Budget = 500,500.0 | inventory = 1
[ 2024-08-06 16:05:17,796 ] 47 : Sold 8 shares at price 62,300 | Profit = -12,800 | Portfolio Value = 1,011,700.0 | Budget = 998,650.8 | inventory = 0
[ 2024-08-06 16:05:17,980 ] 61 : Bought 14 shares at price 64,100 | Portfolio Value = 998,650.8 | Budget = 100,802.1 | inventory = 1
[ 2024-08-06 16:05:17,994 ] 62 : Sold 14 shares at price 64,600 | Profit = 7,000 | Portfolio Value = 998,202.1 | Budget = 1,004,749.9 | inventory = 0
[ 2024-08-06 16:05:18,099 ] 70 : Bought 2 shares at price 64,200 | Portfolio Value = 1,004,749.9 | Budget = 876,285.7 | inventory = 1
[ 2024-08-06 16:05:18,113 ] 71 : Bought 11 shares at price 64,100 | Portfolio Value = 1,004,685.7 | Budget = 170,833.15 | inventory = 2
[ 2024-08-06 16:05:18,153 ] 74 : Bought 1 shares at price 65,000 | Portfolio Value = 1,021,033.15 | Budget = 105,800.65 | inventory = 3
[ 2024-08-06 16:05:18,167 ] 75 : Sold 2 shares at price 66,200 | Profit = 4,000 | Portfolio Value = 1,015,800.65 | Budget = 238,134.45 | inventory = 2
[ 2024-08-06 16:05:18,180 ] 76 : Sold 11 shares at price 68,400 | Profit = 47,300 | Portfolio Value = 1,032,534.45 | Budget = 990,158.25 | inventory = 1
[ 2024-08-06 16:05:18,195 ] 77 : Sold 1 shares at price 68,500 | Profit = 3,500 | Portfolio Value = 1,058,558.25 | Budget = 1,058,624.0 | inventory = 0
[ 2024-08-06 16:05:18,223 ] 79 : Bought 11 shares at price 68,500 | Portfolio Value = 1,058,624.0 | Budget = 304,747.25 | inventory = 1
[ 2024-08-06 16:05:18,236 ] 80 : Sold 11 shares at price 68,800 | Profit = 3,300 | Portfolio Value = 1,058,247.25 | Budget = 1,061,168.85 | inventory = 0
[ 2024-08-06 16:05:18,333 ] 87 : Bought 3 shares at price 71,000 | Portfolio Value = 1,061,168.85 | Budget = 848,062.35 | inventory = 1
[ 2024-08-06 16:05:18,347 ] 88 : Sold 3 shares at price 70,900 | Profit = -300 | Portfolio Value = 1,061,062.35 | Budget = 1,060,656.0 | inventory = 0
[ 2024-08-06 16:05:18,399 ] 92 : Bought 14 shares at price 71,900 | Portfolio Value = 1,060,656.0 | Budget = 53,552.7 | inventory = 1
[ 2024-08-06 16:05:18,413 ] 93 : Sold 14 shares at price 71,500 | Profit = -5,600 | Portfolio Value = 1,060,152.7 | Budget = 1,054,052.2 | inventory = 0
[ 2024-08-06 16:05:18,640 ] 110 : Bought 4 shares at price 69,500 | Portfolio Value = 1,054,052.2 | Budget = 775,913.2 | inventory = 1
[ 2024-08-06 16:05:18,655 ] 111 : Sold 4 shares at price 71,500 | Profit = 8,000 | Portfolio Value = 1,053,913.2 | Budget = 1,061,770.2 | inventory = 0
[ 2024-08-06 16:05:18,683 ] 113 : Bought 11 shares at price 71,900 | Portfolio Value = 1,061,770.2 | Budget = 270,474.75 | inventory = 1
[ 2024-08-06 16:05:18,697 ] 114 : Sold 11 shares at price 73,400 | Profit = 16,500 | Portfolio Value = 1,061,374.75 | Budget = 1,077,471.05 | inventory = 0
[ 2024-08-06 16:05:18,751 ] 118 : Bought 15 shares at price 71,000 | Portfolio Value = 1,077,471.05 | Budget = 11,938.55 | inventory = 1
[ 2024-08-06 16:05:18,766 ] 119 : Sold 15 shares at price 70,300 | Profit = -10,500 | Portfolio Value = 1,076,938.55 | Budget = 1,065,911.3 | inventory = 0
[ 2024-08-06 16:05:18,873 ] 127 : Bought 5 shares at price 69,900 | Portfolio Value = 1,065,911.3 | Budget = 716,236.55 | inventory = 1
[ 2024-08-06 16:05:18,926 ] 131 : Sold 5 shares at price 67,600 | Profit = -11,500 | Portfolio Value = 1,058,736.55 | Budget = 1,054,067.55 | inventory = 0
[ 2024-08-06 16:05:18,954 ] 133 : Bought 10 shares at price 68,000 | Portfolio Value = 1,054,067.55 | Budget = 373,727.55 | inventory = 1
[ 2024-08-06 16:05:18,967 ] 134 : Bought 2 shares at price 67,500 | Portfolio Value = 1,053,727.55 | Budget = 238,660.05 | inventory = 2
[ 2024-08-06 16:05:18,995 ] 136 : Bought 2 shares at price 67,000 | Portfolio Value = 1,046,260.05 | Budget = 104,593.05 | inventory = 3
[ 2024-08-06 16:05:19,008 ] 137 : Bought 1 shares at price 66,700 | Portfolio Value = 1,042,593.05 | Budget = 37,859.7 | inventory = 4
[ 2024-08-06 16:05:19,049 ] 140 : Sold 10 shares at price 66,600 | Profit = -14,000 | Portfolio Value = 1,036,859.7 | Budget = 703,526.7 | inventory = 3
[ 2024-08-06 16:05:19,063 ] 141 : Sold 2 shares at price 67,100 | Profit = -800 | Portfolio Value = 1,036,526.7 | Budget = 837,659.6 | inventory = 2
[ 2024-08-06 16:05:19,076 ] 142 : Sold 2 shares at price 68,200 | Profit = 2,400 | Portfolio Value = 1,038,959.6 | Budget = 973,991.4 | inventory = 1
[ 2024-08-06 16:05:19,090 ] 143 : Sold 1 shares at price 67,100 | Profit = 400 | Portfolio Value = 1,042,191.4 | Budget = 1,041,057.85 | inventory = 0
[ 2024-08-06 16:05:19,104 ] 144 : Bought 2 shares at price 66,800 | Portfolio Value = 1,041,057.85 | Budget = 907,391.05 | inventory = 1
[ 2024-08-06 16:05:19,118 ] 145 : Sold 2 shares at price 66,800 | Profit = 0 | Portfolio Value = 1,040,991.05 | Budget = 1,040,924.25 | inventory = 0
[ 2024-08-06 16:05:19,131 ] 146 : Bought 13 shares at price 67,100 | Portfolio Value = 1,040,924.25 | Budget = 168,188.1 | inventory = 1
[ 2024-08-06 16:05:19,145 ] 147 : Bought 2 shares at price 66,900 | Portfolio Value = 1,040,488.1 | Budget = 34,321.2 | inventory = 2
[ 2024-08-06 16:05:19,158 ] 148 : Sold 13 shares at price 71,000 | Profit = 50,700 | Portfolio Value = 1,037,821.2 | Budget = 956,859.7 | inventory = 1
[ 2024-08-06 16:05:19,184 ] 150 : Sold 2 shares at price 70,700 | Profit = 7,600 | Portfolio Value = 1,099,259.7 | Budget = 1,098,189.0 | inventory = 0
[ 2024-08-06 16:05:19,198 ] 151 : Bought 6 shares at price 70,000 | Portfolio Value = 1,098,189.0 | Budget = 677,979.0 | inventory = 1
[ 2024-08-06 16:05:19,212 ] 152 : Sold 6 shares at price 70,400 | Profit = 2,400 | Portfolio Value = 1,097,979.0 | Budget = 1,100,167.8 | inventory = 0
[ 2024-08-06 16:05:19,333 ] 161 : Bought 4 shares at price 69,600 | Portfolio Value = 1,100,167.8 | Budget = 821,628.6 | inventory = 1
[ 2024-08-06 16:05:19,362 ] 163 : Bought 6 shares at price 68,800 | Portfolio Value = 1,097,228.6 | Budget = 408,622.2 | inventory = 2
[ 2024-08-06 16:05:19,377 ] 164 : Sold 4 shares at price 69,400 | Profit = -800 | Portfolio Value = 1,096,622.2 | Budget = 686,083.4 | inventory = 1
[ 2024-08-06 16:05:19,390 ] 165 : Sold 6 shares at price 68,600 | Profit = -1,200 | Portfolio Value = 1,102,483.4 | Budget = 1,097,477.6 | inventory = 0
[ 2024-08-06 16:05:19,569 ] 178 : Bought 14 shares at price 68,800 | Portfolio Value = 1,097,477.6 | Budget = 133,796.0 | inventory = 1
[ 2024-08-06 16:05:19,585 ] 179 : Sold 14 shares at price 68,400 | Profit = -5,600 | Portfolio Value = 1,096,996.0 | Budget = 1,090,917.2 | inventory = 0
[ 2024-08-06 16:05:19,639 ] 183 : Bought 9 shares at price 67,300 | Portfolio Value = 1,090,917.2 | Budget = 484,914.35 | inventory = 1
[ 2024-08-06 16:05:19,652 ] 184 : Sold 9 shares at price 67,300 | Profit = 0 | Portfolio Value = 1,090,614.35 | Budget = 1,090,311.5 | inventory = 0
[ 2024-08-06 16:05:19,694 ] 187 : Bought 13 shares at price 69,700 | Portfolio Value = 1,090,311.5 | Budget = 183,758.45 | inventory = 1
[ 2024-08-06 16:05:19,708 ] 188 : Sold 13 shares at price 69,600 | Profit = -1,300 | Portfolio Value = 1,089,858.45 | Budget = 1,088,106.05 | inventory = 0
[ 2024-08-06 16:05:19,760 ] 192 : Bought 9 shares at price 70,300 | Portfolio Value = 1,088,106.05 | Budget = 455,089.7 | inventory = 1
[ 2024-08-06 16:05:19,774 ] 193 : Sold 9 shares at price 70,500 | Profit = 1,800 | Portfolio Value = 1,087,789.7 | Budget = 1,089,272.45 | inventory = 0
[ 2024-08-06 16:05:19,789 ] 194 : Bought 6 shares at price 70,400 | Portfolio Value = 1,089,272.45 | Budget = 666,661.25 | inventory = 1
[ 2024-08-06 16:05:19,803 ] 195 : Sold 6 shares at price 70,800 | Profit = 2,400 | Portfolio Value = 1,089,061.25 | Budget = 1,091,248.85 | inventory = 0
[ 2024-08-06 16:05:19,830 ] 197 : Bought 6 shares at price 72,800 | Portfolio Value = 1,091,248.85 | Budget = 654,230.45 | inventory = 1
[ 2024-08-06 16:05:19,844 ] 198 : Sold 6 shares at price 72,500 | Profit = -1,800 | Portfolio Value = 1,091,030.45 | Budget = 1,089,012.95 | inventory = 0
[ 2024-08-06 16:05:19,870 ] 200 : Bought 2 shares at price 72,800 | Portfolio Value = 1,089,012.95 | Budget = 943,340.15 | inventory = 1
[ 2024-08-06 16:05:19,884 ] 201 : Sold 2 shares at price 72,800 | Profit = 0 | Portfolio Value = 1,088,940.15 | Budget = 1,088,867.35 | inventory = 0
[ 2024-08-06 16:05:19,909 ] 203 : Bought 9 shares at price 71,700 | Portfolio Value = 1,088,867.35 | Budget = 443,244.7 | inventory = 1
[ 2024-08-06 16:05:19,923 ] 204 : Sold 9 shares at price 71,300 | Profit = -3,600 | Portfolio Value = 1,088,544.7 | Budget = 1,084,623.85 | inventory = 0
[ 2024-08-06 16:05:19,963 ] 207 : Bought 7 shares at price 72,800 | Portfolio Value = 1,084,623.85 | Budget = 574,769.05 | inventory = 1
[ 2024-08-06 16:05:19,976 ] 208 : Sold 7 shares at price 72,000 | Profit = -5,600 | Portfolio Value = 1,084,369.05 | Budget = 1,078,517.05 | inventory = 0
[ 2024-08-06 16:05:20,003 ] 210 : Bought 12 shares at price 71,200 | Portfolio Value = 1,078,517.05 | Budget = 223,689.85 | inventory = 1
[ 2024-08-06 16:05:20,030 ] 212 : Sold 12 shares at price 71,500 | Profit = 3,600 | Portfolio Value = 1,084,089.85 | Budget = 1,081,260.85 | inventory = 0
[ 2024-08-06 16:05:20,058 ] 214 : Bought 6 shares at price 73,000 | Portfolio Value = 1,081,260.85 | Budget = 643,041.85 | inventory = 1
[ 2024-08-06 16:05:20,098 ] 217 : Sold 6 shares at price 73,100 | Profit = 600 | Portfolio Value = 1,079,841.85 | Budget = 1,081,422.55 | inventory = 0
[ 2024-08-06 16:05:20,113 ] 218 : Bought 1 shares at price 73,300 | Portfolio Value = 1,081,422.55 | Budget = 1,008,085.9 | inventory = 1
[ 2024-08-06 16:05:20,127 ] 219 : Sold 1 shares at price 72,900 | Profit = -400 | Portfolio Value = 1,081,385.9 | Budget = 1,080,949.45 | inventory = 0
[ 2024-08-06 16:05:20,184 ] 223 : Bought 5 shares at price 75,900 | Portfolio Value = 1,080,949.45 | Budget = 701,259.7 | inventory = 1
[ 2024-08-06 16:05:20,198 ] 224 : Sold 5 shares at price 76,600 | Profit = 3,500 | Portfolio Value = 1,080,759.7 | Budget = 1,084,068.2 | inventory = 0
[ 2024-08-06 16:05:20,226 ] Evaluation at Episode 1: Average Reward: 66,747.97 Average Profit: 66,740, Profit Rate: 6.67%
[ 2024-08-06 16:05:20,226 ] ----------------------------------------------------------------------------------------------------
[ 2024-08-06 16:05:20,226 ] Starting Episode 2
[ 2024-08-06 16:05:20,268 ] 3 : Bought 10 shares at price 63,500 | Portfolio Value = 1,000,000.0 | Budget = 364,682.5 | inventory = 1
[ 2024-08-06 16:05:20,283 ] 4 : Sold 10 shares at price 63,800 | Profit = 3,000 | Portfolio Value = 999,682.5 | Budget = 1,002,363.5 | inventory = 0
[ 2024-08-06 16:05:20,507 ] 20 : Bought 15 shares at price 60,500 | Portfolio Value = 1,002,363.5 | Budget = 94,409.75 | inventory = 1
[ 2024-08-06 16:05:20,521 ] 21 : Sold 15 shares at price 60,600 | Profit = 1,500 | Portfolio Value = 1,001,909.75 | Budget = 1,002,955.25 | inventory = 0
[ 2024-08-06 16:08:12,013 ] Starting Episode 1
[ 2024-08-06 16:08:12,201 ] 1 : Bought 13 shares at price 61,000 | Portfolio Value = 1,000,000 | Budget = 206,603.5 | inventory = 1
[ 2024-08-06 16:08:12,216 ] 2 : Bought 2 shares at price 61,800 | Portfolio Value = 999,603.5 | Budget = 82,941.7 | inventory = 2
[ 2024-08-06 16:08:12,230 ] 3 : Bought 1 shares at price 63,500 | Portfolio Value = 1,009,941.7 | Budget = 19,409.95 | inventory = 3
[ 2024-08-06 16:08:12,298 ] 8 : Sold 13 shares at price 63,000 | Profit = 26,000 | Portfolio Value = 1,029,009.95 | Budget = 838,000.45 | inventory = 2
[ 2024-08-06 16:08:12,311 ] 9 : Sold 2 shares at price 62,800 | Profit = 2,000 | Portfolio Value = 1,027,000.45 | Budget = 963,537.65 | inventory = 1
[ 2024-08-06 16:08:12,326 ] 10 : Bought 7 shares at price 62,900 | Portfolio Value = 1,026,337.65 | Budget = 523,017.5 | inventory = 2
[ 2024-08-06 16:08:12,382 ] 12 : Bought 1 shares at price 62,200 | Portfolio Value = 1,028,617.5 | Budget = 460,786.4 | inventory = 3
[ 2024-08-06 16:08:12,419 ] 13 : Bought 1 shares at price 63,700 | Portfolio Value = 1,020,586.4 | Budget = 397,054.55 | inventory = 4
[ 2024-08-06 16:08:12,506 ] 15 : Bought 2 shares at price 62,700 | Portfolio Value = 1,023,054.55 | Budget = 271,591.85 | inventory = 5
[ 2024-08-06 16:08:12,621 ] 18 : Sold 1 shares at price 62,000 | Profit = -1,500 | Portfolio Value = 1,004,791.85 | Budget = 333,560.85 | inventory = 4
[ 2024-08-06 16:08:12,694 ] 20 : Bought 3 shares at price 60,500 | Portfolio Value = 1,007,860.85 | Budget = 151,970.1 | inventory = 5
[ 2024-08-06 16:08:12,718 ] 21 : Bought 2 shares at price 60,600 | Portfolio Value = 998,970.1 | Budget = 30,709.5 | inventory = 6
[ 2024-08-06 16:08:12,799 ] 24 : Sold 7 shares at price 61,500 | Profit = -9,800 | Portfolio Value = 998,709.5 | Budget = 460,994.25 | inventory = 5
[ 2024-08-06 16:08:12,825 ] 25 : Bought 2 shares at price 60,700 | Portfolio Value = 1,014,494.25 | Budget = 339,533.55 | inventory = 6
[ 2024-08-06 16:08:12,843 ] 26 : Bought 5 shares at price 60,300 | Portfolio Value = 1,007,233.55 | Budget = 37,882.8 | inventory = 7
[ 2024-08-06 16:08:13,040 ] 34 : Sold 1 shares at price 60,200 | Profit = -2,000 | Portfolio Value = 1,018,682.8 | Budget = 98,052.7 | inventory = 6
[ 2024-08-06 16:08:13,068 ] 35 : Sold 1 shares at price 60,300 | Profit = -3,400 | Portfolio Value = 1,001,052.7 | Budget = 158,322.55 | inventory = 5
[ 2024-08-06 16:08:13,083 ] 36 : Bought 1 shares at price 61,100 | Portfolio Value = 1,002,522.55 | Budget = 97,192.0 | inventory = 6
[ 2024-08-06 16:08:13,126 ] 39 : Bought 1 shares at price 62,100 | Portfolio Value = 1,042,192.0 | Budget = 35,060.95 | inventory = 7
[ 2024-08-06 16:08:13,317 ] 51 : Sold 2 shares at price 66,000 | Profit = 6,600 | Portfolio Value = 1,089,460.95 | Budget = 166,994.95 | inventory = 6
[ 2024-08-06 16:08:13,331 ] 52 : Bought 2 shares at price 66,100 | Portfolio Value = 1,090,994.95 | Budget = 34,728.85 | inventory = 7
[ 2024-08-06 16:08:13,344 ] 53 : Sold 3 shares at price 65,100 | Profit = 13,800 | Portfolio Value = 1,092,328.85 | Budget = 229,931.2 | inventory = 6
[ 2024-08-06 16:08:13,357 ] 54 : Sold 2 shares at price 65,300 | Profit = 9,400 | Portfolio Value = 1,076,231.2 | Budget = 360,465.9 | inventory = 5
[ 2024-08-06 16:08:13,370 ] 55 : Bought 3 shares at price 65,600 | Portfolio Value = 1,078,765.9 | Budget = 163,567.5 | inventory = 6
[ 2024-08-06 16:08:13,385 ] 56 : Sold 2 shares at price 65,500 | Profit = 9,600 | Portfolio Value = 1,081,967.5 | Budget = 294,502.0 | inventory = 5
[ 2024-08-06 16:08:13,426 ] 58 : Bought 1 shares at price 65,700 | Portfolio Value = 1,078,102.0 | Budget = 228,769.15 | inventory = 6
[ 2024-08-06 16:08:13,454 ] 60 : Sold 5 shares at price 63,600 | Profit = 16,500 | Portfolio Value = 1,076,369.15 | Budget = 546,610.15 | inventory = 5
[ 2024-08-06 16:08:13,467 ] 61 : Bought 1 shares at price 64,100 | Portfolio Value = 1,055,410.15 | Budget = 482,478.1 | inventory = 6
[ 2024-08-06 16:08:13,494 ] 63 : Sold 1 shares at price 65,500 | Profit = 4,400 | Portfolio Value = 1,063,878.1 | Budget = 547,945.35 | inventory = 5
[ 2024-08-06 16:08:13,508 ] 64 : Bought 3 shares at price 65,700 | Portfolio Value = 1,071,945.35 | Budget = 350,746.8 | inventory = 6
[ 2024-08-06 16:08:13,535 ] 66 : Bought 5 shares at price 65,100 | Portfolio Value = 1,070,146.8 | Budget = 25,084.05 | inventory = 7
[ 2024-08-06 16:08:13,589 ] 70 : Sold 1 shares at price 64,200 | Profit = 2,100 | Portfolio Value = 1,058,684.05 | Budget = 89,251.95 | inventory = 6
[ 2024-08-06 16:08:13,603 ] 71 : Bought 1 shares at price 64,100 | Portfolio Value = 1,052,251.95 | Budget = 25,119.9 | inventory = 7
[ 2024-08-06 16:08:13,644 ] 74 : Sold 2 shares at price 65,000 | Profit = -2,200 | Portfolio Value = 1,071,519.9 | Budget = 155,054.9 | inventory = 6
[ 2024-08-06 16:08:13,657 ] 75 : Bought 2 shares at price 66,200 | Portfolio Value = 1,065,054.9 | Budget = 22,588.7 | inventory = 7
[ 2024-08-06 16:08:13,684 ] 77 : Sold 3 shares at price 68,500 | Profit = 8,700 | Portfolio Value = 1,116,988.7 | Budget = 227,985.95 | inventory = 6
[ 2024-08-06 16:08:13,697 ] 78 : Bought 1 shares at price 68,400 | Portfolio Value = 1,118,485.95 | Budget = 159,551.75 | inventory = 7
[ 2024-08-06 16:08:13,735 ] 81 : Bought 2 shares at price 70,300 | Portfolio Value = 1,122,751.75 | Budget = 18,881.45 | inventory = 8
[ 2024-08-06 16:08:13,816 ] 87 : Sold 1 shares at price 71,000 | Profit = 5,300 | Portfolio Value = 1,166,081.45 | Budget = 89,845.95 | inventory = 7
[ 2024-08-06 16:08:13,830 ] 88 : Sold 1 shares at price 70,900 | Profit = 6,800 | Portfolio Value = 1,154,845.95 | Budget = 160,710.5 | inventory = 6
[ 2024-08-06 16:08:13,844 ] 89 : Bought 2 shares at price 72,000 | Portfolio Value = 1,153,310.5 | Budget = 16,638.5 | inventory = 7
[ 2024-08-06 16:08:13,921 ] 95 : Sold 3 shares at price 71,200 | Profit = 16,500 | Portfolio Value = 1,165,438.5 | Budget = 230,131.7 | inventory = 6
[ 2024-08-06 16:08:13,934 ] 96 : Bought 2 shares at price 71,400 | Portfolio Value = 1,155,731.7 | Budget = 87,260.3 | inventory = 7
[ 2024-08-06 16:08:13,976 ] 98 : Bought 1 shares at price 71,300 | Portfolio Value = 1,144,760.3 | Budget = 15,924.65 | inventory = 8
[ 2024-08-06 16:08:14,094 ] 105 : Sold 5 shares at price 73,000 | Profit = 39,500 | Portfolio Value = 1,171,124.65 | Budget = 380,742.15 | inventory = 7
[ 2024-08-06 16:08:14,137 ] 108 : Bought 1 shares at price 71,600 | Portfolio Value = 1,172,742.15 | Budget = 309,106.35 | inventory = 8
[ 2024-08-06 16:08:14,152 ] 109 : Bought 1 shares at price 69,900 | Portfolio Value = 1,168,306.35 | Budget = 239,171.4 | inventory = 9
[ 2024-08-06 16:08:14,182 ] 111 : Bought 3 shares at price 71,500 | Portfolio Value = 1,142,671.4 | Budget = 24,564.15 | inventory = 10
[ 2024-08-06 16:08:14,216 ] 113 : Sold 1 shares at price 71,900 | Profit = 7,800 | Portfolio Value = 1,174,964.15 | Budget = 96,428.2 | inventory = 9
[ 2024-08-06 16:08:14,231 ] 114 : Sold 2 shares at price 73,400 | Profit = 14,400 | Portfolio Value = 1,174,928.2 | Budget = 243,154.8 | inventory = 8
[ 2024-08-06 16:08:14,246 ] 115 : Bought 1 shares at price 73,300 | Portfolio Value = 1,197,354.8 | Budget = 169,818.15 | inventory = 9
[ 2024-08-06 16:08:14,260 ] 116 : Bought 1 shares at price 72,000 | Portfolio Value = 1,196,018.15 | Budget = 97,782.15 | inventory = 10
[ 2024-08-06 16:08:14,274 ] 117 : Sold 1 shares at price 71,700 | Profit = 3,300 | Portfolio Value = 1,177,782.15 | Budget = 169,446.3 | inventory = 9
[ 2024-08-06 16:08:14,300 ] 118 : Bought 2 shares at price 71,000 | Portfolio Value = 1,173,246.3 | Budget = 27,375.3 | inventory = 10
[ 2024-08-06 16:08:14,327 ] 119 : Sold 2 shares at price 70,300 | Profit = 0 | Portfolio Value = 1,163,375.3 | Budget = 167,905.0 | inventory = 9
[ 2024-08-06 16:08:14,394 ] 121 : Bought 2 shares at price 70,000 | Portfolio Value = 1,153,505.0 | Budget = 27,835.0 | inventory = 10
[ 2024-08-06 16:08:14,425 ] 122 : Sold 2 shares at price 69,800 | Profit = -4,400 | Portfolio Value = 1,147,835.0 | Budget = 167,365.2 | inventory = 9
[ 2024-08-06 16:08:14,441 ] 123 : Bought 2 shares at price 71,700 | Portfolio Value = 1,144,565.2 | Budget = 23,893.5 | inventory = 10
[ 2024-08-06 16:08:14,796 ] 140 : Sold 2 shares at price 66,600 | Profit = -9,600 | Portfolio Value = 1,089,493.5 | Budget = 157,026.9 | inventory = 9
[ 2024-08-06 16:08:14,817 ] 141 : Sold 1 shares at price 67,100 | Profit = -4,200 | Portfolio Value = 1,089,426.9 | Budget = 224,093.35 | inventory = 8
[ 2024-08-06 16:08:14,916 ] 145 : Bought 2 shares at price 66,800 | Portfolio Value = 1,092,493.35 | Budget = 90,426.55 | inventory = 9
[ 2024-08-06 16:08:14,950 ] 147 : Bought 1 shares at price 66,900 | Portfolio Value = 1,096,926.55 | Budget = 23,493.1 | inventory = 10
[ 2024-08-06 16:08:15,014 ] 151 : Sold 1 shares at price 70,000 | Profit = -1,600 | Portfolio Value = 1,154,693.1 | Budget = 93,458.1 | inventory = 9
[ 2024-08-06 16:08:15,028 ] 152 : Bought 1 shares at price 70,400 | Portfolio Value = 1,143,458.1 | Budget = 23,022.9 | inventory = 10
[ 2024-08-06 16:08:15,078 ] 155 : Sold 1 shares at price 70,500 | Profit = 600 | Portfolio Value = 1,155,822.9 | Budget = 93,487.65 | inventory = 9
[ 2024-08-06 16:08:15,118 ] 157 : Sold 3 shares at price 71,700 | Profit = 600 | Portfolio Value = 1,156,987.65 | Budget = 308,480.1 | inventory = 8
[ 2024-08-06 16:08:15,152 ] 159 : Bought 4 shares at price 70,200 | Portfolio Value = 1,172,480.1 | Budget = 27,539.7 | inventory = 9
[ 2024-08-06 16:08:15,348 ] 171 : Sold 1 shares at price 68,200 | Profit = -5,100 | Portfolio Value = 1,089,939.7 | Budget = 95,705.6 | inventory = 8
[ 2024-08-06 16:08:15,408 ] 175 : Sold 1 shares at price 69,400 | Profit = -2,600 | Portfolio Value = 1,105,205.6 | Budget = 165,070.9 | inventory = 7
[ 2024-08-06 16:08:15,422 ] 176 : Bought 1 shares at price 70,500 | Portfolio Value = 1,136,670.9 | Budget = 94,535.65 | inventory = 8
[ 2024-08-06 16:08:15,435 ] 177 : Bought 1 shares at price 69,500 | Portfolio Value = 1,152,035.65 | Budget = 25,000.9 | inventory = 9
[ 2024-08-06 16:08:15,462 ] 179 : Sold 2 shares at price 68,400 | Profit = -5,200 | Portfolio Value = 1,125,800.9 | Budget = 161,732.5 | inventory = 8
[ 2024-08-06 16:08:15,477 ] 180 : Bought 2 shares at price 68,500 | Portfolio Value = 1,119,332.5 | Budget = 24,664.0 | inventory = 9
[ 2024-08-06 16:08:15,517 ] 183 : Sold 2 shares at price 67,300 | Profit = -5,400 | Portfolio Value = 1,091,864.0 | Budget = 159,196.7 | inventory = 8
[ 2024-08-06 16:08:15,530 ] 184 : Sold 2 shares at price 67,300 | Profit = -8,800 | Portfolio Value = 1,101,396.7 | Budget = 293,729.4 | inventory = 7
[ 2024-08-06 16:08:15,558 ] 186 : Bought 2 shares at price 68,600 | Portfolio Value = 1,096,529.4 | Budget = 156,460.8 | inventory = 8
[ 2024-08-06 16:08:15,571 ] 187 : Bought 2 shares at price 69,700 | Portfolio Value = 1,116,860.8 | Budget = 16,991.1 | inventory = 9
[ 2024-08-06 16:08:15,639 ] 192 : Sold 2 shares at price 70,300 | Profit = 7,000 | Portfolio Value = 1,135,391.1 | Budget = 157,520.8 | inventory = 8
[ 2024-08-06 16:08:15,653 ] 193 : Bought 1 shares at price 70,500 | Portfolio Value = 1,141,720.8 | Budget = 86,985.55 | inventory = 9
[ 2024-08-06 16:08:15,666 ] 194 : Bought 1 shares at price 70,400 | Portfolio Value = 1,144,485.55 | Budget = 16,550.35 | inventory = 10
[ 2024-08-06 16:08:15,720 ] 198 : Sold 1 shares at price 72,500 | Profit = 5,600 | Portfolio Value = 1,181,350.35 | Budget = 89,014.1 | inventory = 9
[ 2024-08-06 16:08:15,733 ] 199 : Sold 1 shares at price 72,700 | Profit = 2,300 | Portfolio Value = 1,176,514.1 | Budget = 161,677.75 | inventory = 8
[ 2024-08-06 16:08:15,747 ] 200 : Sold 4 shares at price 72,800 | Profit = 10,400 | Portfolio Value = 1,179,477.75 | Budget = 452,732.15 | inventory = 7
[ 2024-08-06 16:08:15,761 ] 201 : Bought 4 shares at price 72,800 | Portfolio Value = 1,180,732.15 | Budget = 161,386.55 | inventory = 8
[ 2024-08-06 16:08:15,801 ] 204 : Bought 1 shares at price 71,300 | Portfolio Value = 1,165,186.55 | Budget = 90,050.9 | inventory = 9
[ 2024-08-06 16:08:15,814 ] 205 : Bought 1 shares at price 72,700 | Portfolio Value = 1,159,550.9 | Budget = 17,314.55 | inventory = 10
[ 2024-08-06 16:08:15,907 ] 212 : Sold 1 shares at price 71,500 | Profit = 1,000 | Portfolio Value = 1,164,514.55 | Budget = 88,778.8 | inventory = 9
[ 2024-08-06 16:08:15,920 ] 213 : Sold 1 shares at price 72,600 | Profit = 3,100 | Portfolio Value = 1,161,278.8 | Budget = 161,342.5 | inventory = 8
[ 2024-08-06 16:08:15,949 ] 215 : Bought 1 shares at price 73,500 | Portfolio Value = 1,183,342.5 | Budget = 87,805.75 | inventory = 9
[ 2024-08-06 16:08:16,003 ] 219 : Sold 2 shares at price 72,900 | Profit = 8,800 | Portfolio Value = 1,187,305.75 | Budget = 233,532.85 | inventory = 8
[ 2024-08-06 16:08:16,017 ] 220 : Sold 2 shares at price 73,400 | Profit = 9,600 | Portfolio Value = 1,181,232.85 | Budget = 380,259.45 | inventory = 7
[ 2024-08-06 16:08:16,030 ] 221 : Bought 3 shares at price 74,800 | Portfolio Value = 1,187,659.45 | Budget = 155,747.25 | inventory = 8
[ 2024-08-06 16:08:16,044 ] 222 : Bought 2 shares at price 75,000 | Portfolio Value = 1,202,947.25 | Budget = 5,672.25 | inventory = 9
[ 2024-08-06 16:08:16,098 ] Episode: 1, Total Reward: 175,927.18, Total Profit: 175,900, Profit Rate: 17.59%
[ 2024-08-06 16:08:16,098 ] ----------------------------------------------------------------------------------------------------
[ 2024-08-06 16:08:16,112 ] 1 : Bought 3 shares at price 61,000 | Portfolio Value = 1,000,000 | Budget = 816,908.5 | inventory = 1
[ 2024-08-06 16:08:16,126 ] 2 : Bought 1 shares at price 61,800 | Portfolio Value = 999,908.5 | Budget = 755,077.6 | inventory = 2
[ 2024-08-06 16:08:16,139 ] 3 : Sold 3 shares at price 63,500 | Profit = 7,500 | Portfolio Value = 1,002,277.6 | Budget = 945,482.35 | inventory = 1
[ 2024-08-06 16:08:16,153 ] 4 : Bought 9 shares at price 63,800 | Portfolio Value = 1,008,982.35 | Budget = 370,995.25 | inventory = 2
[ 2024-08-06 16:08:16,167 ] 5 : Sold 1 shares at price 61,600 | Profit = -200 | Portfolio Value = 1,008,995.25 | Budget = 432,564.45 | inventory = 1
[ 2024-08-06 16:08:16,181 ] 6 : Bought 6 shares at price 61,900 | Portfolio Value = 986,964.45 | Budget = 60,978.75 | inventory = 2
[ 2024-08-06 16:08:16,302 ] 15 : Sold 9 shares at price 62,700 | Profit = -9,900 | Portfolio Value = 999,978.75 | Budget = 624,996.6 | inventory = 1
[ 2024-08-06 16:08:16,317 ] 16 : Sold 6 shares at price 62,100 | Profit = 1,200 | Portfolio Value = 1,001,196.6 | Budget = 997,410.3 | inventory = 0
[ 2024-08-06 16:08:16,330 ] 17 : Bought 4 shares at price 61,100 | Portfolio Value = 997,410.3 | Budget = 752,888.1 | inventory = 1
[ 2024-08-06 16:08:16,343 ] 18 : Bought 8 shares at price 62,000 | Portfolio Value = 997,288.1 | Budget = 256,640.1 | inventory = 2
[ 2024-08-06 16:08:16,371 ] 20 : Sold 4 shares at price 60,500 | Profit = -2,400 | Portfolio Value = 992,240.1 | Budget = 498,519.1 | inventory = 1
[ 2024-08-06 16:08:16,399 ] 22 : Sold 8 shares at price 60,800 | Profit = -9,600 | Portfolio Value = 983,319.1 | Budget = 984,675.9 | inventory = 0
[ 2024-08-06 16:08:16,425 ] 24 : Bought 13 shares at price 61,500 | Portfolio Value = 984,675.9 | Budget = 184,776.15 | inventory = 1
[ 2024-08-06 16:08:16,438 ] 25 : Bought 3 shares at price 60,700 | Portfolio Value = 984,276.15 | Budget = 2,585.1 | inventory = 2
[ 2024-08-06 16:08:16,520 ] 31 : Sold 13 shares at price 59,800 | Profit = -22,100 | Portfolio Value = 946,585.1 | Budget = 779,596.4 | inventory = 1
[ 2024-08-06 16:08:16,534 ] 32 : Sold 3 shares at price 59,900 | Profit = -2,400 | Portfolio Value = 958,996.4 | Budget = 959,206.55 | inventory = 0
[ 2024-08-06 16:08:16,575 ] 35 : Bought 7 shares at price 60,300 | Portfolio Value = 959,206.55 | Budget = 536,895.5 | inventory = 1
[ 2024-08-06 16:08:16,588 ] 36 : Sold 7 shares at price 61,100 | Profit = 5,600 | Portfolio Value = 958,995.5 | Budget = 964,381.65 | inventory = 0
[ 2024-08-06 16:08:16,601 ] 37 : Bought 14 shares at price 62,300 | Portfolio Value = 964,381.65 | Budget = 91,745.55 | inventory = 1
[ 2024-08-06 16:08:16,641 ] 40 : Sold 14 shares at price 62,900 | Profit = 8,400 | Portfolio Value = 961,145.55 | Budget = 971,905.25 | inventory = 0
[ 2024-08-06 16:08:16,667 ] 42 : Bought 2 shares at price 63,200 | Portfolio Value = 971,905.25 | Budget = 845,442.05 | inventory = 1
[ 2024-08-06 16:08:16,693 ] 44 : Bought 13 shares at price 63,100 | Portfolio Value = 973,442.05 | Budget = 24,731.9 | inventory = 2
[ 2024-08-06 16:08:16,705 ] 45 : Sold 2 shares at price 63,600 | Profit = 800 | Portfolio Value = 971,231.9 | Budget = 151,868.3 | inventory = 1
[ 2024-08-06 16:08:16,719 ] 46 : Bought 1 shares at price 63,900 | Portfolio Value = 978,668.3 | Budget = 87,936.35 | inventory = 2
[ 2024-08-06 16:08:16,731 ] 47 : Sold 13 shares at price 62,300 | Profit = -10,400 | Portfolio Value = 982,536.35 | Budget = 897,431.4 | inventory = 1
[ 2024-08-06 16:08:16,745 ] 48 : Bought 10 shares at price 65,000 | Portfolio Value = 959,731.4 | Budget = 247,106.4 | inventory = 2
[ 2024-08-06 16:08:16,758 ] 49 : Bought 3 shares at price 65,700 | Portfolio Value = 962,106.4 | Budget = 49,907.85 | inventory = 3
[ 2024-08-06 16:08:16,811 ] 53 : Sold 1 shares at price 65,100 | Profit = 1,200 | Portfolio Value = 975,307.85 | Budget = 114,975.3 | inventory = 2
[ 2024-08-06 16:08:16,823 ] 54 : Sold 10 shares at price 65,300 | Profit = 3,000 | Portfolio Value = 961,275.3 | Budget = 767,648.8 | inventory = 1
[ 2024-08-06 16:08:16,836 ] 55 : Sold 3 shares at price 65,600 | Profit = -300 | Portfolio Value = 963,548.8 | Budget = 964,350.4 | inventory = 0
[ 2024-08-06 16:08:16,888 ] 59 : Bought 1 shares at price 65,200 | Portfolio Value = 964,350.4 | Budget = 899,117.8 | inventory = 1
[ 2024-08-06 16:08:16,929 ] 62 : Bought 5 shares at price 64,600 | Portfolio Value = 963,217.8 | Budget = 575,956.3 | inventory = 2
[ 2024-08-06 16:08:16,956 ] 64 : Bought 7 shares at price 65,700 | Portfolio Value = 968,956.3 | Budget = 115,826.35 | inventory = 3
[ 2024-08-06 16:08:16,995 ] 67 : Sold 1 shares at price 65,900 | Profit = 700 | Portfolio Value = 962,126.35 | Budget = 181,693.4 | inventory = 2
[ 2024-08-06 16:08:17,049 ] 71 : Bought 2 shares at price 64,100 | Portfolio Value = 952,093.4 | Budget = 53,429.3 | inventory = 3
[ 2024-08-06 16:08:17,167 ] 80 : Sold 5 shares at price 68,800 | Profit = 21,000 | Portfolio Value = 1,012,429.3 | Budget = 397,257.3 | inventory = 2
[ 2024-08-06 16:08:17,180 ] 81 : Bought 5 shares at price 70,300 | Portfolio Value = 1,016,457.3 | Budget = 45,581.55 | inventory = 3
[ 2024-08-06 16:08:17,300 ] 90 : Sold 7 shares at price 71,000 | Profit = 37,100 | Portfolio Value = 1,053,581.55 | Budget = 542,333.05 | inventory = 2
[ 2024-08-06 16:08:17,313 ] 91 : Sold 2 shares at price 72,000 | Profit = 15,800 | Portfolio Value = 1,039,333.05 | Budget = 686,261.05 | inventory = 1
[ 2024-08-06 16:08:17,339 ] 93 : Bought 4 shares at price 71,500 | Portfolio Value = 1,045,761.05 | Budget = 400,118.05 | inventory = 2
[ 2024-08-06 16:08:17,366 ] 95 : Bought 5 shares at price 71,200 | Portfolio Value = 1,046,318.05 | Budget = 43,940.05 | inventory = 3
[ 2024-08-06 16:08:17,421 ] 99 : Sold 5 shares at price 71,600 | Profit = 6,500 | Portfolio Value = 1,042,140.05 | Budget = 401,761.05 | inventory = 2
[ 2024-08-06 16:08:17,434 ] 100 : Sold 4 shares at price 72,400 | Profit = 3,600 | Portfolio Value = 1,046,161.05 | Budget = 691,216.25 | inventory = 1
[ 2024-08-06 16:08:17,448 ] 101 : Bought 7 shares at price 72,600 | Portfolio Value = 1,053,216.25 | Budget = 182,762.15 | inventory = 2
[ 2024-08-06 16:08:17,461 ] 102 : Sold 5 shares at price 72,700 | Profit = 7,500 | Portfolio Value = 1,053,962.15 | Budget = 546,080.4 | inventory = 1
[ 2024-08-06 16:08:17,475 ] 103 : Bought 4 shares at price 72,400 | Portfolio Value = 1,054,980.4 | Budget = 256,335.6 | inventory = 2
[ 2024-08-06 16:08:17,503 ] 105 : Bought 1 shares at price 73,000 | Portfolio Value = 1,050,535.6 | Budget = 183,299.1 | inventory = 3
[ 2024-08-06 16:08:17,517 ] 106 : Bought 1 shares at price 73,000 | Portfolio Value = 1,059,299.1 | Budget = 110,262.6 | inventory = 4
[ 2024-08-06 16:08:17,572 ] 110 : Bought 1 shares at price 69,500 | Portfolio Value = 1,018,962.6 | Budget = 40,727.85 | inventory = 5
[ 2024-08-06 16:08:17,586 ] 111 : Sold 7 shares at price 71,500 | Profit = -7,700 | Portfolio Value = 1,013,727.85 | Budget = 540,977.6 | inventory = 4
[ 2024-08-06 16:08:17,599 ] 112 : Bought 1 shares at price 71,900 | Portfolio Value = 1,041,477.6 | Budget = 469,041.65 | inventory = 5
[ 2024-08-06 16:08:17,612 ] 113 : Bought 5 shares at price 71,900 | Portfolio Value = 1,044,241.65 | Budget = 109,361.9 | inventory = 6
[ 2024-08-06 16:08:17,640 ] 115 : Bought 1 shares at price 73,300 | Portfolio Value = 1,063,561.9 | Budget = 36,025.25 | inventory = 7
[ 2024-08-06 16:08:17,707 ] 120 : Sold 4 shares at price 70,400 | Profit = -8,000 | Portfolio Value = 1,020,225.25 | Budget = 317,484.45 | inventory = 6
[ 2024-08-06 16:08:17,721 ] 121 : Bought 4 shares at price 70,000 | Portfolio Value = 1,021,484.45 | Budget = 37,344.45 | inventory = 7
[ 2024-08-06 16:08:17,761 ] 124 : Sold 1 shares at price 70,600 | Profit = -2,400 | Portfolio Value = 1,041,144.45 | Budget = 107,909.15 | inventory = 6
[ 2024-08-06 16:08:17,774 ] 125 : Bought 1 shares at price 69,800 | Portfolio Value = 1,025,709.15 | Budget = 38,074.25 | inventory = 7
[ 2024-08-06 16:08:17,787 ] 126 : Sold 1 shares at price 71,100 | Profit = -1,900 | Portfolio Value = 1,015,274.25 | Budget = 109,138.7 | inventory = 6
[ 2024-08-06 16:08:17,801 ] 127 : Bought 1 shares at price 69,900 | Portfolio Value = 1,033,438.7 | Budget = 39,203.75 | inventory = 7
[ 2024-08-06 16:08:17,880 ] 133 : Sold 1 shares at price 68,000 | Profit = -1,500 | Portfolio Value = 1,003,803.75 | Budget = 107,169.75 | inventory = 6
[ 2024-08-06 16:08:17,906 ] 135 : Bought 1 shares at price 67,300 | Portfolio Value = 984,669.75 | Budget = 39,836.1 | inventory = 7
[ 2024-08-06 16:08:17,958 ] 139 : Sold 1 shares at price 66,600 | Profit = -5,300 | Portfolio Value = 968,036.1 | Budget = 106,402.8 | inventory = 6
[ 2024-08-06 16:08:17,987 ] 141 : Sold 5 shares at price 67,100 | Profit = -24,000 | Portfolio Value = 972,202.8 | Budget = 441,735.05 | inventory = 5
[ 2024-08-06 16:08:18,001 ] 142 : Sold 1 shares at price 68,200 | Profit = -5,100 | Portfolio Value = 978,535.05 | Budget = 509,900.95 | inventory = 4
[ 2024-08-06 16:08:18,080 ] 148 : Sold 4 shares at price 71,000 | Profit = 4,000 | Portfolio Value = 978,200.95 | Budget = 793,758.95 | inventory = 3
[ 2024-08-06 16:08:18,120 ] 151 : Bought 2 shares at price 70,000 | Portfolio Value = 1,005,858.95 | Budget = 653,688.95 | inventory = 4
[ 2024-08-06 16:08:18,147 ] 153 : Sold 1 shares at price 70,300 | Profit = 500 | Portfolio Value = 1,005,688.95 | Budget = 723,953.8 | inventory = 3
[ 2024-08-06 16:08:18,185 ] 156 : Sold 1 shares at price 70,900 | Profit = 1,000 | Portfolio Value = 1,005,953.8 | Budget = 794,818.35 | inventory = 2
[ 2024-08-06 16:08:18,200 ] 157 : Bought 8 shares at price 71,700 | Portfolio Value = 1,007,518.35 | Budget = 220,931.55 | inventory = 3
[ 2024-08-06 16:08:18,212 ] 158 : Bought 1 shares at price 72,000 | Portfolio Value = 1,009,631.55 | Budget = 148,895.55 | inventory = 4
[ 2024-08-06 16:08:18,240 ] 160 : Bought 1 shares at price 69,800 | Portfolio Value = 991,295.55 | Budget = 79,060.65 | inventory = 5
[ 2024-08-06 16:08:18,267 ] 162 : Bought 1 shares at price 68,900 | Portfolio Value = 983,860.65 | Budget = 10,126.2 | inventory = 6
[ 2024-08-06 16:08:18,308 ] 165 : Sold 1 shares at price 68,600 | Profit = 1,300 | Portfolio Value = 981,726.2 | Budget = 78,691.9 | inventory = 5
[ 2024-08-06 16:08:18,321 ] 166 : Bought 1 shares at price 68,400 | Portfolio Value = 970,491.9 | Budget = 10,257.7 | inventory = 6
[ 2024-08-06 16:08:18,509 ] 180 : Sold 2 shares at price 68,500 | Profit = -3,000 | Portfolio Value = 967,857.7 | Budget = 147,189.2 | inventory = 5
[ 2024-08-06 16:08:18,549 ] 183 : Sold 8 shares at price 67,300 | Profit = -35,200 | Portfolio Value = 947,589.2 | Budget = 685,320.0 | inventory = 4
[ 2024-08-06 16:08:18,575 ] 185 : Bought 2 shares at price 66,900 | Portfolio Value = 954,520.0 | Budget = 551,453.1 | inventory = 5
[ 2024-08-06 16:08:18,588 ] 186 : Sold 1 shares at price 68,600 | Profit = -3,400 | Portfolio Value = 952,853.1 | Budget = 620,018.8 | inventory = 4
[ 2024-08-06 16:08:18,602 ] 187 : Sold 1 shares at price 69,700 | Profit = -100 | Portfolio Value = 963,018.8 | Budget = 689,683.95 | inventory = 3
[ 2024-08-06 16:08:18,615 ] 188 : Bought 6 shares at price 69,600 | Portfolio Value = 968,483.95 | Budget = 271,875.15 | inventory = 4
[ 2024-08-06 16:08:18,627 ] 189 : Sold 1 shares at price 70,900 | Profit = 2,000 | Portfolio Value = 967,875.15 | Budget = 342,739.7 | inventory = 3
[ 2024-08-06 16:08:18,683 ] 193 : Bought 2 shares at price 70,500 | Portfolio Value = 975,439.7 | Budget = 201,669.2 | inventory = 4
[ 2024-08-06 16:08:18,696 ] 194 : Bought 2 shares at price 70,400 | Portfolio Value = 977,169.2 | Budget = 60,798.8 | inventory = 5
[ 2024-08-06 16:08:18,709 ] 195 : Sold 1 shares at price 70,800 | Profit = 2,400 | Portfolio Value = 975,998.8 | Budget = 131,563.4 | inventory = 4
[ 2024-08-06 16:08:18,722 ] 196 : Bought 1 shares at price 72,200 | Portfolio Value = 981,163.4 | Budget = 59,327.3 | inventory = 5
[ 2024-08-06 16:08:18,910 ] 210 : Sold 2 shares at price 71,200 | Profit = 8,600 | Portfolio Value = 1,003,127.3 | Budget = 201,656.1 | inventory = 4
[ 2024-08-06 16:08:18,938 ] 212 : Bought 2 shares at price 71,500 | Portfolio Value = 990,356.1 | Budget = 58,584.6 | inventory = 5
[ 2024-08-06 16:08:19,009 ] 217 : Sold 6 shares at price 73,100 | Profit = 21,000 | Portfolio Value = 1,004,984.6 | Budget = 496,965.3 | inventory = 4
[ 2024-08-06 16:08:19,023 ] 218 : Bought 6 shares at price 73,300 | Portfolio Value = 1,008,665.3 | Budget = 56,945.4 | inventory = 5
[ 2024-08-06 16:08:19,050 ] 220 : Sold 2 shares at price 73,400 | Profit = 5,800 | Portfolio Value = 1,004,645.4 | Budget = 203,672.0 | inventory = 4
[ 2024-08-06 16:08:19,064 ] 221 : Sold 2 shares at price 74,800 | Profit = 8,800 | Portfolio Value = 1,011,072.0 | Budget = 353,197.2 | inventory = 3
[ 2024-08-06 16:08:19,078 ] 222 : Sold 1 shares at price 75,000 | Profit = 2,800 | Portfolio Value = 1,026,397.2 | Budget = 428,159.7 | inventory = 2
[ 2024-08-06 16:08:19,106 ] 224 : Bought 1 shares at price 76,600 | Portfolio Value = 1,035,359.7 | Budget = 351,521.4 | inventory = 3
[ 2024-08-06 16:08:19,119 ] 225 : Bought 3 shares at price 78,000 | Portfolio Value = 1,040,921.4 | Budget = 117,404.4 | inventory = 4
[ 2024-08-06 16:08:19,131 ] 226 : Bought 1 shares at price 78,500 | Portfolio Value = 1,053,404.4 | Budget = 38,865.15 | inventory = 5
[ 2024-08-06 16:08:19,159 ] 2 : Bought 3 shares at price 61,800 | Portfolio Value = 1,000,000.0 | Budget = 814,507.3 | inventory = 1
[ 2024-08-06 16:08:19,185 ] 4 : Bought 11 shares at price 63,800 | Portfolio Value = 1,005,007.3 | Budget = 112,356.4 | inventory = 2
[ 2024-08-06 16:08:19,212 ] 6 : Bought 1 shares at price 61,900 | Portfolio Value = 974,756.4 | Budget = 50,425.45 | inventory = 3
[ 2024-08-06 16:08:19,304 ] 13 : Sold 3 shares at price 63,700 | Profit = 5,700 | Portfolio Value = 983,425.45 | Budget = 241,429.9 | inventory = 2
[ 2024-08-06 16:08:19,344 ] 16 : Sold 11 shares at price 62,100 | Profit = -18,700 | Portfolio Value = 993,829.9 | Budget = 924,188.35 | inventory = 1
[ 2024-08-06 16:08:19,371 ] 18 : Sold 1 shares at price 62,000 | Profit = 100 | Portfolio Value = 985,288.35 | Budget = 986,157.35 | inventory = 0
[ 2024-08-06 16:08:19,424 ] 22 : Bought 5 shares at price 60,800 | Portfolio Value = 986,157.35 | Budget = 682,005.35 | inventory = 1
[ 2024-08-06 16:08:19,451 ] 24 : Sold 5 shares at price 61,500 | Profit = 3,500 | Portfolio Value = 984,505.35 | Budget = 989,351.6 | inventory = 0
[ 2024-08-06 16:08:19,476 ] 26 : Bought 2 shares at price 60,300 | Portfolio Value = 989,351.6 | Budget = 868,691.3 | inventory = 1
[ 2024-08-06 16:08:19,491 ] 27 : Bought 8 shares at price 60,100 | Portfolio Value = 989,291.3 | Budget = 387,650.9 | inventory = 2
[ 2024-08-06 16:08:19,506 ] 28 : Bought 5 shares at price 59,500 | Portfolio Value = 988,650.9 | Budget = 90,002.15 | inventory = 3
[ 2024-08-06 16:08:19,519 ] 29 : Bought 1 shares at price 60,000 | Portfolio Value = 982,502.15 | Budget = 29,972.15 | inventory = 4
[ 2024-08-06 16:08:19,584 ] 34 : Sold 2 shares at price 60,200 | Profit = -200 | Portfolio Value = 1,010,772.15 | Budget = 150,311.95 | inventory = 3
[ 2024-08-06 16:08:19,622 ] 37 : Sold 8 shares at price 62,300 | Profit = 17,600 | Portfolio Value = 1,005,711.95 | Budget = 648,462.75 | inventory = 2
[ 2024-08-06 16:08:19,635 ] 38 : Sold 5 shares at price 63,000 | Profit = 17,500 | Portfolio Value = 1,022,262.75 | Budget = 963,305.25 | inventory = 1
[ 2024-08-06 16:08:19,662 ] 40 : Sold 1 shares at price 62,900 | Profit = 2,900 | Portfolio Value = 1,025,405.25 | Budget = 1,026,173.8 | inventory = 0
[ 2024-08-06 16:08:19,716 ] 44 : Bought 16 shares at price 63,100 | Portfolio Value = 1,026,173.8 | Budget = 16,069.0 | inventory = 1
[ 2024-08-06 16:08:19,755 ] 47 : Sold 16 shares at price 62,300 | Profit = -12,800 | Portfolio Value = 1,038,469.0 | Budget = 1,012,370.6 | inventory = 0
[ 2024-08-06 16:08:19,794 ] 50 : Bought 10 shares at price 65,900 | Portfolio Value = 1,012,370.6 | Budget = 353,041.1 | inventory = 1
[ 2024-08-06 16:08:19,808 ] 51 : Bought 1 shares at price 66,000 | Portfolio Value = 1,012,041.1 | Budget = 287,008.1 | inventory = 2
[ 2024-08-06 16:08:19,822 ] 52 : Sold 10 shares at price 66,100 | Profit = 2,000 | Portfolio Value = 1,013,008.1 | Budget = 947,677.6 | inventory = 1
[ 2024-08-06 16:08:19,834 ] 53 : Bought 3 shares at price 65,100 | Portfolio Value = 1,013,777.6 | Budget = 752,279.95 | inventory = 2
[ 2024-08-06 16:08:19,860 ] 55 : Sold 1 shares at price 65,600 | Profit = -400 | Portfolio Value = 1,013,479.95 | Budget = 817,847.15 | inventory = 1
[ 2024-08-06 16:08:19,873 ] 56 : Sold 3 shares at price 65,500 | Profit = 1,200 | Portfolio Value = 1,014,647.15 | Budget = 1,014,248.9 | inventory = 0
[ 2024-08-06 16:08:19,900 ] 58 : Bought 10 shares at price 65,700 | Portfolio Value = 1,014,248.9 | Budget = 356,920.4 | inventory = 1
[ 2024-08-06 16:08:19,913 ] 59 : Bought 3 shares at price 65,200 | Portfolio Value = 1,013,920.4 | Budget = 161,222.6 | inventory = 2
[ 2024-08-06 16:08:19,926 ] 60 : Bought 2 shares at price 63,600 | Portfolio Value = 1,008,822.6 | Budget = 33,959.0 | inventory = 3
[ 2024-08-06 16:08:19,939 ] 61 : Sold 10 shares at price 64,100 | Profit = -16,000 | Portfolio Value = 987,959.0 | Budget = 674,638.5 | inventory = 2
[ 2024-08-06 16:08:19,952 ] 62 : Bought 5 shares at price 64,600 | Portfolio Value = 995,138.5 | Budget = 351,477.0 | inventory = 3
[ 2024-08-06 16:08:20,005 ] 66 : Bought 2 shares at price 65,100 | Portfolio Value = 1,005,477.0 | Budget = 221,211.9 | inventory = 4
[ 2024-08-06 16:08:20,018 ] 67 : Sold 3 shares at price 65,900 | Profit = 2,100 | Portfolio Value = 1,002,411.9 | Budget = 418,813.05 | inventory = 3
[ 2024-08-06 16:08:20,046 ] 69 : Bought 6 shares at price 64,600 | Portfolio Value = 1,006,513.05 | Budget = 31,019.25 | inventory = 4
[ 2024-08-06 16:08:20,071 ] 71 : Sold 2 shares at price 64,100 | Profit = 1,000 | Portfolio Value = 994,019.25 | Budget = 159,155.15 | inventory = 3
[ 2024-08-06 16:08:20,096 ] 73 : Bought 2 shares at price 65,400 | Portfolio Value = 997,655.15 | Budget = 28,289.75 | inventory = 4
[ 2024-08-06 16:08:20,162 ] 78 : Sold 5 shares at price 68,400 | Profit = 19,000 | Portfolio Value = 1,055,789.75 | Budget = 370,118.75 | inventory = 3
[ 2024-08-06 16:08:20,175 ] 79 : Bought 5 shares at price 68,500 | Portfolio Value = 1,054,118.75 | Budget = 27,447.5 | inventory = 4
[ 2024-08-06 16:08:20,188 ] 80 : Sold 2 shares at price 68,800 | Profit = 7,400 | Portfolio Value = 1,054,947.5 | Budget = 164,978.7 | inventory = 3
[ 2024-08-06 16:08:20,201 ] 81 : Sold 6 shares at price 70,300 | Profit = 34,200 | Portfolio Value = 1,059,378.7 | Budget = 586,567.8 | inventory = 2
[ 2024-08-06 16:08:20,227 ] 83 : Bought 8 shares at price 71,400 | Portfolio Value = 1,092,667.8 | Budget = 15,082.2 | inventory = 3
[ 2024-08-06 16:08:20,254 ] 85 : Sold 2 shares at price 72,200 | Profit = 13,600 | Portfolio Value = 1,078,582.2 | Budget = 159,410.0 | inventory = 2
[ 2024-08-06 16:08:20,270 ] 86 : Bought 1 shares at price 71,700 | Portfolio Value = 1,098,010.0 | Budget = 87,674.15 | inventory = 3
[ 2024-08-06 16:08:20,284 ] 87 : Bought 1 shares at price 71,000 | Portfolio Value = 1,091,474.15 | Budget = 16,638.65 | inventory = 4
[ 2024-08-06 16:08:20,311 ] 89 : Sold 5 shares at price 72,000 | Profit = 17,500 | Portfolio Value = 1,080,138.65 | Budget = 376,458.65 | inventory = 3
[ 2024-08-06 16:08:20,350 ] 92 : Sold 8 shares at price 71,900 | Profit = 4,000 | Portfolio Value = 1,096,458.65 | Budget = 951,371.05 | inventory = 2
[ 2024-08-06 16:08:20,364 ] 93 : Bought 6 shares at price 71,500 | Portfolio Value = 1,095,171.05 | Budget = 522,156.55 | inventory = 3
[ 2024-08-06 16:08:20,377 ] 94 : Bought 1 shares at price 71,800 | Portfolio Value = 1,094,156.55 | Budget = 450,320.65 | inventory = 4
[ 2024-08-06 16:08:20,404 ] 96 : Bought 4 shares at price 71,400 | Portfolio Value = 1,091,120.65 | Budget = 164,577.85 | inventory = 5
[ 2024-08-06 16:08:20,431 ] 98 : Sold 1 shares at price 71,300 | Profit = -400 | Portfolio Value = 1,081,077.85 | Budget = 235,842.2 | inventory = 4
[ 2024-08-06 16:08:20,457 ] 100 : Sold 1 shares at price 72,400 | Profit = 1,400 | Portfolio Value = 1,095,042.2 | Budget = 308,206.0 | inventory = 3
[ 2024-08-06 16:08:20,496 ] 103 : Sold 6 shares at price 72,400 | Profit = 5,400 | Portfolio Value = 1,107,906.0 | Budget = 742,388.8 | inventory = 2
[ 2024-08-06 16:08:20,522 ] 105 : Bought 8 shares at price 73,000 | Portfolio Value = 1,103,388.8 | Budget = 158,096.8 | inventory = 3
[ 2024-08-06 16:08:20,548 ] 107 : Sold 1 shares at price 72,000 | Profit = 200 | Portfolio Value = 1,107,096.8 | Budget = 230,060.8 | inventory = 2
[ 2024-08-06 16:08:20,561 ] 108 : Sold 4 shares at price 71,600 | Profit = 800 | Portfolio Value = 1,094,060.8 | Budget = 516,317.6 | inventory = 1
[ 2024-08-06 16:08:20,574 ] 109 : Bought 7 shares at price 69,900 | Portfolio Value = 1,089,117.6 | Budget = 26,772.95 | inventory = 2
[ 2024-08-06 16:08:20,688 ] 117 : Sold 8 shares at price 71,700 | Profit = -10,400 | Portfolio Value = 1,106,772.95 | Budget = 600,086.15 | inventory = 1
[ 2024-08-06 16:08:20,717 ] 119 : Bought 7 shares at price 70,300 | Portfolio Value = 1,097,086.15 | Budget = 107,740.1 | inventory = 2
[ 2024-08-06 16:08:20,730 ] 120 : Bought 1 shares at price 70,400 | Portfolio Value = 1,091,940.1 | Budget = 37,304.9 | inventory = 3
[ 2024-08-06 16:08:20,848 ] 129 : Sold 7 shares at price 68,300 | Profit = -11,200 | Portfolio Value = 1,069,304.9 | Budget = 515,165.85 | inventory = 2
[ 2024-08-06 16:08:20,862 ] 130 : Sold 7 shares at price 68,500 | Profit = -12,600 | Portfolio Value = 1,061,565.85 | Budget = 994,426.1 | inventory = 1
[ 2024-08-06 16:08:20,875 ] 131 : Bought 6 shares at price 67,600 | Portfolio Value = 1,062,926.1 | Budget = 588,623.3 | inventory = 2
[ 2024-08-06 16:08:20,902 ] 133 : Bought 6 shares at price 68,000 | Portfolio Value = 1,070,923.3 | Budget = 180,419.3 | inventory = 3
[ 2024-08-06 16:08:20,968 ] 138 : Bought 2 shares at price 66,300 | Portfolio Value = 1,047,519.3 | Budget = 47,753.0 | inventory = 4
[ 2024-08-06 16:08:21,035 ] 143 : Sold 1 shares at price 67,100 | Profit = -3,300 | Portfolio Value = 1,070,753.0 | Budget = 114,819.45 | inventory = 3
[ 2024-08-06 16:08:21,048 ] 144 : Bought 1 shares at price 66,800 | Portfolio Value = 1,054,219.45 | Budget = 47,986.05 | inventory = 4
[ 2024-08-06 16:08:21,061 ] 145 : Sold 6 shares at price 66,800 | Profit = -4,800 | Portfolio Value = 1,049,986.05 | Budget = 448,585.65 | inventory = 3
[ 2024-08-06 16:08:21,074 ] 146 : Bought 2 shares at price 67,100 | Portfolio Value = 1,049,785.65 | Budget = 314,318.55 | inventory = 4
[ 2024-08-06 16:08:21,113 ] 149 : Bought 2 shares at price 71,200 | Portfolio Value = 1,095,318.55 | Budget = 171,847.35 | inventory = 5
[ 2024-08-06 16:08:21,165 ] 153 : Bought 1 shares at price 70,300 | Portfolio Value = 1,087,047.35 | Budget = 101,512.2 | inventory = 6
[ 2024-08-06 16:08:21,192 ] 155 : Bought 1 shares at price 70,500 | Portfolio Value = 1,092,712.2 | Budget = 30,976.95 | inventory = 7
[ 2024-08-06 16:08:21,336 ] 166 : Sold 6 shares at price 68,400 | Profit = 2,400 | Portfolio Value = 1,059,976.95 | Budget = 441,171.75 | inventory = 6
[ 2024-08-06 16:08:21,350 ] 167 : Bought 4 shares at price 67,500 | Portfolio Value = 1,056,771.75 | Budget = 171,036.75 | inventory = 7
[ 2024-08-06 16:08:21,364 ] 168 : Bought 1 shares at price 66,700 | Portfolio Value = 1,048,536.75 | Budget = 104,303.4 | inventory = 8
[ 2024-08-06 16:08:21,391 ] 170 : Bought 1 shares at price 66,400 | Portfolio Value = 1,028,303.4 | Budget = 37,870.2 | inventory = 9
[ 2024-08-06 16:08:21,469 ] 176 : Sold 2 shares at price 70,500 | Profit = 8,400 | Portfolio Value = 1,078,870.2 | Budget = 178,799.7 | inventory = 8
[ 2024-08-06 16:08:21,482 ] 177 : Bought 2 shares at price 69,500 | Portfolio Value = 1,095,299.7 | Budget = 39,730.2 | inventory = 9
[ 2024-08-06 16:08:21,535 ] 181 : Sold 1 shares at price 68,000 | Profit = 1,200 | Portfolio Value = 1,067,230.2 | Budget = 107,696.2 | inventory = 8
[ 2024-08-06 16:08:21,549 ] 182 : Bought 1 shares at price 66,700 | Portfolio Value = 1,059,696.2 | Budget = 40,962.85 | inventory = 9
[ 2024-08-06 16:08:21,709 ] 194 : Sold 2 shares at price 70,400 | Profit = 6,600 | Portfolio Value = 1,098,462.85 | Budget = 181,692.45 | inventory = 8
[ 2024-08-06 16:08:21,723 ] 195 : Bought 1 shares at price 70,800 | Portfolio Value = 1,096,892.45 | Budget = 110,857.05 | inventory = 9
[ 2024-08-06 16:08:21,737 ] 196 : Bought 1 shares at price 72,200 | Portfolio Value = 1,102,057.05 | Budget = 38,620.95 | inventory = 10
[ 2024-08-06 16:08:21,751 ] 197 : Sold 2 shares at price 72,800 | Profit = 3,200 | Portfolio Value = 1,121,620.95 | Budget = 184,148.15 | inventory = 9
[ 2024-08-06 16:08:21,764 ] 198 : Sold 1 shares at price 72,500 | Profit = 2,200 | Portfolio Value = 1,130,548.15 | Budget = 256,611.9 | inventory = 8
[ 2024-08-06 16:08:21,791 ] 200 : Bought 3 shares at price 72,800 | Portfolio Value = 1,129,011.9 | Budget = 38,102.7 | inventory = 9
[ 2024-08-06 16:08:21,805 ] 201 : Sold 1 shares at price 72,800 | Profit = 2,300 | Portfolio Value = 1,130,102.7 | Budget = 110,866.3 | inventory = 8
[ 2024-08-06 16:08:21,818 ] 202 : Bought 1 shares at price 72,400 | Portfolio Value = 1,130,066.3 | Budget = 38,430.1 | inventory = 9
[ 2024-08-06 16:08:21,923 ] 210 : Sold 4 shares at price 71,200 | Profit = 14,800 | Portfolio Value = 1,127,430.1 | Budget = 323,087.7 | inventory = 8
[ 2024-08-06 16:08:21,936 ] 211 : Sold 1 shares at price 71,700 | Profit = 5,000 | Portfolio Value = 1,106,287.7 | Budget = 394,751.85 | inventory = 7
[ 2024-08-06 16:08:21,976 ] 214 : Bought 4 shares at price 73,000 | Portfolio Value = 1,120,751.85 | Budget = 102,605.85 | inventory = 8
[ 2024-08-06 16:08:22,017 ] 217 : Bought 1 shares at price 73,100 | Portfolio Value = 1,121,805.85 | Budget = 29,469.3 | inventory = 9
[ 2024-08-06 16:08:22,057 ] 220 : Sold 1 shares at price 73,400 | Profit = 7,000 | Portfolio Value = 1,122,969.3 | Budget = 102,832.6 | inventory = 8
[ 2024-08-06 16:08:22,083 ] 222 : Bought 1 shares at price 75,000 | Portfolio Value = 1,150,032.6 | Budget = 27,795.1 | inventory = 9
[ 2024-08-06 16:08:22,109 ] 224 : Sold 2 shares at price 76,600 | Profit = 14,200 | Portfolio Value = 1,166,295.1 | Budget = 180,918.5 | inventory = 8
[ 2024-08-06 16:08:22,138 ] 226 : Bought 2 shares at price 78,500 | Portfolio Value = 1,194,918.5 | Budget = 23,840.0 | inventory = 9
[ 2024-08-06 16:08:22,150 ] 1 : Bought 2 shares at price 61,000 | Portfolio Value = 1,000,000 | Budget = 877,939.0 | inventory = 1
[ 2024-08-06 16:08:22,164 ] 2 : Bought 9 shares at price 61,800 | Portfolio Value = 999,939.0 | Budget = 321,460.9 | inventory = 2
[ 2024-08-06 16:08:22,178 ] 3 : Bought 5 shares at price 63,500 | Portfolio Value = 1,001,260.9 | Budget = 3,802.15 | inventory = 3
[ 2024-08-06 16:08:22,231 ] 7 : Sold 2 shares at price 63,100 | Profit = 4,200 | Portfolio Value = 994,202.15 | Budget = 129,939.05 | inventory = 2
[ 2024-08-06 16:08:22,243 ] 8 : Bought 1 shares at price 63,000 | Portfolio Value = 1,013,339.05 | Budget = 66,907.55 | inventory = 3
[ 2024-08-06 16:08:22,256 ] 9 : Bought 1 shares at price 62,800 | Portfolio Value = 1,011,907.55 | Budget = 4,076.15 | inventory = 4
[ 2024-08-06 16:08:22,375 ] 18 : Sold 9 shares at price 62,000 | Profit = 1,800 | Portfolio Value = 981,676.15 | Budget = 561,797.15 | inventory = 3
[ 2024-08-06 16:08:22,389 ] 19 : Sold 5 shares at price 61,300 | Profit = -11,000 | Portfolio Value = 995,797.15 | Budget = 868,143.9 | inventory = 2
[ 2024-08-06 16:08:22,404 ] 20 : Bought 11 shares at price 60,500 | Portfolio Value = 990,743.9 | Budget = 202,311.15 | inventory = 3
[ 2024-08-06 16:08:22,432 ] 22 : Bought 2 shares at price 60,800 | Portfolio Value = 990,111.15 | Budget = 80,650.35 | inventory = 4
[ 2024-08-06 16:08:22,445 ] 23 : Bought 1 shares at price 60,500 | Portfolio Value = 992,650.35 | Budget = 20,120.1 | inventory = 5
[ 2024-08-06 16:08:22,510 ] 28 : Sold 1 shares at price 59,500 | Profit = -3,500 | Portfolio Value = 981,720.1 | Budget = 79,590.35 | inventory = 4
[ 2024-08-06 16:08:22,563 ] 32 : Bought 1 shares at price 59,900 | Portfolio Value = 976,590.35 | Budget = 19,660.4 | inventory = 5
[ 2024-08-06 16:08:22,577 ] 33 : Sold 1 shares at price 61,300 | Profit = -1,500 | Portfolio Value = 978,060.4 | Budget = 80,929.75 | inventory = 4
[ 2024-08-06 16:08:22,591 ] 34 : Bought 1 shares at price 60,200 | Portfolio Value = 1,000,429.75 | Budget = 20,699.65 | inventory = 5
[ 2024-08-06 16:08:22,604 ] 35 : Sold 11 shares at price 60,300 | Profit = -2,200 | Portfolio Value = 983,899.65 | Budget = 683,668.0 | inventory = 4
[ 2024-08-06 16:08:22,631 ] 37 : Bought 3 shares at price 62,300 | Portfolio Value = 989,168.0 | Budget = 496,674.55 | inventory = 5
[ 2024-08-06 16:08:22,645 ] 38 : Bought 5 shares at price 63,000 | Portfolio Value = 995,074.55 | Budget = 181,517.05 | inventory = 6
[ 2024-08-06 16:08:22,658 ] 39 : Bought 1 shares at price 62,100 | Portfolio Value = 1,000,517.05 | Budget = 119,386.0 | inventory = 7
[ 2024-08-06 16:08:22,671 ] 40 : Sold 2 shares at price 62,900 | Profit = 4,200 | Portfolio Value = 988,786.0 | Budget = 245,123.1 | inventory = 6
[ 2024-08-06 16:08:22,698 ] 42 : Bought 1 shares at price 63,200 | Portfolio Value = 997,523.1 | Budget = 181,891.5 | inventory = 7
[ 2024-08-06 16:08:22,711 ] 43 : Bought 1 shares at price 64,000 | Portfolio Value = 1,003,491.5 | Budget = 117,859.5 | inventory = 8
[ 2024-08-06 16:08:22,752 ] 46 : Bought 1 shares at price 63,900 | Portfolio Value = 1,008,259.5 | Budget = 53,927.55 | inventory = 9
[ 2024-08-06 16:08:22,806 ] 50 : Sold 1 shares at price 65,900 | Profit = 5,400 | Portfolio Value = 1,039,427.55 | Budget = 119,794.6 | inventory = 8
[ 2024-08-06 16:08:22,848 ] 53 : Bought 1 shares at price 65,100 | Portfolio Value = 1,045,194.6 | Budget = 54,662.05 | inventory = 9
[ 2024-08-06 16:08:23,053 ] 68 : Sold 1 shares at price 65,300 | Profit = 5,400 | Portfolio Value = 1,043,162.05 | Budget = 119,929.4 | inventory = 8
[ 2024-08-06 16:08:23,070 ] 69 : Sold 1 shares at price 64,600 | Profit = 4,400 | Portfolio Value = 1,034,129.4 | Budget = 184,497.1 | inventory = 7
[ 2024-08-06 16:08:23,084 ] 70 : Bought 1 shares at price 64,200 | Portfolio Value = 1,024,297.1 | Budget = 120,265.0 | inventory = 8
[ 2024-08-06 16:08:23,099 ] 71 : Sold 3 shares at price 64,100 | Profit = 5,400 | Portfolio Value = 1,019,065.0 | Budget = 312,468.85 | inventory = 7
[ 2024-08-06 16:08:23,113 ] 72 : Bought 4 shares at price 64,500 | Portfolio Value = 1,017,568.85 | Budget = 54,339.85 | inventory = 8
[ 2024-08-06 16:08:23,140 ] 74 : Sold 5 shares at price 65,000 | Profit = 10,000 | Portfolio Value = 1,035,339.85 | Budget = 379,177.35 | inventory = 7
[ 2024-08-06 16:08:23,153 ] 75 : Bought 3 shares at price 66,200 | Portfolio Value = 1,029,177.35 | Budget = 180,478.05 | inventory = 8
[ 2024-08-06 16:08:23,207 ] 79 : Sold 1 shares at price 68,500 | Profit = 6,400 | Portfolio Value = 1,069,678.05 | Budget = 248,943.8 | inventory = 7
[ 2024-08-06 16:08:23,221 ] 80 : Bought 3 shares at price 68,800 | Portfolio Value = 1,070,943.8 | Budget = 42,440.6 | inventory = 8
[ 2024-08-06 16:08:23,235 ] 81 : Sold 1 shares at price 70,300 | Profit = 7,100 | Portfolio Value = 1,074,440.6 | Budget = 112,705.45 | inventory = 7
[ 2024-08-06 16:08:23,250 ] 82 : Sold 1 shares at price 72,300 | Profit = 8,300 | Portfolio Value = 1,096,905.45 | Budget = 184,969.3 | inventory = 6
[ 2024-08-06 16:08:23,289 ] 85 : Bought 1 shares at price 72,200 | Portfolio Value = 1,106,669.3 | Budget = 112,733.2 | inventory = 7
[ 2024-08-06 16:08:23,303 ] 86 : Sold 1 shares at price 71,700 | Profit = 7,800 | Portfolio Value = 1,123,533.2 | Budget = 184,397.35 | inventory = 6
[ 2024-08-06 16:08:23,330 ] 88 : Sold 1 shares at price 70,900 | Profit = 5,800 | Portfolio Value = 1,107,397.35 | Budget = 255,261.9 | inventory = 5
[ 2024-08-06 16:08:23,343 ] 89 : Bought 2 shares at price 72,000 | Portfolio Value = 1,106,061.9 | Budget = 111,189.9 | inventory = 6
[ 2024-08-06 16:08:23,357 ] 90 : Bought 1 shares at price 71,000 | Portfolio Value = 1,119,189.9 | Budget = 40,154.4 | inventory = 7
[ 2024-08-06 16:08:23,384 ] 92 : Sold 1 shares at price 71,900 | Profit = 7,700 | Portfolio Value = 1,120,154.4 | Budget = 112,018.45 | inventory = 6
[ 2024-08-06 16:08:23,411 ] 94 : Sold 4 shares at price 71,800 | Profit = 29,200 | Portfolio Value = 1,113,018.45 | Budget = 399,074.85 | inventory = 5
[ 2024-08-06 16:08:23,438 ] 96 : Bought 2 shares at price 71,400 | Portfolio Value = 1,111,074.85 | Budget = 256,203.45 | inventory = 6
[ 2024-08-06 16:08:23,451 ] 97 : Bought 1 shares at price 70,500 | Portfolio Value = 1,113,003.45 | Budget = 185,668.2 | inventory = 7
[ 2024-08-06 16:08:23,465 ] 98 : Bought 1 shares at price 71,300 | Portfolio Value = 1,102,168.2 | Budget = 114,332.55 | inventory = 8
[ 2024-08-06 16:08:23,480 ] 99 : Bought 1 shares at price 71,600 | Portfolio Value = 1,112,532.55 | Budget = 42,696.75 | inventory = 9
[ 2024-08-06 16:08:23,533 ] 103 : Sold 3 shares at price 72,400 | Profit = 18,600 | Portfolio Value = 1,133,196.75 | Budget = 259,788.15 | inventory = 8
[ 2024-08-06 16:08:23,575 ] 106 : Bought 1 shares at price 73,000 | Portfolio Value = 1,135,788.15 | Budget = 186,751.65 | inventory = 9
[ 2024-08-06 16:08:23,589 ] 107 : Bought 2 shares at price 72,000 | Portfolio Value = 1,135,751.65 | Budget = 42,679.65 | inventory = 10
[ 2024-08-06 16:08:23,656 ] 112 : Sold 3 shares at price 71,900 | Profit = 9,300 | Portfolio Value = 1,115,179.65 | Budget = 258,271.8 | inventory = 9
[ 2024-08-06 16:08:23,682 ] 114 : Bought 1 shares at price 73,400 | Portfolio Value = 1,121,071.8 | Budget = 184,835.1 | inventory = 10
[ 2024-08-06 16:08:23,696 ] 115 : Bought 1 shares at price 73,300 | Portfolio Value = 1,139,035.1 | Budget = 111,498.45 | inventory = 11
[ 2024-08-06 16:08:23,709 ] 116 : Bought 1 shares at price 72,000 | Portfolio Value = 1,137,698.45 | Budget = 39,462.45 | inventory = 12
[ 2024-08-06 16:08:23,736 ] 118 : Sold 1 shares at price 71,000 | Profit = -1,200 | Portfolio Value = 1,114,962.45 | Budget = 110,426.95 | inventory = 11
[ 2024-08-06 16:08:23,753 ] 119 : Sold 2 shares at price 70,300 | Profit = -3,400 | Portfolio Value = 1,104,426.95 | Budget = 250,956.65 | inventory = 10
[ 2024-08-06 16:08:23,767 ] 120 : Bought 1 shares at price 70,400 | Portfolio Value = 1,094,556.65 | Budget = 180,521.45 | inventory = 11
[ 2024-08-06 16:08:23,781 ] 121 : Bought 2 shares at price 70,000 | Portfolio Value = 1,095,721.45 | Budget = 40,451.45 | inventory = 12
[ 2024-08-06 16:08:23,808 ] 123 : Sold 1 shares at price 71,700 | Profit = 700 | Portfolio Value = 1,087,451.45 | Budget = 112,115.6 | inventory = 11
[ 2024-08-06 16:08:23,822 ] 124 : Bought 1 shares at price 70,600 | Portfolio Value = 1,115,915.6 | Budget = 41,480.3 | inventory = 12
[ 2024-08-06 16:08:23,850 ] 126 : Sold 2 shares at price 71,100 | Profit = -600 | Portfolio Value = 1,088,480.3 | Budget = 183,609.2 | inventory = 11
[ 2024-08-06 16:08:23,864 ] 127 : Bought 1 shares at price 69,900 | Portfolio Value = 1,107,909.2 | Budget = 113,674.25 | inventory = 12
[ 2024-08-06 16:08:23,877 ] 128 : Bought 1 shares at price 68,800 | Portfolio Value = 1,092,274.25 | Budget = 44,839.85 | inventory = 13
[ 2024-08-06 16:08:23,904 ] 130 : Sold 1 shares at price 68,500 | Profit = -2,000 | Portfolio Value = 1,069,339.85 | Budget = 113,305.6 | inventory = 12
[ 2024-08-06 16:08:23,931 ] 132 : Bought 1 shares at price 68,900 | Portfolio Value = 1,059,705.6 | Budget = 44,371.15 | inventory = 13
[ 2024-08-06 16:08:23,944 ] 133 : Sold 1 shares at price 68,000 | Profit = -3,300 | Portfolio Value = 1,077,871.15 | Budget = 112,337.15 | inventory = 12
[ 2024-08-06 16:08:23,957 ] 134 : Bought 1 shares at price 67,500 | Portfolio Value = 1,064,337.15 | Budget = 44,803.4 | inventory = 13
[ 2024-08-06 16:08:23,982 ] 136 : Sold 1 shares at price 67,000 | Profit = -4,600 | Portfolio Value = 1,054,303.4 | Budget = 111,769.9 | inventory = 12
[ 2024-08-06 16:08:23,995 ] 137 : Bought 1 shares at price 66,700 | Portfolio Value = 1,049,769.9 | Budget = 45,036.55 | inventory = 13
[ 2024-08-06 16:08:24,141 ] 148 : Sold 1 shares at price 71,000 | Profit = -2,000 | Portfolio Value = 1,048,536.55 | Budget = 116,001.05 | inventory = 12
[ 2024-08-06 16:08:24,179 ] 151 : Sold 2 shares at price 70,000 | Profit = -4,000 | Portfolio Value = 1,105,801.05 | Budget = 255,931.05 | inventory = 11
[ 2024-08-06 16:08:24,191 ] 152 : Sold 1 shares at price 70,400 | Profit = -3,000 | Portfolio Value = 1,095,931.05 | Budget = 326,295.85 | inventory = 10
[ 2024-08-06 16:08:24,219 ] 154 : Bought 3 shares at price 70,800 | Portfolio Value = 1,099,595.85 | Budget = 113,789.65 | inventory = 11
[ 2024-08-06 16:08:24,232 ] 155 : Bought 1 shares at price 70,500 | Portfolio Value = 1,104,989.65 | Budget = 43,254.4 | inventory = 12
[ 2024-08-06 16:08:24,285 ] 159 : Sold 1 shares at price 70,200 | Profit = -3,100 | Portfolio Value = 1,123,254.4 | Budget = 113,419.3 | inventory = 11
[ 2024-08-06 16:08:24,311 ] 161 : Bought 1 shares at price 69,600 | Portfolio Value = 1,090,619.3 | Budget = 43,784.5 | inventory = 12
[ 2024-08-06 16:08:24,430 ] 170 : Sold 1 shares at price 66,400 | Profit = -5,600 | Portfolio Value = 1,033,784.5 | Budget = 110,151.3 | inventory = 11
[ 2024-08-06 16:08:24,445 ] 171 : Bought 1 shares at price 68,200 | Portfolio Value = 1,039,751.3 | Budget = 41,917.2 | inventory = 12
[ 2024-08-06 16:08:24,484 ] 174 : Sold 1 shares at price 67,300 | Profit = -3,100 | Portfolio Value = 1,061,917.2 | Budget = 109,183.55 | inventory = 11
[ 2024-08-06 16:08:24,497 ] 175 : Bought 1 shares at price 69,400 | Portfolio Value = 1,051,383.55 | Budget = 39,748.85 | inventory = 12
[ 2024-08-06 16:08:24,510 ] 176 : Sold 2 shares at price 70,500 | Profit = 1,000 | Portfolio Value = 1,080,748.85 | Budget = 180,678.35 | inventory = 11
[ 2024-08-06 16:08:24,524 ] 177 : Bought 2 shares at price 69,500 | Portfolio Value = 1,097,178.35 | Budget = 41,608.85 | inventory = 12
[ 2024-08-06 16:08:25,033 ] 215 : Sold 1 shares at price 73,500 | Profit = 2,900 | Portfolio Value = 1,136,608.85 | Budget = 115,072.1 | inventory = 11
[ 2024-08-06 16:08:25,059 ] 217 : Bought 1 shares at price 73,100 | Portfolio Value = 1,134,272.1 | Budget = 41,935.55 | inventory = 12
[ 2024-08-06 16:08:25,098 ] 220 : Sold 1 shares at price 73,400 | Profit = 3,500 | Portfolio Value = 1,135,435.55 | Budget = 115,298.85 | inventory = 11
[ 2024-08-06 16:08:25,125 ] 222 : Bought 1 shares at price 75,000 | Portfolio Value = 1,162,498.85 | Budget = 40,261.35 | inventory = 12
[ 2024-08-06 16:08:25,241 ] 3 : Bought 4 shares at price 63,500 | Portfolio Value = 1,000,000.0 | Budget = 745,873.0 | inventory = 1
[ 2024-08-06 16:08:25,255 ] 4 : Bought 9 shares at price 63,800 | Portfolio Value = 999,873.0 | Budget = 171,385.9 | inventory = 2
[ 2024-08-06 16:08:25,335 ] 9 : Bought 1 shares at price 62,800 | Portfolio Value = 990,385.9 | Budget = 108,554.5 | inventory = 3
[ 2024-08-06 16:08:25,349 ] 10 : Bought 1 shares at price 62,900 | Portfolio Value = 987,754.5 | Budget = 45,623.05 | inventory = 4
[ 2024-08-06 16:08:25,402 ] 14 : Sold 4 shares at price 62,600 | Profit = -3,600 | Portfolio Value = 1,001,123.05 | Budget = 295,897.85 | inventory = 3
[ 2024-08-06 16:08:25,416 ] 15 : Sold 9 shares at price 62,700 | Profit = -9,900 | Portfolio Value = 984,497.85 | Budget = 859,915.7 | inventory = 2
[ 2024-08-06 16:08:25,443 ] 17 : Bought 9 shares at price 61,100 | Portfolio Value = 984,115.7 | Budget = 309,740.75 | inventory = 3
[ 2024-08-06 16:08:25,469 ] 19 : Sold 1 shares at price 61,300 | Profit = -1,500 | Portfolio Value = 991,740.75 | Budget = 371,010.1 | inventory = 2
[ 2024-08-06 16:08:25,483 ] 20 : Bought 6 shares at price 60,500 | Portfolio Value = 984,010.1 | Budget = 7,828.6 | inventory = 3
[ 2024-08-06 16:08:25,497 ] 21 : Sold 1 shares at price 60,600 | Profit = -2,300 | Portfolio Value = 975,828.6 | Budget = 68,398.3 | inventory = 2
[ 2024-08-06 16:08:25,524 ] 23 : Bought 1 shares at price 60,500 | Portfolio Value = 980,398.3 | Budget = 7,868.05 | inventory = 3
[ 2024-08-06 16:08:25,603 ] 29 : Sold 9 shares at price 60,000 | Profit = -9,900 | Portfolio Value = 959,868.05 | Budget = 547,598.05 | inventory = 2
[ 2024-08-06 16:08:25,630 ] 31 : Bought 5 shares at price 59,800 | Portfolio Value = 960,598.05 | Budget = 248,448.55 | inventory = 3
[ 2024-08-06 16:08:25,644 ] 32 : Bought 2 shares at price 59,900 | Portfolio Value = 966,048.55 | Budget = 128,588.65 | inventory = 4
[ 2024-08-06 16:08:25,670 ] 34 : Sold 6 shares at price 60,200 | Profit = -1,800 | Portfolio Value = 986,788.65 | Budget = 489,608.05 | inventory = 3
[ 2024-08-06 16:08:25,710 ] 37 : Bought 3 shares at price 62,300 | Portfolio Value = 978,408.05 | Budget = 302,614.6 | inventory = 4
[ 2024-08-06 16:08:25,737 ] 39 : Bought 2 shares at price 62,100 | Portfolio Value = 995,614.6 | Budget = 178,352.5 | inventory = 5
[ 2024-08-06 16:08:25,750 ] 40 : Sold 1 shares at price 62,900 | Profit = 2,400 | Portfolio Value = 985,652.5 | Budget = 241,221.05 | inventory = 4
[ 2024-08-06 16:08:25,763 ] 41 : Bought 2 shares at price 62,700 | Portfolio Value = 996,021.05 | Budget = 115,758.35 | inventory = 5
[ 2024-08-06 16:08:25,804 ] 44 : Bought 1 shares at price 63,100 | Portfolio Value = 1,011,758.35 | Budget = 52,626.8 | inventory = 6
[ 2024-08-06 16:08:25,859 ] 48 : Sold 5 shares at price 65,000 | Profit = 26,000 | Portfolio Value = 987,126.8 | Budget = 377,464.3 | inventory = 5
[ 2024-08-06 16:08:25,872 ] 49 : Bought 2 shares at price 65,700 | Portfolio Value = 1,027,464.3 | Budget = 245,998.6 | inventory = 6
[ 2024-08-06 16:08:25,886 ] 50 : Sold 2 shares at price 65,900 | Profit = 12,000 | Portfolio Value = 1,034,398.6 | Budget = 377,732.7 | inventory = 5
[ 2024-08-06 16:08:25,912 ] 52 : Bought 1 shares at price 66,100 | Portfolio Value = 1,037,732.7 | Budget = 311,599.65 | inventory = 6
[ 2024-08-06 16:08:25,925 ] 53 : Bought 4 shares at price 65,100 | Portfolio Value = 1,038,699.65 | Budget = 51,069.45 | inventory = 7
[ 2024-08-06 16:08:25,965 ] 56 : Sold 3 shares at price 65,500 | Profit = 9,600 | Portfolio Value = 1,035,069.45 | Budget = 247,471.2 | inventory = 6
[ 2024-08-06 16:08:25,993 ] 58 : Bought 1 shares at price 65,700 | Portfolio Value = 1,031,071.2 | Budget = 181,738.35 | inventory = 7
[ 2024-08-06 16:08:26,020 ] 60 : Bought 1 shares at price 63,600 | Portfolio Value = 1,029,338.35 | Budget = 118,106.55 | inventory = 8
[ 2024-08-06 16:08:26,059 ] 63 : Bought 1 shares at price 65,500 | Portfolio Value = 1,022,506.55 | Budget = 52,573.8 | inventory = 9
[ 2024-08-06 16:08:26,112 ] 67 : Sold 2 shares at price 65,900 | Profit = 7,600 | Portfolio Value = 1,029,073.8 | Budget = 184,307.9 | inventory = 8
[ 2024-08-06 16:08:26,125 ] 68 : Sold 2 shares at price 65,300 | Profit = 5,200 | Portfolio Value = 1,041,007.9 | Budget = 314,842.6 | inventory = 7
[ 2024-08-06 16:08:26,139 ] 69 : Sold 1 shares at price 64,600 | Profit = 1,500 | Portfolio Value = 1,033,142.6 | Budget = 379,410.3 | inventory = 6
[ 2024-08-06 16:08:26,152 ] 70 : Bought 2 shares at price 64,200 | Portfolio Value = 1,025,410.3 | Budget = 250,946.1 | inventory = 7
[ 2024-08-06 16:08:26,193 ] 73 : Bought 1 shares at price 65,400 | Portfolio Value = 1,024,946.1 | Budget = 185,513.4 | inventory = 8
[ 2024-08-06 16:08:26,219 ] 75 : Bought 2 shares at price 66,200 | Portfolio Value = 1,030,513.4 | Budget = 53,047.2 | inventory = 9
[ 2024-08-06 16:08:26,365 ] 86 : Sold 2 shares at price 71,700 | Profit = 12,000 | Portfolio Value = 1,136,047.2 | Budget = 196,375.5 | inventory = 8
[ 2024-08-06 16:08:26,417 ] 90 : Bought 1 shares at price 71,000 | Portfolio Value = 1,132,375.5 | Budget = 125,340.0 | inventory = 9
[ 2024-08-06 16:08:26,457 ] 93 : Bought 1 shares at price 71,500 | Portfolio Value = 1,131,940.0 | Budget = 53,804.25 | inventory = 10
[ 2024-08-06 16:08:26,483 ] 95 : Sold 1 shares at price 71,200 | Profit = 5,100 | Portfolio Value = 1,130,804.25 | Budget = 124,968.65 | inventory = 9
[ 2024-08-06 16:08:26,510 ] 97 : Bought 1 shares at price 70,500 | Portfolio Value = 1,124,568.65 | Budget = 54,433.4 | inventory = 10
[ 2024-08-06 16:08:26,537 ] 99 : Sold 4 shares at price 71,600 | Profit = 26,000 | Portfolio Value = 1,123,933.4 | Budget = 340,690.2 | inventory = 9
[ 2024-08-06 16:08:26,550 ] 100 : Bought 2 shares at price 72,400 | Portfolio Value = 1,128,290.2 | Budget = 195,817.8 | inventory = 10
[ 2024-08-06 16:08:26,564 ] 101 : Bought 2 shares at price 72,600 | Portfolio Value = 1,137,017.8 | Budget = 50,545.2 | inventory = 11
[ 2024-08-06 16:08:26,591 ] 103 : Sold 1 shares at price 72,400 | Profit = 6,700 | Portfolio Value = 1,141,045.2 | Budget = 122,909.0 | inventory = 10
[ 2024-08-06 16:08:26,604 ] 104 : Sold 1 shares at price 72,200 | Profit = 8,600 | Portfolio Value = 1,136,509.0 | Budget = 195,072.9 | inventory = 9
[ 2024-08-06 16:08:26,618 ] 105 : Bought 2 shares at price 73,000 | Portfolio Value = 1,133,672.9 | Budget = 48,999.9 | inventory = 10
[ 2024-08-06 16:08:26,658 ] 108 : Sold 1 shares at price 71,600 | Profit = 6,100 | Portfolio Value = 1,128,999.9 | Budget = 120,564.1 | inventory = 9
[ 2024-08-06 16:08:26,671 ] 109 : Sold 2 shares at price 69,900 | Profit = 11,400 | Portfolio Value = 1,122,964.1 | Budget = 260,294.2 | inventory = 8
[ 2024-08-06 16:08:26,697 ] 111 : Bought 1 shares at price 71,500 | Portfolio Value = 1,094,294.2 | Budget = 188,758.45 | inventory = 9
[ 2024-08-06 16:08:26,710 ] 112 : Sold 1 shares at price 71,900 | Profit = 6,500 | Portfolio Value = 1,118,258.45 | Budget = 260,622.5 | inventory = 8
[ 2024-08-06 16:08:26,736 ] 114 : Bought 1 shares at price 73,400 | Portfolio Value = 1,123,422.5 | Budget = 187,185.8 | inventory = 9
[ 2024-08-06 16:08:26,750 ] 115 : Bought 1 shares at price 73,300 | Portfolio Value = 1,141,385.8 | Budget = 113,849.15 | inventory = 10
[ 2024-08-06 16:08:26,802 ] 119 : Sold 2 shares at price 70,300 | Profit = 8,200 | Portfolio Value = 1,107,849.15 | Budget = 254,378.85 | inventory = 9
[ 2024-08-06 16:08:26,815 ] 120 : Sold 1 shares at price 70,400 | Profit = -600 | Portfolio Value = 1,097,978.85 | Budget = 324,743.65 | inventory = 8
[ 2024-08-06 16:08:26,828 ] 121 : Bought 1 shares at price 70,000 | Portfolio Value = 1,099,143.65 | Budget = 254,708.65 | inventory = 9
[ 2024-08-06 16:08:26,842 ] 122 : Bought 3 shares at price 69,800 | Portfolio Value = 1,094,708.65 | Budget = 45,203.95 | inventory = 10
[ 2024-08-06 16:08:26,856 ] 123 : Sold 1 shares at price 71,700 | Profit = 200 | Portfolio Value = 1,092,203.95 | Budget = 116,868.1 | inventory = 9
[ 2024-08-06 16:08:26,871 ] 124 : Bought 1 shares at price 70,600 | Portfolio Value = 1,120,668.1 | Budget = 46,232.8 | inventory = 10
[ 2024-08-06 16:08:27,002 ] 134 : Sold 1 shares at price 67,500 | Profit = -3,000 | Portfolio Value = 1,066,232.8 | Budget = 113,699.05 | inventory = 9
[ 2024-08-06 16:08:27,054 ] 138 : Bought 1 shares at price 66,300 | Portfolio Value = 1,047,499.05 | Budget = 47,365.9 | inventory = 10
[ 2024-08-06 16:08:27,093 ] 141 : Sold 2 shares at price 67,100 | Profit = -10,600 | Portfolio Value = 1,046,365.9 | Budget = 181,498.8 | inventory = 9
[ 2024-08-06 16:08:27,107 ] 142 : Bought 2 shares at price 68,200 | Portfolio Value = 1,053,798.8 | Budget = 45,030.6 | inventory = 10
[ 2024-08-06 16:08:27,148 ] 145 : Sold 2 shares at price 66,800 | Profit = -11,600 | Portfolio Value = 1,047,030.6 | Budget = 178,563.8 | inventory = 9
[ 2024-08-06 16:08:27,173 ] 147 : Bought 1 shares at price 66,900 | Portfolio Value = 1,050,863.8 | Budget = 111,630.35 | inventory = 10
[ 2024-08-06 16:08:27,186 ] 148 : Sold 2 shares at price 71,000 | Profit = -4,000 | Portfolio Value = 1,048,230.35 | Budget = 253,559.35 | inventory = 9
[ 2024-08-06 16:08:27,198 ] 149 : Sold 1 shares at price 71,200 | Profit = -300 | Portfolio Value = 1,105,559.35 | Budget = 324,723.75 | inventory = 8
[ 2024-08-06 16:08:27,212 ] 150 : Bought 4 shares at price 70,700 | Portfolio Value = 1,107,923.75 | Budget = 41,782.35 | inventory = 9
[ 2024-08-06 16:08:27,225 ] 151 : Sold 1 shares at price 70,000 | Profit = -3,400 | Portfolio Value = 1,102,282.35 | Budget = 111,747.35 | inventory = 8
[ 2024-08-06 16:08:27,252 ] 153 : Bought 1 shares at price 70,300 | Portfolio Value = 1,097,347.35 | Budget = 41,412.2 | inventory = 9
[ 2024-08-06 16:08:27,318 ] 158 : Sold 1 shares at price 72,000 | Profit = -1,300 | Portfolio Value = 1,116,912.2 | Budget = 113,376.2 | inventory = 8
[ 2024-08-06 16:08:27,331 ] 159 : Bought 1 shares at price 70,200 | Portfolio Value = 1,121,376.2 | Budget = 43,141.1 | inventory = 9
[ 2024-08-06 16:08:27,489 ] 171 : Sold 1 shares at price 68,200 | Profit = -1,800 | Portfolio Value = 1,039,141.1 | Budget = 111,307.0 | inventory = 8
[ 2024-08-06 16:08:27,515 ] 173 : Bought 1 shares at price 68,000 | Portfolio Value = 1,075,907.0 | Budget = 43,273.0 | inventory = 9
[ 2024-08-06 16:08:27,555 ] 176 : Sold 3 shares at price 70,500 | Profit = 2,100 | Portfolio Value = 1,084,273.0 | Budget = 254,667.25 | inventory = 8
[ 2024-08-06 16:08:27,568 ] 177 : Bought 3 shares at price 69,500 | Portfolio Value = 1,100,667.25 | Budget = 46,063.0 | inventory = 9
[ 2024-08-06 16:08:27,608 ] 180 : Sold 1 shares at price 68,500 | Profit = -2,100 | Portfolio Value = 1,072,063.0 | Budget = 114,528.75 | inventory = 8
[ 2024-08-06 16:08:27,622 ] 181 : Bought 1 shares at price 68,000 | Portfolio Value = 1,073,528.75 | Budget = 46,494.75 | inventory = 9
[ 2024-08-06 16:08:27,674 ] 185 : Sold 1 shares at price 66,900 | Profit = 600 | Portfolio Value = 1,055,994.75 | Budget = 113,361.3 | inventory = 8
[ 2024-08-06 16:08:27,687 ] 186 : Bought 1 shares at price 68,600 | Portfolio Value = 1,049,961.3 | Budget = 44,727.0 | inventory = 9
[ 2024-08-06 16:08:27,713 ] 188 : Sold 2 shares at price 69,600 | Profit = 2,800 | Portfolio Value = 1,090,227.0 | Budget = 183,857.4 | inventory = 8
[ 2024-08-06 16:08:27,727 ] 189 : Bought 1 shares at price 70,900 | Portfolio Value = 1,088,657.4 | Budget = 112,921.95 | inventory = 9
[ 2024-08-06 16:08:27,741 ] 190 : Bought 1 shares at price 70,900 | Portfolio Value = 1,105,521.95 | Budget = 41,986.5 | inventory = 10
[ 2024-08-06 16:08:27,806 ] 195 : Sold 1 shares at price 70,800 | Profit = 3,900 | Portfolio Value = 1,097,986.5 | Budget = 112,751.1 | inventory = 9
[ 2024-08-06 16:08:27,820 ] 196 : Bought 1 shares at price 72,200 | Portfolio Value = 1,103,951.1 | Budget = 40,515.0 | inventory = 10
[ 2024-08-06 16:08:27,847 ] 198 : Sold 4 shares at price 72,500 | Profit = 7,200 | Portfolio Value = 1,132,515.0 | Budget = 330,370.0 | inventory = 9
[ 2024-08-06 16:08:27,860 ] 199 : Bought 3 shares at price 72,700 | Portfolio Value = 1,127,870.0 | Budget = 112,160.95 | inventory = 10
[ 2024-08-06 16:08:27,874 ] 200 : Bought 1 shares at price 72,800 | Portfolio Value = 1,129,960.95 | Budget = 39,324.55 | inventory = 11
[ 2024-08-06 16:08:27,886 ] 201 : Sold 1 shares at price 72,800 | Profit = 2,500 | Portfolio Value = 1,131,324.55 | Budget = 112,088.15 | inventory = 10
[ 2024-08-06 16:08:27,926 ] 204 : Sold 1 shares at price 71,300 | Profit = 1,100 | Portfolio Value = 1,115,888.15 | Budget = 183,352.5 | inventory = 9
[ 2024-08-06 16:08:27,940 ] 205 : Bought 2 shares at price 72,700 | Portfolio Value = 1,110,252.5 | Budget = 37,879.8 | inventory = 10
[ 2024-08-06 16:08:27,966 ] 207 : Sold 1 shares at price 72,800 | Profit = 4,800 | Portfolio Value = 1,128,379.8 | Budget = 110,643.4 | inventory = 9
[ 2024-08-06 16:08:27,993 ] 209 : Bought 1 shares at price 72,600 | Portfolio Value = 1,118,643.4 | Budget = 38,007.1 | inventory = 10
[ 2024-08-06 16:08:28,098 ] 217 : Sold 3 shares at price 73,100 | Profit = 10,800 | Portfolio Value = 1,130,007.1 | Budget = 257,197.45 | inventory = 9
[ 2024-08-06 16:08:28,110 ] 218 : Sold 1 shares at price 73,300 | Profit = 5,300 | Portfolio Value = 1,134,397.45 | Budget = 330,460.8 | inventory = 8
[ 2024-08-06 16:08:28,124 ] 219 : Bought 3 shares at price 72,900 | Portfolio Value = 1,136,760.8 | Budget = 111,651.45 | inventory = 9
[ 2024-08-06 16:08:28,137 ] 220 : Bought 1 shares at price 73,400 | Portfolio Value = 1,132,251.45 | Budget = 38,214.75 | inventory = 10
[ 2024-08-06 16:08:28,268 ] 4 : Bought 13 shares at price 63,800 | Portfolio Value = 1,000,000.0 | Budget = 170,185.3 | inventory = 1
[ 2024-08-06 16:08:28,307 ] 7 : Sold 13 shares at price 63,100 | Profit = -9,100 | Portfolio Value = 974,885.3 | Budget = 990,075.15 | inventory = 0
[ 2024-08-06 16:08:28,320 ] 8 : Bought 9 shares at price 63,000 | Portfolio Value = 990,075.15 | Budget = 422,791.65 | inventory = 1
[ 2024-08-06 16:08:28,333 ] 9 : Bought 5 shares at price 62,800 | Portfolio Value = 989,791.65 | Budget = 108,634.65 | inventory = 2
[ 2024-08-06 16:08:28,347 ] 10 : Bought 1 shares at price 62,900 | Portfolio Value = 987,834.65 | Budget = 45,703.2 | inventory = 3
[ 2024-08-06 16:08:28,400 ] 14 : Sold 9 shares at price 62,600 | Profit = -3,600 | Portfolio Value = 1,001,203.2 | Budget = 608,821.5 | inventory = 2
[ 2024-08-06 16:08:28,413 ] 15 : Bought 9 shares at price 62,700 | Portfolio Value = 984,421.5 | Budget = 44,239.35 | inventory = 3
[ 2024-08-06 16:08:28,427 ] 16 : Sold 5 shares at price 62,100 | Profit = -3,500 | Portfolio Value = 984,739.35 | Budget = 354,584.1 | inventory = 2
[ 2024-08-06 16:08:28,441 ] 17 : Bought 3 shares at price 61,100 | Portfolio Value = 975,584.1 | Budget = 171,192.45 | inventory = 3
[ 2024-08-06 16:08:28,454 ] 18 : Bought 2 shares at price 62,000 | Portfolio Value = 965,492.45 | Budget = 47,130.45 | inventory = 4
[ 2024-08-06 16:08:28,508 ] 22 : Sold 1 shares at price 60,800 | Profit = -2,100 | Portfolio Value = 956,130.45 | Budget = 107,900.05 | inventory = 3
[ 2024-08-06 16:08:28,521 ] 23 : Bought 1 shares at price 60,500 | Portfolio Value = 959,100.05 | Budget = 47,369.8 | inventory = 4
[ 2024-08-06 16:08:28,547 ] 25 : Sold 9 shares at price 60,700 | Profit = -18,000 | Portfolio Value = 969,869.8 | Budget = 593,396.65 | inventory = 3
[ 2024-08-06 16:08:28,561 ] 26 : Bought 3 shares at price 60,300 | Portfolio Value = 957,596.65 | Budget = 412,406.2 | inventory = 4
[ 2024-08-06 16:08:28,587 ] 28 : Sold 3 shares at price 59,500 | Profit = -4,800 | Portfolio Value = 953,306.2 | Budget = 590,816.95 | inventory = 3
[ 2024-08-06 16:08:28,600 ] 29 : Bought 4 shares at price 60,000 | Portfolio Value = 947,816.95 | Budget = 350,696.95 | inventory = 4
[ 2024-08-06 16:08:28,627 ] 31 : Sold 2 shares at price 59,800 | Profit = -4,400 | Portfolio Value = 940,696.95 | Budget = 470,237.15 | inventory = 3
[ 2024-08-06 16:08:28,666 ] 34 : Bought 2 shares at price 60,200 | Portfolio Value = 960,637.15 | Budget = 349,776.95 | inventory = 4
[ 2024-08-06 16:08:28,692 ] 36 : Bought 2 shares at price 61,100 | Portfolio Value = 952,776.95 | Budget = 227,515.85 | inventory = 5
[ 2024-08-06 16:08:28,706 ] 37 : Sold 1 shares at price 62,300 | Profit = 1,800 | Portfolio Value = 960,715.85 | Budget = 289,784.7 | inventory = 4
[ 2024-08-06 16:08:28,841 ] 41 : Bought 4 shares at price 62,700 | Portfolio Value = 981,684.7 | Budget = 38,859.3 | inventory = 5
[ 2024-08-06 16:08:28,867 ] 42 : Sold 3 shares at price 63,200 | Profit = 8,700 | Portfolio Value = 979,359.3 | Budget = 228,364.5 | inventory = 4
[ 2024-08-06 16:08:28,880 ] 43 : Bought 1 shares at price 64,000 | Portfolio Value = 986,764.5 | Budget = 164,332.5 | inventory = 5
[ 2024-08-06 16:08:28,908 ] 45 : Bought 2 shares at price 63,600 | Portfolio Value = 984,632.5 | Budget = 37,068.9 | inventory = 6
[ 2024-08-06 16:08:29,036 ] 54 : Sold 4 shares at price 65,300 | Profit = 21,200 | Portfolio Value = 1,013,568.9 | Budget = 298,138.3 | inventory = 5
[ 2024-08-06 16:08:29,063 ] 56 : Sold 2 shares at price 65,500 | Profit = 10,600 | Portfolio Value = 1,019,738.3 | Budget = 429,072.8 | inventory = 4
[ 2024-08-06 16:08:29,078 ] 57 : Bought 1 shares at price 65,300 | Portfolio Value = 1,018,572.8 | Budget = 363,740.15 | inventory = 5
[ 2024-08-06 16:08:29,118 ] 60 : Bought 2 shares at price 63,600 | Portfolio Value = 1,015,740.15 | Budget = 236,476.55 | inventory = 6
[ 2024-08-06 16:08:29,158 ] 63 : Bought 3 shares at price 65,500 | Portfolio Value = 1,011,676.55 | Budget = 39,878.3 | inventory = 7
[ 2024-08-06 16:08:29,200 ] 66 : Sold 2 shares at price 65,100 | Profit = 8,000 | Portfolio Value = 1,020,878.3 | Budget = 170,013.2 | inventory = 6
[ 2024-08-06 16:08:29,213 ] 67 : Sold 4 shares at price 65,900 | Profit = 12,800 | Portfolio Value = 1,016,313.2 | Budget = 433,481.4 | inventory = 5
[ 2024-08-06 16:08:29,226 ] 68 : Bought 3 shares at price 65,300 | Portfolio Value = 1,026,581.4 | Budget = 237,483.45 | inventory = 6
[ 2024-08-06 16:08:29,240 ] 69 : Sold 1 shares at price 64,600 | Profit = 600 | Portfolio Value = 1,021,083.45 | Budget = 302,051.15 | inventory = 5
[ 2024-08-06 16:08:29,254 ] 70 : Bought 1 shares at price 64,200 | Portfolio Value = 1,012,651.15 | Budget = 237,819.05 | inventory = 6
[ 2024-08-06 16:08:29,268 ] 71 : Bought 3 shares at price 64,100 | Portfolio Value = 1,008,219.05 | Budget = 45,422.9 | inventory = 7
[ 2024-08-06 16:08:29,389 ] 80 : Sold 2 shares at price 68,800 | Profit = 10,400 | Portfolio Value = 1,072,922.9 | Budget = 182,954.1 | inventory = 6
[ 2024-08-06 16:08:29,403 ] 81 : Bought 2 shares at price 70,300 | Portfolio Value = 1,077,354.1 | Budget = 42,283.8 | inventory = 7
[ 2024-08-06 16:08:29,458 ] 85 : Sold 1 shares at price 72,200 | Profit = 6,900 | Portfolio Value = 1,105,783.8 | Budget = 114,447.7 | inventory = 6
[ 2024-08-06 16:08:29,499 ] 88 : Sold 2 shares at price 70,900 | Profit = 14,600 | Portfolio Value = 1,108,447.7 | Budget = 256,176.8 | inventory = 5
[ 2024-08-06 16:08:29,512 ] 89 : Bought 2 shares at price 72,000 | Portfolio Value = 1,106,976.8 | Budget = 112,104.8 | inventory = 6
[ 2024-08-06 16:08:29,539 ] 91 : Bought 1 shares at price 72,000 | Portfolio Value = 1,106,104.8 | Budget = 40,068.8 | inventory = 7
[ 2024-08-06 16:08:29,580 ] 94 : Sold 3 shares at price 71,800 | Profit = 18,900 | Portfolio Value = 1,112,568.8 | Budget = 255,361.1 | inventory = 6
[ 2024-08-06 16:08:29,593 ] 95 : Bought 2 shares at price 71,200 | Portfolio Value = 1,116,961.1 | Budget = 112,889.9 | inventory = 7
[ 2024-08-06 16:08:29,606 ] 96 : Sold 3 shares at price 71,400 | Profit = 18,300 | Portfolio Value = 1,109,689.9 | Budget = 326,982.8 | inventory = 6
[ 2024-08-06 16:08:29,649 ] 99 : Sold 1 shares at price 71,600 | Profit = 7,400 | Portfolio Value = 1,111,282.8 | Budget = 398,547.0 | inventory = 5
[ 2024-08-06 16:08:29,662 ] 100 : Bought 2 shares at price 72,400 | Portfolio Value = 1,114,547.0 | Budget = 253,674.6 | inventory = 6
[ 2024-08-06 16:08:29,676 ] 101 : Sold 3 shares at price 72,600 | Profit = 25,500 | Portfolio Value = 1,122,474.6 | Budget = 471,365.7 | inventory = 5
[ 2024-08-06 16:08:29,742 ] 106 : Bought 3 shares at price 73,000 | Portfolio Value = 1,128,365.7 | Budget = 252,256.2 | inventory = 6
[ 2024-08-06 16:08:29,756 ] 107 : Sold 2 shares at price 72,000 | Profit = 3,400 | Portfolio Value = 1,128,256.2 | Budget = 396,184.2 | inventory = 5
[ 2024-08-06 16:08:29,769 ] 108 : Bought 5 shares at price 71,600 | Portfolio Value = 1,116,184.2 | Budget = 38,005.2 | inventory = 6
[ 2024-08-06 16:08:29,783 ] 109 : Sold 2 shares at price 69,900 | Profit = -4,200 | Portfolio Value = 1,112,005.2 | Budget = 177,735.3 | inventory = 5
[ 2024-08-06 16:08:29,810 ] 111 : Bought 1 shares at price 71,500 | Portfolio Value = 1,081,235.3 | Budget = 106,199.55 | inventory = 6
[ 2024-08-06 16:08:29,837 ] 113 : Bought 1 shares at price 71,900 | Portfolio Value = 1,112,799.55 | Budget = 34,263.6 | inventory = 7
[ 2024-08-06 16:08:29,942 ] 121 : Sold 1 shares at price 70,000 | Profit = -2,000 | Portfolio Value = 1,090,263.6 | Budget = 104,228.6 | inventory = 6
[ 2024-08-06 16:08:29,955 ] 122 : Bought 1 shares at price 69,800 | Portfolio Value = 1,084,228.6 | Budget = 34,393.7 | inventory = 7
[ 2024-08-06 16:08:29,995 ] 125 : Sold 2 shares at price 69,800 | Profit = -2,800 | Portfolio Value = 1,093,393.7 | Budget = 173,923.9 | inventory = 6
[ 2024-08-06 16:08:30,022 ] 127 : Bought 2 shares at price 69,900 | Portfolio Value = 1,098,223.9 | Budget = 34,054.0 | inventory = 7
[ 2024-08-06 16:08:30,061 ] 130 : Sold 2 shares at price 68,500 | Profit = -7,800 | Portfolio Value = 1,058,554.0 | Budget = 170,985.5 | inventory = 6
[ 2024-08-06 16:08:30,074 ] 131 : Bought 2 shares at price 67,600 | Portfolio Value = 1,061,485.5 | Budget = 35,717.9 | inventory = 7
[ 2024-08-06 16:08:30,088 ] 132 : Sold 3 shares at price 68,900 | Profit = -12,300 | Portfolio Value = 1,049,717.9 | Budget = 242,314.55 | inventory = 6
[ 2024-08-06 16:08:30,115 ] 134 : Bought 3 shares at price 67,500 | Portfolio Value = 1,058,314.55 | Budget = 39,713.3 | inventory = 7
[ 2024-08-06 16:08:30,223 ] 142 : Sold 5 shares at price 68,200 | Profit = -17,000 | Portfolio Value = 1,046,213.3 | Budget = 380,542.8 | inventory = 6
[ 2024-08-06 16:08:30,236 ] 143 : Bought 3 shares at price 67,100 | Portfolio Value = 1,062,542.8 | Budget = 179,142.15 | inventory = 7
[ 2024-08-06 16:08:30,263 ] 145 : Bought 2 shares at price 66,800 | Portfolio Value = 1,047,542.15 | Budget = 45,475.35 | inventory = 8
[ 2024-08-06 16:08:30,303 ] 148 : Sold 1 shares at price 71,000 | Profit = -500 | Portfolio Value = 1,048,975.35 | Budget = 116,439.85 | inventory = 7
[ 2024-08-06 16:08:30,329 ] 150 : Bought 1 shares at price 70,700 | Portfolio Value = 1,113,239.85 | Budget = 45,704.5 | inventory = 8
[ 2024-08-06 16:08:30,757 ] 182 : Sold 1 shares at price 66,700 | Profit = -5,200 | Portfolio Value = 1,065,704.5 | Budget = 112,371.15 | inventory = 7
[ 2024-08-06 16:08:30,771 ] 183 : Bought 1 shares at price 67,300 | Portfolio Value = 1,046,171.15 | Budget = 45,037.5 | inventory = 8
[ 2024-08-06 16:08:30,894 ] 192 : Sold 1 shares at price 70,300 | Profit = 500 | Portfolio Value = 1,093,537.5 | Budget = 115,302.35 | inventory = 7
[ 2024-08-06 16:08:30,908 ] 193 : Sold 2 shares at price 70,500 | Profit = 1,200 | Portfolio Value = 1,099,502.35 | Budget = 256,231.85 | inventory = 6
[ 2024-08-06 16:08:30,935 ] 195 : Sold 2 shares at price 70,800 | Profit = 6,400 | Portfolio Value = 1,101,031.85 | Budget = 397,761.05 | inventory = 5
[ 2024-08-06 16:08:30,948 ] 196 : Bought 3 shares at price 72,200 | Portfolio Value = 1,105,761.05 | Budget = 181,052.75 | inventory = 6
[ 2024-08-06 16:08:30,974 ] 198 : Sold 3 shares at price 72,500 | Profit = 15,000 | Portfolio Value = 1,127,452.75 | Budget = 398,444.0 | inventory = 5
[ 2024-08-06 16:08:30,988 ] 199 : Bought 3 shares at price 72,700 | Portfolio Value = 1,123,444.0 | Budget = 180,234.95 | inventory = 6
[ 2024-08-06 16:08:31,002 ] 200 : Sold 3 shares at price 72,800 | Profit = 17,100 | Portfolio Value = 1,125,334.95 | Budget = 398,525.75 | inventory = 5
[ 2024-08-06 16:08:31,016 ] 201 : Bought 1 shares at price 72,800 | Portfolio Value = 1,126,525.75 | Budget = 325,689.35 | inventory = 6
[ 2024-08-06 16:08:31,030 ] 202 : Bought 1 shares at price 72,400 | Portfolio Value = 1,126,489.35 | Budget = 253,253.15 | inventory = 7
[ 2024-08-06 16:08:31,058 ] 204 : Sold 2 shares at price 71,300 | Profit = 9,000 | Portfolio Value = 1,113,653.15 | Budget = 395,781.85 | inventory = 6
[ 2024-08-06 16:08:31,071 ] 205 : Bought 3 shares at price 72,700 | Portfolio Value = 1,108,781.85 | Budget = 177,572.8 | inventory = 7
[ 2024-08-06 16:08:31,085 ] 206 : Bought 2 shares at price 72,700 | Portfolio Value = 1,122,672.8 | Budget = 32,100.1 | inventory = 8
[ 2024-08-06 16:08:31,111 ] 208 : Sold 1 shares at price 72,000 | Profit = 1,300 | Portfolio Value = 1,124,100.1 | Budget = 104,064.1 | inventory = 7
[ 2024-08-06 16:08:31,166 ] 212 : Bought 1 shares at price 71,500 | Portfolio Value = 1,107,864.1 | Budget = 32,528.35 | inventory = 8
[ 2024-08-06 16:08:31,180 ] 213 : Sold 1 shares at price 72,600 | Profit = 5,300 | Portfolio Value = 1,105,028.35 | Budget = 105,092.05 | inventory = 7
[ 2024-08-06 16:08:31,194 ] 214 : Bought 1 shares at price 73,000 | Portfolio Value = 1,121,492.05 | Budget = 32,055.55 | inventory = 8
[ 2024-08-06 16:08:31,261 ] 219 : Sold 3 shares at price 72,900 | Profit = 2,100 | Portfolio Value = 1,131,555.55 | Budget = 250,646.2 | inventory = 7
[ 2024-08-06 16:08:31,288 ] 221 : Sold 3 shares at price 74,800 | Profit = 6,300 | Portfolio Value = 1,131,446.2 | Budget = 474,934.0 | inventory = 6
[ 2024-08-06 16:08:31,301 ] 222 : Bought 3 shares at price 75,000 | Portfolio Value = 1,148,134.0 | Budget = 249,821.5 | inventory = 7
[ 2024-08-06 16:08:31,315 ] 223 : Sold 1 shares at price 75,900 | Profit = 3,100 | Portfolio Value = 1,149,821.5 | Budget = 325,683.55 | inventory = 6
[ 2024-08-06 16:08:31,330 ] 224 : Bought 1 shares at price 76,600 | Portfolio Value = 1,160,583.55 | Budget = 249,045.25 | inventory = 7
[ 2024-08-06 16:08:31,343 ] 225 : Sold 1 shares at price 78,000 | Profit = 5,600 | Portfolio Value = 1,168,245.25 | Budget = 327,006.25 | inventory = 6
[ 2024-08-06 16:08:31,357 ] 226 : Bought 3 shares at price 78,500 | Portfolio Value = 1,185,006.25 | Budget = 91,388.5 | inventory = 7
[ 2024-08-06 16:08:31,357 ] Evaluation at Episode 1: Average Reward: 105,019.01 Average Profit: 105,000, Profit Rate: 10.50%
[ 2024-08-06 16:08:31,357 ] ----------------------------------------------------------------------------------------------------
[ 2024-08-06 16:08:31,357 ] Starting Episode 2
[ 2024-08-06 16:08:31,399 ] 3 : Bought 9 shares at price 63,500 | Portfolio Value = 1,000,000.0 | Budget = 428,214.25 | inventory = 1
[ 2024-08-06 16:08:31,413 ] 4 : Bought 4 shares at price 63,800 | Portfolio Value = 999,714.25 | Budget = 172,886.65 | inventory = 2
[ 2024-08-06 16:08:31,426 ] 5 : Sold 9 shares at price 61,600 | Profit = -17,100 | Portfolio Value = 1,002,286.65 | Budget = 727,009.45 | inventory = 1
[ 2024-08-06 16:08:31,453 ] 7 : Bought 2 shares at price 63,100 | Portfolio Value = 974,609.45 | Budget = 600,746.35 | inventory = 2
[ 2024-08-06 16:08:31,467 ] 8 : Sold 4 shares at price 63,000 | Profit = -3,200 | Portfolio Value = 979,346.35 | Budget = 852,620.35 | inventory = 1
[ 2024-08-06 16:08:31,481 ] 9 : Bought 3 shares at price 62,800 | Portfolio Value = 978,620.35 | Budget = 664,126.15 | inventory = 2
[ 2024-08-06 16:08:31,507 ] 11 : Bought 5 shares at price 63,200 | Portfolio Value = 978,626.15 | Budget = 347,968.15 | inventory = 3
[ 2024-08-06 16:08:31,520 ] 12 : Bought 4 shares at price 62,200 | Portfolio Value = 979,968.15 | Budget = 99,043.75 | inventory = 4
[ 2024-08-06 16:08:31,533 ] 13 : Bought 1 shares at price 63,700 | Portfolio Value = 969,843.75 | Budget = 35,311.9 | inventory = 5
[ 2024-08-06 16:08:31,562 ] 15 : Sold 2 shares at price 62,700 | Profit = -800 | Portfolio Value = 974,311.9 | Budget = 160,649.2 | inventory = 4
[ 2024-08-06 16:08:31,589 ] 17 : Sold 3 shares at price 61,100 | Profit = -5,100 | Portfolio Value = 967,949.2 | Budget = 343,857.55 | inventory = 3
[ 2024-08-06 16:08:31,604 ] 18 : Sold 5 shares at price 62,000 | Profit = -6,000 | Portfolio Value = 954,857.55 | Budget = 653,702.55 | inventory = 2
[ 2024-08-06 16:08:31,634 ] 20 : Bought 7 shares at price 60,500 | Portfolio Value = 960,202.55 | Budget = 229,990.8 | inventory = 3
[ 2024-08-06 16:08:31,661 ] 22 : Bought 1 shares at price 60,800 | Portfolio Value = 957,190.8 | Budget = 169,160.4 | inventory = 4
[ 2024-08-06 16:08:31,702 ] 25 : Bought 2 shares at price 60,700 | Portfolio Value = 968,660.4 | Budget = 47,699.7 | inventory = 5
[ 2024-08-06 16:10:33,364 ] Starting Episode 1
[ 2024-08-06 16:10:33,555 ] 1 : Bought 6 shares at price 61,000 | Portfolio Value = 1,000,000 | Budget = 633,817.0 | inventory = 1
[ 2024-08-06 16:10:33,570 ] 2 : Sold 6 shares at price 61,800 | Profit = 4,800 | Portfolio Value = 999,817.0 | Budget = 1,004,431.6 | inventory = 0
[ 2024-08-06 16:10:33,606 ] 4 : Bought 14 shares at price 63,800 | Portfolio Value = 1,004,431.6 | Budget = 110,785.0 | inventory = 1
[ 2024-08-06 16:10:33,663 ] 8 : Sold 14 shares at price 63,000 | Profit = -11,200 | Portfolio Value = 994,185.0 | Budget = 992,344.0 | inventory = 0
[ 2024-08-06 16:10:33,685 ] 9 : Bought 9 shares at price 62,800 | Portfolio Value = 992,344.0 | Budget = 426,861.4 | inventory = 1
[ 2024-08-06 16:10:33,718 ] 10 : Sold 9 shares at price 62,900 | Profit = 900 | Portfolio Value = 992,061.4 | Budget = 992,678.35 | inventory = 0
[ 2024-08-06 16:10:33,871 ] 18 : Bought 4 shares at price 62,000 | Portfolio Value = 992,678.35 | Budget = 744,554.35 | inventory = 1
[ 2024-08-06 16:10:33,887 ] 19 : Bought 2 shares at price 61,300 | Portfolio Value = 992,554.35 | Budget = 621,893.05 | inventory = 2
[ 2024-08-06 16:10:33,919 ] 21 : Bought 7 shares at price 60,600 | Portfolio Value = 984,893.05 | Budget = 197,480.95 | inventory = 3
[ 2024-08-06 16:10:33,973 ] 24 : Bought 1 shares at price 61,500 | Portfolio Value = 983,980.95 | Budget = 135,950.2 | inventory = 4
[ 2024-08-06 16:10:33,990 ] 25 : Bought 1 shares at price 60,700 | Portfolio Value = 996,950.2 | Budget = 75,219.85 | inventory = 5
[ 2024-08-06 16:10:34,014 ] 26 : Sold 4 shares at price 60,300 | Profit = -6,800 | Portfolio Value = 985,719.85 | Budget = 316,299.25 | inventory = 4
[ 2024-08-06 16:10:34,064 ] 28 : Bought 1 shares at price 59,500 | Portfolio Value = 977,399.25 | Budget = 256,769.5 | inventory = 5
[ 2024-08-06 16:10:34,098 ] 29 : Bought 2 shares at price 60,000 | Portfolio Value = 970,769.5 | Budget = 136,709.5 | inventory = 6
[ 2024-08-06 16:10:34,161 ] 31 : Bought 1 shares at price 59,800 | Portfolio Value = 962,709.5 | Budget = 76,879.6 | inventory = 7
[ 2024-08-06 16:10:34,219 ] 34 : Sold 2 shares at price 60,200 | Profit = -2,200 | Portfolio Value = 996,379.6 | Budget = 197,219.4 | inventory = 6
[ 2024-08-06 16:10:34,234 ] 35 : Sold 7 shares at price 60,300 | Profit = -2,100 | Portfolio Value = 979,819.4 | Budget = 619,108.35 | inventory = 5
[ 2024-08-06 16:10:34,256 ] 36 : Sold 1 shares at price 61,100 | Profit = -400 | Portfolio Value = 980,908.35 | Budget = 680,177.8 | inventory = 4
[ 2024-08-06 16:10:34,312 ] 39 : Sold 1 shares at price 62,100 | Profit = 1,400 | Portfolio Value = 995,177.8 | Budget = 742,246.75 | inventory = 3
[ 2024-08-06 16:10:34,327 ] 40 : Bought 3 shares at price 62,900 | Portfolio Value = 990,646.75 | Budget = 553,452.4 | inventory = 4
[ 2024-08-06 16:10:34,356 ] 42 : Bought 7 shares at price 63,200 | Portfolio Value = 992,352.4 | Budget = 110,831.2 | inventory = 5
[ 2024-08-06 16:10:34,385 ] 44 : Sold 1 shares at price 63,100 | Profit = 3,600 | Portfolio Value = 1,006,831.2 | Budget = 173,899.65 | inventory = 4
[ 2024-08-06 16:10:34,413 ] 46 : Bought 1 shares at price 63,900 | Portfolio Value = 1,000,699.65 | Budget = 109,967.7 | inventory = 5
[ 2024-08-06 16:10:34,465 ] 48 : Bought 1 shares at price 65,000 | Portfolio Value = 982,167.7 | Budget = 44,935.2 | inventory = 6
[ 2024-08-06 16:10:34,543 ] 51 : Sold 2 shares at price 66,000 | Profit = 12,000 | Portfolio Value = 1,033,435.2 | Budget = 176,869.2 | inventory = 5
[ 2024-08-06 16:10:34,557 ] 52 : Sold 1 shares at price 66,100 | Profit = 6,300 | Portfolio Value = 1,034,869.2 | Budget = 242,936.15 | inventory = 4
[ 2024-08-06 16:10:34,571 ] 53 : Sold 3 shares at price 65,100 | Profit = 6,600 | Portfolio Value = 1,036,136.15 | Budget = 438,138.5 | inventory = 3
[ 2024-08-06 16:10:34,590 ] 54 : Sold 7 shares at price 65,300 | Profit = 14,700 | Portfolio Value = 1,024,038.5 | Budget = 895,009.95 | inventory = 2
[ 2024-08-06 16:10:34,605 ] 55 : Bought 1 shares at price 65,600 | Portfolio Value = 1,025,609.95 | Budget = 829,377.15 | inventory = 3
[ 2024-08-06 16:10:34,623 ] 56 : Sold 1 shares at price 65,500 | Profit = 1,600 | Portfolio Value = 1,026,177.15 | Budget = 894,844.4 | inventory = 2
[ 2024-08-06 16:10:34,706 ] 61 : Bought 7 shares at price 64,100 | Portfolio Value = 1,022,044.4 | Budget = 445,920.05 | inventory = 3
[ 2024-08-06 16:10:34,808 ] 63 : Sold 1 shares at price 65,500 | Profit = 500 | Portfolio Value = 1,027,320.05 | Budget = 511,387.3 | inventory = 2
[ 2024-08-06 16:10:34,824 ] 64 : Bought 6 shares at price 65,700 | Portfolio Value = 1,035,387.3 | Budget = 116,990.2 | inventory = 3
[ 2024-08-06 16:10:34,854 ] 66 : Bought 1 shares at price 65,100 | Portfolio Value = 1,032,590.2 | Budget = 51,857.65 | inventory = 4
[ 2024-08-06 16:10:34,882 ] 68 : Sold 1 shares at price 65,300 | Profit = -300 | Portfolio Value = 1,040,357.65 | Budget = 117,125.0 | inventory = 3
[ 2024-08-06 16:10:34,908 ] 70 : Sold 7 shares at price 64,200 | Profit = 700 | Portfolio Value = 1,021,525.0 | Budget = 566,300.3 | inventory = 2
[ 2024-08-06 16:10:34,921 ] 71 : Sold 6 shares at price 64,100 | Profit = -9,600 | Portfolio Value = 1,015,700.3 | Budget = 950,708.0 | inventory = 1
[ 2024-08-06 16:10:34,966 ] 74 : Sold 1 shares at price 65,000 | Profit = -100 | Portfolio Value = 1,016,108.0 | Budget = 1,015,675.5 | inventory = 0
[ 2024-08-06 16:10:35,032 ] 79 : Bought 11 shares at price 68,500 | Portfolio Value = 1,015,675.5 | Budget = 261,798.75 | inventory = 1
[ 2024-08-06 16:10:35,059 ] 81 : Sold 11 shares at price 70,300 | Profit = 19,800 | Portfolio Value = 1,018,598.75 | Budget = 1,034,712.1 | inventory = 0
[ 2024-08-06 16:10:35,078 ] 82 : Bought 4 shares at price 72,300 | Portfolio Value = 1,034,712.1 | Budget = 745,367.5 | inventory = 1
[ 2024-08-06 16:10:35,222 ] 87 : Sold 4 shares at price 71,000 | Profit = -5,200 | Portfolio Value = 1,032,167.5 | Budget = 1,029,225.5 | inventory = 0
[ 2024-08-06 16:10:35,239 ] 88 : Bought 9 shares at price 70,900 | Portfolio Value = 1,029,225.5 | Budget = 390,806.45 | inventory = 1
[ 2024-08-06 16:10:35,257 ] 89 : Sold 9 shares at price 72,000 | Profit = 9,900 | Portfolio Value = 1,028,906.45 | Budget = 1,038,482.45 | inventory = 0
[ 2024-08-06 16:10:35,274 ] 90 : Bought 3 shares at price 71,000 | Portfolio Value = 1,038,482.45 | Budget = 825,375.95 | inventory = 1
[ 2024-08-06 16:10:35,307 ] 92 : Sold 3 shares at price 71,900 | Profit = 2,700 | Portfolio Value = 1,041,375.95 | Budget = 1,040,968.1 | inventory = 0
[ 2024-08-06 16:10:35,341 ] 94 : Bought 12 shares at price 71,800 | Portfolio Value = 1,040,968.1 | Budget = 178,937.3 | inventory = 1
[ 2024-08-06 16:10:35,367 ] 95 : Sold 12 shares at price 71,200 | Profit = -7,200 | Portfolio Value = 1,040,537.3 | Budget = 1,032,910.1 | inventory = 0
[ 2024-08-06 16:10:35,391 ] 96 : Bought 10 shares at price 71,400 | Portfolio Value = 1,032,910.1 | Budget = 318,553.1 | inventory = 1
[ 2024-08-06 16:10:35,414 ] 97 : Bought 2 shares at price 70,500 | Portfolio Value = 1,032,553.1 | Budget = 177,482.6 | inventory = 2
[ 2024-08-06 16:10:35,433 ] 98 : Bought 1 shares at price 71,300 | Portfolio Value = 1,023,482.6 | Budget = 106,146.95 | inventory = 3
[ 2024-08-06 16:10:35,553 ] 102 : Bought 1 shares at price 72,700 | Portfolio Value = 1,049,946.95 | Budget = 33,410.6 | inventory = 4
[ 2024-08-06 16:10:35,601 ] 105 : Sold 10 shares at price 73,000 | Profit = 16,000 | Portfolio Value = 1,044,210.6 | Budget = 763,045.6 | inventory = 3
[ 2024-08-06 16:10:35,627 ] 107 : Bought 8 shares at price 72,000 | Portfolio Value = 1,055,045.6 | Budget = 186,757.6 | inventory = 4
[ 2024-08-06 16:10:35,640 ] 108 : Sold 2 shares at price 71,600 | Profit = 2,200 | Portfolio Value = 1,050,757.6 | Budget = 329,886.0 | inventory = 3
[ 2024-08-06 16:10:35,725 ] 113 : Sold 1 shares at price 71,900 | Profit = 600 | Portfolio Value = 1,048,886.0 | Budget = 401,750.05 | inventory = 2
[ 2024-08-06 16:10:35,740 ] 114 : Sold 1 shares at price 73,400 | Profit = 700 | Portfolio Value = 1,048,850.05 | Budget = 475,113.35 | inventory = 1
[ 2024-08-06 16:10:35,766 ] 115 : Bought 1 shares at price 73,300 | Portfolio Value = 1,062,313.35 | Budget = 401,776.7 | inventory = 2
[ 2024-08-06 16:10:35,781 ] 116 : Sold 8 shares at price 72,000 | Profit = 0 | Portfolio Value = 1,061,476.7 | Budget = 977,488.7 | inventory = 1
[ 2024-08-06 16:10:35,794 ] 117 : Sold 1 shares at price 71,700 | Profit = -1,600 | Portfolio Value = 1,049,488.7 | Budget = 1,049,152.85 | inventory = 0
[ 2024-08-06 16:10:35,835 ] 120 : Bought 11 shares at price 70,400 | Portfolio Value = 1,049,152.85 | Budget = 274,365.65 | inventory = 1
[ 2024-08-06 16:10:35,849 ] 121 : Sold 11 shares at price 70,000 | Profit = -4,400 | Portfolio Value = 1,048,765.65 | Budget = 1,043,980.65 | inventory = 0
[ 2024-08-06 16:10:35,917 ] 126 : Bought 1 shares at price 71,100 | Portfolio Value = 1,043,980.65 | Budget = 972,845.1 | inventory = 1
[ 2024-08-06 16:10:35,931 ] 127 : Sold 1 shares at price 69,900 | Profit = -1,200 | Portfolio Value = 1,043,945.1 | Budget = 1,042,710.15 | inventory = 0
[ 2024-08-06 16:10:35,971 ] 130 : Bought 1 shares at price 68,500 | Portfolio Value = 1,042,710.15 | Budget = 974,175.9 | inventory = 1
[ 2024-08-06 16:10:35,984 ] 131 : Bought 11 shares at price 67,600 | Portfolio Value = 1,042,675.9 | Budget = 230,204.1 | inventory = 2
[ 2024-08-06 16:10:36,025 ] 134 : Bought 1 shares at price 67,500 | Portfolio Value = 1,046,204.1 | Budget = 162,670.35 | inventory = 3
[ 2024-08-06 16:10:36,039 ] 135 : Sold 1 shares at price 67,300 | Profit = -1,200 | Portfolio Value = 1,040,170.35 | Budget = 229,936.7 | inventory = 2
[ 2024-08-06 16:10:36,066 ] 137 : Bought 1 shares at price 66,700 | Portfolio Value = 1,033,936.7 | Budget = 163,203.35 | inventory = 3
[ 2024-08-06 16:10:36,079 ] 138 : Sold 11 shares at price 66,300 | Profit = -14,300 | Portfolio Value = 1,030,303.35 | Budget = 892,138.7 | inventory = 2
[ 2024-08-06 16:10:36,093 ] 139 : Bought 12 shares at price 66,600 | Portfolio Value = 1,024,738.7 | Budget = 92,539.1 | inventory = 3
[ 2024-08-06 16:10:36,107 ] 140 : Sold 1 shares at price 66,600 | Profit = -900 | Portfolio Value = 1,024,939.1 | Budget = 159,105.8 | inventory = 2
[ 2024-08-06 16:10:36,121 ] 141 : Sold 1 shares at price 67,100 | Profit = 400 | Portfolio Value = 1,024,905.8 | Budget = 226,172.25 | inventory = 1
[ 2024-08-06 16:10:36,148 ] 143 : Bought 1 shares at price 67,100 | Portfolio Value = 1,044,572.25 | Budget = 159,038.7 | inventory = 2
[ 2024-08-06 16:10:36,203 ] 147 : Bought 2 shares at price 66,900 | Portfolio Value = 1,031,338.7 | Budget = 25,171.8 | inventory = 3
[ 2024-08-06 16:10:36,256 ] 151 : Sold 12 shares at price 70,000 | Profit = 40,800 | Portfolio Value = 1,085,671.8 | Budget = 864,751.8 | inventory = 2
[ 2024-08-06 16:10:36,297 ] 154 : Bought 5 shares at price 70,800 | Portfolio Value = 1,075,651.8 | Budget = 510,574.8 | inventory = 3
[ 2024-08-06 16:10:36,310 ] 155 : Sold 1 shares at price 70,500 | Profit = 3,400 | Portfolio Value = 1,076,974.8 | Budget = 581,039.55 | inventory = 2
[ 2024-08-06 16:10:36,339 ] 157 : Sold 2 shares at price 71,700 | Profit = 9,600 | Portfolio Value = 1,077,339.55 | Budget = 724,367.85 | inventory = 1
[ 2024-08-06 16:10:36,352 ] 158 : Sold 5 shares at price 72,000 | Profit = 6,000 | Portfolio Value = 1,082,867.85 | Budget = 1,084,187.85 | inventory = 0
[ 2024-08-06 16:10:36,392 ] 161 : Bought 8 shares at price 69,600 | Portfolio Value = 1,084,187.85 | Budget = 527,109.45 | inventory = 1
[ 2024-08-06 16:10:36,405 ] 162 : Bought 7 shares at price 68,900 | Portfolio Value = 1,083,909.45 | Budget = 44,568.3 | inventory = 2
[ 2024-08-06 16:10:36,459 ] 166 : Sold 8 shares at price 68,400 | Profit = -9,600 | Portfolio Value = 1,073,568.3 | Budget = 591,494.7 | inventory = 1
[ 2024-08-06 16:10:36,512 ] 170 : Bought 5 shares at price 66,400 | Portfolio Value = 1,053,494.7 | Budget = 259,328.7 | inventory = 2
[ 2024-08-06 16:10:36,525 ] 171 : Sold 7 shares at price 68,200 | Profit = -4,900 | Portfolio Value = 1,056,128.7 | Budget = 736,490.0 | inventory = 1
[ 2024-08-06 16:10:36,552 ] 173 : Bought 8 shares at price 68,000 | Portfolio Value = 1,080,990.0 | Budget = 192,218.0 | inventory = 2
[ 2024-08-06 16:10:36,578 ] 175 : Bought 2 shares at price 69,400 | Portfolio Value = 1,067,118.0 | Budget = 53,348.6 | inventory = 3
[ 2024-08-06 16:10:36,604 ] 177 : Sold 5 shares at price 69,500 | Profit = 15,500 | Portfolio Value = 1,110,848.6 | Budget = 400,674.85 | inventory = 2
[ 2024-08-06 16:10:36,617 ] 178 : Bought 1 shares at price 68,800 | Portfolio Value = 1,095,674.85 | Budget = 331,840.45 | inventory = 3
[ 2024-08-06 16:10:36,631 ] 179 : Sold 8 shares at price 68,400 | Profit = 3,200 | Portfolio Value = 1,088,640.45 | Budget = 878,766.85 | inventory = 2
[ 2024-08-06 16:10:36,658 ] 181 : Bought 11 shares at price 68,000 | Portfolio Value = 1,084,266.85 | Budget = 130,392.85 | inventory = 3
[ 2024-08-06 16:10:36,689 ] 183 : Sold 2 shares at price 67,300 | Profit = -4,200 | Portfolio Value = 1,064,192.85 | Budget = 264,925.55 | inventory = 2
[ 2024-08-06 16:10:36,703 ] 184 : Sold 1 shares at price 67,300 | Profit = -1,500 | Portfolio Value = 1,072,525.55 | Budget = 332,191.9 | inventory = 1
[ 2024-08-06 16:10:36,731 ] 186 : Bought 2 shares at price 68,600 | Portfolio Value = 1,068,091.9 | Budget = 194,923.3 | inventory = 2
[ 2024-08-06 16:10:36,745 ] 187 : Sold 11 shares at price 69,700 | Profit = 18,700 | Portfolio Value = 1,086,723.3 | Budget = 961,239.95 | inventory = 1
[ 2024-08-06 16:10:36,759 ] 188 : Bought 8 shares at price 69,600 | Portfolio Value = 1,100,639.95 | Budget = 404,161.55 | inventory = 2
[ 2024-08-06 16:10:36,774 ] 189 : Bought 1 shares at price 70,900 | Portfolio Value = 1,100,161.55 | Budget = 333,226.1 | inventory = 3
[ 2024-08-06 16:10:36,814 ] 192 : Sold 2 shares at price 70,300 | Profit = 3,400 | Portfolio Value = 1,102,126.1 | Budget = 473,755.8 | inventory = 2
[ 2024-08-06 16:10:36,828 ] 193 : Sold 8 shares at price 70,500 | Profit = 7,200 | Portfolio Value = 1,106,455.8 | Budget = 1,037,473.8 | inventory = 1
[ 2024-08-06 16:10:36,841 ] 194 : Bought 8 shares at price 70,400 | Portfolio Value = 1,107,973.8 | Budget = 473,992.2 | inventory = 2
[ 2024-08-06 16:10:36,855 ] 195 : Bought 2 shares at price 70,800 | Portfolio Value = 1,107,592.2 | Budget = 332,321.4 | inventory = 3
[ 2024-08-06 16:10:36,874 ] 196 : Bought 4 shares at price 72,200 | Portfolio Value = 1,111,121.4 | Budget = 43,377.0 | inventory = 4
[ 2024-08-06 16:10:36,888 ] 197 : Sold 1 shares at price 72,800 | Profit = 1,900 | Portfolio Value = 1,126,377.0 | Budget = 116,140.6 | inventory = 3
[ 2024-08-06 16:10:36,902 ] 198 : Sold 8 shares at price 72,500 | Profit = 16,800 | Portfolio Value = 1,135,340.6 | Budget = 695,850.6 | inventory = 2
[ 2024-08-06 16:10:36,915 ] 199 : Sold 2 shares at price 72,700 | Profit = 3,800 | Portfolio Value = 1,130,850.6 | Budget = 841,177.9 | inventory = 1
[ 2024-08-06 16:10:36,929 ] 200 : Sold 4 shares at price 72,800 | Profit = 2,400 | Portfolio Value = 1,131,977.9 | Budget = 1,132,232.3 | inventory = 0
[ 2024-08-06 16:10:36,941 ] 201 : Bought 13 shares at price 72,800 | Portfolio Value = 1,132,232.3 | Budget = 185,359.1 | inventory = 1
[ 2024-08-06 16:10:36,981 ] 204 : Sold 13 shares at price 71,300 | Profit = -19,500 | Portfolio Value = 1,117,459.1 | Budget = 1,111,795.65 | inventory = 0
[ 2024-08-06 16:10:36,994 ] 205 : Bought 13 shares at price 72,700 | Portfolio Value = 1,111,795.65 | Budget = 166,223.1 | inventory = 1
[ 2024-08-06 16:10:37,035 ] 208 : Bought 1 shares at price 72,000 | Portfolio Value = 1,112,623.1 | Budget = 94,187.1 | inventory = 2
[ 2024-08-06 16:10:37,125 ] 211 : Bought 1 shares at price 71,700 | Portfolio Value = 1,090,987.1 | Budget = 22,451.25 | inventory = 3
[ 2024-08-06 16:10:37,170 ] 212 : Sold 13 shares at price 71,500 | Profit = -15,600 | Portfolio Value = 1,097,951.25 | Budget = 951,486.5 | inventory = 2
[ 2024-08-06 16:10:37,187 ] 213 : Bought 3 shares at price 72,600 | Portfolio Value = 1,094,486.5 | Budget = 733,577.6 | inventory = 3
[ 2024-08-06 16:10:37,216 ] 215 : Sold 1 shares at price 73,500 | Profit = 1,500 | Portfolio Value = 1,098,577.6 | Budget = 807,040.85 | inventory = 2
[ 2024-08-06 16:10:37,257 ] 218 : Sold 1 shares at price 73,300 | Profit = 1,600 | Portfolio Value = 1,099,440.85 | Budget = 880,304.2 | inventory = 1
[ 2024-08-06 16:10:37,271 ] 219 : Bought 7 shares at price 72,900 | Portfolio Value = 1,100,204.2 | Budget = 369,749.05 | inventory = 2
[ 2024-08-06 16:10:37,286 ] 220 : Sold 3 shares at price 73,400 | Profit = 2,400 | Portfolio Value = 1,098,749.05 | Budget = 589,838.95 | inventory = 1
[ 2024-08-06 16:10:37,300 ] 221 : Bought 3 shares at price 74,800 | Portfolio Value = 1,103,638.95 | Budget = 365,326.75 | inventory = 2
[ 2024-08-06 16:10:37,314 ] 222 : Bought 3 shares at price 75,000 | Portfolio Value = 1,113,326.75 | Budget = 140,214.25 | inventory = 3
[ 2024-08-06 16:10:37,344 ] 224 : Bought 1 shares at price 76,600 | Portfolio Value = 1,126,914.25 | Budget = 63,575.95 | inventory = 4
[ 2024-08-06 16:10:37,371 ] Episode: 1, Total Reward: 119,619.02, Total Profit: 119,600, Profit Rate: 11.96%
[ 2024-08-06 16:10:37,371 ] ----------------------------------------------------------------------------------------------------
[ 2024-08-06 16:10:37,403 ] 2 : Bought 3 shares at price 61,800 | Portfolio Value = 1,000,000.0 | Budget = 814,507.3 | inventory = 1
[ 2024-08-06 16:10:37,416 ] 3 : Sold 3 shares at price 63,500 | Profit = 5,100 | Portfolio Value = 999,907.3 | Budget = 1,004,912.05 | inventory = 0
[ 2024-08-06 16:10:37,429 ] 4 : Bought 15 shares at price 63,800 | Portfolio Value = 1,004,912.05 | Budget = 47,433.55 | inventory = 1
[ 2024-08-06 16:10:37,442 ] 5 : Sold 15 shares at price 61,600 | Profit = -33,000 | Portfolio Value = 1,004,433.55 | Budget = 970,971.55 | inventory = 0
[ 2024-08-06 16:10:37,456 ] 6 : Bought 3 shares at price 61,900 | Portfolio Value = 970,971.55 | Budget = 785,178.7 | inventory = 1
[ 2024-08-06 16:10:37,470 ] 7 : Bought 2 shares at price 63,100 | Portfolio Value = 970,878.7 | Budget = 658,915.6 | inventory = 2
[ 2024-08-06 16:10:37,483 ] 8 : Bought 10 shares at price 63,000 | Portfolio Value = 974,415.6 | Budget = 28,600.6 | inventory = 3
[ 2024-08-06 16:10:37,510 ] 10 : Sold 3 shares at price 62,900 | Profit = 3,000 | Portfolio Value = 970,600.6 | Budget = 217,206.25 | inventory = 2
[ 2024-08-06 16:10:37,552 ] 13 : Bought 2 shares at price 63,700 | Portfolio Value = 963,606.25 | Budget = 89,742.55 | inventory = 3
[ 2024-08-06 16:10:37,580 ] 15 : Sold 2 shares at price 62,700 | Profit = -800 | Portfolio Value = 966,142.55 | Budget = 215,079.85 | inventory = 2
[ 2024-08-06 16:10:37,594 ] 16 : Sold 10 shares at price 62,100 | Profit = -9,000 | Portfolio Value = 967,479.85 | Budget = 835,769.35 | inventory = 1
[ 2024-08-06 16:10:37,608 ] 17 : Sold 2 shares at price 61,100 | Profit = -5,200 | Portfolio Value = 959,969.35 | Budget = 957,908.25 | inventory = 0
[ 2024-08-06 16:10:37,625 ] 18 : Bought 10 shares at price 62,000 | Portfolio Value = 957,908.25 | Budget = 337,598.25 | inventory = 1
[ 2024-08-06 16:10:37,653 ] 20 : Sold 10 shares at price 60,500 | Profit = -15,000 | Portfolio Value = 950,598.25 | Budget = 942,295.75 | inventory = 0
[ 2024-08-06 16:10:37,667 ] 21 : Bought 14 shares at price 60,600 | Portfolio Value = 942,295.75 | Budget = 93,471.55 | inventory = 1
[ 2024-08-06 16:10:37,680 ] 22 : Sold 14 shares at price 60,800 | Profit = 2,800 | Portfolio Value = 941,871.55 | Budget = 944,245.95 | inventory = 0
[ 2024-08-06 16:10:37,734 ] 26 : Bought 14 shares at price 60,300 | Portfolio Value = 944,245.95 | Budget = 99,623.85 | inventory = 1
[ 2024-08-06 16:10:37,748 ] 27 : Sold 14 shares at price 60,100 | Profit = -2,800 | Portfolio Value = 943,823.85 | Budget = 940,603.15 | inventory = 0
[ 2024-08-06 16:10:37,798 ] 30 : Bought 11 shares at price 59,000 | Portfolio Value = 940,603.15 | Budget = 291,278.65 | inventory = 1
[ 2024-08-06 16:10:37,814 ] 31 : Sold 11 shares at price 59,800 | Profit = 8,800 | Portfolio Value = 940,278.65 | Budget = 948,749.75 | inventory = 0
[ 2024-08-06 16:10:37,858 ] 33 : Bought 14 shares at price 61,300 | Portfolio Value = 948,749.75 | Budget = 90,120.65 | inventory = 1
[ 2024-08-06 16:10:37,886 ] 35 : Bought 1 shares at price 60,300 | Portfolio Value = 932,920.65 | Budget = 29,790.5 | inventory = 2
[ 2024-08-06 16:10:37,899 ] 36 : Sold 14 shares at price 61,100 | Profit = -2,800 | Portfolio Value = 934,290.5 | Budget = 884,762.8 | inventory = 1
[ 2024-08-06 16:10:37,927 ] 38 : Bought 1 shares at price 63,000 | Portfolio Value = 947,062.8 | Budget = 821,731.3 | inventory = 2
[ 2024-08-06 16:10:37,941 ] 39 : Sold 1 shares at price 62,100 | Profit = 1,800 | Portfolio Value = 947,731.3 | Budget = 883,800.25 | inventory = 1
[ 2024-08-06 16:10:37,958 ] 40 : Sold 1 shares at price 62,900 | Profit = -100 | Portfolio Value = 945,900.25 | Budget = 946,668.8 | inventory = 0
[ 2024-08-06 16:10:37,999 ] 43 : Bought 12 shares at price 64,000 | Portfolio Value = 946,668.8 | Budget = 178,284.8 | inventory = 1
[ 2024-08-06 16:10:38,027 ] 45 : Sold 12 shares at price 63,600 | Profit = -4,800 | Portfolio Value = 935,484.8 | Budget = 941,103.2 | inventory = 0
[ 2024-08-06 16:10:38,080 ] 49 : Bought 4 shares at price 65,700 | Portfolio Value = 941,103.2 | Budget = 678,171.8 | inventory = 1
[ 2024-08-06 16:10:38,094 ] 50 : Bought 9 shares at price 65,900 | Portfolio Value = 940,971.8 | Budget = 84,775.25 | inventory = 2
[ 2024-08-06 16:10:38,108 ] 51 : Sold 4 shares at price 66,000 | Profit = 1,200 | Portfolio Value = 941,475.25 | Budget = 348,643.25 | inventory = 1
[ 2024-08-06 16:10:38,121 ] 52 : Bought 5 shares at price 66,100 | Portfolio Value = 942,643.25 | Budget = 17,978.0 | inventory = 2
[ 2024-08-06 16:10:38,135 ] 53 : Sold 9 shares at price 65,100 | Profit = -7,200 | Portfolio Value = 943,378.0 | Budget = 603,585.05 | inventory = 1
[ 2024-08-06 16:10:38,148 ] 54 : Sold 5 shares at price 65,300 | Profit = -4,000 | Portfolio Value = 929,085.05 | Budget = 929,921.8 | inventory = 0
[ 2024-08-06 16:10:38,175 ] 56 : Bought 5 shares at price 65,500 | Portfolio Value = 929,921.8 | Budget = 602,258.05 | inventory = 1
[ 2024-08-06 16:10:38,188 ] 57 : Bought 7 shares at price 65,300 | Portfolio Value = 929,758.05 | Budget = 144,929.5 | inventory = 2
[ 2024-08-06 16:10:38,216 ] 59 : Bought 2 shares at price 65,200 | Portfolio Value = 933,329.5 | Budget = 14,464.3 | inventory = 3
[ 2024-08-06 16:10:38,323 ] 67 : Sold 5 shares at price 65,900 | Profit = 2,000 | Portfolio Value = 925,864.3 | Budget = 343,799.55 | inventory = 2
[ 2024-08-06 16:10:38,337 ] 68 : Bought 1 shares at price 65,300 | Portfolio Value = 936,899.55 | Budget = 278,466.9 | inventory = 3
[ 2024-08-06 16:10:38,365 ] 70 : Bought 2 shares at price 64,200 | Portfolio Value = 924,466.9 | Budget = 150,002.7 | inventory = 4
[ 2024-08-06 16:10:38,379 ] 71 : Sold 7 shares at price 64,100 | Profit = -8,400 | Portfolio Value = 920,402.7 | Budget = 598,478.35 | inventory = 3
[ 2024-08-06 16:10:38,405 ] 73 : Bought 4 shares at price 65,400 | Portfolio Value = 920,978.35 | Budget = 336,747.55 | inventory = 4
[ 2024-08-06 16:10:38,445 ] 76 : Bought 1 shares at price 68,400 | Portfolio Value = 932,547.55 | Budget = 268,313.35 | inventory = 5
[ 2024-08-06 16:10:38,458 ] 77 : Bought 1 shares at price 68,500 | Portfolio Value = 952,313.35 | Budget = 199,779.1 | inventory = 6
[ 2024-08-06 16:10:38,472 ] 78 : Bought 1 shares at price 68,400 | Portfolio Value = 953,279.1 | Budget = 131,344.9 | inventory = 7
[ 2024-08-06 16:10:38,485 ] 79 : Sold 2 shares at price 68,500 | Profit = 6,600 | Portfolio Value = 952,144.9 | Budget = 268,276.4 | inventory = 6
[ 2024-08-06 16:10:38,499 ] 80 : Sold 1 shares at price 68,800 | Profit = 3,500 | Portfolio Value = 953,276.4 | Budget = 337,042.0 | inventory = 5
[ 2024-08-06 16:10:38,512 ] 81 : Bought 2 shares at price 70,300 | Portfolio Value = 956,242.0 | Budget = 196,371.7 | inventory = 6
[ 2024-08-06 16:10:38,540 ] 83 : Sold 2 shares at price 71,400 | Profit = 14,400 | Portfolio Value = 991,671.7 | Budget = 339,100.3 | inventory = 5
[ 2024-08-06 16:10:38,567 ] 85 : Bought 4 shares at price 72,200 | Portfolio Value = 977,200.3 | Budget = 50,155.9 | inventory = 6
[ 2024-08-06 16:10:38,609 ] 88 : Sold 4 shares at price 70,900 | Profit = 22,000 | Portfolio Value = 973,155.9 | Budget = 333,614.1 | inventory = 5
[ 2024-08-06 16:10:38,622 ] 89 : Sold 1 shares at price 72,000 | Profit = 3,600 | Portfolio Value = 971,714.1 | Budget = 405,578.1 | inventory = 4
[ 2024-08-06 16:10:38,635 ] 90 : Sold 1 shares at price 71,000 | Profit = 2,500 | Portfolio Value = 981,578.1 | Budget = 476,542.6 | inventory = 3
[ 2024-08-06 16:10:38,649 ] 91 : Bought 1 shares at price 72,000 | Portfolio Value = 973,542.6 | Budget = 404,506.6 | inventory = 4
[ 2024-08-06 16:10:38,703 ] 95 : Bought 5 shares at price 71,200 | Portfolio Value = 978,906.6 | Budget = 48,328.6 | inventory = 5
[ 2024-08-06 16:10:38,716 ] 96 : Sold 1 shares at price 71,400 | Profit = 3,000 | Portfolio Value = 973,928.6 | Budget = 119,692.9 | inventory = 4
[ 2024-08-06 16:10:38,730 ] 97 : Bought 1 shares at price 70,500 | Portfolio Value = 976,492.9 | Budget = 49,157.65 | inventory = 5
[ 2024-08-06 16:10:38,756 ] 99 : Sold 2 shares at price 71,600 | Profit = 2,600 | Portfolio Value = 976,057.65 | Budget = 192,286.05 | inventory = 4
[ 2024-08-06 16:10:38,770 ] 100 : Sold 4 shares at price 72,400 | Profit = 800 | Portfolio Value = 979,886.05 | Budget = 481,741.25 | inventory = 3
[ 2024-08-06 16:10:38,783 ] 101 : Bought 6 shares at price 72,600 | Portfolio Value = 988,541.25 | Budget = 45,923.45 | inventory = 4
[ 2024-08-06 16:10:38,853 ] 106 : Sold 1 shares at price 73,000 | Profit = 1,000 | Portfolio Value = 994,923.45 | Budget = 118,886.95 | inventory = 3
[ 2024-08-06 16:10:38,921 ] 111 : Sold 5 shares at price 71,500 | Profit = 1,500 | Portfolio Value = 952,886.95 | Budget = 476,208.2 | inventory = 2
[ 2024-08-06 16:10:38,934 ] 112 : Sold 1 shares at price 71,900 | Profit = 1,400 | Portfolio Value = 976,708.2 | Budget = 548,072.25 | inventory = 1
[ 2024-08-06 16:10:38,947 ] 113 : Bought 1 shares at price 71,900 | Portfolio Value = 979,472.25 | Budget = 476,136.3 | inventory = 2
[ 2024-08-06 16:10:38,973 ] 115 : Bought 3 shares at price 73,300 | Portfolio Value = 989,936.3 | Budget = 256,126.35 | inventory = 3
[ 2024-08-06 16:10:38,987 ] 116 : Bought 1 shares at price 72,000 | Portfolio Value = 989,126.35 | Budget = 184,090.35 | inventory = 4
[ 2024-08-06 16:10:39,012 ] 118 : Bought 2 shares at price 71,000 | Portfolio Value = 972,790.35 | Budget = 42,019.35 | inventory = 5
[ 2024-08-06 16:10:39,118 ] 126 : Sold 6 shares at price 71,100 | Profit = -9,000 | Portfolio Value = 949,419.35 | Budget = 468,406.05 | inventory = 4
[ 2024-08-06 16:10:39,132 ] 127 : Bought 3 shares at price 69,900 | Portfolio Value = 966,106.05 | Budget = 258,601.2 | inventory = 5
[ 2024-08-06 16:10:39,172 ] 130 : Bought 3 shares at price 68,500 | Portfolio Value = 941,601.2 | Budget = 52,998.45 | inventory = 6
[ 2024-08-06 16:10:39,212 ] 133 : Sold 1 shares at price 68,000 | Profit = -3,900 | Portfolio Value = 948,698.45 | Budget = 120,964.45 | inventory = 5
[ 2024-08-06 16:10:39,227 ] 134 : Bought 1 shares at price 67,500 | Portfolio Value = 936,964.45 | Budget = 53,430.7 | inventory = 6
[ 2024-08-06 16:10:39,293 ] 139 : Sold 3 shares at price 66,600 | Profit = -20,100 | Portfolio Value = 915,330.7 | Budget = 253,130.8 | inventory = 5
[ 2024-08-06 16:10:39,307 ] 140 : Bought 1 shares at price 66,600 | Portfolio Value = 919,130.8 | Budget = 186,497.5 | inventory = 6
[ 2024-08-06 16:10:39,322 ] 141 : Sold 1 shares at price 67,100 | Profit = -4,900 | Portfolio Value = 919,097.5 | Budget = 253,563.95 | inventory = 5
[ 2024-08-06 16:10:39,336 ] 142 : Sold 2 shares at price 68,200 | Profit = -5,600 | Portfolio Value = 924,563.95 | Budget = 389,895.75 | inventory = 4
[ 2024-08-06 16:10:39,417 ] 148 : Sold 3 shares at price 71,000 | Profit = 3,300 | Portfolio Value = 925,095.75 | Budget = 602,789.25 | inventory = 3
[ 2024-08-06 16:10:39,457 ] 151 : Sold 3 shares at price 70,000 | Profit = 4,500 | Portfolio Value = 956,289.25 | Budget = 812,684.25 | inventory = 2
[ 2024-08-06 16:10:39,485 ] 153 : Sold 1 shares at price 70,300 | Profit = 2,800 | Portfolio Value = 953,484.25 | Budget = 882,949.1 | inventory = 1
[ 2024-08-06 16:10:39,525 ] 156 : Sold 1 shares at price 70,900 | Profit = 4,300 | Portfolio Value = 953,449.1 | Budget = 953,813.65 | inventory = 0
[ 2024-08-06 16:10:39,539 ] 157 : Bought 9 shares at price 71,700 | Portfolio Value = 953,813.65 | Budget = 308,191.0 | inventory = 1
[ 2024-08-06 16:10:39,552 ] 158 : Sold 9 shares at price 72,000 | Profit = 2,700 | Portfolio Value = 953,491.0 | Budget = 955,867.0 | inventory = 0
[ 2024-08-06 16:10:39,657 ] 166 : Bought 12 shares at price 68,400 | Portfolio Value = 955,867.0 | Budget = 134,656.6 | inventory = 1
[ 2024-08-06 16:10:39,671 ] 167 : Bought 1 shares at price 67,500 | Portfolio Value = 955,456.6 | Budget = 67,122.85 | inventory = 2
[ 2024-08-06 16:10:39,684 ] 168 : Sold 12 shares at price 66,700 | Profit = -20,400 | Portfolio Value = 944,622.85 | Budget = 867,122.65 | inventory = 1
[ 2024-08-06 16:10:39,697 ] 169 : Bought 7 shares at price 66,000 | Portfolio Value = 933,822.65 | Budget = 404,891.65 | inventory = 2
[ 2024-08-06 16:10:39,711 ] 170 : Sold 1 shares at price 66,400 | Profit = -1,100 | Portfolio Value = 932,891.65 | Budget = 471,258.45 | inventory = 1
[ 2024-08-06 16:10:39,724 ] 171 : Sold 7 shares at price 68,200 | Profit = 15,400 | Portfolio Value = 936,058.45 | Budget = 948,419.75 | inventory = 0
[ 2024-08-06 16:10:39,737 ] 172 : Bought 9 shares at price 68,900 | Portfolio Value = 948,419.75 | Budget = 328,009.7 | inventory = 1
[ 2024-08-06 16:10:39,750 ] 173 : Sold 9 shares at price 68,000 | Profit = -8,100 | Portfolio Value = 948,109.7 | Budget = 939,703.7 | inventory = 0
[ 2024-08-06 16:10:39,814 ] 177 : Bought 1 shares at price 69,500 | Portfolio Value = 939,703.7 | Budget = 870,168.95 | inventory = 1
[ 2024-08-06 16:10:39,832 ] 178 : Sold 1 shares at price 68,800 | Profit = -700 | Portfolio Value = 939,668.95 | Budget = 938,934.55 | inventory = 0
[ 2024-08-06 16:10:39,875 ] 181 : Bought 13 shares at price 68,000 | Portfolio Value = 938,934.55 | Budget = 54,492.55 | inventory = 1
[ 2024-08-06 16:10:39,903 ] 183 : Sold 13 shares at price 67,300 | Profit = -9,100 | Portfolio Value = 921,592.55 | Budget = 928,955.1 | inventory = 0
[ 2024-08-06 16:10:39,972 ] 188 : Bought 9 shares at price 69,600 | Portfolio Value = 928,955.1 | Budget = 302,241.9 | inventory = 1
[ 2024-08-06 16:10:39,986 ] 189 : Bought 1 shares at price 70,900 | Portfolio Value = 928,641.9 | Budget = 231,306.45 | inventory = 2
[ 2024-08-06 16:10:40,000 ] 190 : Bought 3 shares at price 70,900 | Portfolio Value = 940,306.45 | Budget = 18,500.1 | inventory = 3
[ 2024-08-06 16:10:40,042 ] 193 : Sold 9 shares at price 70,500 | Profit = 8,100 | Portfolio Value = 932,400.1 | Budget = 652,682.85 | inventory = 2
[ 2024-08-06 16:10:40,055 ] 194 : Sold 1 shares at price 70,400 | Profit = -500 | Portfolio Value = 934,682.85 | Budget = 723,047.65 | inventory = 1
[ 2024-08-06 16:10:40,068 ] 195 : Sold 3 shares at price 70,800 | Profit = -300 | Portfolio Value = 934,247.65 | Budget = 935,341.45 | inventory = 0
[ 2024-08-06 16:10:40,107 ] 198 : Bought 8 shares at price 72,500 | Portfolio Value = 935,341.45 | Budget = 355,051.45 | inventory = 1
[ 2024-08-06 16:10:40,133 ] 200 : Bought 1 shares at price 72,800 | Portfolio Value = 936,651.45 | Budget = 282,215.05 | inventory = 2
[ 2024-08-06 16:10:40,147 ] 201 : Bought 3 shares at price 72,800 | Portfolio Value = 937,415.05 | Budget = 63,705.85 | inventory = 3
[ 2024-08-06 16:10:40,161 ] 202 : Sold 8 shares at price 72,400 | Profit = -800 | Portfolio Value = 937,305.85 | Budget = 642,616.25 | inventory = 2
[ 2024-08-06 16:10:40,175 ] 203 : Bought 3 shares at price 71,700 | Portfolio Value = 932,216.25 | Budget = 427,408.7 | inventory = 3
[ 2024-08-06 16:10:40,216 ] 206 : Sold 1 shares at price 72,700 | Profit = -100 | Portfolio Value = 936,308.7 | Budget = 500,072.35 | inventory = 2
[ 2024-08-06 16:10:40,229 ] 207 : Bought 6 shares at price 72,800 | Portfolio Value = 936,272.35 | Budget = 63,053.95 | inventory = 3
[ 2024-08-06 16:10:40,268 ] 210 : Sold 3 shares at price 71,200 | Profit = -4,800 | Portfolio Value = 934,253.95 | Budget = 276,547.15 | inventory = 2
[ 2024-08-06 16:10:40,295 ] 212 : Sold 3 shares at price 71,500 | Profit = -600 | Portfolio Value = 921,847.15 | Budget = 490,939.9 | inventory = 1
[ 2024-08-06 16:10:40,309 ] 213 : Sold 6 shares at price 72,600 | Profit = -1,200 | Portfolio Value = 919,939.9 | Budget = 926,322.1 | inventory = 0
[ 2024-08-06 16:10:40,361 ] 217 : Bought 3 shares at price 73,100 | Portfolio Value = 926,322.1 | Budget = 706,912.45 | inventory = 1
[ 2024-08-06 16:10:40,375 ] 218 : Bought 2 shares at price 73,300 | Portfolio Value = 926,212.45 | Budget = 560,239.15 | inventory = 2
[ 2024-08-06 16:10:40,389 ] 219 : Sold 3 shares at price 72,900 | Profit = -600 | Portfolio Value = 926,739.15 | Budget = 778,829.8 | inventory = 1
[ 2024-08-06 16:10:40,402 ] 220 : Sold 2 shares at price 73,400 | Profit = 200 | Portfolio Value = 924,629.8 | Budget = 925,556.4 | inventory = 0
[ 2024-08-06 16:10:40,442 ] 223 : Bought 9 shares at price 75,900 | Portfolio Value = 925,556.4 | Budget = 242,114.85 | inventory = 1
[ 2024-08-06 16:10:40,469 ] 225 : Sold 9 shares at price 78,000 | Profit = 18,900 | Portfolio Value = 931,514.85 | Budget = 943,763.85 | inventory = 0
[ 2024-08-06 16:10:40,482 ] 226 : Bought 7 shares at price 78,500 | Portfolio Value = 943,763.85 | Budget = 393,989.1 | inventory = 1
[ 2024-08-06 16:10:40,495 ] 1 : Bought 11 shares at price 61,000 | Portfolio Value = 1,000,000 | Budget = 328,664.5 | inventory = 1
[ 2024-08-06 16:10:40,507 ] 2 : Sold 11 shares at price 61,800 | Profit = 8,800 | Portfolio Value = 999,664.5 | Budget = 1,008,124.6 | inventory = 0
[ 2024-08-06 16:10:40,533 ] 4 : Bought 14 shares at price 63,800 | Portfolio Value = 1,008,124.6 | Budget = 114,478.0 | inventory = 1
[ 2024-08-06 16:10:40,562 ] 6 : Bought 1 shares at price 61,900 | Portfolio Value = 976,878.0 | Budget = 52,547.05 | inventory = 2
[ 2024-08-06 16:10:40,632 ] 11 : Sold 14 shares at price 63,200 | Profit = -8,400 | Portfolio Value = 996,047.05 | Budget = 936,904.65 | inventory = 1
[ 2024-08-06 16:10:40,645 ] 12 : Bought 3 shares at price 62,200 | Portfolio Value = 1,000,104.65 | Budget = 750,211.35 | inventory = 2
[ 2024-08-06 16:10:40,658 ] 13 : Sold 1 shares at price 63,700 | Profit = 1,800 | Portfolio Value = 999,011.35 | Budget = 813,879.5 | inventory = 1
[ 2024-08-06 16:10:40,671 ] 14 : Bought 8 shares at price 62,600 | Portfolio Value = 1,004,979.5 | Budget = 312,829.1 | inventory = 2
[ 2024-08-06 16:10:40,698 ] 16 : Sold 3 shares at price 62,100 | Profit = -300 | Portfolio Value = 1,002,529.1 | Budget = 499,035.95 | inventory = 1
[ 2024-08-06 16:10:40,726 ] 18 : Sold 8 shares at price 62,000 | Profit = -4,800 | Portfolio Value = 987,835.95 | Budget = 994,787.95 | inventory = 0
[ 2024-08-06 16:10:40,793 ] 23 : Bought 4 shares at price 60,500 | Portfolio Value = 994,787.95 | Budget = 752,666.95 | inventory = 1
[ 2024-08-06 16:10:40,807 ] 24 : Sold 4 shares at price 61,500 | Profit = 4,000 | Portfolio Value = 994,666.95 | Budget = 998,543.95 | inventory = 0
[ 2024-08-06 16:10:40,832 ] 26 : Bought 4 shares at price 60,300 | Portfolio Value = 998,543.95 | Budget = 757,223.35 | inventory = 1
[ 2024-08-06 16:10:40,845 ] 27 : Sold 4 shares at price 60,100 | Profit = -800 | Portfolio Value = 998,423.35 | Budget = 997,503.15 | inventory = 0
[ 2024-08-06 16:10:40,859 ] 28 : Bought 8 shares at price 59,500 | Portfolio Value = 997,503.15 | Budget = 521,265.15 | inventory = 1
[ 2024-08-06 16:10:40,873 ] 29 : Bought 2 shares at price 60,000 | Portfolio Value = 997,265.15 | Budget = 401,205.15 | inventory = 2
[ 2024-08-06 16:10:40,886 ] 30 : Sold 8 shares at price 59,000 | Profit = -4,000 | Portfolio Value = 1,001,205.15 | Budget = 872,969.15 | inventory = 1
[ 2024-08-06 16:10:40,899 ] 31 : Bought 14 shares at price 59,800 | Portfolio Value = 990,969.15 | Budget = 35,350.55 | inventory = 2
[ 2024-08-06 16:10:40,939 ] 34 : Sold 2 shares at price 60,200 | Profit = 400 | Portfolio Value = 1,016,150.55 | Budget = 155,690.35 | inventory = 1
[ 2024-08-06 16:10:40,984 ] 37 : Sold 14 shares at price 62,300 | Profit = 35,000 | Portfolio Value = 1,011,090.35 | Budget = 1,027,454.25 | inventory = 0
[ 2024-08-06 16:10:41,011 ] 39 : Bought 13 shares at price 62,100 | Portfolio Value = 1,027,454.25 | Budget = 219,750.6 | inventory = 1
[ 2024-08-06 16:10:41,024 ] 40 : Bought 3 shares at price 62,900 | Portfolio Value = 1,027,050.6 | Budget = 30,956.25 | inventory = 2
[ 2024-08-06 16:10:41,119 ] 47 : Sold 13 shares at price 62,300 | Profit = 2,600 | Portfolio Value = 1,053,356.25 | Budget = 840,451.3 | inventory = 1
[ 2024-08-06 16:10:41,132 ] 48 : Sold 3 shares at price 65,000 | Profit = 6,300 | Portfolio Value = 1,027,351.3 | Budget = 1,035,353.8 | inventory = 0
[ 2024-08-06 16:10:41,158 ] 50 : Bought 4 shares at price 65,900 | Portfolio Value = 1,035,353.8 | Budget = 771,622.0 | inventory = 1
[ 2024-08-06 16:10:41,184 ] 52 : Sold 4 shares at price 66,100 | Profit = 800 | Portfolio Value = 1,035,622.0 | Budget = 1,035,889.8 | inventory = 0
[ 2024-08-06 16:10:41,274 ] 59 : Bought 9 shares at price 65,200 | Portfolio Value = 1,035,889.8 | Budget = 448,796.4 | inventory = 1
[ 2024-08-06 16:10:41,287 ] 60 : Bought 4 shares at price 63,600 | Portfolio Value = 1,035,596.4 | Budget = 194,269.2 | inventory = 2
[ 2024-08-06 16:10:41,301 ] 61 : Sold 9 shares at price 64,100 | Profit = -9,900 | Portfolio Value = 1,021,069.2 | Budget = 770,880.75 | inventory = 1
[ 2024-08-06 16:10:41,314 ] 62 : Sold 4 shares at price 64,600 | Profit = 4,000 | Portfolio Value = 1,027,280.75 | Budget = 1,029,151.55 | inventory = 0
[ 2024-08-06 16:10:41,355 ] 65 : Bought 11 shares at price 65,400 | Portfolio Value = 1,029,151.55 | Budget = 309,391.85 | inventory = 1
[ 2024-08-06 16:10:41,369 ] 66 : Sold 11 shares at price 65,100 | Profit = -3,300 | Portfolio Value = 1,028,791.85 | Budget = 1,025,133.8 | inventory = 0
[ 2024-08-06 16:10:41,410 ] 69 : Bought 12 shares at price 64,600 | Portfolio Value = 1,025,133.8 | Budget = 249,546.2 | inventory = 1
[ 2024-08-06 16:10:41,423 ] 70 : Bought 1 shares at price 64,200 | Portfolio Value = 1,024,746.2 | Budget = 185,314.1 | inventory = 2
[ 2024-08-06 16:10:41,437 ] 71 : Sold 12 shares at price 64,100 | Profit = -6,000 | Portfolio Value = 1,019,914.1 | Budget = 954,129.5 | inventory = 1
[ 2024-08-06 16:10:41,450 ] 72 : Sold 1 shares at price 64,500 | Profit = 300 | Portfolio Value = 1,018,229.5 | Budget = 1,018,597.25 | inventory = 0
[ 2024-08-06 16:10:41,482 ] 74 : Bought 14 shares at price 65,000 | Portfolio Value = 1,018,597.25 | Budget = 108,142.25 | inventory = 1
[ 2024-08-06 16:10:41,496 ] 75 : Bought 1 shares at price 66,200 | Portfolio Value = 1,018,142.25 | Budget = 41,909.15 | inventory = 2
[ 2024-08-06 16:10:41,536 ] 78 : Sold 14 shares at price 68,400 | Profit = 47,600 | Portfolio Value = 1,069,409.15 | Budget = 999,030.35 | inventory = 1
[ 2024-08-06 16:10:41,548 ] 79 : Sold 1 shares at price 68,500 | Profit = 2,300 | Portfolio Value = 1,067,430.35 | Budget = 1,067,496.1 | inventory = 0
[ 2024-08-06 16:10:41,587 ] 82 : Bought 4 shares at price 72,300 | Portfolio Value = 1,067,496.1 | Budget = 778,151.5 | inventory = 1
[ 2024-08-06 16:10:41,601 ] 83 : Sold 4 shares at price 71,400 | Profit = -3,600 | Portfolio Value = 1,067,351.5 | Budget = 1,063,608.7 | inventory = 0
[ 2024-08-06 16:10:41,653 ] 87 : Bought 10 shares at price 71,000 | Portfolio Value = 1,063,608.7 | Budget = 353,253.7 | inventory = 1
[ 2024-08-06 16:10:41,680 ] 89 : Sold 10 shares at price 72,000 | Profit = 10,000 | Portfolio Value = 1,062,253.7 | Budget = 1,072,893.7 | inventory = 0
[ 2024-08-06 16:10:41,694 ] 90 : Bought 3 shares at price 71,000 | Portfolio Value = 1,072,893.7 | Budget = 859,787.2 | inventory = 1
[ 2024-08-06 16:10:41,721 ] 92 : Sold 3 shares at price 71,900 | Profit = 2,700 | Portfolio Value = 1,075,787.2 | Budget = 1,075,379.35 | inventory = 0
[ 2024-08-06 16:10:41,735 ] 93 : Bought 10 shares at price 71,500 | Portfolio Value = 1,075,379.35 | Budget = 360,021.85 | inventory = 1
[ 2024-08-06 16:10:41,749 ] 94 : Bought 3 shares at price 71,800 | Portfolio Value = 1,075,021.85 | Budget = 144,514.15 | inventory = 2
[ 2024-08-06 16:10:41,776 ] 96 : Sold 10 shares at price 71,400 | Profit = -1,000 | Portfolio Value = 1,070,114.15 | Budget = 858,157.15 | inventory = 1
[ 2024-08-06 16:10:41,790 ] 97 : Bought 4 shares at price 70,500 | Portfolio Value = 1,072,357.15 | Budget = 576,016.15 | inventory = 2
[ 2024-08-06 16:10:41,803 ] 98 : Sold 3 shares at price 71,300 | Profit = -1,500 | Portfolio Value = 1,069,516.15 | Budget = 789,809.2 | inventory = 1
[ 2024-08-06 16:10:41,816 ] 99 : Bought 11 shares at price 71,600 | Portfolio Value = 1,075,009.2 | Budget = 1,815.4 | inventory = 2
[ 2024-08-06 16:10:41,830 ] 100 : Sold 4 shares at price 72,400 | Profit = 7,600 | Portfolio Value = 1,075,815.4 | Budget = 291,270.6 | inventory = 1
[ 2024-08-06 16:10:41,844 ] 101 : Bought 4 shares at price 72,600 | Portfolio Value = 1,087,670.6 | Budget = 725.4 | inventory = 2
[ 2024-08-06 16:10:41,871 ] 103 : Sold 11 shares at price 72,400 | Profit = 8,800 | Portfolio Value = 1,091,225.4 | Budget = 796,727.2 | inventory = 1
[ 2024-08-06 16:10:41,884 ] 104 : Bought 3 shares at price 72,200 | Portfolio Value = 1,086,327.2 | Budget = 580,018.9 | inventory = 2
[ 2024-08-06 16:10:41,924 ] 107 : Sold 4 shares at price 72,000 | Profit = -2,400 | Portfolio Value = 1,091,018.9 | Budget = 867,874.9 | inventory = 1
[ 2024-08-06 16:10:41,938 ] 108 : Bought 2 shares at price 71,600 | Portfolio Value = 1,083,874.9 | Budget = 724,603.3 | inventory = 2
[ 2024-08-06 16:10:41,950 ] 109 : Sold 3 shares at price 69,900 | Profit = -6,900 | Portfolio Value = 1,082,603.3 | Budget = 934,198.45 | inventory = 1
[ 2024-08-06 16:10:42,003 ] 113 : Bought 5 shares at price 71,900 | Portfolio Value = 1,077,998.45 | Budget = 574,518.7 | inventory = 2
[ 2024-08-06 16:10:42,016 ] 114 : Bought 4 shares at price 73,400 | Portfolio Value = 1,077,818.7 | Budget = 280,771.9 | inventory = 3
[ 2024-08-06 16:10:42,029 ] 115 : Bought 2 shares at price 73,300 | Portfolio Value = 1,088,171.9 | Budget = 134,098.6 | inventory = 4
[ 2024-08-06 16:10:42,042 ] 116 : Bought 1 shares at price 72,000 | Portfolio Value = 1,086,998.6 | Budget = 62,062.6 | inventory = 5
[ 2024-08-06 16:10:42,056 ] 117 : Sold 2 shares at price 71,700 | Profit = 200 | Portfolio Value = 1,070,062.6 | Budget = 205,390.9 | inventory = 4
[ 2024-08-06 16:10:42,069 ] 118 : Bought 2 shares at price 71,000 | Portfolio Value = 1,065,790.9 | Budget = 63,319.9 | inventory = 5
[ 2024-08-06 16:10:42,096 ] 120 : Sold 5 shares at price 70,400 | Profit = -7,500 | Portfolio Value = 1,047,519.9 | Budget = 415,143.9 | inventory = 4
[ 2024-08-06 16:10:42,110 ] 121 : Bought 2 shares at price 70,000 | Portfolio Value = 1,048,743.9 | Budget = 275,073.9 | inventory = 5
[ 2024-08-06 16:10:42,123 ] 122 : Bought 1 shares at price 69,800 | Portfolio Value = 1,045,073.9 | Budget = 205,239.0 | inventory = 6
[ 2024-08-06 16:10:42,137 ] 123 : Sold 4 shares at price 71,700 | Profit = -6,800 | Portfolio Value = 1,042,839.0 | Budget = 491,895.6 | inventory = 5
[ 2024-08-06 16:10:42,151 ] 124 : Sold 2 shares at price 70,600 | Profit = -5,400 | Portfolio Value = 1,065,495.6 | Budget = 633,025.0 | inventory = 4
[ 2024-08-06 16:10:42,177 ] 126 : Sold 1 shares at price 71,100 | Profit = -900 | Portfolio Value = 1,051,825.0 | Budget = 704,089.45 | inventory = 3
[ 2024-08-06 16:10:42,190 ] 127 : Bought 1 shares at price 69,900 | Portfolio Value = 1,059,589.45 | Budget = 634,154.5 | inventory = 4
[ 2024-08-06 16:10:42,218 ] 129 : Bought 7 shares at price 68,300 | Portfolio Value = 1,046,954.5 | Budget = 155,815.45 | inventory = 5
[ 2024-08-06 16:10:42,231 ] 130 : Sold 2 shares at price 68,500 | Profit = -5,000 | Portfolio Value = 1,043,715.45 | Budget = 292,746.95 | inventory = 4
[ 2024-08-06 16:10:42,244 ] 131 : Bought 2 shares at price 67,600 | Portfolio Value = 1,046,246.95 | Budget = 157,479.35 | inventory = 5
[ 2024-08-06 16:10:42,271 ] 133 : Bought 2 shares at price 68,000 | Portfolio Value = 1,053,179.35 | Budget = 21,411.35 | inventory = 6
[ 2024-08-06 16:10:42,405 ] 143 : Sold 2 shares at price 67,100 | Profit = -5,800 | Portfolio Value = 1,044,411.35 | Budget = 155,544.25 | inventory = 5
[ 2024-08-06 16:10:42,419 ] 144 : Bought 1 shares at price 66,800 | Portfolio Value = 1,027,844.25 | Budget = 88,710.85 | inventory = 6
[ 2024-08-06 16:10:42,433 ] 145 : Sold 1 shares at price 66,800 | Profit = -3,000 | Portfolio Value = 1,023,910.85 | Budget = 155,477.45 | inventory = 5
[ 2024-08-06 16:10:42,556 ] 154 : Bought 1 shares at price 70,800 | Portfolio Value = 1,069,377.45 | Budget = 84,642.05 | inventory = 6
[ 2024-08-06 16:10:42,583 ] 156 : Bought 1 shares at price 70,900 | Portfolio Value = 1,071,642.05 | Budget = 13,706.6 | inventory = 7
[ 2024-08-06 16:10:42,609 ] 158 : Sold 1 shares at price 72,000 | Profit = 2,100 | Portfolio Value = 1,089,206.6 | Budget = 85,670.6 | inventory = 6
[ 2024-08-06 16:10:42,637 ] 160 : Sold 7 shares at price 69,800 | Profit = 10,500 | Portfolio Value = 1,068,470.6 | Budget = 574,026.3 | inventory = 5
[ 2024-08-06 16:10:42,649 ] 161 : Bought 2 shares at price 69,600 | Portfolio Value = 1,062,626.3 | Budget = 434,756.7 | inventory = 6
[ 2024-08-06 16:10:42,675 ] 163 : Sold 2 shares at price 68,800 | Profit = 2,400 | Portfolio Value = 1,054,856.7 | Budget = 572,287.9 | inventory = 5
[ 2024-08-06 16:10:42,689 ] 164 : Sold 2 shares at price 69,400 | Profit = 2,800 | Portfolio Value = 1,053,887.9 | Budget = 711,018.5 | inventory = 4
[ 2024-08-06 16:10:42,729 ] 167 : Sold 1 shares at price 67,500 | Profit = 700 | Portfolio Value = 1,053,018.5 | Budget = 778,484.75 | inventory = 3
[ 2024-08-06 16:10:42,743 ] 168 : Sold 1 shares at price 66,700 | Profit = -4,100 | Portfolio Value = 1,048,484.75 | Budget = 845,151.4 | inventory = 2
[ 2024-08-06 16:10:42,784 ] 171 : Bought 7 shares at price 68,200 | Portfolio Value = 1,044,351.4 | Budget = 367,512.7 | inventory = 3
[ 2024-08-06 16:10:42,797 ] 172 : Bought 1 shares at price 68,900 | Portfolio Value = 1,049,512.7 | Budget = 298,578.25 | inventory = 4
[ 2024-08-06 16:10:42,810 ] 173 : Bought 3 shares at price 68,000 | Portfolio Value = 1,056,478.25 | Budget = 94,476.25 | inventory = 5
[ 2024-08-06 16:10:42,823 ] 174 : Bought 1 shares at price 67,300 | Portfolio Value = 1,046,476.25 | Budget = 27,142.6 | inventory = 6
[ 2024-08-06 16:10:42,850 ] 176 : Sold 1 shares at price 70,500 | Profit = -400 | Portfolio Value = 1,068,142.6 | Budget = 97,607.35 | inventory = 5
[ 2024-08-06 16:10:42,889 ] 179 : Sold 2 shares at price 68,400 | Profit = -2,400 | Portfolio Value = 1,060,807.35 | Budget = 234,338.95 | inventory = 4
[ 2024-08-06 16:10:42,904 ] 180 : Sold 7 shares at price 68,500 | Profit = 2,100 | Portfolio Value = 1,055,138.95 | Budget = 713,599.2 | inventory = 3
[ 2024-08-06 16:10:42,918 ] 181 : Bought 2 shares at price 68,000 | Portfolio Value = 1,056,099.2 | Budget = 577,531.2 | inventory = 4
[ 2024-08-06 16:10:42,932 ] 182 : Bought 2 shares at price 66,700 | Portfolio Value = 1,053,531.2 | Budget = 444,064.5 | inventory = 5
[ 2024-08-06 16:10:42,959 ] 184 : Bought 2 shares at price 67,300 | Portfolio Value = 1,049,764.5 | Budget = 309,397.2 | inventory = 6
[ 2024-08-06 16:10:42,972 ] 185 : Bought 1 shares at price 66,900 | Portfolio Value = 1,049,697.2 | Budget = 242,463.75 | inventory = 7
[ 2024-08-06 16:10:43,013 ] 188 : Bought 1 shares at price 69,600 | Portfolio Value = 1,078,863.75 | Budget = 172,828.95 | inventory = 8
[ 2024-08-06 16:10:43,093 ] 194 : Sold 1 shares at price 70,400 | Profit = 1,500 | Portfolio Value = 1,089,328.95 | Budget = 243,193.75 | inventory = 7
[ 2024-08-06 16:10:43,106 ] 195 : Bought 2 shares at price 70,800 | Portfolio Value = 1,087,993.75 | Budget = 101,522.95 | inventory = 8
[ 2024-08-06 16:10:43,120 ] 196 : Sold 3 shares at price 72,200 | Profit = 12,600 | Portfolio Value = 1,092,722.95 | Budget = 318,014.65 | inventory = 7
[ 2024-08-06 16:10:43,134 ] 197 : Sold 1 shares at price 72,800 | Profit = 5,500 | Portfolio Value = 1,112,214.65 | Budget = 390,778.25 | inventory = 6
[ 2024-08-06 16:10:43,148 ] 198 : Bought 4 shares at price 72,500 | Portfolio Value = 1,118,778.25 | Budget = 100,633.25 | inventory = 7
[ 2024-08-06 16:10:43,174 ] 200 : Bought 1 shares at price 72,800 | Portfolio Value = 1,118,433.25 | Budget = 27,796.85 | inventory = 8
[ 2024-08-06 16:10:43,205 ] 202 : Sold 2 shares at price 72,400 | Profit = 8,800 | Portfolio Value = 1,119,796.85 | Budget = 172,524.45 | inventory = 7
[ 2024-08-06 16:10:43,218 ] 203 : Bought 1 shares at price 71,700 | Portfolio Value = 1,113,724.45 | Budget = 100,788.6 | inventory = 8
[ 2024-08-06 16:10:43,259 ] 206 : Bought 1 shares at price 72,700 | Portfolio Value = 1,118,588.6 | Budget = 28,052.25 | inventory = 9
[ 2024-08-06 16:10:43,315 ] 210 : Sold 2 shares at price 71,200 | Profit = 9,000 | Portfolio Value = 1,117,052.25 | Budget = 170,381.05 | inventory = 8
[ 2024-08-06 16:10:43,328 ] 211 : Bought 1 shares at price 71,700 | Portfolio Value = 1,095,981.05 | Budget = 98,645.2 | inventory = 9
[ 2024-08-06 16:10:43,453 ] 220 : Sold 2 shares at price 73,400 | Profit = 12,200 | Portfolio Value = 1,119,245.2 | Budget = 245,371.8 | inventory = 8
[ 2024-08-06 16:10:43,481 ] 222 : Bought 3 shares at price 75,000 | Portfolio Value = 1,142,971.8 | Budget = 20,259.3 | inventory = 9
[ 2024-08-06 16:10:43,508 ] 224 : Sold 1 shares at price 76,600 | Profit = 9,700 | Portfolio Value = 1,158,759.3 | Budget = 96,821.0 | inventory = 8
[ 2024-08-06 16:10:43,536 ] 226 : Bought 1 shares at price 78,500 | Portfolio Value = 1,188,821.0 | Budget = 18,281.75 | inventory = 9
[ 2024-08-06 16:10:43,644 ] 8 : Bought 12 shares at price 63,000 | Portfolio Value = 1,000,000.0 | Budget = 243,622.0 | inventory = 1
[ 2024-08-06 16:10:43,658 ] 9 : Bought 2 shares at price 62,800 | Portfolio Value = 999,622.0 | Budget = 117,959.2 | inventory = 2
[ 2024-08-06 16:10:43,686 ] 11 : Sold 12 shares at price 63,200 | Profit = 2,400 | Portfolio Value = 998,559.2 | Budget = 875,980.0 | inventory = 1
[ 2024-08-06 16:10:43,727 ] 14 : Bought 11 shares at price 62,600 | Portfolio Value = 1,003,380.0 | Budget = 187,035.7 | inventory = 2
[ 2024-08-06 16:10:43,740 ] 15 : Bought 2 shares at price 62,700 | Portfolio Value = 1,000,835.7 | Budget = 61,573.0 | inventory = 3
[ 2024-08-06 16:10:43,807 ] 20 : Bought 1 shares at price 60,500 | Portfolio Value = 981,073.0 | Budget = 1,042.75 | inventory = 4
[ 2024-08-06 16:10:43,913 ] 28 : Sold 2 shares at price 59,500 | Profit = -6,600 | Portfolio Value = 962,642.75 | Budget = 119,983.25 | inventory = 3
[ 2024-08-06 16:10:43,947 ] 30 : Sold 11 shares at price 59,000 | Profit = -39,600 | Portfolio Value = 959,983.25 | Budget = 768,658.75 | inventory = 2
[ 2024-08-06 16:10:43,975 ] 32 : Sold 2 shares at price 59,900 | Profit = -5,600 | Portfolio Value = 948,058.75 | Budget = 888,398.85 | inventory = 1
[ 2024-08-06 16:10:43,988 ] 33 : Sold 1 shares at price 61,300 | Profit = 800 | Portfolio Value = 948,298.85 | Budget = 949,668.2 | inventory = 0
[ 2024-08-06 16:10:44,001 ] 34 : Bought 8 shares at price 60,200 | Portfolio Value = 949,668.2 | Budget = 467,827.4 | inventory = 1
[ 2024-08-06 16:10:44,015 ] 35 : Bought 3 shares at price 60,300 | Portfolio Value = 949,427.4 | Budget = 286,836.95 | inventory = 2
[ 2024-08-06 16:10:44,029 ] 36 : Bought 2 shares at price 61,100 | Portfolio Value = 950,136.95 | Budget = 164,575.85 | inventory = 3
[ 2024-08-06 16:10:44,043 ] 37 : Bought 1 shares at price 62,300 | Portfolio Value = 958,875.85 | Budget = 102,244.7 | inventory = 4
[ 2024-08-06 16:10:44,056 ] 38 : Sold 8 shares at price 63,000 | Profit = 22,400 | Portfolio Value = 974,444.7 | Budget = 605,992.7 | inventory = 3
[ 2024-08-06 16:10:44,069 ] 39 : Sold 3 shares at price 62,100 | Profit = 5,400 | Portfolio Value = 983,992.7 | Budget = 792,199.55 | inventory = 2
[ 2024-08-06 16:10:44,084 ] 40 : Sold 2 shares at price 62,900 | Profit = 3,600 | Portfolio Value = 978,499.55 | Budget = 917,936.65 | inventory = 1
[ 2024-08-06 16:10:44,111 ] 42 : Sold 1 shares at price 63,200 | Profit = 900 | Portfolio Value = 980,636.65 | Budget = 981,105.05 | inventory = 0
[ 2024-08-06 16:10:44,180 ] 47 : Bought 11 shares at price 62,300 | Portfolio Value = 981,105.05 | Budget = 295,462.4 | inventory = 1
[ 2024-08-06 16:10:44,193 ] 48 : Sold 11 shares at price 65,000 | Profit = 29,700 | Portfolio Value = 980,762.4 | Budget = 1,010,104.9 | inventory = 0
[ 2024-08-06 16:10:44,286 ] 55 : Bought 7 shares at price 65,600 | Portfolio Value = 1,010,104.9 | Budget = 550,675.3 | inventory = 1
[ 2024-08-06 16:10:44,299 ] 56 : Bought 5 shares at price 65,500 | Portfolio Value = 1,009,875.3 | Budget = 223,011.55 | inventory = 2
[ 2024-08-06 16:10:44,312 ] 57 : Bought 2 shares at price 65,300 | Portfolio Value = 1,009,011.55 | Budget = 92,346.25 | inventory = 3
[ 2024-08-06 16:10:44,325 ] 58 : Sold 7 shares at price 65,700 | Profit = 700 | Portfolio Value = 1,006,546.25 | Budget = 552,016.3 | inventory = 2
[ 2024-08-06 16:10:44,339 ] 59 : Bought 7 shares at price 65,200 | Portfolio Value = 1,011,916.3 | Budget = 95,388.1 | inventory = 3
[ 2024-08-06 16:10:44,353 ] 60 : Sold 5 shares at price 63,600 | Profit = -9,500 | Portfolio Value = 1,008,188.1 | Budget = 413,229.1 | inventory = 2
[ 2024-08-06 16:10:44,367 ] 61 : Bought 6 shares at price 64,100 | Portfolio Value = 985,629.1 | Budget = 28,436.8 | inventory = 3
[ 2024-08-06 16:10:44,420 ] 65 : Sold 2 shares at price 65,400 | Profit = 200 | Portfolio Value = 1,013,936.8 | Budget = 159,171.4 | inventory = 2
[ 2024-08-06 16:10:44,433 ] 66 : Bought 2 shares at price 65,100 | Portfolio Value = 1,009,371.4 | Budget = 28,906.3 | inventory = 3
[ 2024-08-06 16:10:44,459 ] 68 : Sold 7 shares at price 65,300 | Profit = 700 | Portfolio Value = 1,017,406.3 | Budget = 485,777.75 | inventory = 2
[ 2024-08-06 16:10:44,473 ] 69 : Bought 2 shares at price 64,600 | Portfolio Value = 1,008,177.75 | Budget = 356,513.15 | inventory = 3
[ 2024-08-06 16:10:44,487 ] 70 : Bought 3 shares at price 64,200 | Portfolio Value = 1,002,513.15 | Budget = 163,816.85 | inventory = 4
[ 2024-08-06 16:10:44,501 ] 71 : Sold 6 shares at price 64,100 | Profit = 0 | Portfolio Value = 998,416.85 | Budget = 548,224.55 | inventory = 3
[ 2024-08-06 16:10:44,514 ] 72 : Bought 7 shares at price 64,500 | Portfolio Value = 996,924.55 | Budget = 96,498.8 | inventory = 4
[ 2024-08-06 16:10:44,541 ] 74 : Sold 2 shares at price 65,000 | Profit = -200 | Portfolio Value = 1,012,098.8 | Budget = 226,433.8 | inventory = 3
[ 2024-08-06 16:10:44,554 ] 75 : Bought 3 shares at price 66,200 | Portfolio Value = 1,006,433.8 | Budget = 27,734.5 | inventory = 4
[ 2024-08-06 16:10:44,594 ] 78 : Sold 2 shares at price 68,400 | Profit = 7,600 | Portfolio Value = 1,055,234.5 | Budget = 164,466.1 | inventory = 3
[ 2024-08-06 16:10:44,607 ] 79 : Bought 2 shares at price 68,500 | Portfolio Value = 1,053,666.1 | Budget = 27,397.6 | inventory = 4
[ 2024-08-06 16:10:44,634 ] 81 : Sold 3 shares at price 70,300 | Profit = 18,300 | Portfolio Value = 1,059,397.6 | Budget = 238,192.15 | inventory = 3
[ 2024-08-06 16:10:44,648 ] 82 : Sold 7 shares at price 72,300 | Profit = 54,600 | Portfolio Value = 1,081,792.15 | Budget = 744,039.1 | inventory = 2
[ 2024-08-06 16:10:44,702 ] 86 : Sold 3 shares at price 71,700 | Profit = 16,500 | Portfolio Value = 1,105,039.1 | Budget = 959,031.55 | inventory = 1
[ 2024-08-06 16:10:44,729 ] 88 : Bought 4 shares at price 70,900 | Portfolio Value = 1,101,031.55 | Budget = 675,289.75 | inventory = 2
[ 2024-08-06 16:10:44,742 ] 89 : Sold 2 shares at price 72,000 | Profit = 7,000 | Portfolio Value = 1,100,689.75 | Budget = 819,217.75 | inventory = 1
[ 2024-08-06 16:10:44,755 ] 90 : Sold 4 shares at price 71,000 | Profit = 400 | Portfolio Value = 1,107,217.75 | Budget = 1,103,075.75 | inventory = 0
[ 2024-08-06 16:10:44,768 ] 91 : Bought 5 shares at price 72,000 | Portfolio Value = 1,103,075.75 | Budget = 742,895.75 | inventory = 1
[ 2024-08-06 16:10:44,782 ] 92 : Sold 5 shares at price 71,900 | Profit = -500 | Portfolio Value = 1,102,895.75 | Budget = 1,102,216.0 | inventory = 0
[ 2024-08-06 16:10:44,835 ] 96 : Bought 1 shares at price 71,400 | Portfolio Value = 1,102,216.0 | Budget = 1,030,780.3 | inventory = 1
[ 2024-08-06 16:10:44,849 ] 97 : Sold 1 shares at price 70,500 | Profit = -900 | Portfolio Value = 1,102,180.3 | Budget = 1,101,245.05 | inventory = 0
[ 2024-08-06 16:10:44,915 ] 102 : Bought 2 shares at price 72,700 | Portfolio Value = 1,101,245.05 | Budget = 955,772.35 | inventory = 1
[ 2024-08-06 16:10:44,930 ] 103 : Sold 2 shares at price 72,400 | Profit = -600 | Portfolio Value = 1,101,172.35 | Budget = 1,100,499.95 | inventory = 0
[ 2024-08-06 16:10:44,943 ] 104 : Bought 11 shares at price 72,200 | Portfolio Value = 1,100,499.95 | Budget = 305,902.85 | inventory = 1
[ 2024-08-06 16:10:44,970 ] 106 : Bought 3 shares at price 73,000 | Portfolio Value = 1,108,902.85 | Budget = 86,793.35 | inventory = 2
[ 2024-08-06 16:10:44,996 ] 108 : Sold 11 shares at price 71,600 | Profit = -6,600 | Portfolio Value = 1,094,793.35 | Budget = 873,999.55 | inventory = 1
[ 2024-08-06 16:10:45,009 ] 109 : Bought 2 shares at price 69,900 | Portfolio Value = 1,088,799.55 | Budget = 734,129.65 | inventory = 2
[ 2024-08-06 16:10:45,022 ] 110 : Bought 10 shares at price 69,500 | Portfolio Value = 1,083,629.65 | Budget = 38,782.15 | inventory = 3
[ 2024-08-06 16:10:45,048 ] 112 : Sold 3 shares at price 71,900 | Profit = -3,300 | Portfolio Value = 1,111,282.15 | Budget = 254,374.3 | inventory = 2
[ 2024-08-06 16:10:45,075 ] 114 : Bought 2 shares at price 73,400 | Portfolio Value = 1,117,174.3 | Budget = 107,500.9 | inventory = 3
[ 2024-08-06 16:10:45,088 ] 115 : Bought 1 shares at price 73,300 | Portfolio Value = 1,135,100.9 | Budget = 34,164.25 | inventory = 4
[ 2024-08-06 16:10:45,126 ] 118 : Sold 2 shares at price 71,000 | Profit = 2,200 | Portfolio Value = 1,109,664.25 | Budget = 176,093.25 | inventory = 3
[ 2024-08-06 16:10:45,140 ] 119 : Sold 10 shares at price 70,300 | Profit = 8,000 | Portfolio Value = 1,099,093.25 | Budget = 878,741.75 | inventory = 2
[ 2024-08-06 16:10:45,153 ] 120 : Bought 8 shares at price 70,400 | Portfolio Value = 1,089,641.75 | Budget = 315,260.15 | inventory = 3
[ 2024-08-06 16:10:45,167 ] 121 : Sold 2 shares at price 70,000 | Profit = -6,800 | Portfolio Value = 1,089,660.15 | Budget = 455,190.15 | inventory = 2
[ 2024-08-06 16:10:45,181 ] 122 : Sold 1 shares at price 69,800 | Profit = -3,500 | Portfolio Value = 1,085,190.15 | Budget = 524,955.25 | inventory = 1
[ 2024-08-06 16:10:45,194 ] 123 : Sold 8 shares at price 71,700 | Profit = 10,400 | Portfolio Value = 1,083,355.25 | Budget = 1,098,268.45 | inventory = 0
[ 2024-08-06 16:10:45,220 ] 125 : Bought 2 shares at price 69,800 | Portfolio Value = 1,098,268.45 | Budget = 958,598.65 | inventory = 1
[ 2024-08-06 16:10:45,233 ] 126 : Bought 4 shares at price 71,100 | Portfolio Value = 1,098,198.65 | Budget = 674,056.45 | inventory = 2
[ 2024-08-06 16:10:45,246 ] 127 : Bought 3 shares at price 69,900 | Portfolio Value = 1,100,656.45 | Budget = 464,251.6 | inventory = 3
[ 2024-08-06 16:10:45,260 ] 128 : Sold 2 shares at price 68,800 | Profit = -2,000 | Portfolio Value = 1,093,351.6 | Budget = 601,782.8 | inventory = 2
[ 2024-08-06 16:10:45,273 ] 129 : Sold 4 shares at price 68,300 | Profit = -11,200 | Portfolio Value = 1,083,382.8 | Budget = 874,846.2 | inventory = 1
[ 2024-08-06 16:10:45,287 ] 130 : Sold 3 shares at price 68,500 | Profit = -4,200 | Portfolio Value = 1,079,746.2 | Budget = 1,080,243.45 | inventory = 0
[ 2024-08-06 16:10:45,300 ] 131 : Bought 10 shares at price 67,600 | Portfolio Value = 1,080,243.45 | Budget = 403,905.45 | inventory = 1
[ 2024-08-06 16:10:45,327 ] 133 : Sold 10 shares at price 68,000 | Profit = 4,000 | Portfolio Value = 1,092,905.45 | Budget = 1,083,565.45 | inventory = 0
[ 2024-08-06 16:10:45,392 ] 138 : Bought 15 shares at price 66,300 | Portfolio Value = 1,083,565.45 | Budget = 88,568.2 | inventory = 1
[ 2024-08-06 16:10:45,405 ] 139 : Bought 1 shares at price 66,600 | Portfolio Value = 1,083,068.2 | Budget = 21,934.9 | inventory = 2
[ 2024-08-06 16:10:45,458 ] 143 : Sold 15 shares at price 67,100 | Profit = 12,000 | Portfolio Value = 1,113,134.9 | Budget = 1,027,931.65 | inventory = 1
[ 2024-08-06 16:10:45,485 ] 145 : Bought 11 shares at price 66,800 | Portfolio Value = 1,094,731.65 | Budget = 292,764.25 | inventory = 2
[ 2024-08-06 16:10:45,497 ] 146 : Bought 1 shares at price 67,100 | Portfolio Value = 1,094,364.25 | Budget = 225,630.7 | inventory = 3
[ 2024-08-06 16:10:45,512 ] 147 : Bought 1 shares at price 66,900 | Portfolio Value = 1,097,930.7 | Budget = 158,697.25 | inventory = 4
[ 2024-08-06 16:10:45,527 ] 148 : Sold 1 shares at price 71,000 | Profit = 4,400 | Portfolio Value = 1,095,297.25 | Budget = 229,661.75 | inventory = 3
[ 2024-08-06 16:10:45,540 ] 149 : Bought 3 shares at price 71,200 | Portfolio Value = 1,152,661.75 | Budget = 15,954.95 | inventory = 4
[ 2024-08-06 16:10:45,567 ] 151 : Sold 11 shares at price 70,000 | Profit = 35,200 | Portfolio Value = 1,147,154.95 | Budget = 785,569.95 | inventory = 3
[ 2024-08-06 16:10:45,580 ] 152 : Bought 7 shares at price 70,400 | Portfolio Value = 1,135,569.95 | Budget = 292,523.55 | inventory = 4
[ 2024-08-06 16:10:45,606 ] 154 : Bought 1 shares at price 70,800 | Portfolio Value = 1,136,123.55 | Budget = 221,688.15 | inventory = 5
[ 2024-08-06 16:10:45,646 ] 157 : Bought 2 shares at price 71,700 | Portfolio Value = 1,143,388.15 | Budget = 78,216.45 | inventory = 6
[ 2024-08-06 16:10:45,659 ] 158 : Bought 1 shares at price 72,000 | Portfolio Value = 1,153,716.45 | Budget = 6,180.45 | inventory = 7
[ 2024-08-06 16:10:45,672 ] 159 : Sold 1 shares at price 70,200 | Profit = 3,100 | Portfolio Value = 1,158,180.45 | Budget = 76,345.35 | inventory = 6
[ 2024-08-06 16:10:45,686 ] 160 : Bought 1 shares at price 69,800 | Portfolio Value = 1,129,345.35 | Budget = 6,510.45 | inventory = 7
[ 2024-08-06 16:10:45,765 ] 166 : Sold 1 shares at price 68,400 | Profit = 1,500 | Portfolio Value = 1,104,110.45 | Budget = 74,876.25 | inventory = 6
[ 2024-08-06 16:10:45,792 ] 168 : Bought 1 shares at price 66,700 | Portfolio Value = 1,087,376.25 | Budget = 8,142.9 | inventory = 7
[ 2024-08-06 16:10:45,817 ] 170 : Sold 3 shares at price 66,400 | Profit = -14,400 | Portfolio Value = 1,064,142.9 | Budget = 207,243.3 | inventory = 6
[ 2024-08-06 16:10:45,830 ] 171 : Bought 1 shares at price 68,200 | Portfolio Value = 1,070,443.3 | Budget = 139,009.2 | inventory = 7
[ 2024-08-06 16:10:45,843 ] 172 : Bought 1 shares at price 68,900 | Portfolio Value = 1,093,809.2 | Budget = 70,074.75 | inventory = 8
[ 2024-08-06 16:10:45,876 ] 174 : Sold 7 shares at price 67,300 | Profit = -21,700 | Portfolio Value = 1,090,074.75 | Budget = 540,939.2 | inventory = 7
[ 2024-08-06 16:10:45,901 ] 176 : Sold 1 shares at price 70,500 | Profit = -300 | Portfolio Value = 1,096,139.2 | Budget = 611,403.95 | inventory = 6
[ 2024-08-06 16:10:45,953 ] 180 : Bought 5 shares at price 68,500 | Portfolio Value = 1,090,203.95 | Budget = 268,732.7 | inventory = 7
[ 2024-08-06 16:10:45,966 ] 181 : Bought 1 shares at price 68,000 | Portfolio Value = 1,090,732.7 | Budget = 200,698.7 | inventory = 8
[ 2024-08-06 16:10:45,993 ] 183 : Sold 2 shares at price 67,300 | Profit = -8,800 | Portfolio Value = 1,067,798.7 | Budget = 335,231.4 | inventory = 7
[ 2024-08-06 16:10:46,006 ] 184 : Bought 2 shares at price 67,300 | Portfolio Value = 1,075,531.4 | Budget = 200,564.1 | inventory = 8
[ 2024-08-06 16:10:46,019 ] 185 : Bought 2 shares at price 66,900 | Portfolio Value = 1,075,464.1 | Budget = 66,697.2 | inventory = 9
[ 2024-08-06 16:10:46,098 ] 191 : Sold 1 shares at price 69,900 | Profit = -2,100 | Portfolio Value = 1,130,197.2 | Budget = 136,562.25 | inventory = 8
[ 2024-08-06 16:10:46,111 ] 192 : Sold 1 shares at price 70,300 | Profit = 500 | Portfolio Value = 1,115,162.25 | Budget = 206,827.1 | inventory = 7
[ 2024-08-06 16:10:46,125 ] 193 : Bought 1 shares at price 70,500 | Portfolio Value = 1,120,727.1 | Budget = 136,291.85 | inventory = 8
[ 2024-08-06 16:10:46,152 ] 195 : Bought 1 shares at price 70,800 | Portfolio Value = 1,121,891.85 | Budget = 65,456.45 | inventory = 9
[ 2024-08-06 16:10:46,202 ] 199 : Sold 1 shares at price 72,700 | Profit = 6,000 | Portfolio Value = 1,152,956.45 | Budget = 138,120.1 | inventory = 8
[ 2024-08-06 16:10:46,216 ] 200 : Bought 1 shares at price 72,800 | Portfolio Value = 1,155,920.1 | Budget = 65,283.7 | inventory = 9
[ 2024-08-06 16:10:46,266 ] 204 : Sold 1 shares at price 71,300 | Profit = 3,100 | Portfolio Value = 1,140,783.7 | Budget = 136,548.05 | inventory = 8
[ 2024-08-06 16:10:46,305 ] 207 : Sold 1 shares at price 72,800 | Profit = 3,900 | Portfolio Value = 1,154,348.05 | Budget = 209,311.65 | inventory = 7
[ 2024-08-06 16:10:46,331 ] 209 : Bought 1 shares at price 72,600 | Portfolio Value = 1,145,311.65 | Budget = 136,675.35 | inventory = 8
[ 2024-08-06 16:10:46,383 ] 213 : Sold 5 shares at price 72,600 | Profit = 20,500 | Portfolio Value = 1,137,675.35 | Budget = 499,493.85 | inventory = 7
[ 2024-08-06 16:10:46,396 ] 214 : Sold 1 shares at price 73,000 | Profit = 5,000 | Portfolio Value = 1,152,893.85 | Budget = 572,457.35 | inventory = 6
[ 2024-08-06 16:10:46,411 ] 215 : Sold 2 shares at price 73,500 | Profit = 12,400 | Portfolio Value = 1,156,457.35 | Budget = 719,383.85 | inventory = 5
[ 2024-08-06 16:10:46,423 ] 216 : Bought 5 shares at price 72,800 | Portfolio Value = 1,160,383.85 | Budget = 355,201.85 | inventory = 6
[ 2024-08-06 16:10:46,437 ] 217 : Sold 2 shares at price 73,100 | Profit = 12,400 | Portfolio Value = 1,156,001.85 | Budget = 501,328.75 | inventory = 5
[ 2024-08-06 16:10:46,475 ] 220 : Sold 1 shares at price 73,400 | Profit = 2,900 | Portfolio Value = 1,157,428.75 | Budget = 574,692.05 | inventory = 4
[ 2024-08-06 16:10:46,555 ] 226 : Bought 2 shares at price 78,500 | Portfolio Value = 1,198,692.05 | Budget = 417,613.55 | inventory = 5
[ 2024-08-06 16:10:46,568 ] 1 : Bought 7 shares at price 61,000 | Portfolio Value = 1,000,000 | Budget = 572,786.5 | inventory = 1
[ 2024-08-06 16:10:46,581 ] 2 : Sold 7 shares at price 61,800 | Profit = 5,600 | Portfolio Value = 999,786.5 | Budget = 1,005,170.2 | inventory = 0
[ 2024-08-06 16:10:46,607 ] 4 : Bought 4 shares at price 63,800 | Portfolio Value = 1,005,170.2 | Budget = 749,842.6 | inventory = 1
[ 2024-08-06 16:10:46,634 ] 6 : Bought 2 shares at price 61,900 | Portfolio Value = 996,242.6 | Budget = 625,980.7 | inventory = 2
[ 2024-08-06 16:10:46,646 ] 7 : Bought 7 shares at price 63,100 | Portfolio Value = 997,380.7 | Budget = 184,059.85 | inventory = 3
[ 2024-08-06 16:10:46,673 ] 9 : Bought 1 shares at price 62,800 | Portfolio Value = 1,003,059.85 | Budget = 121,228.45 | inventory = 4
[ 2024-08-06 16:10:46,687 ] 10 : Bought 1 shares at price 62,900 | Portfolio Value = 1,000,428.45 | Budget = 58,297.0 | inventory = 5
[ 2024-08-06 16:10:46,738 ] 14 : Sold 4 shares at price 62,600 | Profit = -4,800 | Portfolio Value = 1,013,797.0 | Budget = 308,571.8 | inventory = 4
[ 2024-08-06 16:10:46,751 ] 15 : Sold 2 shares at price 62,700 | Profit = 1,600 | Portfolio Value = 997,171.8 | Budget = 433,909.1 | inventory = 3
[ 2024-08-06 16:10:46,778 ] 17 : Sold 7 shares at price 61,100 | Profit = -14,000 | Portfolio Value = 992,809.1 | Budget = 861,395.25 | inventory = 2
[ 2024-08-06 16:10:46,790 ] 18 : Bought 1 shares at price 62,000 | Portfolio Value = 983,595.25 | Budget = 799,364.25 | inventory = 3
[ 2024-08-06 16:10:46,803 ] 19 : Sold 1 shares at price 61,300 | Profit = -1,500 | Portfolio Value = 985,364.25 | Budget = 860,633.6 | inventory = 2
[ 2024-08-06 16:10:46,816 ] 20 : Sold 1 shares at price 60,500 | Profit = -2,400 | Portfolio Value = 983,233.6 | Budget = 921,103.35 | inventory = 1
[ 2024-08-06 16:10:46,830 ] 21 : Bought 4 shares at price 60,600 | Portfolio Value = 981,603.35 | Budget = 678,582.15 | inventory = 2
[ 2024-08-06 16:10:46,871 ] 24 : Bought 9 shares at price 61,500 | Portfolio Value = 981,082.15 | Budget = 124,805.4 | inventory = 3
[ 2024-08-06 16:10:46,884 ] 25 : Bought 1 shares at price 60,700 | Portfolio Value = 985,805.4 | Budget = 64,075.05 | inventory = 4
[ 2024-08-06 16:10:46,925 ] 28 : Sold 1 shares at price 59,500 | Profit = -2,500 | Portfolio Value = 965,575.05 | Budget = 123,545.3 | inventory = 3
[ 2024-08-06 16:10:46,939 ] 29 : Sold 4 shares at price 60,000 | Profit = -2,400 | Portfolio Value = 956,545.3 | Budget = 363,425.3 | inventory = 2
[ 2024-08-06 16:10:46,953 ] 30 : Bought 1 shares at price 59,000 | Portfolio Value = 963,425.3 | Budget = 304,395.8 | inventory = 3
[ 2024-08-06 16:10:47,007 ] 34 : Sold 9 shares at price 60,200 | Profit = -11,700 | Portfolio Value = 978,695.8 | Budget = 845,924.9 | inventory = 2
[ 2024-08-06 16:10:47,040 ] 36 : Bought 9 shares at price 61,100 | Portfolio Value = 966,524.9 | Budget = 295,749.95 | inventory = 3
[ 2024-08-06 16:10:47,068 ] 38 : Bought 4 shares at price 63,000 | Portfolio Value = 981,049.95 | Budget = 43,623.95 | inventory = 4
[ 2024-08-06 16:10:47,094 ] 40 : Sold 1 shares at price 62,900 | Profit = 2,200 | Portfolio Value = 975,123.95 | Budget = 106,492.5 | inventory = 3
[ 2024-08-06 16:10:47,148 ] 44 : Sold 1 shares at price 63,100 | Profit = 4,100 | Portfolio Value = 1,002,492.5 | Budget = 169,560.95 | inventory = 2
[ 2024-08-06 16:10:47,162 ] 45 : Sold 9 shares at price 63,600 | Profit = 22,500 | Portfolio Value = 989,860.95 | Budget = 741,674.75 | inventory = 1
[ 2024-08-06 16:10:47,176 ] 46 : Bought 11 shares at price 63,900 | Portfolio Value = 996,074.75 | Budget = 38,423.3 | inventory = 2
[ 2024-08-06 16:10:47,226 ] 50 : Sold 4 shares at price 65,900 | Profit = 11,600 | Portfolio Value = 1,023,923.3 | Budget = 301,891.5 | inventory = 1
[ 2024-08-06 16:10:47,239 ] 51 : Bought 3 shares at price 66,000 | Portfolio Value = 1,026,791.5 | Budget = 103,792.5 | inventory = 2
[ 2024-08-06 16:10:47,254 ] 52 : Bought 1 shares at price 66,100 | Portfolio Value = 1,027,792.5 | Budget = 37,659.45 | inventory = 3
[ 2024-08-06 16:10:47,309 ] 56 : Sold 11 shares at price 65,500 | Profit = 17,600 | Portfolio Value = 1,021,659.45 | Budget = 757,799.2 | inventory = 2
[ 2024-08-06 16:10:47,335 ] 58 : Bought 7 shares at price 65,700 | Portfolio Value = 1,018,999.2 | Budget = 297,669.25 | inventory = 3
[ 2024-08-06 16:10:47,362 ] 60 : Bought 3 shares at price 63,600 | Portfolio Value = 1,014,869.25 | Budget = 106,773.85 | inventory = 4
[ 2024-08-06 16:10:47,388 ] 62 : Bought 1 shares at price 64,600 | Portfolio Value = 1,004,173.85 | Budget = 42,141.55 | inventory = 5
[ 2024-08-06 16:10:47,401 ] 63 : Sold 3 shares at price 65,500 | Profit = -1,500 | Portfolio Value = 1,011,141.55 | Budget = 238,543.3 | inventory = 4
[ 2024-08-06 16:10:47,427 ] 65 : Bought 1 shares at price 65,400 | Portfolio Value = 1,026,943.3 | Budget = 173,110.6 | inventory = 5
[ 2024-08-06 16:10:47,440 ] 66 : Bought 1 shares at price 65,100 | Portfolio Value = 1,023,310.6 | Budget = 107,978.05 | inventory = 6
[ 2024-08-06 16:10:47,453 ] 67 : Bought 1 shares at price 65,900 | Portfolio Value = 1,019,378.05 | Budget = 42,045.1 | inventory = 7
[ 2024-08-06 16:10:47,466 ] 68 : Sold 1 shares at price 65,300 | Profit = -800 | Portfolio Value = 1,030,545.1 | Budget = 107,312.45 | inventory = 6
[ 2024-08-06 16:10:47,479 ] 69 : Sold 7 shares at price 64,600 | Profit = -7,700 | Portfolio Value = 1,021,512.45 | Budget = 559,286.35 | inventory = 5
[ 2024-08-06 16:10:47,532 ] 73 : Bought 1 shares at price 65,400 | Portfolio Value = 1,010,786.35 | Budget = 493,853.65 | inventory = 6
[ 2024-08-06 16:10:47,558 ] 75 : Bought 5 shares at price 66,200 | Portfolio Value = 1,013,853.65 | Budget = 162,688.15 | inventory = 7
[ 2024-08-06 16:10:47,572 ] 76 : Bought 1 shares at price 68,400 | Portfolio Value = 1,023,288.15 | Budget = 94,253.95 | inventory = 8
[ 2024-08-06 16:10:47,585 ] 77 : Bought 1 shares at price 68,500 | Portfolio Value = 1,051,853.95 | Budget = 25,719.7 | inventory = 9
[ 2024-08-06 16:10:47,599 ] 78 : Sold 3 shares at price 68,400 | Profit = 14,400 | Portfolio Value = 1,053,219.7 | Budget = 230,817.1 | inventory = 8
[ 2024-08-06 16:10:47,640 ] 81 : Sold 1 shares at price 70,300 | Profit = 5,700 | Portfolio Value = 1,056,417.1 | Budget = 301,081.95 | inventory = 7
[ 2024-08-06 16:10:47,653 ] 82 : Bought 1 shares at price 72,300 | Portfolio Value = 1,074,381.95 | Budget = 228,745.8 | inventory = 8
[ 2024-08-06 16:10:47,666 ] 83 : Sold 1 shares at price 71,400 | Profit = 6,000 | Portfolio Value = 1,096,345.8 | Budget = 300,110.1 | inventory = 7
[ 2024-08-06 16:10:47,680 ] 84 : Bought 2 shares at price 70,900 | Portfolio Value = 1,085,510.1 | Budget = 158,239.2 | inventory = 8
[ 2024-08-06 16:10:47,706 ] 86 : Sold 1 shares at price 71,700 | Profit = 6,600 | Portfolio Value = 1,096,839.2 | Budget = 229,903.35 | inventory = 7
[ 2024-08-06 16:10:47,719 ] 87 : Sold 1 shares at price 71,000 | Profit = 5,100 | Portfolio Value = 1,090,303.35 | Budget = 300,867.85 | inventory = 6
[ 2024-08-06 16:10:47,733 ] 88 : Sold 1 shares at price 70,900 | Profit = 5,500 | Portfolio Value = 1,081,867.85 | Budget = 371,732.4 | inventory = 5
[ 2024-08-06 16:10:47,758 ] 90 : Bought 3 shares at price 71,000 | Portfolio Value = 1,091,732.4 | Budget = 158,625.9 | inventory = 6
[ 2024-08-06 16:10:47,771 ] 91 : Bought 2 shares at price 72,000 | Portfolio Value = 1,081,625.9 | Budget = 14,553.9 | inventory = 7
[ 2024-08-06 16:10:47,800 ] 93 : Sold 5 shares at price 71,500 | Profit = 26,500 | Portfolio Value = 1,093,053.9 | Budget = 371,875.15 | inventory = 6
[ 2024-08-06 16:10:47,827 ] 95 : Sold 1 shares at price 71,200 | Profit = 2,800 | Portfolio Value = 1,089,875.15 | Budget = 443,039.55 | inventory = 5
[ 2024-08-06 16:10:47,839 ] 96 : Bought 3 shares at price 71,400 | Portfolio Value = 1,083,839.55 | Budget = 228,732.45 | inventory = 6
[ 2024-08-06 16:10:47,865 ] 98 : Bought 1 shares at price 71,300 | Portfolio Value = 1,074,732.45 | Budget = 157,396.8 | inventory = 7
[ 2024-08-06 16:10:47,878 ] 99 : Sold 1 shares at price 71,600 | Profit = 3,100 | Portfolio Value = 1,084,296.8 | Budget = 228,961.0 | inventory = 6
[ 2024-08-06 16:10:47,892 ] 100 : Sold 1 shares at price 72,400 | Profit = 100 | Portfolio Value = 1,088,161.0 | Budget = 301,324.8 | inventory = 5
[ 2024-08-06 16:10:47,905 ] 101 : Sold 2 shares at price 72,600 | Profit = 3,400 | Portfolio Value = 1,097,724.8 | Budget = 446,452.2 | inventory = 4
[ 2024-08-06 16:10:47,918 ] 102 : Bought 3 shares at price 72,700 | Portfolio Value = 1,099,852.2 | Budget = 228,243.15 | inventory = 5
[ 2024-08-06 16:10:47,931 ] 103 : Sold 3 shares at price 72,400 | Profit = 4,200 | Portfolio Value = 1,100,643.15 | Budget = 445,334.55 | inventory = 4
[ 2024-08-06 16:10:47,944 ] 104 : Sold 2 shares at price 72,200 | Profit = 400 | Portfolio Value = 1,096,934.55 | Budget = 589,662.35 | inventory = 3
[ 2024-08-06 16:10:47,970 ] 106 : Bought 2 shares at price 73,000 | Portfolio Value = 1,100,662.35 | Budget = 443,589.35 | inventory = 4
[ 2024-08-06 16:10:47,996 ] 108 : Sold 3 shares at price 71,600 | Profit = 600 | Portfolio Value = 1,091,589.35 | Budget = 658,281.95 | inventory = 3
[ 2024-08-06 16:10:48,010 ] 109 : Sold 1 shares at price 69,900 | Profit = -1,400 | Portfolio Value = 1,087,881.95 | Budget = 728,147.0 | inventory = 2
[ 2024-08-06 16:10:48,035 ] 111 : Sold 3 shares at price 71,500 | Profit = -3,600 | Portfolio Value = 1,075,647.0 | Budget = 942,539.75 | inventory = 1
[ 2024-08-06 16:10:48,048 ] 112 : Sold 2 shares at price 71,900 | Profit = -2,200 | Portfolio Value = 1,085,539.75 | Budget = 1,086,267.85 | inventory = 0
[ 2024-08-06 16:10:48,074 ] 114 : Bought 9 shares at price 73,400 | Portfolio Value = 1,086,267.85 | Budget = 425,337.55 | inventory = 1
[ 2024-08-06 16:10:48,088 ] 115 : Sold 9 shares at price 73,300 | Profit = -900 | Portfolio Value = 1,085,937.55 | Budget = 1,084,707.7 | inventory = 0
[ 2024-08-06 16:10:48,178 ] 122 : Bought 6 shares at price 69,800 | Portfolio Value = 1,084,707.7 | Budget = 665,698.3 | inventory = 1
[ 2024-08-06 16:10:48,192 ] 123 : Sold 6 shares at price 71,700 | Profit = 11,400 | Portfolio Value = 1,084,498.3 | Budget = 1,095,683.2 | inventory = 0
[ 2024-08-06 16:10:48,256 ] 128 : Bought 13 shares at price 68,800 | Portfolio Value = 1,095,683.2 | Budget = 200,836.0 | inventory = 1
[ 2024-08-06 16:10:48,309 ] 132 : Sold 13 shares at price 68,900 | Profit = 1,300 | Portfolio Value = 1,079,636.0 | Budget = 1,096,088.15 | inventory = 0
[ 2024-08-06 16:10:48,322 ] 133 : Bought 8 shares at price 68,000 | Portfolio Value = 1,096,088.15 | Budget = 551,816.15 | inventory = 1
[ 2024-08-06 16:10:48,334 ] 134 : Sold 8 shares at price 67,500 | Profit = -4,000 | Portfolio Value = 1,095,816.15 | Budget = 1,091,546.15 | inventory = 0
[ 2024-08-06 16:10:48,373 ] 137 : Bought 6 shares at price 66,700 | Portfolio Value = 1,091,546.15 | Budget = 691,146.05 | inventory = 1
[ 2024-08-06 16:10:48,386 ] 138 : Sold 6 shares at price 66,300 | Profit = -2,400 | Portfolio Value = 1,091,346.05 | Budget = 1,088,747.15 | inventory = 0
[ 2024-08-06 16:10:48,412 ] 140 : Bought 12 shares at price 66,600 | Portfolio Value = 1,088,747.15 | Budget = 289,147.55 | inventory = 1
[ 2024-08-06 16:10:48,425 ] 141 : Sold 12 shares at price 67,100 | Profit = 6,000 | Portfolio Value = 1,088,347.55 | Budget = 1,093,944.95 | inventory = 0
[ 2024-08-06 16:10:48,437 ] 142 : Bought 13 shares at price 68,200 | Portfolio Value = 1,093,944.95 | Budget = 206,901.65 | inventory = 1
[ 2024-08-06 16:10:48,475 ] 145 : Sold 13 shares at price 66,800 | Profit = -18,200 | Portfolio Value = 1,075,301.65 | Budget = 1,074,867.45 | inventory = 0
[ 2024-08-06 16:10:48,515 ] 148 : Bought 8 shares at price 71,000 | Portfolio Value = 1,074,867.45 | Budget = 506,583.45 | inventory = 1
[ 2024-08-06 16:10:48,528 ] 149 : Sold 8 shares at price 71,200 | Profit = 1,600 | Portfolio Value = 1,074,583.45 | Budget = 1,075,898.65 | inventory = 0
[ 2024-08-06 16:10:48,568 ] 152 : Bought 13 shares at price 70,400 | Portfolio Value = 1,075,898.65 | Budget = 160,241.05 | inventory = 1
[ 2024-08-06 16:10:48,581 ] 153 : Sold 13 shares at price 70,300 | Profit = -1,300 | Portfolio Value = 1,075,441.05 | Budget = 1,073,684.1 | inventory = 0
[ 2024-08-06 16:10:48,594 ] 154 : Bought 9 shares at price 70,800 | Portfolio Value = 1,073,684.1 | Budget = 436,165.5 | inventory = 1
[ 2024-08-06 16:10:48,608 ] 155 : Bought 1 shares at price 70,500 | Portfolio Value = 1,073,365.5 | Budget = 365,630.25 | inventory = 2
[ 2024-08-06 16:10:48,622 ] 156 : Bought 4 shares at price 70,900 | Portfolio Value = 1,070,630.25 | Budget = 81,888.45 | inventory = 3
[ 2024-08-06 16:10:48,635 ] 157 : Sold 9 shares at price 71,700 | Profit = 8,100 | Portfolio Value = 1,074,488.45 | Budget = 726,865.8 | inventory = 2
[ 2024-08-06 16:10:48,649 ] 158 : Sold 1 shares at price 72,000 | Profit = 1,500 | Portfolio Value = 1,085,365.8 | Budget = 798,829.8 | inventory = 1
[ 2024-08-06 16:10:48,663 ] 159 : Sold 4 shares at price 70,200 | Profit = -2,800 | Portfolio Value = 1,086,829.8 | Budget = 1,079,489.4 | inventory = 0
[ 2024-08-06 16:10:48,676 ] 160 : Bought 6 shares at price 69,800 | Portfolio Value = 1,079,489.4 | Budget = 660,480.0 | inventory = 1
[ 2024-08-06 16:10:48,689 ] 161 : Bought 3 shares at price 69,600 | Portfolio Value = 1,079,280.0 | Budget = 451,575.6 | inventory = 2
[ 2024-08-06 16:10:48,703 ] 162 : Sold 6 shares at price 68,900 | Profit = -5,400 | Portfolio Value = 1,077,975.6 | Budget = 864,768.9 | inventory = 1
[ 2024-08-06 16:10:48,742 ] 165 : Bought 8 shares at price 68,600 | Portfolio Value = 1,072,968.9 | Budget = 315,694.5 | inventory = 2
[ 2024-08-06 16:10:48,821 ] 171 : Sold 3 shares at price 68,200 | Profit = -4,200 | Portfolio Value = 1,046,094.5 | Budget = 520,192.2 | inventory = 1
[ 2024-08-06 16:10:48,834 ] 172 : Bought 4 shares at price 68,900 | Portfolio Value = 1,065,792.2 | Budget = 244,454.4 | inventory = 2
[ 2024-08-06 16:10:48,847 ] 173 : Bought 2 shares at price 68,000 | Portfolio Value = 1,071,254.4 | Budget = 108,386.4 | inventory = 3
[ 2024-08-06 16:10:48,860 ] 174 : Sold 8 shares at price 67,300 | Profit = -10,400 | Portfolio Value = 1,060,386.4 | Budget = 646,517.2 | inventory = 2
[ 2024-08-06 16:10:48,885 ] 176 : Sold 4 shares at price 70,500 | Profit = 6,400 | Portfolio Value = 1,062,917.2 | Budget = 928,376.2 | inventory = 1
[ 2024-08-06 16:10:48,897 ] 177 : Sold 2 shares at price 69,500 | Profit = 3,000 | Portfolio Value = 1,069,376.2 | Budget = 1,067,306.7 | inventory = 0
[ 2024-08-06 16:10:48,924 ] 179 : Bought 11 shares at price 68,400 | Portfolio Value = 1,067,306.7 | Budget = 314,530.5 | inventory = 1
[ 2024-08-06 16:10:48,938 ] 180 : Sold 11 shares at price 68,500 | Profit = 1,100 | Portfolio Value = 1,066,930.5 | Budget = 1,067,653.75 | inventory = 0
[ 2024-08-06 16:10:48,964 ] 182 : Bought 15 shares at price 66,700 | Portfolio Value = 1,067,653.75 | Budget = 66,653.5 | inventory = 1
[ 2024-08-06 16:10:49,004 ] 185 : Sold 15 shares at price 66,900 | Profit = 3,000 | Portfolio Value = 1,076,153.5 | Budget = 1,069,651.75 | inventory = 0
[ 2024-08-06 16:10:49,042 ] 188 : Bought 15 shares at price 69,600 | Portfolio Value = 1,069,651.75 | Budget = 25,129.75 | inventory = 1
[ 2024-08-06 16:10:49,134 ] 195 : Sold 15 shares at price 70,800 | Profit = 18,000 | Portfolio Value = 1,081,129.75 | Budget = 1,086,598.75 | inventory = 0
[ 2024-08-06 16:10:49,147 ] 196 : Bought 1 shares at price 72,200 | Portfolio Value = 1,086,598.75 | Budget = 1,014,362.65 | inventory = 1
[ 2024-08-06 16:10:49,174 ] 198 : Sold 1 shares at price 72,500 | Profit = 300 | Portfolio Value = 1,087,162.65 | Budget = 1,086,826.4 | inventory = 0
[ 2024-08-06 16:10:49,240 ] 203 : Bought 14 shares at price 71,700 | Portfolio Value = 1,086,826.4 | Budget = 82,524.5 | inventory = 1
[ 2024-08-06 16:10:49,253 ] 204 : Sold 14 shares at price 71,300 | Profit = -5,600 | Portfolio Value = 1,086,324.5 | Budget = 1,080,225.4 | inventory = 0
[ 2024-08-06 16:10:49,332 ] 210 : Bought 3 shares at price 71,200 | Portfolio Value = 1,080,225.4 | Budget = 866,518.6 | inventory = 1
[ 2024-08-06 16:10:49,345 ] 211 : Bought 11 shares at price 71,700 | Portfolio Value = 1,080,118.6 | Budget = 77,424.25 | inventory = 2
[ 2024-08-06 16:10:49,358 ] 212 : Bought 1 shares at price 71,500 | Portfolio Value = 1,081,224.25 | Budget = 5,888.5 | inventory = 3
[ 2024-08-06 16:10:49,383 ] 214 : Sold 3 shares at price 73,000 | Profit = 5,400 | Portfolio Value = 1,094,888.5 | Budget = 224,779.0 | inventory = 2
[ 2024-08-06 16:10:49,422 ] 217 : Sold 11 shares at price 73,100 | Profit = 15,400 | Portfolio Value = 1,098,379.0 | Budget = 1,028,476.95 | inventory = 1
[ 2024-08-06 16:10:49,435 ] 218 : Sold 1 shares at price 73,300 | Profit = 1,800 | Portfolio Value = 1,101,576.95 | Budget = 1,101,740.3 | inventory = 0
[ 2024-08-06 16:10:49,475 ] 221 : Bought 12 shares at price 74,800 | Portfolio Value = 1,101,740.3 | Budget = 203,691.5 | inventory = 1
[ 2024-08-06 16:10:49,488 ] 222 : Bought 2 shares at price 75,000 | Portfolio Value = 1,101,291.5 | Budget = 53,616.5 | inventory = 2
[ 2024-08-06 16:10:49,568 ] 2 : Bought 14 shares at price 61,800 | Portfolio Value = 1,000,000.0 | Budget = 134,367.4 | inventory = 1
[ 2024-08-06 16:10:49,608 ] 5 : Sold 14 shares at price 61,600 | Profit = -2,800 | Portfolio Value = 1,027,567.4 | Budget = 996,336.2 | inventory = 0
[ 2024-08-06 16:10:49,649 ] 8 : Bought 1 shares at price 63,000 | Portfolio Value = 996,336.2 | Budget = 933,304.7 | inventory = 1
[ 2024-08-06 16:10:49,662 ] 9 : Bought 1 shares at price 62,800 | Portfolio Value = 996,304.7 | Budget = 870,473.3 | inventory = 2
[ 2024-08-06 16:10:49,676 ] 10 : Bought 2 shares at price 62,900 | Portfolio Value = 996,073.3 | Budget = 744,610.4 | inventory = 3
[ 2024-08-06 16:10:49,688 ] 11 : Sold 1 shares at price 63,200 | Profit = 200 | Portfolio Value = 996,210.4 | Budget = 807,778.8 | inventory = 2
[ 2024-08-06 16:10:49,703 ] 12 : Bought 5 shares at price 62,200 | Portfolio Value = 997,378.8 | Budget = 496,623.3 | inventory = 3
[ 2024-08-06 16:10:49,715 ] 13 : Sold 1 shares at price 63,700 | Profit = 900 | Portfolio Value = 994,223.3 | Budget = 560,291.45 | inventory = 2
[ 2024-08-06 16:10:49,729 ] 14 : Bought 4 shares at price 62,600 | Portfolio Value = 1,006,191.45 | Budget = 309,766.25 | inventory = 3
[ 2024-08-06 16:10:49,758 ] 16 : Sold 2 shares at price 62,100 | Profit = -1,600 | Portfolio Value = 999,466.25 | Budget = 433,904.15 | inventory = 2
[ 2024-08-06 16:10:49,772 ] 17 : Sold 5 shares at price 61,100 | Profit = -5,500 | Portfolio Value = 992,804.15 | Budget = 739,251.4 | inventory = 1
[ 2024-08-06 16:10:49,784 ] 18 : Bought 9 shares at price 62,000 | Portfolio Value = 983,651.4 | Budget = 180,972.4 | inventory = 2
[ 2024-08-06 16:10:49,798 ] 19 : Sold 4 shares at price 61,300 | Profit = -5,200 | Portfolio Value = 986,972.4 | Budget = 426,049.8 | inventory = 1
[ 2024-08-06 16:10:49,812 ] 20 : Sold 9 shares at price 60,500 | Profit = -13,500 | Portfolio Value = 977,749.8 | Budget = 970,277.55 | inventory = 0
[ 2024-08-06 16:10:49,878 ] 25 : Bought 2 shares at price 60,700 | Portfolio Value = 970,277.55 | Budget = 848,816.85 | inventory = 1
[ 2024-08-06 16:10:49,892 ] 26 : Sold 2 shares at price 60,300 | Profit = -800 | Portfolio Value = 970,216.85 | Budget = 969,356.55 | inventory = 0
[ 2024-08-06 16:10:49,986 ] 33 : Bought 13 shares at price 61,300 | Portfolio Value = 969,356.55 | Budget = 172,058.1 | inventory = 1
[ 2024-08-06 16:10:49,999 ] 34 : Sold 13 shares at price 60,200 | Profit = -14,300 | Portfolio Value = 968,958.1 | Budget = 954,266.8 | inventory = 0
[ 2024-08-06 16:10:50,051 ] 38 : Bought 7 shares at price 63,000 | Portfolio Value = 954,266.8 | Budget = 513,046.3 | inventory = 1
[ 2024-08-06 16:10:50,089 ] 41 : Bought 5 shares at price 62,700 | Portfolio Value = 953,346.3 | Budget = 199,389.55 | inventory = 2
[ 2024-08-06 16:10:50,101 ] 42 : Sold 7 shares at price 63,200 | Profit = 1,400 | Portfolio Value = 951,789.55 | Budget = 641,568.35 | inventory = 1
[ 2024-08-06 16:10:50,115 ] 43 : Bought 5 shares at price 64,000 | Portfolio Value = 957,568.35 | Budget = 321,408.35 | inventory = 2
[ 2024-08-06 16:10:50,140 ] 45 : Bought 2 shares at price 63,600 | Portfolio Value = 952,408.35 | Budget = 194,144.75 | inventory = 3
[ 2024-08-06 16:10:50,153 ] 46 : Bought 2 shares at price 63,900 | Portfolio Value = 957,344.75 | Budget = 66,280.85 | inventory = 4
[ 2024-08-06 16:10:50,166 ] 47 : Sold 5 shares at price 62,300 | Profit = -2,000 | Portfolio Value = 960,880.85 | Budget = 377,625.1 | inventory = 3
[ 2024-08-06 16:10:50,192 ] 49 : Sold 5 shares at price 65,700 | Profit = 8,500 | Portfolio Value = 962,625.1 | Budget = 705,960.85 | inventory = 2
[ 2024-08-06 16:10:50,205 ] 50 : Bought 1 shares at price 65,900 | Portfolio Value = 968,760.85 | Budget = 640,027.9 | inventory = 3
[ 2024-08-06 16:10:50,218 ] 51 : Sold 2 shares at price 66,000 | Profit = 4,800 | Portfolio Value = 969,527.9 | Budget = 771,961.9 | inventory = 2
[ 2024-08-06 16:10:50,230 ] 52 : Bought 11 shares at price 66,100 | Portfolio Value = 969,961.9 | Budget = 44,498.35 | inventory = 3
[ 2024-08-06 16:10:50,257 ] 54 : Sold 2 shares at price 65,300 | Profit = 2,800 | Portfolio Value = 955,898.35 | Budget = 175,033.05 | inventory = 2
[ 2024-08-06 16:10:50,283 ] 56 : Sold 1 shares at price 65,500 | Profit = -400 | Portfolio Value = 962,233.05 | Budget = 240,500.3 | inventory = 1
[ 2024-08-06 16:10:50,296 ] 57 : Sold 11 shares at price 65,300 | Profit = -8,800 | Portfolio Value = 961,000.3 | Budget = 958,441.15 | inventory = 0
[ 2024-08-06 16:10:50,361 ] 62 : Bought 13 shares at price 64,600 | Portfolio Value = 958,441.15 | Budget = 118,221.25 | inventory = 1
[ 2024-08-06 16:10:50,374 ] 63 : Bought 1 shares at price 65,500 | Portfolio Value = 958,021.25 | Budget = 52,688.5 | inventory = 2
[ 2024-08-06 16:10:50,411 ] 66 : Sold 13 shares at price 65,100 | Profit = 6,500 | Portfolio Value = 968,288.5 | Budget = 898,565.35 | inventory = 1
[ 2024-08-06 16:10:50,424 ] 67 : Sold 1 shares at price 65,900 | Profit = 400 | Portfolio Value = 963,665.35 | Budget = 964,432.4 | inventory = 0
[ 2024-08-06 16:10:50,530 ] 75 : Bought 7 shares at price 66,200 | Portfolio Value = 964,432.4 | Budget = 500,800.7 | inventory = 1
[ 2024-08-06 16:10:50,543 ] 76 : Sold 7 shares at price 68,400 | Profit = 15,400 | Portfolio Value = 964,200.7 | Budget = 979,361.3 | inventory = 0
[ 2024-08-06 16:10:50,570 ] 78 : Bought 13 shares at price 68,400 | Portfolio Value = 979,361.3 | Budget = 89,716.7 | inventory = 1
[ 2024-08-06 16:10:50,596 ] 80 : Sold 13 shares at price 68,800 | Profit = 5,200 | Portfolio Value = 980,216.7 | Budget = 983,669.5 | inventory = 0
[ 2024-08-06 16:10:50,609 ] 81 : Bought 9 shares at price 70,300 | Portfolio Value = 983,669.5 | Budget = 350,653.15 | inventory = 1
[ 2024-08-06 16:10:50,622 ] 82 : Bought 2 shares at price 72,300 | Portfolio Value = 983,353.15 | Budget = 205,980.85 | inventory = 2
[ 2024-08-06 16:10:50,648 ] 84 : Sold 9 shares at price 70,900 | Profit = 5,400 | Portfolio Value = 991,380.85 | Budget = 843,761.8 | inventory = 1
[ 2024-08-06 16:10:50,662 ] 85 : Sold 2 shares at price 72,200 | Profit = -200 | Portfolio Value = 985,561.8 | Budget = 988,089.6 | inventory = 0
[ 2024-08-06 16:10:50,714 ] 89 : Bought 13 shares at price 72,000 | Portfolio Value = 988,089.6 | Budget = 51,621.6 | inventory = 1
[ 2024-08-06 16:10:50,740 ] 91 : Sold 13 shares at price 72,000 | Profit = 0 | Portfolio Value = 974,621.6 | Budget = 987,153.6 | inventory = 0
[ 2024-08-06 16:10:50,767 ] 93 : Bought 5 shares at price 71,500 | Portfolio Value = 987,153.6 | Budget = 629,474.85 | inventory = 1
[ 2024-08-06 16:10:50,779 ] 94 : Sold 5 shares at price 71,800 | Profit = 1,500 | Portfolio Value = 986,974.85 | Budget = 988,295.35 | inventory = 0
[ 2024-08-06 16:10:50,793 ] 95 : Bought 1 shares at price 71,200 | Portfolio Value = 988,295.35 | Budget = 917,059.75 | inventory = 1
[ 2024-08-06 16:10:50,806 ] 96 : Bought 6 shares at price 71,400 | Portfolio Value = 988,259.75 | Budget = 488,445.55 | inventory = 2
[ 2024-08-06 16:10:50,819 ] 97 : Bought 5 shares at price 70,500 | Portfolio Value = 988,245.55 | Budget = 135,769.3 | inventory = 3
[ 2024-08-06 16:10:50,845 ] 99 : Sold 1 shares at price 71,600 | Profit = 400 | Portfolio Value = 991,369.3 | Budget = 207,333.5 | inventory = 2
[ 2024-08-06 16:10:50,859 ] 100 : Bought 1 shares at price 72,400 | Portfolio Value = 994,933.5 | Budget = 134,897.3 | inventory = 3
[ 2024-08-06 16:10:50,872 ] 101 : Sold 6 shares at price 72,600 | Profit = 7,200 | Portfolio Value = 1,003,697.3 | Budget = 570,279.5 | inventory = 2
[ 2024-08-06 16:10:50,927 ] 105 : Bought 1 shares at price 73,000 | Portfolio Value = 1,003,479.5 | Budget = 497,243.0 | inventory = 3
[ 2024-08-06 16:10:50,941 ] 106 : Bought 5 shares at price 73,000 | Portfolio Value = 1,008,243.0 | Budget = 132,060.5 | inventory = 4
[ 2024-08-06 16:10:50,954 ] 107 : Sold 5 shares at price 72,000 | Profit = 7,500 | Portfolio Value = 1,008,060.5 | Budget = 491,880.5 | inventory = 3
[ 2024-08-06 16:10:50,967 ] 108 : Bought 4 shares at price 71,600 | Portfolio Value = 995,880.5 | Budget = 205,337.3 | inventory = 4
[ 2024-08-06 16:10:50,980 ] 109 : Sold 1 shares at price 69,900 | Profit = -2,500 | Portfolio Value = 992,937.3 | Budget = 275,202.35 | inventory = 3
[ 2024-08-06 16:10:51,007 ] 111 : Sold 1 shares at price 71,500 | Profit = -1,500 | Portfolio Value = 970,202.35 | Budget = 346,666.6 | inventory = 2
[ 2024-08-06 16:10:51,020 ] 112 : Sold 5 shares at price 71,900 | Profit = -5,500 | Portfolio Value = 990,166.6 | Budget = 705,986.85 | inventory = 1
[ 2024-08-06 16:10:51,033 ] 113 : Sold 4 shares at price 71,900 | Profit = 1,200 | Portfolio Value = 993,586.85 | Budget = 993,443.05 | inventory = 0
[ 2024-08-06 16:10:51,072 ] 116 : Bought 4 shares at price 72,000 | Portfolio Value = 993,443.05 | Budget = 705,299.05 | inventory = 1
[ 2024-08-06 16:10:51,112 ] 119 : Sold 4 shares at price 70,300 | Profit = -6,800 | Portfolio Value = 989,299.05 | Budget = 986,358.45 | inventory = 0
[ 2024-08-06 16:10:51,125 ] 120 : Bought 5 shares at price 70,400 | Portfolio Value = 986,358.45 | Budget = 634,182.45 | inventory = 1
[ 2024-08-06 16:10:51,137 ] 121 : Sold 5 shares at price 70,000 | Profit = -2,000 | Portfolio Value = 986,182.45 | Budget = 984,007.45 | inventory = 0
[ 2024-08-06 16:10:51,150 ] 122 : Bought 9 shares at price 69,800 | Portfolio Value = 984,007.45 | Budget = 355,493.35 | inventory = 1
[ 2024-08-06 16:10:51,190 ] 125 : Sold 9 shares at price 69,800 | Profit = 0 | Portfolio Value = 990,893.35 | Budget = 983,379.25 | inventory = 0
[ 2024-08-06 16:10:51,204 ] 126 : Bought 1 shares at price 71,100 | Portfolio Value = 983,379.25 | Budget = 912,243.7 | inventory = 1
[ 2024-08-06 16:10:51,231 ] 128 : Bought 9 shares at price 68,800 | Portfolio Value = 982,143.7 | Budget = 292,734.1 | inventory = 2
[ 2024-08-06 16:10:51,260 ] 130 : Bought 3 shares at price 68,500 | Portfolio Value = 975,734.1 | Budget = 87,131.35 | inventory = 3
[ 2024-08-06 16:10:51,286 ] 132 : Sold 1 shares at price 68,900 | Profit = -2,200 | Portfolio Value = 965,931.35 | Budget = 155,996.9 | inventory = 2
[ 2024-08-06 16:10:51,311 ] 134 : Bought 1 shares at price 67,500 | Portfolio Value = 971,996.9 | Budget = 88,463.15 | inventory = 3
[ 2024-08-06 16:10:51,351 ] 137 : Bought 1 shares at price 66,700 | Portfolio Value = 959,463.15 | Budget = 21,729.8 | inventory = 4
[ 2024-08-06 16:10:51,403 ] 141 : Sold 9 shares at price 67,100 | Profit = -15,300 | Portfolio Value = 954,129.8 | Budget = 625,327.85 | inventory = 3
[ 2024-08-06 16:10:51,417 ] 142 : Sold 3 shares at price 68,200 | Profit = -900 | Portfolio Value = 960,827.85 | Budget = 829,825.55 | inventory = 2
[ 2024-08-06 16:10:51,431 ] 143 : Sold 1 shares at price 67,100 | Profit = -400 | Portfolio Value = 966,225.55 | Budget = 896,892.0 | inventory = 1
[ 2024-08-06 16:10:51,457 ] 145 : Bought 12 shares at price 66,800 | Portfolio Value = 963,692.0 | Budget = 94,891.2 | inventory = 2
[ 2024-08-06 16:10:51,497 ] 148 : Sold 1 shares at price 71,000 | Profit = 4,300 | Portfolio Value = 964,591.2 | Budget = 165,855.7 | inventory = 1
[ 2024-08-06 16:10:51,525 ] 150 : Bought 1 shares at price 70,700 | Portfolio Value = 1,020,255.7 | Budget = 95,120.35 | inventory = 2
[ 2024-08-06 16:10:51,538 ] 151 : Bought 1 shares at price 70,000 | Portfolio Value = 1,014,220.35 | Budget = 25,085.35 | inventory = 3
[ 2024-08-06 16:10:51,551 ] 152 : Sold 12 shares at price 70,400 | Profit = 43,200 | Portfolio Value = 1,005,085.35 | Budget = 869,462.95 | inventory = 2
[ 2024-08-06 16:10:51,565 ] 153 : Bought 9 shares at price 70,300 | Portfolio Value = 1,010,262.95 | Budget = 236,446.6 | inventory = 3
[ 2024-08-06 16:10:51,606 ] 156 : Bought 1 shares at price 70,900 | Portfolio Value = 1,011,946.6 | Budget = 165,511.15 | inventory = 4
[ 2024-08-06 16:10:51,633 ] 158 : Bought 2 shares at price 72,000 | Portfolio Value = 1,025,911.15 | Budget = 21,439.15 | inventory = 5
[ 2024-08-06 16:10:51,714 ] 164 : Sold 1 shares at price 69,400 | Profit = -1,300 | Portfolio Value = 984,639.15 | Budget = 90,804.45 | inventory = 4
[ 2024-08-06 16:10:51,727 ] 165 : Sold 1 shares at price 68,600 | Profit = -1,400 | Portfolio Value = 993,004.45 | Budget = 159,370.15 | inventory = 3
[ 2024-08-06 16:10:51,782 ] 169 : Bought 2 shares at price 66,000 | Portfolio Value = 959,770.15 | Budget = 27,304.15 | inventory = 4
[ 2024-08-06 16:10:51,796 ] 170 : Sold 9 shares at price 66,400 | Profit = -35,100 | Portfolio Value = 951,304.15 | Budget = 624,605.35 | inventory = 3
[ 2024-08-06 16:10:51,824 ] 172 : Sold 1 shares at price 68,900 | Profit = -2,000 | Portfolio Value = 965,605.35 | Budget = 693,470.9 | inventory = 2
[ 2024-08-06 16:10:51,852 ] 174 : Bought 7 shares at price 67,300 | Portfolio Value = 965,470.9 | Budget = 222,135.35 | inventory = 3
[ 2024-08-06 16:10:51,865 ] 175 : Sold 2 shares at price 69,400 | Profit = -5,200 | Portfolio Value = 962,435.35 | Budget = 360,865.95 | inventory = 2
[ 2024-08-06 16:10:51,879 ] 176 : Sold 2 shares at price 70,500 | Profit = 9,000 | Portfolio Value = 985,465.95 | Budget = 501,795.45 | inventory = 1
[ 2024-08-06 16:10:51,892 ] 177 : Sold 7 shares at price 69,500 | Profit = 15,400 | Portfolio Value = 995,295.45 | Budget = 988,052.2 | inventory = 0
[ 2024-08-06 16:10:51,920 ] 179 : Bought 7 shares at price 68,400 | Portfolio Value = 988,052.2 | Budget = 509,012.8 | inventory = 1
[ 2024-08-06 16:10:51,933 ] 180 : Sold 7 shares at price 68,500 | Profit = 700 | Portfolio Value = 987,812.8 | Budget = 988,273.05 | inventory = 0
[ 2024-08-06 16:10:51,972 ] 183 : Bought 12 shares at price 67,300 | Portfolio Value = 988,273.05 | Budget = 180,269.25 | inventory = 1
[ 2024-08-06 16:10:51,986 ] 184 : Sold 12 shares at price 67,300 | Profit = 0 | Portfolio Value = 987,869.25 | Budget = 987,465.45 | inventory = 0
[ 2024-08-06 16:10:52,000 ] 185 : Bought 1 shares at price 66,900 | Portfolio Value = 987,465.45 | Budget = 920,532.0 | inventory = 1
[ 2024-08-06 16:10:52,013 ] 186 : Bought 3 shares at price 68,600 | Portfolio Value = 987,432.0 | Budget = 714,629.1 | inventory = 2
[ 2024-08-06 16:10:52,026 ] 187 : Bought 5 shares at price 69,700 | Portfolio Value = 989,029.1 | Budget = 365,954.85 | inventory = 3
[ 2024-08-06 16:10:52,039 ] 188 : Sold 1 shares at price 69,600 | Profit = 2,700 | Portfolio Value = 993,254.85 | Budget = 435,520.05 | inventory = 2
[ 2024-08-06 16:10:52,106 ] 193 : Sold 3 shares at price 70,500 | Profit = 5,700 | Portfolio Value = 997,920.05 | Budget = 646,914.3 | inventory = 1
[ 2024-08-06 16:10:52,133 ] 195 : Sold 5 shares at price 70,800 | Profit = 5,500 | Portfolio Value = 998,914.3 | Budget = 1,000,737.3 | inventory = 0
[ 2024-08-06 16:10:52,146 ] 196 : Bought 7 shares at price 72,200 | Portfolio Value = 1,000,737.3 | Budget = 495,084.6 | inventory = 1
[ 2024-08-06 16:10:52,173 ] 198 : Sold 7 shares at price 72,500 | Profit = 2,100 | Portfolio Value = 1,004,684.6 | Budget = 1,002,330.85 | inventory = 0
[ 2024-08-06 16:10:52,186 ] 199 : Bought 1 shares at price 72,700 | Portfolio Value = 1,002,330.85 | Budget = 929,594.5 | inventory = 1
[ 2024-08-06 16:10:52,199 ] 200 : Bought 5 shares at price 72,800 | Portfolio Value = 1,002,294.5 | Budget = 565,412.5 | inventory = 2
[ 2024-08-06 16:10:52,213 ] 201 : Bought 5 shares at price 72,800 | Portfolio Value = 1,002,212.5 | Budget = 201,230.5 | inventory = 3
[ 2024-08-06 16:10:52,227 ] 202 : Sold 1 shares at price 72,400 | Profit = -300 | Portfolio Value = 1,002,030.5 | Budget = 273,594.3 | inventory = 2
[ 2024-08-06 16:10:52,255 ] 204 : Sold 5 shares at price 71,300 | Profit = -7,500 | Portfolio Value = 990,594.3 | Budget = 629,916.05 | inventory = 1
[ 2024-08-06 16:10:52,269 ] 205 : Sold 5 shares at price 72,700 | Profit = -500 | Portfolio Value = 986,416.05 | Budget = 993,234.3 | inventory = 0
[ 2024-08-06 16:10:52,282 ] 206 : Bought 3 shares at price 72,700 | Portfolio Value = 993,234.3 | Budget = 775,025.25 | inventory = 1
[ 2024-08-06 16:10:52,310 ] 208 : Sold 3 shares at price 72,000 | Profit = -2,100 | Portfolio Value = 993,425.25 | Budget = 990,917.25 | inventory = 0
[ 2024-08-06 16:10:52,363 ] 212 : Bought 1 shares at price 71,500 | Portfolio Value = 990,917.25 | Budget = 919,381.5 | inventory = 1
[ 2024-08-06 16:10:52,377 ] 213 : Sold 1 shares at price 72,600 | Profit = 1,100 | Portfolio Value = 990,881.5 | Budget = 991,945.2 | inventory = 0
[ 2024-08-06 16:10:52,416 ] 216 : Bought 11 shares at price 72,800 | Portfolio Value = 991,945.2 | Budget = 190,744.8 | inventory = 1
[ 2024-08-06 16:10:52,429 ] 217 : Bought 1 shares at price 73,100 | Portfolio Value = 991,544.8 | Budget = 117,608.25 | inventory = 2
[ 2024-08-06 16:10:52,443 ] 218 : Bought 1 shares at price 73,300 | Portfolio Value = 994,808.25 | Budget = 44,271.6 | inventory = 3
[ 2024-08-06 16:10:52,456 ] 219 : Sold 11 shares at price 72,900 | Profit = 1,100 | Portfolio Value = 997,171.6 | Budget = 845,770.65 | inventory = 2
[ 2024-08-06 16:10:52,483 ] 221 : Sold 1 shares at price 74,800 | Profit = 1,700 | Portfolio Value = 992,570.65 | Budget = 920,533.25 | inventory = 1
[ 2024-08-06 16:10:52,497 ] 222 : Bought 1 shares at price 75,000 | Portfolio Value = 995,333.25 | Budget = 845,495.75 | inventory = 2
[ 2024-08-06 16:10:52,510 ] 223 : Bought 3 shares at price 75,900 | Portfolio Value = 995,495.75 | Budget = 617,681.9 | inventory = 3
[ 2024-08-06 16:10:52,525 ] 224 : Sold 1 shares at price 76,600 | Profit = 3,300 | Portfolio Value = 997,181.9 | Budget = 694,243.6 | inventory = 2
[ 2024-08-06 16:10:52,537 ] 225 : Bought 5 shares at price 78,000 | Portfolio Value = 1,000,643.6 | Budget = 304,048.6 | inventory = 3
[ 2024-08-06 16:10:52,551 ] 226 : Sold 1 shares at price 78,500 | Profit = 3,500 | Portfolio Value = 1,006,048.6 | Budget = 382,509.35 | inventory = 2
[ 2024-08-06 16:10:52,551 ] Evaluation at Episode 1: Average Reward: 81,072.76 Average Profit: 81,060, Profit Rate: 8.11%
[ 2024-08-06 16:10:52,551 ] ----------------------------------------------------------------------------------------------------
[ 2024-08-06 16:10:52,551 ] Starting Episode 2
[ 2024-08-06 16:10:52,579 ] 2 : Bought 3 shares at price 61,800 | Portfolio Value = 1,000,000.0 | Budget = 814,507.3 | inventory = 1
[ 2024-08-06 16:10:52,605 ] 4 : Bought 7 shares at price 63,800 | Portfolio Value = 1,005,007.3 | Budget = 367,684.0 | inventory = 2
[ 2024-08-06 16:10:52,619 ] 5 : Sold 3 shares at price 61,600 | Profit = -600 | Portfolio Value = 1,005,684.0 | Budget = 552,391.6 | inventory = 1
[ 2024-08-06 16:10:52,646 ] 7 : Bought 5 shares at price 63,100 | Portfolio Value = 985,691.6 | Budget = 236,733.85 | inventory = 2
[ 2024-08-06 16:10:52,660 ] 8 : Bought 2 shares at price 63,000 | Portfolio Value = 993,933.85 | Budget = 110,670.85 | inventory = 3
[ 2024-08-06 16:10:52,674 ] 9 : Sold 7 shares at price 62,800 | Profit = -7,000 | Portfolio Value = 992,670.85 | Budget = 550,051.05 | inventory = 2
[ 2024-08-06 16:10:52,699 ] 11 : Sold 5 shares at price 63,200 | Profit = 500 | Portfolio Value = 990,351.05 | Budget = 865,893.05 | inventory = 1
[ 2024-08-06 16:10:52,713 ] 12 : Sold 2 shares at price 62,200 | Profit = -1,600 | Portfolio Value = 992,293.05 | Budget = 990,230.85 | inventory = 0
[ 2024-08-06 16:10:52,847 ] 18 : Bought 14 shares at price 62,000 | Portfolio Value = 990,230.85 | Budget = 121,796.85 | inventory = 1
[ 2024-08-06 16:10:52,876 ] 20 : Sold 14 shares at price 60,500 | Profit = -21,000 | Portfolio Value = 979,996.85 | Budget = 968,373.35 | inventory = 0
[ 2024-08-06 16:10:52,891 ] 21 : Bought 12 shares at price 60,600 | Portfolio Value = 968,373.35 | Budget = 240,809.75 | inventory = 1
[ 2024-08-06 16:10:52,906 ] 22 : Bought 1 shares at price 60,800 | Portfolio Value = 968,009.75 | Budget = 179,979.35 | inventory = 2
[ 2024-08-06 16:10:52,921 ] 23 : Bought 2 shares at price 60,500 | Portfolio Value = 970,379.35 | Budget = 58,918.85 | inventory = 3
[ 2024-08-06 16:10:52,982 ] 27 : Sold 12 shares at price 60,100 | Profit = -6,000 | Portfolio Value = 963,418.85 | Budget = 779,758.25 | inventory = 2
[ 2024-08-06 16:10:53,009 ] 29 : Bought 7 shares at price 60,000 | Portfolio Value = 958,258.25 | Budget = 359,548.25 | inventory = 3
[ 2024-08-06 16:11:20,548 ] Starting Episode 1
[ 2024-08-06 16:11:20,742 ] 1 : Bought 3 shares at price 61,000 | Portfolio Value = 1,000,000 | Budget = 816,908.5 | inventory = 1
[ 2024-08-06 16:11:20,756 ] 2 : Sold 3 shares at price 61,800 | Profit = 2,400 | Portfolio Value = 999,908.5 | Budget = 1,002,215.8 | inventory = 0
[ 2024-08-06 16:11:20,790 ] 4 : Bought 14 shares at price 63,800 | Portfolio Value = 1,002,215.8 | Budget = 108,569.2 | inventory = 1
[ 2024-08-06 16:11:20,848 ] 8 : Sold 14 shares at price 63,000 | Profit = -11,200 | Portfolio Value = 991,969.2 | Budget = 990,128.2 | inventory = 0
[ 2024-08-06 16:11:20,865 ] 9 : Bought 9 shares at price 62,800 | Portfolio Value = 990,128.2 | Budget = 424,645.6 | inventory = 1
[ 2024-08-06 16:11:20,900 ] 10 : Sold 9 shares at price 62,900 | Profit = 900 | Portfolio Value = 989,845.6 | Budget = 990,462.55 | inventory = 0
[ 2024-08-06 16:11:21,173 ] 18 : Bought 9 shares at price 62,000 | Portfolio Value = 990,462.55 | Budget = 432,183.55 | inventory = 1
[ 2024-08-06 16:11:21,205 ] 19 : Bought 4 shares at price 61,300 | Portfolio Value = 990,183.55 | Budget = 186,860.95 | inventory = 2
[ 2024-08-06 16:11:21,250 ] 21 : Bought 2 shares at price 60,600 | Portfolio Value = 973,360.95 | Budget = 65,600.35 | inventory = 3
[ 2024-08-06 16:11:21,336 ] 24 : Bought 1 shares at price 61,500 | Portfolio Value = 973,100.35 | Budget = 4,069.6 | inventory = 4
[ 2024-08-06 16:11:21,400 ] 26 : Sold 9 shares at price 60,300 | Profit = -15,300 | Portfolio Value = 975,269.6 | Budget = 546,498.25 | inventory = 3
[ 2024-08-06 16:11:21,485 ] 28 : Bought 7 shares at price 59,500 | Portfolio Value = 967,198.25 | Budget = 129,790.0 | inventory = 4
[ 2024-08-06 16:11:21,537 ] 29 : Bought 2 shares at price 60,000 | Portfolio Value = 962,790.0 | Budget = 9,730.0 | inventory = 5
[ 2024-08-06 16:11:21,752 ] 34 : Sold 4 shares at price 60,200 | Profit = -4,400 | Portfolio Value = 990,530.0 | Budget = 250,409.6 | inventory = 4
[ 2024-08-06 16:11:21,811 ] 35 : Sold 2 shares at price 60,300 | Profit = -600 | Portfolio Value = 972,809.6 | Budget = 370,949.3 | inventory = 3
[ 2024-08-06 16:11:21,829 ] 36 : Sold 1 shares at price 61,100 | Profit = -400 | Portfolio Value = 973,949.3 | Budget = 432,018.75 | inventory = 2
[ 2024-08-06 16:11:21,893 ] 39 : Sold 7 shares at price 62,100 | Profit = 18,200 | Portfolio Value = 999,018.75 | Budget = 866,501.4 | inventory = 1
[ 2024-08-06 16:11:21,918 ] 40 : Bought 13 shares at price 62,900 | Portfolio Value = 990,701.4 | Budget = 48,392.55 | inventory = 2
[ 2024-08-06 16:11:22,097 ] 44 : Sold 2 shares at price 63,100 | Profit = 6,200 | Portfolio Value = 1,008,392.55 | Budget = 174,529.45 | inventory = 1
[ 2024-08-06 16:11:22,136 ] 46 : Bought 2 shares at price 63,900 | Portfolio Value = 1,001,329.45 | Budget = 46,665.55 | inventory = 2
[ 2024-08-06 16:11:22,230 ] 51 : Sold 13 shares at price 66,000 | Profit = 40,300 | Portfolio Value = 1,035,165.55 | Budget = 904,236.55 | inventory = 1
[ 2024-08-06 16:11:22,251 ] 52 : Sold 2 shares at price 66,100 | Profit = 4,400 | Portfolio Value = 1,036,236.55 | Budget = 1,036,370.45 | inventory = 0
[ 2024-08-06 16:11:22,313 ] 55 : Bought 1 shares at price 65,600 | Portfolio Value = 1,036,370.45 | Budget = 970,737.65 | inventory = 1
[ 2024-08-06 16:11:22,339 ] 56 : Sold 1 shares at price 65,500 | Profit = -100 | Portfolio Value = 1,036,337.65 | Budget = 1,036,204.9 | inventory = 0
[ 2024-08-06 16:11:22,525 ] 61 : Bought 8 shares at price 64,100 | Portfolio Value = 1,036,204.9 | Budget = 523,148.5 | inventory = 1
[ 2024-08-06 16:11:22,569 ] 63 : Sold 8 shares at price 65,500 | Profit = 11,200 | Portfolio Value = 1,039,948.5 | Budget = 1,046,886.5 | inventory = 0
[ 2024-08-06 16:11:22,588 ] 64 : Bought 2 shares at price 65,700 | Portfolio Value = 1,046,886.5 | Budget = 915,420.8 | inventory = 1
[ 2024-08-06 16:11:22,620 ] 66 : Bought 13 shares at price 65,100 | Portfolio Value = 1,046,220.8 | Budget = 68,697.65 | inventory = 2
[ 2024-08-06 16:11:22,649 ] 68 : Sold 2 shares at price 65,300 | Profit = -800 | Portfolio Value = 1,057,197.65 | Budget = 199,232.35 | inventory = 1
[ 2024-08-06 16:11:22,678 ] 70 : Sold 13 shares at price 64,200 | Profit = -11,700 | Portfolio Value = 1,039,032.35 | Budget = 1,033,415.05 | inventory = 0
[ 2024-08-06 16:11:22,806 ] 79 : Bought 5 shares at price 68,500 | Portfolio Value = 1,033,415.05 | Budget = 690,743.8 | inventory = 1
[ 2024-08-06 16:11:22,834 ] 81 : Sold 5 shares at price 70,300 | Profit = 9,000 | Portfolio Value = 1,034,743.8 | Budget = 1,042,068.05 | inventory = 0
[ 2024-08-06 16:11:22,848 ] 82 : Bought 6 shares at price 72,300 | Portfolio Value = 1,042,068.05 | Budget = 608,051.15 | inventory = 1
[ 2024-08-06 16:11:22,917 ] 87 : Sold 6 shares at price 71,000 | Profit = -7,800 | Portfolio Value = 1,038,251.15 | Budget = 1,033,838.15 | inventory = 0
[ 2024-08-06 16:11:22,932 ] 88 : Bought 14 shares at price 70,900 | Portfolio Value = 1,033,838.15 | Budget = 40,741.85 | inventory = 1
[ 2024-08-06 16:11:22,955 ] 89 : Sold 14 shares at price 72,000 | Profit = 15,400 | Portfolio Value = 1,033,341.85 | Budget = 1,048,237.85 | inventory = 0
[ 2024-08-06 16:11:22,974 ] 90 : Bought 6 shares at price 71,000 | Portfolio Value = 1,048,237.85 | Budget = 622,024.85 | inventory = 1
[ 2024-08-06 16:11:23,003 ] 92 : Sold 6 shares at price 71,900 | Profit = 5,400 | Portfolio Value = 1,054,024.85 | Budget = 1,053,209.15 | inventory = 0
[ 2024-08-06 16:11:23,032 ] 94 : Bought 1 shares at price 71,800 | Portfolio Value = 1,053,209.15 | Budget = 981,373.25 | inventory = 1
[ 2024-08-06 16:11:23,044 ] 95 : Sold 1 shares at price 71,200 | Profit = -600 | Portfolio Value = 1,053,173.25 | Budget = 1,052,537.65 | inventory = 0
[ 2024-08-06 16:11:23,058 ] 96 : Bought 12 shares at price 71,400 | Portfolio Value = 1,052,537.65 | Budget = 195,309.25 | inventory = 1
[ 2024-08-06 16:11:23,073 ] 97 : Bought 1 shares at price 70,500 | Portfolio Value = 1,052,109.25 | Budget = 124,774.0 | inventory = 2
[ 2024-08-06 16:11:23,087 ] 98 : Bought 1 shares at price 71,300 | Portfolio Value = 1,041,274.0 | Budget = 53,438.35 | inventory = 3
[ 2024-08-06 16:11:23,186 ] 105 : Sold 12 shares at price 73,000 | Profit = 19,200 | Portfolio Value = 1,064,238.35 | Budget = 929,000.35 | inventory = 2
[ 2024-08-06 16:11:23,213 ] 107 : Bought 11 shares at price 72,000 | Portfolio Value = 1,075,000.35 | Budget = 136,604.35 | inventory = 3
[ 2024-08-06 16:11:23,226 ] 108 : Sold 1 shares at price 71,600 | Profit = 1,100 | Portfolio Value = 1,072,604.35 | Budget = 208,168.55 | inventory = 2
[ 2024-08-06 16:11:23,295 ] 113 : Sold 1 shares at price 71,900 | Profit = 600 | Portfolio Value = 1,070,968.55 | Budget = 280,032.6 | inventory = 1
[ 2024-08-06 16:11:23,309 ] 114 : Sold 11 shares at price 73,400 | Profit = 15,400 | Portfolio Value = 1,070,932.6 | Budget = 1,087,028.9 | inventory = 0
[ 2024-08-06 16:11:23,321 ] 115 : Bought 7 shares at price 73,300 | Portfolio Value = 1,087,028.9 | Budget = 573,672.35 | inventory = 1
[ 2024-08-06 16:11:23,335 ] 116 : Sold 7 shares at price 72,000 | Profit = -9,100 | Portfolio Value = 1,086,772.35 | Budget = 1,077,420.35 | inventory = 0
[ 2024-08-06 16:11:23,388 ] 120 : Bought 9 shares at price 70,400 | Portfolio Value = 1,077,420.35 | Budget = 443,503.55 | inventory = 1
[ 2024-08-06 16:11:23,401 ] 121 : Sold 9 shares at price 70,000 | Profit = -3,600 | Portfolio Value = 1,077,103.55 | Budget = 1,073,188.55 | inventory = 0
[ 2024-08-06 16:11:23,472 ] 126 : Bought 1 shares at price 71,100 | Portfolio Value = 1,073,188.55 | Budget = 1,002,053.0 | inventory = 1
[ 2024-08-06 16:11:23,486 ] 127 : Sold 1 shares at price 69,900 | Profit = -1,200 | Portfolio Value = 1,073,153.0 | Budget = 1,071,918.05 | inventory = 0
[ 2024-08-06 16:11:23,529 ] 130 : Bought 9 shares at price 68,500 | Portfolio Value = 1,071,918.05 | Budget = 455,109.8 | inventory = 1
[ 2024-08-06 16:11:23,548 ] 131 : Bought 5 shares at price 67,600 | Portfolio Value = 1,071,609.8 | Budget = 116,940.8 | inventory = 2
[ 2024-08-06 16:11:23,608 ] 134 : Bought 1 shares at price 67,500 | Portfolio Value = 1,068,940.8 | Budget = 49,407.05 | inventory = 3
[ 2024-08-06 16:11:23,635 ] 135 : Sold 9 shares at price 67,300 | Profit = -10,800 | Portfolio Value = 1,061,907.05 | Budget = 654,804.2 | inventory = 2
[ 2024-08-06 16:11:23,789 ] 137 : Bought 5 shares at price 66,700 | Portfolio Value = 1,056,804.2 | Budget = 321,137.45 | inventory = 3
[ 2024-08-06 16:11:23,829 ] 138 : Sold 5 shares at price 66,300 | Profit = -6,500 | Portfolio Value = 1,054,837.45 | Budget = 652,471.7 | inventory = 2
[ 2024-08-06 16:11:23,850 ] 139 : Bought 5 shares at price 66,600 | Portfolio Value = 1,050,271.7 | Budget = 319,305.2 | inventory = 3
[ 2024-08-06 16:11:23,865 ] 140 : Sold 1 shares at price 66,600 | Profit = -900 | Portfolio Value = 1,051,905.2 | Budget = 385,871.9 | inventory = 2
[ 2024-08-06 16:11:23,885 ] 141 : Sold 5 shares at price 67,100 | Profit = 2,000 | Portfolio Value = 1,051,871.9 | Budget = 721,204.15 | inventory = 1
[ 2024-08-06 16:11:23,913 ] 143 : Bought 7 shares at price 67,100 | Portfolio Value = 1,062,204.15 | Budget = 251,269.3 | inventory = 2
[ 2024-08-06 16:11:23,986 ] 147 : Bought 3 shares at price 66,900 | Portfolio Value = 1,056,469.3 | Budget = 50,468.95 | inventory = 3
[ 2024-08-06 16:11:24,056 ] 151 : Sold 5 shares at price 70,000 | Profit = 17,000 | Portfolio Value = 1,110,968.95 | Budget = 400,293.95 | inventory = 2
[ 2024-08-06 16:11:24,099 ] 154 : Bought 3 shares at price 70,800 | Portfolio Value = 1,103,293.95 | Budget = 187,787.75 | inventory = 3
[ 2024-08-06 16:11:24,116 ] 155 : Sold 7 shares at price 70,500 | Profit = 23,800 | Portfolio Value = 1,108,187.75 | Budget = 681,041.0 | inventory = 2
[ 2024-08-06 16:11:24,145 ] 157 : Sold 3 shares at price 71,700 | Profit = 14,400 | Portfolio Value = 1,106,441.0 | Budget = 896,033.45 | inventory = 1
[ 2024-08-06 16:11:24,159 ] 158 : Sold 3 shares at price 72,000 | Profit = 3,600 | Portfolio Value = 1,111,133.45 | Budget = 1,111,925.45 | inventory = 0
[ 2024-08-06 16:11:24,200 ] 161 : Bought 11 shares at price 69,600 | Portfolio Value = 1,111,925.45 | Budget = 345,942.65 | inventory = 1
[ 2024-08-06 16:11:24,214 ] 162 : Bought 2 shares at price 68,900 | Portfolio Value = 1,111,542.65 | Budget = 208,073.75 | inventory = 2
[ 2024-08-06 16:11:24,227 ] 163 : Bought 3 shares at price 68,800 | Portfolio Value = 1,103,773.75 | Budget = 1,570.55 | inventory = 3
[ 2024-08-06 16:11:24,268 ] 166 : Sold 11 shares at price 68,400 | Profit = -13,200 | Portfolio Value = 1,099,170.55 | Budget = 753,594.35 | inventory = 2
[ 2024-08-06 16:11:24,320 ] 170 : Bought 4 shares at price 66,400 | Portfolio Value = 1,083,594.35 | Budget = 487,861.55 | inventory = 3
[ 2024-08-06 16:11:24,334 ] 171 : Sold 2 shares at price 68,200 | Profit = -1,400 | Portfolio Value = 1,085,461.55 | Budget = 624,193.35 | inventory = 2
[ 2024-08-06 16:11:24,359 ] 173 : Bought 8 shares at price 68,000 | Portfolio Value = 1,106,493.35 | Budget = 79,921.35 | inventory = 3
[ 2024-08-06 16:11:24,384 ] 175 : Bought 1 shares at price 69,400 | Portfolio Value = 1,089,421.35 | Budget = 10,486.65 | inventory = 4
[ 2024-08-06 16:11:24,410 ] 177 : Sold 3 shares at price 69,500 | Profit = 2,100 | Portfolio Value = 1,138,486.65 | Budget = 218,882.4 | inventory = 3
[ 2024-08-06 16:11:24,425 ] 178 : Bought 2 shares at price 68,800 | Portfolio Value = 1,122,382.4 | Budget = 81,213.6 | inventory = 4
[ 2024-08-06 16:11:24,438 ] 179 : Sold 4 shares at price 68,400 | Profit = 8,000 | Portfolio Value = 1,113,213.6 | Budget = 354,676.8 | inventory = 3
[ 2024-08-06 16:11:24,465 ] 181 : Bought 3 shares at price 68,000 | Portfolio Value = 1,108,176.8 | Budget = 150,574.8 | inventory = 4
[ 2024-08-06 16:11:24,492 ] 183 : Sold 8 shares at price 67,300 | Profit = -5,600 | Portfolio Value = 1,084,374.8 | Budget = 688,705.6 | inventory = 3
[ 2024-08-06 16:11:24,506 ] 184 : Sold 1 shares at price 67,300 | Profit = -2,100 | Portfolio Value = 1,092,505.6 | Budget = 755,971.95 | inventory = 2
[ 2024-08-06 16:11:24,532 ] 186 : Bought 5 shares at price 68,600 | Portfolio Value = 1,090,471.95 | Budget = 412,800.45 | inventory = 3
[ 2024-08-06 16:11:24,545 ] 187 : Sold 2 shares at price 69,700 | Profit = 1,800 | Portfolio Value = 1,098,800.45 | Budget = 552,130.75 | inventory = 2
[ 2024-08-06 16:11:24,558 ] 188 : Bought 6 shares at price 69,600 | Portfolio Value = 1,109,730.75 | Budget = 134,321.95 | inventory = 3
[ 2024-08-06 16:11:24,570 ] 189 : Bought 1 shares at price 70,900 | Portfolio Value = 1,108,721.95 | Budget = 63,386.5 | inventory = 4
[ 2024-08-06 16:11:24,611 ] 192 : Sold 3 shares at price 70,300 | Profit = 6,900 | Portfolio Value = 1,111,886.5 | Budget = 274,181.05 | inventory = 3
[ 2024-08-06 16:11:24,625 ] 193 : Sold 5 shares at price 70,500 | Profit = 9,500 | Portfolio Value = 1,117,781.05 | Budget = 626,504.8 | inventory = 2
[ 2024-08-06 16:11:24,638 ] 194 : Bought 7 shares at price 70,400 | Portfolio Value = 1,120,004.8 | Budget = 133,458.4 | inventory = 3
[ 2024-08-06 16:11:24,652 ] 195 : Bought 1 shares at price 70,800 | Portfolio Value = 1,119,058.4 | Budget = 62,623.0 | inventory = 4
[ 2024-08-06 16:11:24,677 ] 197 : Sold 6 shares at price 72,800 | Profit = 19,200 | Portfolio Value = 1,145,623.0 | Budget = 499,204.6 | inventory = 3
[ 2024-08-06 16:11:24,689 ] 198 : Sold 1 shares at price 72,500 | Profit = 1,600 | Portfolio Value = 1,154,404.6 | Budget = 571,668.35 | inventory = 2
[ 2024-08-06 16:11:24,702 ] 199 : Sold 7 shares at price 72,700 | Profit = 16,100 | Portfolio Value = 1,151,668.35 | Budget = 1,080,313.9 | inventory = 1
[ 2024-08-06 16:11:24,716 ] 200 : Sold 1 shares at price 72,800 | Profit = 2,000 | Portfolio Value = 1,153,013.9 | Budget = 1,153,077.5 | inventory = 0
[ 2024-08-06 16:11:24,730 ] 201 : Bought 6 shares at price 72,800 | Portfolio Value = 1,153,077.5 | Budget = 716,059.1 | inventory = 1
[ 2024-08-06 16:11:24,768 ] 204 : Sold 6 shares at price 71,300 | Profit = -9,000 | Portfolio Value = 1,146,259.1 | Budget = 1,143,645.2 | inventory = 0
[ 2024-08-06 16:11:24,780 ] 205 : Bought 7 shares at price 72,700 | Portfolio Value = 1,143,645.2 | Budget = 634,490.75 | inventory = 1
[ 2024-08-06 16:11:24,820 ] 208 : Bought 5 shares at price 72,000 | Portfolio Value = 1,144,090.75 | Budget = 274,310.75 | inventory = 2
[ 2024-08-06 16:11:24,859 ] 211 : Bought 1 shares at price 71,700 | Portfolio Value = 1,128,710.75 | Budget = 202,574.9 | inventory = 3
[ 2024-08-06 16:11:24,871 ] 212 : Sold 7 shares at price 71,500 | Profit = -8,400 | Portfolio Value = 1,134,674.9 | Budget = 702,824.65 | inventory = 2
[ 2024-08-06 16:11:24,885 ] 213 : Bought 4 shares at price 72,600 | Portfolio Value = 1,131,824.65 | Budget = 412,279.45 | inventory = 3
[ 2024-08-06 16:11:24,911 ] 215 : Sold 5 shares at price 73,500 | Profit = 7,500 | Portfolio Value = 1,142,279.45 | Budget = 779,595.7 | inventory = 2
[ 2024-08-06 16:11:24,952 ] 218 : Sold 1 shares at price 73,300 | Profit = 1,600 | Portfolio Value = 1,145,095.7 | Budget = 852,859.05 | inventory = 1
[ 2024-08-06 16:11:24,965 ] 219 : Bought 3 shares at price 72,900 | Portfolio Value = 1,146,059.05 | Budget = 634,049.7 | inventory = 2
[ 2024-08-06 16:11:24,978 ] 220 : Sold 4 shares at price 73,400 | Profit = 3,200 | Portfolio Value = 1,144,349.7 | Budget = 927,502.9 | inventory = 1
[ 2024-08-06 16:11:24,991 ] 221 : Bought 9 shares at price 74,800 | Portfolio Value = 1,147,702.9 | Budget = 253,966.3 | inventory = 2
[ 2024-08-06 16:11:25,004 ] 222 : Bought 1 shares at price 75,000 | Portfolio Value = 1,151,566.3 | Budget = 178,928.8 | inventory = 3
[ 2024-08-06 16:11:25,033 ] 224 : Bought 1 shares at price 76,600 | Portfolio Value = 1,165,628.8 | Budget = 102,290.5 | inventory = 4
[ 2024-08-06 16:11:25,061 ] Episode: 1, Total Reward: 165,322.87, Total Profit: 165,300, Profit Rate: 16.53%
[ 2024-08-06 16:11:25,061 ] ----------------------------------------------------------------------------------------------------
[ 2024-08-06 16:11:25,089 ] 2 : Bought 15 shares at price 61,800 | Portfolio Value = 1,000,000.0 | Budget = 72,536.5 | inventory = 1
[ 2024-08-06 16:11:25,102 ] 3 : Sold 15 shares at price 63,500 | Profit = 25,500 | Portfolio Value = 999,536.5 | Budget = 1,024,560.25 | inventory = 0
[ 2024-08-06 16:11:25,115 ] 4 : Bought 7 shares at price 63,800 | Portfolio Value = 1,024,560.25 | Budget = 577,736.95 | inventory = 1
[ 2024-08-06 16:11:25,129 ] 5 : Sold 7 shares at price 61,600 | Profit = -15,400 | Portfolio Value = 1,024,336.95 | Budget = 1,008,721.35 | inventory = 0
[ 2024-08-06 16:11:25,142 ] 6 : Bought 14 shares at price 61,900 | Portfolio Value = 1,008,721.35 | Budget = 141,688.05 | inventory = 1
[ 2024-08-06 16:11:25,155 ] 7 : Bought 1 shares at price 63,100 | Portfolio Value = 1,008,288.05 | Budget = 78,556.5 | inventory = 2
[ 2024-08-06 16:11:25,168 ] 8 : Bought 1 shares at price 63,000 | Portfolio Value = 1,025,056.5 | Budget = 15,525.0 | inventory = 3
[ 2024-08-06 16:11:25,199 ] 10 : Sold 14 shares at price 62,900 | Profit = 14,000 | Portfolio Value = 1,020,325.0 | Budget = 895,684.7 | inventory = 2
[ 2024-08-06 16:11:25,241 ] 13 : Bought 8 shares at price 63,700 | Portfolio Value = 1,020,084.7 | Budget = 385,829.9 | inventory = 3
[ 2024-08-06 16:11:25,276 ] 15 : Sold 1 shares at price 62,700 | Profit = -400 | Portfolio Value = 1,011,829.9 | Budget = 448,498.55 | inventory = 2
[ 2024-08-06 16:11:25,292 ] 16 : Sold 1 shares at price 62,100 | Profit = -900 | Portfolio Value = 1,012,798.55 | Budget = 510,567.5 | inventory = 1
[ 2024-08-06 16:11:25,307 ] 17 : Sold 8 shares at price 61,100 | Profit = -20,800 | Portfolio Value = 1,007,367.5 | Budget = 999,123.1 | inventory = 0
[ 2024-08-06 16:11:25,325 ] 18 : Bought 16 shares at price 62,000 | Portfolio Value = 999,123.1 | Budget = 6,627.1 | inventory = 1
[ 2024-08-06 16:11:25,353 ] 20 : Sold 16 shares at price 60,500 | Profit = -24,000 | Portfolio Value = 987,427.1 | Budget = 974,143.1 | inventory = 0
[ 2024-08-06 16:11:25,367 ] 21 : Bought 6 shares at price 60,600 | Portfolio Value = 974,143.1 | Budget = 610,361.3 | inventory = 1
[ 2024-08-06 16:11:25,380 ] 22 : Sold 6 shares at price 60,800 | Profit = 1,200 | Portfolio Value = 973,961.3 | Budget = 974,978.9 | inventory = 0
[ 2024-08-06 16:11:25,437 ] 26 : Bought 15 shares at price 60,300 | Portfolio Value = 974,978.9 | Budget = 70,026.65 | inventory = 1
[ 2024-08-06 16:11:25,449 ] 27 : Sold 15 shares at price 60,100 | Profit = -3,000 | Portfolio Value = 974,526.65 | Budget = 971,075.9 | inventory = 0
[ 2024-08-06 16:11:25,489 ] 30 : Bought 15 shares at price 59,000 | Portfolio Value = 971,075.9 | Budget = 85,633.4 | inventory = 1
[ 2024-08-06 16:11:25,503 ] 31 : Sold 15 shares at price 59,800 | Profit = 12,000 | Portfolio Value = 970,633.4 | Budget = 982,184.9 | inventory = 0
[ 2024-08-06 16:11:25,530 ] 33 : Bought 6 shares at price 61,300 | Portfolio Value = 982,184.9 | Budget = 614,201.0 | inventory = 1
[ 2024-08-06 16:11:25,557 ] 35 : Bought 2 shares at price 60,300 | Portfolio Value = 975,401.0 | Budget = 493,540.7 | inventory = 2
[ 2024-08-06 16:11:25,570 ] 36 : Sold 6 shares at price 61,100 | Profit = -1,200 | Portfolio Value = 975,940.7 | Budget = 859,957.4 | inventory = 1
[ 2024-08-06 16:11:25,596 ] 38 : Bought 8 shares at price 63,000 | Portfolio Value = 984,557.4 | Budget = 355,705.4 | inventory = 2
[ 2024-08-06 16:11:25,609 ] 39 : Sold 2 shares at price 62,100 | Profit = 3,600 | Portfolio Value = 985,705.4 | Budget = 479,843.3 | inventory = 1
[ 2024-08-06 16:11:25,621 ] 40 : Sold 8 shares at price 62,900 | Profit = -800 | Portfolio Value = 976,643.3 | Budget = 982,791.7 | inventory = 0
[ 2024-08-06 16:11:25,661 ] 43 : Bought 13 shares at price 64,000 | Portfolio Value = 982,791.7 | Budget = 150,375.7 | inventory = 1
[ 2024-08-06 16:11:25,687 ] 45 : Sold 13 shares at price 63,600 | Profit = -5,200 | Portfolio Value = 970,675.7 | Budget = 976,762.3 | inventory = 0
[ 2024-08-06 16:11:25,738 ] 49 : Bought 2 shares at price 65,700 | Portfolio Value = 976,762.3 | Budget = 845,296.6 | inventory = 1
[ 2024-08-06 16:11:25,750 ] 50 : Bought 5 shares at price 65,900 | Portfolio Value = 976,696.6 | Budget = 515,631.85 | inventory = 2
[ 2024-08-06 16:11:25,763 ] 51 : Sold 2 shares at price 66,000 | Profit = 600 | Portfolio Value = 976,931.85 | Budget = 647,565.85 | inventory = 1
[ 2024-08-06 16:11:25,776 ] 52 : Bought 9 shares at price 66,100 | Portfolio Value = 977,565.85 | Budget = 52,368.4 | inventory = 2
[ 2024-08-06 16:11:25,790 ] 53 : Sold 5 shares at price 65,100 | Profit = -4,000 | Portfolio Value = 977,768.4 | Budget = 377,705.65 | inventory = 1
[ 2024-08-06 16:11:25,803 ] 54 : Sold 9 shares at price 65,300 | Profit = -7,200 | Portfolio Value = 963,605.65 | Budget = 965,111.8 | inventory = 0
[ 2024-08-06 16:11:25,831 ] 56 : Bought 14 shares at price 65,500 | Portfolio Value = 965,111.8 | Budget = 47,653.3 | inventory = 1
[ 2024-08-06 16:11:25,988 ] 67 : Sold 14 shares at price 65,900 | Profit = 5,600 | Portfolio Value = 959,053.3 | Budget = 969,792.0 | inventory = 0
[ 2024-08-06 16:11:26,002 ] 68 : Bought 14 shares at price 65,300 | Portfolio Value = 969,792.0 | Budget = 55,134.9 | inventory = 1
[ 2024-08-06 16:11:26,041 ] 71 : Sold 14 shares at price 64,100 | Profit = -16,800 | Portfolio Value = 953,934.9 | Budget = 952,086.2 | inventory = 0
[ 2024-08-06 16:11:26,067 ] 73 : Bought 13 shares at price 65,400 | Portfolio Value = 952,086.2 | Budget = 101,461.1 | inventory = 1
[ 2024-08-06 16:11:26,108 ] 76 : Bought 1 shares at price 68,400 | Portfolio Value = 962,061.1 | Budget = 33,026.9 | inventory = 2
[ 2024-08-06 16:11:26,148 ] 79 : Sold 13 shares at price 68,500 | Profit = 40,300 | Portfolio Value = 990,626.9 | Budget = 923,081.65 | inventory = 1
[ 2024-08-06 16:11:26,162 ] 80 : Sold 1 shares at price 68,800 | Profit = 400 | Portfolio Value = 991,581.65 | Budget = 991,847.25 | inventory = 0
[ 2024-08-06 16:11:26,175 ] 81 : Bought 1 shares at price 70,300 | Portfolio Value = 991,847.25 | Budget = 921,512.1 | inventory = 1
[ 2024-08-06 16:11:26,201 ] 83 : Sold 1 shares at price 71,400 | Profit = 1,100 | Portfolio Value = 993,812.1 | Budget = 992,876.4 | inventory = 0
[ 2024-08-06 16:11:26,227 ] 85 : Bought 1 shares at price 72,200 | Portfolio Value = 992,876.4 | Budget = 920,640.3 | inventory = 1
[ 2024-08-06 16:11:26,265 ] 88 : Sold 1 shares at price 70,900 | Profit = -1,300 | Portfolio Value = 991,640.3 | Budget = 991,504.85 | inventory = 0
[ 2024-08-06 16:11:26,306 ] 91 : Bought 10 shares at price 72,000 | Portfolio Value = 991,504.85 | Budget = 271,144.85 | inventory = 1
[ 2024-08-06 16:11:26,357 ] 95 : Bought 3 shares at price 71,200 | Portfolio Value = 989,144.85 | Budget = 57,438.05 | inventory = 2
[ 2024-08-06 16:11:26,372 ] 96 : Sold 10 shares at price 71,400 | Profit = -6,000 | Portfolio Value = 983,038.05 | Budget = 771,081.05 | inventory = 1
[ 2024-08-06 16:11:26,385 ] 97 : Bought 6 shares at price 70,500 | Portfolio Value = 985,281.05 | Budget = 347,869.55 | inventory = 2
[ 2024-08-06 16:11:26,411 ] 99 : Sold 3 shares at price 71,600 | Profit = 1,200 | Portfolio Value = 989,569.55 | Budget = 562,562.15 | inventory = 1
[ 2024-08-06 16:11:26,424 ] 100 : Sold 6 shares at price 72,400 | Profit = 11,400 | Portfolio Value = 992,162.15 | Budget = 996,744.95 | inventory = 0
[ 2024-08-06 16:11:26,437 ] 101 : Bought 13 shares at price 72,600 | Portfolio Value = 996,744.95 | Budget = 52,473.05 | inventory = 1
[ 2024-08-06 16:11:26,503 ] 106 : Sold 13 shares at price 73,000 | Profit = 5,200 | Portfolio Value = 1,001,473.05 | Budget = 1,000,998.55 | inventory = 0
[ 2024-08-06 16:11:26,600 ] 113 : Bought 3 shares at price 71,900 | Portfolio Value = 1,000,998.55 | Budget = 785,190.7 | inventory = 1
[ 2024-08-06 16:11:26,628 ] 115 : Bought 7 shares at price 73,300 | Portfolio Value = 1,005,390.7 | Budget = 271,834.15 | inventory = 2
[ 2024-08-06 16:11:26,642 ] 116 : Bought 1 shares at price 72,000 | Portfolio Value = 1,004,834.15 | Budget = 199,798.15 | inventory = 3
[ 2024-08-06 16:11:26,668 ] 118 : Bought 2 shares at price 71,000 | Portfolio Value = 988,498.15 | Budget = 57,727.15 | inventory = 4
[ 2024-08-06 16:11:26,777 ] 126 : Sold 3 shares at price 71,100 | Profit = -2,400 | Portfolio Value = 965,127.15 | Budget = 270,920.5 | inventory = 3
[ 2024-08-06 16:11:26,789 ] 127 : Bought 1 shares at price 69,900 | Portfolio Value = 981,920.5 | Budget = 200,985.55 | inventory = 4
[ 2024-08-06 16:11:26,829 ] 130 : Bought 2 shares at price 68,500 | Portfolio Value = 952,285.55 | Budget = 63,917.05 | inventory = 5
[ 2024-08-06 16:11:26,868 ] 133 : Sold 7 shares at price 68,000 | Profit = -37,100 | Portfolio Value = 959,617.05 | Budget = 539,679.05 | inventory = 4
[ 2024-08-06 16:11:26,882 ] 134 : Bought 2 shares at price 67,500 | Portfolio Value = 947,679.05 | Budget = 404,611.55 | inventory = 5
[ 2024-08-06 16:11:26,896 ] 135 : Bought 3 shares at price 67,300 | Portfolio Value = 944,611.55 | Budget = 202,610.6 | inventory = 6
[ 2024-08-06 16:11:26,909 ] 136 : Bought 2 shares at price 67,000 | Portfolio Value = 942,910.6 | Budget = 68,543.6 | inventory = 7
[ 2024-08-06 16:11:26,922 ] 137 : Bought 1 shares at price 66,700 | Portfolio Value = 939,543.6 | Budget = 1,810.25 | inventory = 8
[ 2024-08-06 16:11:26,947 ] 139 : Sold 1 shares at price 66,600 | Profit = -5,400 | Portfolio Value = 930,010.25 | Budget = 68,376.95 | inventory = 7
[ 2024-08-06 16:11:26,960 ] 140 : Bought 1 shares at price 66,600 | Portfolio Value = 934,176.95 | Budget = 1,743.65 | inventory = 8
[ 2024-08-06 16:11:26,973 ] 141 : Sold 2 shares at price 67,100 | Profit = -7,800 | Portfolio Value = 934,143.65 | Budget = 135,876.55 | inventory = 7
[ 2024-08-06 16:11:26,986 ] 142 : Sold 1 shares at price 68,200 | Profit = -1,700 | Portfolio Value = 941,076.55 | Budget = 204,042.45 | inventory = 6
[ 2024-08-06 16:11:27,069 ] 148 : Sold 2 shares at price 71,000 | Profit = 5,000 | Portfolio Value = 939,942.45 | Budget = 345,971.45 | inventory = 5
[ 2024-08-06 16:11:27,114 ] 151 : Sold 2 shares at price 70,000 | Profit = 5,000 | Portfolio Value = 982,271.45 | Budget = 485,901.45 | inventory = 4
[ 2024-08-06 16:11:27,143 ] 153 : Sold 3 shares at price 70,300 | Profit = 9,000 | Portfolio Value = 978,701.45 | Budget = 696,696.0 | inventory = 3
[ 2024-08-06 16:11:27,183 ] 156 : Sold 2 shares at price 70,900 | Profit = 7,800 | Portfolio Value = 978,696.0 | Budget = 838,425.1 | inventory = 2
[ 2024-08-06 16:11:27,196 ] 157 : Bought 11 shares at price 71,700 | Portfolio Value = 980,225.1 | Budget = 49,330.75 | inventory = 3
[ 2024-08-06 16:11:27,210 ] 158 : Sold 1 shares at price 72,000 | Profit = 5,300 | Portfolio Value = 981,430.75 | Budget = 121,294.75 | inventory = 2
[ 2024-08-06 16:11:27,223 ] 159 : Sold 1 shares at price 70,200 | Profit = 3,600 | Portfolio Value = 985,294.75 | Budget = 191,459.65 | inventory = 1
[ 2024-08-06 16:11:27,236 ] 160 : Sold 11 shares at price 69,800 | Profit = -20,900 | Portfolio Value = 963,659.65 | Budget = 958,875.75 | inventory = 0
[ 2024-08-06 16:11:27,315 ] 166 : Bought 10 shares at price 68,400 | Portfolio Value = 958,875.75 | Budget = 274,533.75 | inventory = 1
[ 2024-08-06 16:11:27,328 ] 167 : Bought 1 shares at price 67,500 | Portfolio Value = 958,533.75 | Budget = 207,000.0 | inventory = 2
[ 2024-08-06 16:11:27,342 ] 168 : Sold 10 shares at price 66,700 | Profit = -17,000 | Portfolio Value = 949,500.0 | Budget = 873,666.5 | inventory = 1
[ 2024-08-06 16:11:27,355 ] 169 : Bought 4 shares at price 66,000 | Portfolio Value = 940,366.5 | Budget = 609,534.5 | inventory = 2
[ 2024-08-06 16:11:27,368 ] 170 : Sold 1 shares at price 66,400 | Profit = -1,100 | Portfolio Value = 939,534.5 | Budget = 675,901.3 | inventory = 1
[ 2024-08-06 16:11:27,382 ] 171 : Sold 4 shares at price 68,200 | Profit = 8,800 | Portfolio Value = 941,501.3 | Budget = 948,564.9 | inventory = 0
[ 2024-08-06 16:11:27,395 ] 172 : Bought 10 shares at price 68,900 | Portfolio Value = 948,564.9 | Budget = 259,220.4 | inventory = 1
[ 2024-08-06 16:11:27,408 ] 173 : Sold 10 shares at price 68,000 | Profit = -9,000 | Portfolio Value = 948,220.4 | Budget = 938,880.4 | inventory = 0
[ 2024-08-06 16:11:27,463 ] 177 : Bought 2 shares at price 69,500 | Portfolio Value = 938,880.4 | Budget = 799,810.9 | inventory = 1
[ 2024-08-06 16:11:27,475 ] 178 : Sold 2 shares at price 68,800 | Profit = -1,400 | Portfolio Value = 938,810.9 | Budget = 937,342.1 | inventory = 0
[ 2024-08-06 16:11:27,515 ] 181 : Bought 9 shares at price 68,000 | Portfolio Value = 937,342.1 | Budget = 325,036.1 | inventory = 1
[ 2024-08-06 16:11:27,542 ] 183 : Sold 9 shares at price 67,300 | Profit = -6,300 | Portfolio Value = 925,336.1 | Budget = 930,433.25 | inventory = 0
[ 2024-08-06 16:11:27,609 ] 188 : Bought 10 shares at price 69,600 | Portfolio Value = 930,433.25 | Budget = 234,085.25 | inventory = 1
[ 2024-08-06 16:11:27,623 ] 189 : Bought 1 shares at price 70,900 | Portfolio Value = 930,085.25 | Budget = 163,149.8 | inventory = 2
[ 2024-08-06 16:11:27,636 ] 190 : Bought 1 shares at price 70,900 | Portfolio Value = 943,049.8 | Budget = 92,214.35 | inventory = 3
[ 2024-08-06 16:11:27,676 ] 193 : Sold 10 shares at price 70,500 | Profit = 9,000 | Portfolio Value = 935,814.35 | Budget = 796,861.85 | inventory = 2
[ 2024-08-06 16:11:27,690 ] 194 : Sold 1 shares at price 70,400 | Profit = -500 | Portfolio Value = 937,861.85 | Budget = 867,226.65 | inventory = 1
[ 2024-08-06 16:11:27,703 ] 195 : Sold 1 shares at price 70,800 | Profit = -100 | Portfolio Value = 937,626.65 | Budget = 937,991.25 | inventory = 0
[ 2024-08-06 16:11:27,743 ] 198 : Bought 7 shares at price 72,500 | Portfolio Value = 937,991.25 | Budget = 430,237.5 | inventory = 1
[ 2024-08-06 16:11:27,769 ] 200 : Bought 2 shares at price 72,800 | Portfolio Value = 939,137.5 | Budget = 284,564.7 | inventory = 2
[ 2024-08-06 16:11:27,782 ] 201 : Bought 2 shares at price 72,800 | Portfolio Value = 939,764.7 | Budget = 138,891.9 | inventory = 3
[ 2024-08-06 16:11:27,795 ] 202 : Sold 7 shares at price 72,400 | Profit = -700 | Portfolio Value = 939,691.9 | Budget = 645,438.5 | inventory = 2
[ 2024-08-06 16:11:27,808 ] 203 : Bought 1 shares at price 71,700 | Portfolio Value = 935,038.5 | Budget = 573,702.65 | inventory = 3
[ 2024-08-06 16:11:27,848 ] 206 : Sold 2 shares at price 72,700 | Profit = -200 | Portfolio Value = 937,202.65 | Budget = 719,029.95 | inventory = 2
[ 2024-08-06 16:11:27,861 ] 207 : Bought 9 shares at price 72,800 | Portfolio Value = 937,129.95 | Budget = 63,502.35 | inventory = 3
[ 2024-08-06 16:11:27,901 ] 210 : Sold 2 shares at price 71,200 | Profit = -3,200 | Portfolio Value = 934,702.35 | Budget = 205,831.15 | inventory = 2
[ 2024-08-06 16:11:27,929 ] 212 : Sold 1 shares at price 71,500 | Profit = -200 | Portfolio Value = 922,831.15 | Budget = 277,295.4 | inventory = 1
[ 2024-08-06 16:11:27,941 ] 213 : Sold 9 shares at price 72,600 | Profit = -1,800 | Portfolio Value = 920,795.4 | Budget = 930,368.7 | inventory = 0
[ 2024-08-06 16:11:27,999 ] 217 : Bought 1 shares at price 73,100 | Portfolio Value = 930,368.7 | Budget = 857,232.15 | inventory = 1
[ 2024-08-06 16:11:28,012 ] 218 : Bought 1 shares at price 73,300 | Portfolio Value = 930,332.15 | Budget = 783,895.5 | inventory = 2
[ 2024-08-06 16:11:28,026 ] 219 : Sold 1 shares at price 72,900 | Profit = -200 | Portfolio Value = 930,495.5 | Budget = 856,759.05 | inventory = 1
[ 2024-08-06 16:11:28,041 ] 220 : Sold 1 shares at price 73,400 | Profit = 100 | Portfolio Value = 929,659.05 | Budget = 930,122.35 | inventory = 0
[ 2024-08-06 16:11:28,080 ] 223 : Bought 7 shares at price 75,900 | Portfolio Value = 930,122.35 | Budget = 398,556.7 | inventory = 1
[ 2024-08-06 16:11:28,106 ] 225 : Sold 7 shares at price 78,000 | Profit = 14,700 | Portfolio Value = 934,756.7 | Budget = 944,283.7 | inventory = 0
[ 2024-08-06 16:11:28,120 ] 226 : Bought 8 shares at price 78,500 | Portfolio Value = 944,283.7 | Budget = 315,969.7 | inventory = 1
[ 2024-08-06 16:11:28,133 ] 1 : Bought 5 shares at price 61,000 | Portfolio Value = 1,000,000 | Budget = 694,847.5 | inventory = 1
[ 2024-08-06 16:11:28,146 ] 2 : Sold 5 shares at price 61,800 | Profit = 4,000 | Portfolio Value = 999,847.5 | Budget = 1,003,693.0 | inventory = 0
[ 2024-08-06 16:11:28,174 ] 4 : Bought 14 shares at price 63,800 | Portfolio Value = 1,003,693.0 | Budget = 110,046.4 | inventory = 1
[ 2024-08-06 16:11:28,201 ] 6 : Bought 1 shares at price 61,900 | Portfolio Value = 972,446.4 | Budget = 48,115.45 | inventory = 2
[ 2024-08-06 16:11:28,268 ] 11 : Sold 14 shares at price 63,200 | Profit = -8,400 | Portfolio Value = 991,615.45 | Budget = 932,473.05 | inventory = 1
[ 2024-08-06 16:11:28,283 ] 12 : Bought 10 shares at price 62,200 | Portfolio Value = 995,673.05 | Budget = 310,162.05 | inventory = 2
[ 2024-08-06 16:11:28,296 ] 13 : Sold 1 shares at price 63,700 | Profit = 1,800 | Portfolio Value = 994,362.05 | Budget = 373,830.2 | inventory = 1
[ 2024-08-06 16:11:28,311 ] 14 : Bought 5 shares at price 62,600 | Portfolio Value = 1,010,830.2 | Budget = 60,673.7 | inventory = 2
[ 2024-08-06 16:11:28,338 ] 16 : Sold 10 shares at price 62,100 | Profit = -1,000 | Portfolio Value = 1,001,173.7 | Budget = 681,363.2 | inventory = 1
[ 2024-08-06 16:11:28,364 ] 18 : Sold 5 shares at price 62,000 | Profit = -3,000 | Portfolio Value = 986,863.2 | Budget = 991,208.2 | inventory = 0
[ 2024-08-06 16:11:28,433 ] 23 : Bought 1 shares at price 60,500 | Portfolio Value = 991,208.2 | Budget = 930,677.95 | inventory = 1
[ 2024-08-06 16:11:28,446 ] 24 : Sold 1 shares at price 61,500 | Profit = 1,000 | Portfolio Value = 991,177.95 | Budget = 992,147.2 | inventory = 0
[ 2024-08-06 16:11:28,473 ] 26 : Bought 13 shares at price 60,300 | Portfolio Value = 992,147.2 | Budget = 207,855.25 | inventory = 1
[ 2024-08-06 16:11:28,486 ] 27 : Sold 13 shares at price 60,100 | Profit = -2,600 | Portfolio Value = 991,755.25 | Budget = 988,764.6 | inventory = 0
[ 2024-08-06 16:11:28,499 ] 28 : Bought 2 shares at price 59,500 | Portfolio Value = 988,764.6 | Budget = 869,705.1 | inventory = 1
[ 2024-08-06 16:11:28,513 ] 29 : Bought 13 shares at price 60,000 | Portfolio Value = 988,705.1 | Budget = 89,315.1 | inventory = 2
[ 2024-08-06 16:11:28,526 ] 30 : Sold 2 shares at price 59,000 | Profit = -1,000 | Portfolio Value = 989,315.1 | Budget = 207,256.1 | inventory = 1
[ 2024-08-06 16:11:28,539 ] 31 : Bought 1 shares at price 59,800 | Portfolio Value = 974,256.1 | Budget = 147,426.2 | inventory = 2
[ 2024-08-06 16:11:28,552 ] 32 : Bought 1 shares at price 59,900 | Portfolio Value = 984,626.2 | Budget = 87,496.25 | inventory = 3
[ 2024-08-06 16:11:28,566 ] 33 : Bought 1 shares at price 61,300 | Portfolio Value = 985,996.25 | Budget = 26,165.6 | inventory = 4
[ 2024-08-06 16:11:28,578 ] 34 : Sold 13 shares at price 60,200 | Profit = 2,600 | Portfolio Value = 1,006,965.6 | Budget = 808,374.3 | inventory = 3
[ 2024-08-06 16:11:28,620 ] 37 : Sold 1 shares at price 62,300 | Profit = 2,500 | Portfolio Value = 991,674.3 | Budget = 870,643.15 | inventory = 2
[ 2024-08-06 16:11:28,635 ] 38 : Sold 1 shares at price 63,000 | Profit = 3,100 | Portfolio Value = 995,243.15 | Budget = 933,611.65 | inventory = 1
[ 2024-08-06 16:11:28,652 ] 39 : Bought 3 shares at price 62,100 | Portfolio Value = 996,611.65 | Budget = 747,218.5 | inventory = 2
[ 2024-08-06 16:11:28,673 ] 40 : Bought 2 shares at price 62,900 | Portfolio Value = 995,618.5 | Budget = 621,355.6 | inventory = 3
[ 2024-08-06 16:11:28,724 ] 43 : Bought 4 shares at price 64,000 | Portfolio Value = 1,000,555.6 | Budget = 365,227.6 | inventory = 4
[ 2024-08-06 16:11:28,745 ] 44 : Bought 5 shares at price 63,100 | Portfolio Value = 1,005,227.6 | Budget = 49,569.85 | inventory = 5
[ 2024-08-06 16:11:28,787 ] 47 : Sold 1 shares at price 62,300 | Profit = 1,000 | Portfolio Value = 1,008,069.85 | Budget = 111,838.7 | inventory = 4
[ 2024-08-06 16:11:28,802 ] 48 : Sold 3 shares at price 65,000 | Profit = 8,700 | Portfolio Value = 984,038.7 | Budget = 306,741.2 | inventory = 3
[ 2024-08-06 16:11:28,816 ] 49 : Sold 2 shares at price 65,700 | Profit = 5,600 | Portfolio Value = 1,021,741.2 | Budget = 438,075.5 | inventory = 2
[ 2024-08-06 16:11:28,831 ] 50 : Bought 6 shares at price 65,900 | Portfolio Value = 1,029,375.5 | Budget = 42,477.8 | inventory = 3
[ 2024-08-06 16:11:28,858 ] 52 : Sold 4 shares at price 66,100 | Profit = 8,400 | Portfolio Value = 1,032,477.8 | Budget = 306,745.6 | inventory = 2
[ 2024-08-06 16:11:28,872 ] 53 : Sold 5 shares at price 65,100 | Profit = 10,000 | Portfolio Value = 1,033,845.6 | Budget = 632,082.85 | inventory = 1
[ 2024-08-06 16:11:28,898 ] 55 : Sold 6 shares at price 65,600 | Profit = -1,800 | Portfolio Value = 1,023,882.85 | Budget = 1,025,486.05 | inventory = 0
[ 2024-08-06 16:11:28,950 ] 59 : Bought 2 shares at price 65,200 | Portfolio Value = 1,025,486.05 | Budget = 895,020.85 | inventory = 1
[ 2024-08-06 16:11:28,964 ] 60 : Bought 2 shares at price 63,600 | Portfolio Value = 1,025,420.85 | Budget = 767,757.25 | inventory = 2
[ 2024-08-06 16:11:28,977 ] 61 : Sold 2 shares at price 64,100 | Profit = -2,200 | Portfolio Value = 1,022,157.25 | Budget = 895,893.15 | inventory = 1
[ 2024-08-06 16:11:28,990 ] 62 : Sold 2 shares at price 64,600 | Profit = 2,000 | Portfolio Value = 1,024,093.15 | Budget = 1,025,028.55 | inventory = 0
[ 2024-08-06 16:11:29,033 ] 65 : Bought 6 shares at price 65,400 | Portfolio Value = 1,025,028.55 | Budget = 632,432.35 | inventory = 1
[ 2024-08-06 16:11:29,047 ] 66 : Sold 6 shares at price 65,100 | Profit = -1,800 | Portfolio Value = 1,024,832.35 | Budget = 1,022,837.05 | inventory = 0
[ 2024-08-06 16:11:29,089 ] 69 : Bought 3 shares at price 64,600 | Portfolio Value = 1,022,837.05 | Budget = 828,940.15 | inventory = 1
[ 2024-08-06 16:11:29,102 ] 70 : Bought 2 shares at price 64,200 | Portfolio Value = 1,022,740.15 | Budget = 700,475.95 | inventory = 2
[ 2024-08-06 16:11:29,117 ] 71 : Sold 3 shares at price 64,100 | Profit = -1,500 | Portfolio Value = 1,021,475.95 | Budget = 892,679.8 | inventory = 1
[ 2024-08-06 16:11:29,130 ] 72 : Sold 2 shares at price 64,500 | Profit = 600 | Portfolio Value = 1,020,879.8 | Budget = 1,021,615.3 | inventory = 0
[ 2024-08-06 16:11:29,157 ] 74 : Bought 5 shares at price 65,000 | Portfolio Value = 1,021,615.3 | Budget = 696,452.8 | inventory = 1
[ 2024-08-06 16:11:29,170 ] 75 : Bought 6 shares at price 66,200 | Portfolio Value = 1,021,452.8 | Budget = 299,054.2 | inventory = 2
[ 2024-08-06 16:11:29,218 ] 78 : Sold 5 shares at price 68,400 | Profit = 17,000 | Portfolio Value = 1,052,554.2 | Budget = 640,883.2 | inventory = 1
[ 2024-08-06 16:11:29,232 ] 79 : Sold 6 shares at price 68,500 | Profit = 13,800 | Portfolio Value = 1,051,283.2 | Budget = 1,051,677.7 | inventory = 0
[ 2024-08-06 16:11:29,273 ] 82 : Bought 5 shares at price 72,300 | Portfolio Value = 1,051,677.7 | Budget = 689,996.95 | inventory = 1
[ 2024-08-06 16:11:29,287 ] 83 : Sold 5 shares at price 71,400 | Profit = -4,500 | Portfolio Value = 1,051,496.95 | Budget = 1,046,818.45 | inventory = 0
[ 2024-08-06 16:11:29,341 ] 87 : Bought 2 shares at price 71,000 | Portfolio Value = 1,046,818.45 | Budget = 904,747.45 | inventory = 1
[ 2024-08-06 16:11:29,368 ] 89 : Sold 2 shares at price 72,000 | Profit = 2,000 | Portfolio Value = 1,046,547.45 | Budget = 1,048,675.45 | inventory = 0
[ 2024-08-06 16:11:29,382 ] 90 : Bought 13 shares at price 71,000 | Portfolio Value = 1,048,675.45 | Budget = 125,213.95 | inventory = 1
[ 2024-08-06 16:11:29,408 ] 92 : Sold 13 shares at price 71,900 | Profit = 11,700 | Portfolio Value = 1,061,213.95 | Budget = 1,059,446.6 | inventory = 0
[ 2024-08-06 16:11:29,422 ] 93 : Bought 6 shares at price 71,500 | Portfolio Value = 1,059,446.6 | Budget = 630,232.1 | inventory = 1
[ 2024-08-06 16:11:29,436 ] 94 : Bought 5 shares at price 71,800 | Portfolio Value = 1,059,232.1 | Budget = 271,052.6 | inventory = 2
[ 2024-08-06 16:11:29,462 ] 96 : Sold 6 shares at price 71,400 | Profit = -600 | Portfolio Value = 1,054,252.6 | Budget = 699,238.4 | inventory = 1
[ 2024-08-06 16:11:29,476 ] 97 : Bought 4 shares at price 70,500 | Portfolio Value = 1,056,238.4 | Budget = 417,097.4 | inventory = 2
[ 2024-08-06 16:11:29,489 ] 98 : Sold 5 shares at price 71,300 | Profit = -2,500 | Portfolio Value = 1,051,597.4 | Budget = 773,419.15 | inventory = 1
[ 2024-08-06 16:11:29,504 ] 99 : Bought 6 shares at price 71,600 | Portfolio Value = 1,058,619.15 | Budget = 343,604.35 | inventory = 2
[ 2024-08-06 16:11:29,539 ] 100 : Sold 4 shares at price 72,400 | Profit = 7,600 | Portfolio Value = 1,059,604.35 | Budget = 633,059.55 | inventory = 1
[ 2024-08-06 16:11:29,558 ] 101 : Bought 5 shares at price 72,600 | Portfolio Value = 1,067,459.55 | Budget = 269,878.05 | inventory = 2
[ 2024-08-06 16:11:29,572 ] 102 : Bought 2 shares at price 72,700 | Portfolio Value = 1,068,478.05 | Budget = 124,405.35 | inventory = 3
[ 2024-08-06 16:11:29,586 ] 103 : Sold 6 shares at price 72,400 | Profit = 4,800 | Portfolio Value = 1,069,505.35 | Budget = 558,588.15 | inventory = 2
[ 2024-08-06 16:11:29,601 ] 104 : Bought 6 shares at price 72,200 | Portfolio Value = 1,065,388.15 | Budget = 125,171.55 | inventory = 3
[ 2024-08-06 16:11:29,642 ] 107 : Sold 5 shares at price 72,000 | Profit = -3,000 | Portfolio Value = 1,074,171.55 | Budget = 484,991.55 | inventory = 2
[ 2024-08-06 16:11:29,657 ] 108 : Bought 6 shares at price 71,600 | Portfolio Value = 1,060,991.55 | Budget = 55,176.75 | inventory = 3
[ 2024-08-06 16:11:29,672 ] 109 : Sold 2 shares at price 69,900 | Profit = -5,600 | Portfolio Value = 1,057,576.75 | Budget = 194,906.85 | inventory = 2
[ 2024-08-06 16:11:29,728 ] 113 : Bought 1 shares at price 71,900 | Portfolio Value = 1,057,706.85 | Budget = 122,970.9 | inventory = 3
[ 2024-08-06 16:11:29,741 ] 114 : Bought 1 shares at price 73,400 | Portfolio Value = 1,057,670.9 | Budget = 49,534.2 | inventory = 4
[ 2024-08-06 16:11:29,783 ] 117 : Sold 6 shares at price 71,700 | Profit = -3,000 | Portfolio Value = 1,057,534.2 | Budget = 479,519.1 | inventory = 3
[ 2024-08-06 16:11:29,796 ] 118 : Bought 1 shares at price 71,000 | Portfolio Value = 1,053,119.1 | Budget = 408,483.6 | inventory = 4
[ 2024-08-06 16:11:29,809 ] 119 : Bought 5 shares at price 70,300 | Portfolio Value = 1,047,483.6 | Budget = 56,807.85 | inventory = 5
[ 2024-08-06 16:11:29,823 ] 120 : Sold 6 shares at price 70,400 | Profit = -7,200 | Portfolio Value = 1,041,007.85 | Budget = 478,996.65 | inventory = 4
[ 2024-08-06 16:11:29,836 ] 121 : Bought 5 shares at price 70,000 | Portfolio Value = 1,042,196.65 | Budget = 128,821.65 | inventory = 5
[ 2024-08-06 16:11:29,850 ] 122 : Bought 1 shares at price 69,800 | Portfolio Value = 1,038,821.65 | Budget = 58,986.75 | inventory = 6
[ 2024-08-06 16:11:29,864 ] 123 : Sold 1 shares at price 71,700 | Profit = -200 | Portfolio Value = 1,036,186.75 | Budget = 130,650.9 | inventory = 5
[ 2024-08-06 16:11:29,877 ] 124 : Sold 1 shares at price 70,600 | Profit = -2,800 | Portfolio Value = 1,062,750.9 | Budget = 201,215.6 | inventory = 4
[ 2024-08-06 16:11:29,903 ] 126 : Sold 1 shares at price 71,100 | Profit = 100 | Portfolio Value = 1,038,815.6 | Budget = 272,280.05 | inventory = 3
[ 2024-08-06 16:11:29,916 ] 127 : Bought 2 shares at price 69,900 | Portfolio Value = 1,054,380.05 | Budget = 132,410.15 | inventory = 4
[ 2024-08-06 16:11:29,943 ] 129 : Bought 1 shares at price 68,300 | Portfolio Value = 1,026,810.15 | Budget = 64,076.0 | inventory = 5
[ 2024-08-06 16:11:29,956 ] 130 : Sold 5 shares at price 68,500 | Profit = -9,000 | Portfolio Value = 1,020,276.0 | Budget = 406,404.75 | inventory = 4
[ 2024-08-06 16:11:29,969 ] 131 : Bought 4 shares at price 67,600 | Portfolio Value = 1,022,904.75 | Budget = 135,869.55 | inventory = 5
[ 2024-08-06 16:11:29,996 ] 133 : Bought 1 shares at price 68,000 | Portfolio Value = 1,031,569.55 | Budget = 67,835.55 | inventory = 6
[ 2024-08-06 16:11:30,090 ] 140 : Bought 1 shares at price 66,600 | Portfolio Value = 1,000,235.55 | Budget = 1,202.25 | inventory = 7
[ 2024-08-06 16:11:30,132 ] 143 : Sold 5 shares at price 67,100 | Profit = -14,500 | Portfolio Value = 1,024,202.25 | Budget = 336,534.5 | inventory = 6
[ 2024-08-06 16:11:30,145 ] 144 : Bought 5 shares at price 66,800 | Portfolio Value = 1,007,534.5 | Budget = 2,367.5 | inventory = 7
[ 2024-08-06 16:11:30,159 ] 145 : Sold 1 shares at price 66,800 | Profit = -3,000 | Portfolio Value = 1,004,367.5 | Budget = 69,134.1 | inventory = 6
[ 2024-08-06 16:11:30,332 ] 158 : Sold 2 shares at price 72,000 | Profit = 4,200 | Portfolio Value = 1,072,934.1 | Budget = 213,062.1 | inventory = 5
[ 2024-08-06 16:11:30,358 ] 160 : Sold 1 shares at price 69,800 | Profit = 1,500 | Portfolio Value = 1,055,462.1 | Budget = 282,827.2 | inventory = 4
[ 2024-08-06 16:11:30,372 ] 161 : Bought 3 shares at price 69,600 | Portfolio Value = 1,050,627.2 | Budget = 73,922.8 | inventory = 5
[ 2024-08-06 16:11:30,398 ] 163 : Sold 4 shares at price 68,800 | Profit = 4,800 | Portfolio Value = 1,038,522.8 | Budget = 348,985.2 | inventory = 4
[ 2024-08-06 16:11:30,412 ] 164 : Sold 1 shares at price 69,400 | Profit = 1,400 | Portfolio Value = 1,036,985.2 | Budget = 418,350.5 | inventory = 3
[ 2024-08-06 16:11:30,453 ] 167 : Sold 1 shares at price 67,500 | Profit = 900 | Portfolio Value = 1,033,950.5 | Budget = 485,816.75 | inventory = 2
[ 2024-08-06 16:11:30,467 ] 168 : Sold 5 shares at price 66,700 | Profit = -500 | Portfolio Value = 1,025,816.75 | Budget = 819,150.0 | inventory = 1
[ 2024-08-06 16:11:30,509 ] 171 : Bought 7 shares at price 68,200 | Portfolio Value = 1,018,350.0 | Budget = 341,511.3 | inventory = 2
[ 2024-08-06 16:11:30,523 ] 172 : Bought 4 shares at price 68,900 | Portfolio Value = 1,023,511.3 | Budget = 65,773.5 | inventory = 3
[ 2024-08-06 16:11:30,578 ] 176 : Sold 3 shares at price 70,500 | Profit = 2,700 | Portfolio Value = 1,037,373.5 | Budget = 277,167.75 | inventory = 2
[ 2024-08-06 16:11:30,620 ] 179 : Sold 7 shares at price 68,400 | Profit = 1,400 | Portfolio Value = 1,033,967.75 | Budget = 755,728.35 | inventory = 1
[ 2024-08-06 16:11:30,633 ] 180 : Sold 4 shares at price 68,500 | Profit = -1,600 | Portfolio Value = 1,029,328.35 | Budget = 1,029,591.35 | inventory = 0
[ 2024-08-06 16:11:30,647 ] 181 : Bought 10 shares at price 68,000 | Portfolio Value = 1,029,591.35 | Budget = 349,251.35 | inventory = 1
[ 2024-08-06 16:11:30,661 ] 182 : Bought 4 shares at price 66,700 | Portfolio Value = 1,029,251.35 | Budget = 82,317.95 | inventory = 2
[ 2024-08-06 16:11:30,690 ] 184 : Bought 1 shares at price 67,300 | Portfolio Value = 1,024,517.95 | Budget = 14,984.3 | inventory = 3
[ 2024-08-06 16:11:30,824 ] 194 : Sold 10 shares at price 70,400 | Profit = 24,000 | Portfolio Value = 1,072,484.3 | Budget = 718,632.3 | inventory = 2
[ 2024-08-06 16:11:30,839 ] 195 : Bought 6 shares at price 70,800 | Portfolio Value = 1,070,632.3 | Budget = 293,619.9 | inventory = 3
[ 2024-08-06 16:11:30,853 ] 196 : Sold 4 shares at price 72,200 | Profit = 22,000 | Portfolio Value = 1,072,419.9 | Budget = 582,275.5 | inventory = 2
[ 2024-08-06 16:11:30,867 ] 197 : Sold 1 shares at price 72,800 | Profit = 5,500 | Portfolio Value = 1,087,675.5 | Budget = 655,039.1 | inventory = 1
[ 2024-08-06 16:11:30,881 ] 198 : Bought 1 shares at price 72,500 | Portfolio Value = 1,091,839.1 | Budget = 582,502.85 | inventory = 2
[ 2024-08-06 16:11:30,908 ] 200 : Bought 2 shares at price 72,800 | Portfolio Value = 1,091,402.85 | Budget = 436,830.05 | inventory = 3
[ 2024-08-06 16:11:30,922 ] 201 : Bought 4 shares at price 72,800 | Portfolio Value = 1,092,030.05 | Budget = 145,484.45 | inventory = 4
[ 2024-08-06 16:11:30,935 ] 202 : Sold 6 shares at price 72,400 | Profit = 9,600 | Portfolio Value = 1,091,884.45 | Budget = 579,667.25 | inventory = 3
[ 2024-08-06 16:11:30,949 ] 203 : Bought 4 shares at price 71,700 | Portfolio Value = 1,086,467.25 | Budget = 292,723.85 | inventory = 4
[ 2024-08-06 16:11:30,990 ] 206 : Bought 2 shares at price 72,700 | Portfolio Value = 1,092,423.85 | Budget = 147,251.15 | inventory = 5
[ 2024-08-06 16:11:31,003 ] 207 : Bought 2 shares at price 72,800 | Portfolio Value = 1,092,351.15 | Budget = 1,578.35 | inventory = 6
[ 2024-08-06 16:11:31,043 ] 210 : Sold 1 shares at price 71,200 | Profit = -1,300 | Portfolio Value = 1,090,578.35 | Budget = 72,742.75 | inventory = 5
[ 2024-08-06 16:11:31,057 ] 211 : Bought 1 shares at price 71,700 | Portfolio Value = 1,069,542.75 | Budget = 1,006.9 | inventory = 6
[ 2024-08-06 16:11:31,176 ] 220 : Sold 2 shares at price 73,400 | Profit = 1,200 | Portfolio Value = 1,094,506.9 | Budget = 147,733.5 | inventory = 5
[ 2024-08-06 16:11:31,203 ] 222 : Bought 1 shares at price 75,000 | Portfolio Value = 1,120,133.5 | Budget = 72,696.0 | inventory = 6
[ 2024-08-06 16:11:31,229 ] 224 : Sold 4 shares at price 76,600 | Profit = 15,200 | Portfolio Value = 1,135,296.0 | Budget = 378,942.8 | inventory = 5
[ 2024-08-06 16:11:31,255 ] 226 : Bought 2 shares at price 78,500 | Portfolio Value = 1,158,942.8 | Budget = 221,864.3 | inventory = 6
[ 2024-08-06 16:11:31,365 ] 8 : Bought 3 shares at price 63,000 | Portfolio Value = 1,000,000.0 | Budget = 810,905.5 | inventory = 1
[ 2024-08-06 16:11:31,379 ] 9 : Bought 9 shares at price 62,800 | Portfolio Value = 999,905.5 | Budget = 245,422.9 | inventory = 2
[ 2024-08-06 16:11:31,406 ] 11 : Sold 3 shares at price 63,200 | Profit = 600 | Portfolio Value = 1,000,222.9 | Budget = 434,928.1 | inventory = 1
[ 2024-08-06 16:11:31,446 ] 14 : Bought 1 shares at price 62,600 | Portfolio Value = 1,008,228.1 | Budget = 372,296.8 | inventory = 2
[ 2024-08-06 16:11:31,460 ] 15 : Bought 2 shares at price 62,700 | Portfolio Value = 998,296.8 | Budget = 246,834.1 | inventory = 3
[ 2024-08-06 16:11:31,499 ] 18 : Bought 2 shares at price 62,000 | Portfolio Value = 980,034.1 | Budget = 122,772.1 | inventory = 4
[ 2024-08-06 16:11:31,526 ] 20 : Bought 2 shares at price 60,500 | Portfolio Value = 980,972.1 | Budget = 1,711.6 | inventory = 5
[ 2024-08-06 16:11:31,632 ] 28 : Sold 9 shares at price 59,500 | Profit = -29,700 | Portfolio Value = 963,311.6 | Budget = 536,943.85 | inventory = 4
[ 2024-08-06 16:11:31,659 ] 30 : Sold 1 shares at price 59,000 | Profit = -3,600 | Portfolio Value = 956,943.85 | Budget = 595,914.35 | inventory = 3
[ 2024-08-06 16:11:31,686 ] 32 : Sold 2 shares at price 59,900 | Profit = -5,600 | Portfolio Value = 954,714.35 | Budget = 715,654.45 | inventory = 2
[ 2024-08-06 16:11:31,699 ] 33 : Sold 2 shares at price 61,300 | Profit = -1,400 | Portfolio Value = 955,254.45 | Budget = 838,193.15 | inventory = 1
[ 2024-08-06 16:11:31,712 ] 34 : Bought 4 shares at price 60,200 | Portfolio Value = 960,793.15 | Budget = 597,272.75 | inventory = 2
[ 2024-08-06 16:11:31,725 ] 35 : Bought 5 shares at price 60,300 | Portfolio Value = 958,472.75 | Budget = 295,622.0 | inventory = 3
[ 2024-08-06 16:11:31,738 ] 36 : Bought 4 shares at price 61,100 | Portfolio Value = 958,922.0 | Budget = 51,099.8 | inventory = 4
[ 2024-08-06 16:11:31,766 ] 38 : Sold 2 shares at price 63,000 | Profit = 5,000 | Portfolio Value = 985,599.8 | Budget = 177,036.8 | inventory = 3
[ 2024-08-06 16:11:31,781 ] 39 : Sold 4 shares at price 62,100 | Profit = 7,600 | Portfolio Value = 996,036.8 | Budget = 425,312.6 | inventory = 2
[ 2024-08-06 16:11:31,794 ] 40 : Sold 5 shares at price 62,900 | Profit = 13,000 | Portfolio Value = 984,212.6 | Budget = 739,655.35 | inventory = 1
[ 2024-08-06 16:11:31,820 ] 42 : Sold 4 shares at price 63,200 | Profit = 8,400 | Portfolio Value = 990,455.35 | Budget = 992,328.95 | inventory = 0
[ 2024-08-06 16:11:31,885 ] 47 : Bought 5 shares at price 62,300 | Portfolio Value = 992,328.95 | Budget = 680,673.2 | inventory = 1
[ 2024-08-06 16:11:31,898 ] 48 : Sold 5 shares at price 65,000 | Profit = 13,500 | Portfolio Value = 992,173.2 | Budget = 1,005,510.7 | inventory = 0
[ 2024-08-06 16:11:31,989 ] 55 : Bought 11 shares at price 65,600 | Portfolio Value = 1,005,510.7 | Budget = 283,549.9 | inventory = 1
[ 2024-08-06 16:11:32,002 ] 56 : Bought 3 shares at price 65,500 | Portfolio Value = 1,005,149.9 | Budget = 86,951.65 | inventory = 2
[ 2024-08-06 16:11:32,015 ] 57 : Bought 1 shares at price 65,300 | Portfolio Value = 1,003,951.65 | Budget = 21,619.0 | inventory = 3
[ 2024-08-06 16:11:32,029 ] 58 : Sold 11 shares at price 65,700 | Profit = 1,100 | Portfolio Value = 1,001,119.0 | Budget = 743,957.65 | inventory = 2
[ 2024-08-06 16:11:32,041 ] 59 : Bought 1 shares at price 65,200 | Portfolio Value = 1,006,757.65 | Budget = 678,725.05 | inventory = 3
[ 2024-08-06 16:11:32,054 ] 60 : Sold 3 shares at price 63,600 | Profit = -5,700 | Portfolio Value = 1,004,725.05 | Budget = 869,429.65 | inventory = 2
[ 2024-08-06 16:11:32,067 ] 61 : Bought 11 shares at price 64,100 | Portfolio Value = 996,629.65 | Budget = 163,977.1 | inventory = 3
[ 2024-08-06 16:11:32,080 ] 62 : Bought 2 shares at price 64,600 | Portfolio Value = 997,277.1 | Budget = 34,712.5 | inventory = 4
[ 2024-08-06 16:11:32,118 ] 65 : Sold 1 shares at price 65,400 | Profit = 100 | Portfolio Value = 1,020,212.5 | Budget = 100,079.8 | inventory = 3
[ 2024-08-06 16:11:32,132 ] 66 : Bought 1 shares at price 65,100 | Portfolio Value = 1,015,679.8 | Budget = 34,947.25 | inventory = 4
[ 2024-08-06 16:11:32,159 ] 68 : Sold 1 shares at price 65,300 | Profit = 100 | Portfolio Value = 1,023,447.25 | Budget = 100,214.6 | inventory = 3
[ 2024-08-06 16:11:32,172 ] 69 : Bought 1 shares at price 64,600 | Portfolio Value = 1,014,414.6 | Budget = 35,582.3 | inventory = 4
[ 2024-08-06 16:11:32,199 ] 71 : Sold 11 shares at price 64,100 | Profit = 0 | Portfolio Value = 998,582.3 | Budget = 740,329.75 | inventory = 3
[ 2024-08-06 16:11:32,212 ] 72 : Bought 9 shares at price 64,500 | Portfolio Value = 996,729.75 | Budget = 159,539.5 | inventory = 4
[ 2024-08-06 16:11:32,239 ] 74 : Sold 2 shares at price 65,000 | Profit = 800 | Portfolio Value = 1,009,739.5 | Budget = 289,474.5 | inventory = 3
[ 2024-08-06 16:11:32,252 ] 75 : Bought 2 shares at price 66,200 | Portfolio Value = 1,004,474.5 | Budget = 157,008.3 | inventory = 4
[ 2024-08-06 16:11:32,267 ] 76 : Bought 2 shares at price 68,400 | Portfolio Value = 1,017,608.3 | Budget = 20,139.9 | inventory = 5
[ 2024-08-06 16:11:32,294 ] 78 : Sold 1 shares at price 68,400 | Profit = 3,300 | Portfolio Value = 1,047,639.9 | Budget = 88,505.7 | inventory = 4
[ 2024-08-06 16:11:32,308 ] 79 : Bought 1 shares at price 68,500 | Portfolio Value = 1,046,105.7 | Budget = 19,971.45 | inventory = 5
[ 2024-08-06 16:11:32,335 ] 81 : Sold 1 shares at price 70,300 | Profit = 5,700 | Portfolio Value = 1,051,971.45 | Budget = 90,236.3 | inventory = 4
[ 2024-08-06 16:11:32,348 ] 82 : Sold 9 shares at price 72,300 | Profit = 70,200 | Portfolio Value = 1,074,436.3 | Budget = 740,610.95 | inventory = 3
[ 2024-08-06 16:11:32,400 ] 86 : Sold 2 shares at price 71,700 | Profit = 11,000 | Portfolio Value = 1,101,610.95 | Budget = 883,939.25 | inventory = 2
[ 2024-08-06 16:11:32,426 ] 88 : Bought 4 shares at price 70,900 | Portfolio Value = 1,096,939.25 | Budget = 600,197.45 | inventory = 3
[ 2024-08-06 16:11:32,439 ] 89 : Sold 2 shares at price 72,000 | Profit = 7,200 | Portfolio Value = 1,096,497.45 | Budget = 744,125.45 | inventory = 2
[ 2024-08-06 16:11:32,453 ] 90 : Sold 1 shares at price 71,000 | Profit = 2,500 | Portfolio Value = 1,104,125.45 | Budget = 815,089.95 | inventory = 1
[ 2024-08-06 16:11:32,466 ] 91 : Bought 9 shares at price 72,000 | Portfolio Value = 1,099,089.95 | Budget = 166,765.95 | inventory = 2
[ 2024-08-06 16:11:32,480 ] 92 : Sold 4 shares at price 71,900 | Profit = 4,000 | Portfolio Value = 1,102,765.95 | Budget = 454,222.15 | inventory = 1
[ 2024-08-06 16:11:32,507 ] 94 : Sold 9 shares at price 71,800 | Profit = -1,800 | Portfolio Value = 1,097,722.15 | Budget = 1,100,099.05 | inventory = 0
[ 2024-08-06 16:11:32,534 ] 96 : Bought 10 shares at price 71,400 | Portfolio Value = 1,100,099.05 | Budget = 385,742.05 | inventory = 1
[ 2024-08-06 16:11:32,547 ] 97 : Sold 10 shares at price 70,500 | Profit = -9,000 | Portfolio Value = 1,099,742.05 | Budget = 1,090,389.55 | inventory = 0
[ 2024-08-06 16:11:32,613 ] 102 : Bought 12 shares at price 72,700 | Portfolio Value = 1,090,389.55 | Budget = 217,553.35 | inventory = 1
[ 2024-08-06 16:11:32,626 ] 103 : Sold 12 shares at price 72,400 | Profit = -3,600 | Portfolio Value = 1,089,953.35 | Budget = 1,085,918.95 | inventory = 0
[ 2024-08-06 16:11:32,639 ] 104 : Bought 1 shares at price 72,200 | Portfolio Value = 1,085,918.95 | Budget = 1,013,682.85 | inventory = 1
[ 2024-08-06 16:11:32,665 ] 106 : Bought 11 shares at price 73,000 | Portfolio Value = 1,086,682.85 | Budget = 210,281.35 | inventory = 2
[ 2024-08-06 16:11:32,691 ] 108 : Sold 1 shares at price 71,600 | Profit = -600 | Portfolio Value = 1,074,281.35 | Budget = 281,845.55 | inventory = 1
[ 2024-08-06 16:11:32,704 ] 109 : Bought 2 shares at price 69,900 | Portfolio Value = 1,069,445.55 | Budget = 141,975.65 | inventory = 2
[ 2024-08-06 16:11:32,717 ] 110 : Bought 2 shares at price 69,500 | Portfolio Value = 1,050,675.65 | Budget = 2,906.15 | inventory = 3
[ 2024-08-06 16:11:32,744 ] 112 : Sold 11 shares at price 71,900 | Profit = -12,100 | Portfolio Value = 1,075,406.15 | Budget = 793,410.7 | inventory = 2
[ 2024-08-06 16:11:32,771 ] 114 : Bought 1 shares at price 73,400 | Portfolio Value = 1,081,010.7 | Budget = 719,974.0 | inventory = 3
[ 2024-08-06 16:11:32,784 ] 115 : Bought 6 shares at price 73,300 | Portfolio Value = 1,086,974.0 | Budget = 279,954.1 | inventory = 4
[ 2024-08-06 16:11:32,798 ] 116 : Bought 1 shares at price 72,000 | Portfolio Value = 1,086,254.1 | Budget = 207,918.1 | inventory = 5
[ 2024-08-06 16:11:32,826 ] 118 : Sold 2 shares at price 71,000 | Profit = 2,200 | Portfolio Value = 1,068,318.1 | Budget = 349,847.1 | inventory = 4
[ 2024-08-06 16:11:32,840 ] 119 : Sold 2 shares at price 70,300 | Profit = 1,600 | Portfolio Value = 1,059,847.1 | Budget = 490,376.8 | inventory = 3
[ 2024-08-06 16:11:32,854 ] 120 : Bought 1 shares at price 70,400 | Portfolio Value = 1,052,776.8 | Budget = 419,941.6 | inventory = 4
[ 2024-08-06 16:11:32,867 ] 121 : Sold 1 shares at price 70,000 | Profit = -3,400 | Portfolio Value = 1,053,541.6 | Budget = 489,906.6 | inventory = 3
[ 2024-08-06 16:11:32,880 ] 122 : Sold 6 shares at price 69,800 | Profit = -21,000 | Portfolio Value = 1,049,906.6 | Budget = 908,497.2 | inventory = 2
[ 2024-08-06 16:11:32,893 ] 123 : Sold 1 shares at price 71,700 | Profit = -300 | Portfolio Value = 1,048,097.2 | Budget = 980,161.35 | inventory = 1
[ 2024-08-06 16:11:32,922 ] 125 : Bought 3 shares at price 69,800 | Portfolio Value = 1,050,761.35 | Budget = 770,656.65 | inventory = 2
[ 2024-08-06 16:11:32,935 ] 126 : Bought 4 shares at price 71,100 | Portfolio Value = 1,049,856.65 | Budget = 486,114.45 | inventory = 3
[ 2024-08-06 16:11:32,948 ] 127 : Bought 4 shares at price 69,900 | Portfolio Value = 1,054,914.45 | Budget = 206,374.65 | inventory = 4
[ 2024-08-06 16:11:32,961 ] 128 : Sold 1 shares at price 68,800 | Profit = -1,600 | Portfolio Value = 1,045,174.65 | Budget = 275,140.25 | inventory = 3
[ 2024-08-06 16:11:32,974 ] 129 : Sold 3 shares at price 68,300 | Profit = -4,500 | Portfolio Value = 1,031,940.25 | Budget = 479,937.8 | inventory = 2
[ 2024-08-06 16:11:32,987 ] 130 : Sold 4 shares at price 68,500 | Profit = -10,400 | Portfolio Value = 1,026,337.8 | Budget = 753,800.8 | inventory = 1
[ 2024-08-06 16:11:33,000 ] 131 : Bought 4 shares at price 67,600 | Portfolio Value = 1,027,800.8 | Budget = 483,265.6 | inventory = 2
[ 2024-08-06 16:11:33,027 ] 133 : Sold 4 shares at price 68,000 | Profit = -7,600 | Portfolio Value = 1,034,465.6 | Budget = 755,129.6 | inventory = 1
[ 2024-08-06 16:11:33,040 ] 134 : Sold 4 shares at price 67,500 | Profit = -400 | Portfolio Value = 1,027,129.6 | Budget = 1,024,994.6 | inventory = 0
[ 2024-08-06 16:11:33,093 ] 138 : Bought 10 shares at price 66,300 | Portfolio Value = 1,024,994.6 | Budget = 361,663.1 | inventory = 1
[ 2024-08-06 16:11:33,106 ] 139 : Bought 3 shares at price 66,600 | Portfolio Value = 1,024,663.1 | Budget = 161,763.2 | inventory = 2
[ 2024-08-06 16:11:33,119 ] 140 : Bought 1 shares at price 66,600 | Portfolio Value = 1,027,563.2 | Budget = 95,129.9 | inventory = 3
[ 2024-08-06 16:11:33,147 ] 142 : Bought 1 shares at price 68,200 | Portfolio Value = 1,034,529.9 | Budget = 26,895.8 | inventory = 4
[ 2024-08-06 16:11:33,160 ] 143 : Sold 10 shares at price 67,100 | Profit = 8,000 | Portfolio Value = 1,049,895.8 | Budget = 697,560.3 | inventory = 3
[ 2024-08-06 16:11:33,188 ] 145 : Bought 7 shares at price 66,800 | Portfolio Value = 1,031,560.3 | Budget = 229,726.5 | inventory = 4
[ 2024-08-06 16:11:33,201 ] 146 : Bought 1 shares at price 67,100 | Portfolio Value = 1,031,326.5 | Budget = 162,592.95 | inventory = 5
[ 2024-08-06 16:11:33,215 ] 147 : Bought 1 shares at price 66,900 | Portfolio Value = 1,034,892.95 | Budget = 95,659.5 | inventory = 6
[ 2024-08-06 16:11:33,228 ] 148 : Sold 3 shares at price 71,000 | Profit = 13,200 | Portfolio Value = 1,032,259.5 | Budget = 308,553.0 | inventory = 5
[ 2024-08-06 16:11:33,240 ] 149 : Bought 1 shares at price 71,200 | Portfolio Value = 1,089,553.0 | Budget = 237,317.4 | inventory = 6
[ 2024-08-06 16:11:33,254 ] 150 : Bought 1 shares at price 70,700 | Portfolio Value = 1,091,717.4 | Budget = 166,582.05 | inventory = 7
[ 2024-08-06 16:11:33,267 ] 151 : Sold 1 shares at price 70,000 | Profit = 3,400 | Portfolio Value = 1,085,682.05 | Budget = 236,547.05 | inventory = 6
[ 2024-08-06 16:11:33,280 ] 152 : Bought 1 shares at price 70,400 | Portfolio Value = 1,076,547.05 | Budget = 166,111.85 | inventory = 7
[ 2024-08-06 16:11:33,307 ] 154 : Bought 1 shares at price 70,800 | Portfolio Value = 1,080,011.85 | Budget = 95,276.45 | inventory = 8
[ 2024-08-06 16:11:33,348 ] 157 : Bought 1 shares at price 71,700 | Portfolio Value = 1,087,876.45 | Budget = 23,540.6 | inventory = 9
[ 2024-08-06 16:11:33,374 ] 159 : Sold 1 shares at price 70,200 | Profit = 2,000 | Portfolio Value = 1,103,540.6 | Budget = 93,705.5 | inventory = 8
[ 2024-08-06 16:11:33,386 ] 160 : Bought 1 shares at price 69,800 | Portfolio Value = 1,076,505.5 | Budget = 23,870.6 | inventory = 9
[ 2024-08-06 16:11:33,464 ] 166 : Sold 7 shares at price 68,400 | Profit = 11,200 | Portfolio Value = 1,052,870.6 | Budget = 502,431.2 | inventory = 8
[ 2024-08-06 16:11:33,490 ] 168 : Bought 3 shares at price 66,700 | Portfolio Value = 1,042,431.2 | Budget = 302,231.15 | inventory = 9
[ 2024-08-06 16:11:33,517 ] 170 : Sold 1 shares at price 66,400 | Profit = -700 | Portfolio Value = 1,028,231.15 | Budget = 368,597.95 | inventory = 8
[ 2024-08-06 16:11:33,531 ] 171 : Bought 3 shares at price 68,200 | Portfolio Value = 1,032,597.95 | Budget = 163,895.65 | inventory = 9
[ 2024-08-06 16:11:33,544 ] 172 : Bought 2 shares at price 68,900 | Portfolio Value = 1,050,495.65 | Budget = 26,026.75 | inventory = 10
[ 2024-08-06 16:11:33,570 ] 174 : Sold 1 shares at price 67,300 | Profit = 400 | Portfolio Value = 1,046,026.75 | Budget = 93,293.1 | inventory = 9
[ 2024-08-06 16:11:33,597 ] 176 : Sold 1 shares at price 70,500 | Profit = -700 | Portfolio Value = 1,064,893.1 | Budget = 163,757.85 | inventory = 8
[ 2024-08-06 16:11:33,653 ] 180 : Bought 2 shares at price 68,500 | Portfolio Value = 1,052,957.85 | Budget = 26,689.35 | inventory = 9
[ 2024-08-06 16:11:33,698 ] 183 : Sold 1 shares at price 67,300 | Profit = -3,400 | Portfolio Value = 1,027,189.35 | Budget = 93,955.7 | inventory = 8
[ 2024-08-06 16:11:33,712 ] 184 : Bought 1 shares at price 67,300 | Portfolio Value = 1,036,155.7 | Budget = 26,622.05 | inventory = 9
[ 2024-08-06 16:11:33,805 ] 191 : Sold 1 shares at price 69,900 | Profit = -500 | Portfolio Value = 1,090,122.05 | Budget = 96,487.1 | inventory = 8
[ 2024-08-06 16:11:33,818 ] 192 : Sold 1 shares at price 70,300 | Profit = -500 | Portfolio Value = 1,075,087.1 | Budget = 166,751.95 | inventory = 7
[ 2024-08-06 16:11:33,831 ] 193 : Bought 1 shares at price 70,500 | Portfolio Value = 1,080,651.95 | Budget = 96,216.7 | inventory = 8
[ 2024-08-06 16:11:33,858 ] 195 : Bought 1 shares at price 70,800 | Portfolio Value = 1,081,816.7 | Budget = 25,381.3 | inventory = 9
[ 2024-08-06 16:11:33,910 ] 199 : Sold 1 shares at price 72,700 | Profit = 1,000 | Portfolio Value = 1,112,881.3 | Budget = 98,044.95 | inventory = 8
[ 2024-08-06 16:11:33,924 ] 200 : Bought 1 shares at price 72,800 | Portfolio Value = 1,115,844.95 | Budget = 25,208.55 | inventory = 9
[ 2024-08-06 16:11:33,977 ] 204 : Sold 1 shares at price 71,300 | Profit = 1,500 | Portfolio Value = 1,100,708.55 | Budget = 96,472.9 | inventory = 8
[ 2024-08-06 16:11:34,016 ] 207 : Sold 3 shares at price 72,800 | Profit = 18,300 | Portfolio Value = 1,114,272.9 | Budget = 314,763.7 | inventory = 7
[ 2024-08-06 16:11:34,043 ] 209 : Bought 3 shares at price 72,600 | Portfolio Value = 1,106,763.7 | Budget = 96,854.8 | inventory = 8
[ 2024-08-06 16:11:34,095 ] 213 : Sold 3 shares at price 72,600 | Profit = 13,200 | Portfolio Value = 1,097,854.8 | Budget = 314,545.9 | inventory = 7
[ 2024-08-06 16:11:34,109 ] 214 : Sold 2 shares at price 73,000 | Profit = 8,200 | Portfolio Value = 1,113,145.9 | Budget = 460,472.9 | inventory = 6
[ 2024-08-06 16:11:34,123 ] 215 : Sold 2 shares at price 73,500 | Profit = 10,000 | Portfolio Value = 1,117,472.9 | Budget = 607,399.4 | inventory = 5
[ 2024-08-06 16:11:34,136 ] 216 : Bought 3 shares at price 72,800 | Portfolio Value = 1,121,899.4 | Budget = 388,890.2 | inventory = 6
[ 2024-08-06 16:11:34,149 ] 217 : Sold 1 shares at price 73,100 | Profit = 5,800 | Portfolio Value = 1,116,890.2 | Budget = 461,953.65 | inventory = 5
[ 2024-08-06 16:11:34,190 ] 220 : Sold 1 shares at price 73,400 | Profit = 2,900 | Portfolio Value = 1,118,053.65 | Budget = 535,316.95 | inventory = 4
[ 2024-08-06 16:11:34,267 ] 226 : Bought 1 shares at price 78,500 | Portfolio Value = 1,159,316.95 | Budget = 456,777.7 | inventory = 5
[ 2024-08-06 16:11:34,280 ] 1 : Bought 14 shares at price 61,000 | Portfolio Value = 1,000,000 | Budget = 145,573.0 | inventory = 1
[ 2024-08-06 16:11:34,293 ] 2 : Sold 14 shares at price 61,800 | Profit = 11,200 | Portfolio Value = 999,573.0 | Budget = 1,010,340.4 | inventory = 0
[ 2024-08-06 16:11:34,319 ] 4 : Bought 7 shares at price 63,800 | Portfolio Value = 1,010,340.4 | Budget = 563,517.1 | inventory = 1
[ 2024-08-06 16:11:34,346 ] 6 : Bought 1 shares at price 61,900 | Portfolio Value = 994,717.1 | Budget = 501,586.15 | inventory = 2
[ 2024-08-06 16:11:34,359 ] 7 : Bought 6 shares at price 63,100 | Portfolio Value = 996,786.15 | Budget = 122,796.85 | inventory = 3
[ 2024-08-06 16:11:34,384 ] 9 : Bought 1 shares at price 62,800 | Portfolio Value = 1,004,796.85 | Budget = 59,965.45 | inventory = 4
[ 2024-08-06 16:11:34,454 ] 14 : Sold 7 shares at price 62,600 | Profit = -8,400 | Portfolio Value = 1,015,465.45 | Budget = 497,946.35 | inventory = 3
[ 2024-08-06 16:11:34,468 ] 15 : Sold 1 shares at price 62,700 | Profit = 800 | Portfolio Value = 998,746.35 | Budget = 560,615.0 | inventory = 2
[ 2024-08-06 16:11:34,494 ] 17 : Sold 6 shares at price 61,100 | Profit = -12,000 | Portfolio Value = 995,315.0 | Budget = 927,031.7 | inventory = 1
[ 2024-08-06 16:11:34,508 ] 18 : Bought 10 shares at price 62,000 | Portfolio Value = 988,131.7 | Budget = 306,721.7 | inventory = 2
[ 2024-08-06 16:11:34,521 ] 19 : Sold 1 shares at price 61,300 | Profit = -1,500 | Portfolio Value = 988,721.7 | Budget = 367,991.05 | inventory = 1
[ 2024-08-06 16:11:34,533 ] 20 : Sold 10 shares at price 60,500 | Profit = -15,000 | Portfolio Value = 980,991.05 | Budget = 972,688.55 | inventory = 0
[ 2024-08-06 16:11:34,546 ] 21 : Bought 4 shares at price 60,600 | Portfolio Value = 972,688.55 | Budget = 730,167.35 | inventory = 1
[ 2024-08-06 16:11:34,586 ] 24 : Bought 9 shares at price 61,500 | Portfolio Value = 972,167.35 | Budget = 176,390.6 | inventory = 2
[ 2024-08-06 16:11:34,600 ] 25 : Bought 2 shares at price 60,700 | Portfolio Value = 975,890.6 | Budget = 54,929.9 | inventory = 3
[ 2024-08-06 16:11:34,639 ] 28 : Sold 4 shares at price 59,500 | Profit = -4,400 | Portfolio Value = 956,429.9 | Budget = 292,810.9 | inventory = 2
[ 2024-08-06 16:11:34,653 ] 29 : Sold 9 shares at price 60,000 | Profit = -13,500 | Portfolio Value = 947,310.9 | Budget = 832,540.9 | inventory = 1
[ 2024-08-06 16:11:34,666 ] 30 : Bought 4 shares at price 59,000 | Portfolio Value = 952,540.9 | Budget = 596,422.9 | inventory = 2
[ 2024-08-06 16:11:34,719 ] 34 : Sold 2 shares at price 60,200 | Profit = -1,000 | Portfolio Value = 964,222.9 | Budget = 716,762.7 | inventory = 1
[ 2024-08-06 16:11:34,746 ] 36 : Bought 1 shares at price 61,100 | Portfolio Value = 957,962.7 | Budget = 655,632.15 | inventory = 2
[ 2024-08-06 16:11:34,772 ] 38 : Bought 9 shares at price 63,000 | Portfolio Value = 967,132.15 | Budget = 88,348.65 | inventory = 3
[ 2024-08-06 16:11:34,786 ] 39 : Bought 1 shares at price 62,100 | Portfolio Value = 970,348.65 | Budget = 26,217.6 | inventory = 4
[ 2024-08-06 16:11:34,800 ] 40 : Sold 4 shares at price 62,900 | Profit = 15,600 | Portfolio Value = 957,717.6 | Budget = 277,691.8 | inventory = 3
[ 2024-08-06 16:11:34,854 ] 44 : Sold 1 shares at price 63,100 | Profit = 2,000 | Portfolio Value = 981,691.8 | Budget = 340,760.25 | inventory = 2
[ 2024-08-06 16:11:34,869 ] 45 : Sold 9 shares at price 63,600 | Profit = 5,400 | Portfolio Value = 971,760.25 | Budget = 912,874.05 | inventory = 1
[ 2024-08-06 16:11:34,882 ] 46 : Bought 8 shares at price 63,900 | Portfolio Value = 976,474.05 | Budget = 401,418.45 | inventory = 2
[ 2024-08-06 16:11:34,896 ] 47 : Bought 5 shares at price 62,300 | Portfolio Value = 976,518.45 | Budget = 89,762.7 | inventory = 3
[ 2024-08-06 16:11:34,909 ] 48 : Bought 1 shares at price 65,000 | Portfolio Value = 961,962.7 | Budget = 24,730.2 | inventory = 4
[ 2024-08-06 16:11:34,936 ] 50 : Sold 1 shares at price 65,900 | Profit = 3,800 | Portfolio Value = 1,010,230.2 | Budget = 90,597.25 | inventory = 3
[ 2024-08-06 16:11:34,950 ] 51 : Bought 1 shares at price 66,000 | Portfolio Value = 1,013,197.25 | Budget = 24,564.25 | inventory = 4
[ 2024-08-06 16:11:35,017 ] 56 : Sold 8 shares at price 65,500 | Profit = 12,800 | Portfolio Value = 1,008,564.25 | Budget = 548,302.25 | inventory = 3
[ 2024-08-06 16:11:35,044 ] 58 : Bought 7 shares at price 65,700 | Portfolio Value = 1,005,402.25 | Budget = 88,172.3 | inventory = 4
[ 2024-08-06 16:11:35,072 ] 60 : Bought 1 shares at price 63,600 | Portfolio Value = 1,000,972.3 | Budget = 24,540.5 | inventory = 5
[ 2024-08-06 16:11:35,112 ] 63 : Sold 5 shares at price 65,500 | Profit = 16,000 | Portfolio Value = 993,540.5 | Budget = 351,876.75 | inventory = 4
[ 2024-08-06 16:11:35,139 ] 65 : Bought 1 shares at price 65,400 | Portfolio Value = 1,008,876.75 | Budget = 286,444.05 | inventory = 5
[ 2024-08-06 16:11:35,153 ] 66 : Bought 1 shares at price 65,100 | Portfolio Value = 1,005,844.05 | Budget = 221,311.5 | inventory = 6
[ 2024-08-06 16:11:35,167 ] 67 : Bought 2 shares at price 65,900 | Portfolio Value = 1,002,511.5 | Budget = 89,445.6 | inventory = 7
[ 2024-08-06 16:11:35,180 ] 68 : Sold 1 shares at price 65,300 | Profit = 300 | Portfolio Value = 1,012,045.6 | Budget = 154,712.95 | inventory = 6
[ 2024-08-06 16:11:35,194 ] 69 : Sold 1 shares at price 64,600 | Profit = -1,400 | Portfolio Value = 1,003,612.95 | Budget = 219,280.65 | inventory = 5
[ 2024-08-06 16:11:35,249 ] 73 : Bought 3 shares at price 65,400 | Portfolio Value = 993,280.65 | Budget = 22,982.55 | inventory = 6
[ 2024-08-06 16:11:35,314 ] 78 : Sold 7 shares at price 68,400 | Profit = 18,900 | Portfolio Value = 1,050,482.55 | Budget = 501,543.15 | inventory = 5
[ 2024-08-06 16:11:35,354 ] 81 : Sold 1 shares at price 70,300 | Profit = 6,700 | Portfolio Value = 1,051,943.15 | Budget = 571,808.0 | inventory = 4
[ 2024-08-06 16:11:35,367 ] 82 : Bought 1 shares at price 72,300 | Portfolio Value = 1,063,908.0 | Budget = 499,471.85 | inventory = 5
[ 2024-08-06 16:11:35,381 ] 83 : Sold 1 shares at price 71,400 | Profit = 6,000 | Portfolio Value = 1,077,871.85 | Budget = 570,836.15 | inventory = 4
[ 2024-08-06 16:11:35,399 ] 84 : Bought 6 shares at price 70,900 | Portfolio Value = 1,070,636.15 | Budget = 145,223.45 | inventory = 5
[ 2024-08-06 16:11:35,426 ] 86 : Sold 1 shares at price 71,700 | Profit = 6,600 | Portfolio Value = 1,083,823.45 | Budget = 216,887.6 | inventory = 4
[ 2024-08-06 16:11:35,439 ] 87 : Sold 2 shares at price 71,000 | Profit = 10,200 | Portfolio Value = 1,077,287.6 | Budget = 358,816.6 | inventory = 3
[ 2024-08-06 16:11:35,453 ] 88 : Sold 3 shares at price 70,900 | Profit = 16,500 | Portfolio Value = 1,068,816.6 | Budget = 571,410.25 | inventory = 2
[ 2024-08-06 16:11:35,479 ] 90 : Bought 8 shares at price 71,000 | Portfolio Value = 1,075,410.25 | Budget = 3,126.25 | inventory = 3
[ 2024-08-06 16:11:35,519 ] 93 : Sold 1 shares at price 71,500 | Profit = -800 | Portfolio Value = 1,081,626.25 | Budget = 74,590.5 | inventory = 2
[ 2024-08-06 16:11:35,547 ] 95 : Sold 6 shares at price 71,200 | Profit = 1,800 | Portfolio Value = 1,079,790.5 | Budget = 501,576.9 | inventory = 1
[ 2024-08-06 16:11:35,561 ] 96 : Bought 4 shares at price 71,400 | Portfolio Value = 1,071,176.9 | Budget = 215,834.1 | inventory = 2
[ 2024-08-06 16:11:35,588 ] 98 : Bought 1 shares at price 71,300 | Portfolio Value = 1,061,834.1 | Budget = 144,498.45 | inventory = 3
[ 2024-08-06 16:11:35,601 ] 99 : Sold 8 shares at price 71,600 | Profit = 4,800 | Portfolio Value = 1,071,398.45 | Budget = 717,012.05 | inventory = 2
[ 2024-08-06 16:11:35,614 ] 100 : Sold 4 shares at price 72,400 | Profit = 4,000 | Portfolio Value = 1,075,012.05 | Budget = 1,006,467.25 | inventory = 1
[ 2024-08-06 16:11:35,627 ] 101 : Sold 1 shares at price 72,600 | Profit = 1,300 | Portfolio Value = 1,078,867.25 | Budget = 1,079,030.95 | inventory = 0
[ 2024-08-06 16:11:35,641 ] 102 : Bought 7 shares at price 72,700 | Portfolio Value = 1,079,030.95 | Budget = 569,876.5 | inventory = 1
[ 2024-08-06 16:11:35,654 ] 103 : Sold 7 shares at price 72,400 | Profit = -2,100 | Portfolio Value = 1,078,776.5 | Budget = 1,076,423.1 | inventory = 0
[ 2024-08-06 16:11:35,694 ] 106 : Bought 6 shares at price 73,000 | Portfolio Value = 1,076,423.1 | Budget = 638,204.1 | inventory = 1
[ 2024-08-06 16:11:35,719 ] 108 : Sold 6 shares at price 71,600 | Profit = -8,400 | Portfolio Value = 1,070,204.1 | Budget = 1,067,589.3 | inventory = 0
[ 2024-08-06 16:11:35,804 ] 114 : Bought 9 shares at price 73,400 | Portfolio Value = 1,067,589.3 | Budget = 406,659.0 | inventory = 1
[ 2024-08-06 16:11:35,817 ] 115 : Sold 9 shares at price 73,300 | Profit = -900 | Portfolio Value = 1,067,259.0 | Budget = 1,066,029.15 | inventory = 0
[ 2024-08-06 16:11:35,910 ] 122 : Bought 6 shares at price 69,800 | Portfolio Value = 1,066,029.15 | Budget = 647,019.75 | inventory = 1
[ 2024-08-06 16:11:35,924 ] 123 : Sold 6 shares at price 71,700 | Profit = 11,400 | Portfolio Value = 1,065,819.75 | Budget = 1,077,004.65 | inventory = 0
[ 2024-08-06 16:11:35,990 ] 128 : Bought 14 shares at price 68,800 | Portfolio Value = 1,077,004.65 | Budget = 113,323.05 | inventory = 1
[ 2024-08-06 16:11:36,044 ] 132 : Sold 14 shares at price 68,900 | Profit = 1,400 | Portfolio Value = 1,059,723.05 | Budget = 1,077,440.75 | inventory = 0
[ 2024-08-06 16:11:36,058 ] 133 : Bought 8 shares at price 68,000 | Portfolio Value = 1,077,440.75 | Budget = 533,168.75 | inventory = 1
[ 2024-08-06 16:11:36,072 ] 134 : Sold 8 shares at price 67,500 | Profit = -4,000 | Portfolio Value = 1,077,168.75 | Budget = 1,072,898.75 | inventory = 0
[ 2024-08-06 16:11:36,110 ] 137 : Bought 3 shares at price 66,700 | Portfolio Value = 1,072,898.75 | Budget = 872,698.7 | inventory = 1
[ 2024-08-06 16:11:36,124 ] 138 : Sold 3 shares at price 66,300 | Profit = -1,200 | Portfolio Value = 1,072,798.7 | Budget = 1,071,499.25 | inventory = 0
[ 2024-08-06 16:11:36,149 ] 140 : Bought 15 shares at price 66,600 | Portfolio Value = 1,071,499.25 | Budget = 71,999.75 | inventory = 1
[ 2024-08-06 16:11:36,163 ] 141 : Sold 15 shares at price 67,100 | Profit = 7,500 | Portfolio Value = 1,070,999.75 | Budget = 1,077,996.5 | inventory = 0
[ 2024-08-06 16:11:36,176 ] 142 : Bought 10 shares at price 68,200 | Portfolio Value = 1,077,996.5 | Budget = 395,655.5 | inventory = 1
[ 2024-08-06 16:11:36,216 ] 145 : Sold 10 shares at price 66,800 | Profit = -14,000 | Portfolio Value = 1,063,655.5 | Budget = 1,063,321.5 | inventory = 0
[ 2024-08-06 16:11:36,255 ] 148 : Bought 2 shares at price 71,000 | Portfolio Value = 1,063,321.5 | Budget = 921,250.5 | inventory = 1
[ 2024-08-06 16:11:36,268 ] 149 : Sold 2 shares at price 71,200 | Profit = 400 | Portfolio Value = 1,063,250.5 | Budget = 1,063,579.3 | inventory = 0
[ 2024-08-06 16:11:36,308 ] 152 : Bought 9 shares at price 70,400 | Portfolio Value = 1,063,579.3 | Budget = 429,662.5 | inventory = 1
[ 2024-08-06 16:11:36,321 ] 153 : Sold 9 shares at price 70,300 | Profit = -900 | Portfolio Value = 1,063,262.5 | Budget = 1,062,046.15 | inventory = 0
[ 2024-08-06 16:11:36,334 ] 154 : Bought 8 shares at price 70,800 | Portfolio Value = 1,062,046.15 | Budget = 495,362.95 | inventory = 1
[ 2024-08-06 16:11:36,347 ] 155 : Bought 2 shares at price 70,500 | Portfolio Value = 1,061,762.95 | Budget = 354,292.45 | inventory = 2
[ 2024-08-06 16:11:36,361 ] 156 : Bought 3 shares at price 70,900 | Portfolio Value = 1,059,292.45 | Budget = 141,486.1 | inventory = 3
[ 2024-08-06 16:11:36,374 ] 157 : Sold 8 shares at price 71,700 | Profit = 7,200 | Portfolio Value = 1,063,186.1 | Budget = 714,799.3 | inventory = 2
[ 2024-08-06 16:11:36,387 ] 158 : Sold 2 shares at price 72,000 | Profit = 3,000 | Portfolio Value = 1,073,299.3 | Budget = 858,727.3 | inventory = 1
[ 2024-08-06 16:11:36,401 ] 159 : Sold 3 shares at price 70,200 | Profit = -2,100 | Portfolio Value = 1,074,727.3 | Budget = 1,069,222.0 | inventory = 0
[ 2024-08-06 16:11:36,415 ] 160 : Bought 10 shares at price 69,800 | Portfolio Value = 1,069,222.0 | Budget = 370,873.0 | inventory = 1
[ 2024-08-06 16:11:36,428 ] 161 : Bought 4 shares at price 69,600 | Portfolio Value = 1,068,873.0 | Budget = 92,333.8 | inventory = 2
[ 2024-08-06 16:11:36,441 ] 162 : Sold 10 shares at price 68,900 | Profit = -9,000 | Portfolio Value = 1,066,733.8 | Budget = 780,989.3 | inventory = 1
[ 2024-08-06 16:11:36,481 ] 165 : Bought 7 shares at price 68,600 | Portfolio Value = 1,058,589.3 | Budget = 300,549.2 | inventory = 2
[ 2024-08-06 16:11:36,559 ] 171 : Sold 4 shares at price 68,200 | Profit = -5,600 | Portfolio Value = 1,030,949.2 | Budget = 573,212.8 | inventory = 1
[ 2024-08-06 16:11:36,573 ] 172 : Bought 5 shares at price 68,900 | Portfolio Value = 1,050,612.8 | Budget = 228,540.55 | inventory = 2
[ 2024-08-06 16:11:36,587 ] 173 : Bought 3 shares at price 68,000 | Portfolio Value = 1,055,340.55 | Budget = 24,438.55 | inventory = 3
[ 2024-08-06 16:11:36,601 ] 174 : Sold 7 shares at price 67,300 | Profit = -9,100 | Portfolio Value = 1,044,438.55 | Budget = 495,303.0 | inventory = 2
[ 2024-08-06 16:11:36,629 ] 176 : Sold 5 shares at price 70,500 | Profit = 8,000 | Portfolio Value = 1,050,503.0 | Budget = 847,626.75 | inventory = 1
[ 2024-08-06 16:11:36,642 ] 177 : Sold 3 shares at price 69,500 | Profit = 4,500 | Portfolio Value = 1,059,126.75 | Budget = 1,056,022.5 | inventory = 0
[ 2024-08-06 16:11:36,668 ] 179 : Bought 15 shares at price 68,400 | Portfolio Value = 1,056,022.5 | Budget = 29,509.5 | inventory = 1
[ 2024-08-06 16:11:36,682 ] 180 : Sold 15 shares at price 68,500 | Profit = 1,500 | Portfolio Value = 1,055,509.5 | Budget = 1,056,495.75 | inventory = 0
[ 2024-08-06 16:11:36,709 ] 182 : Bought 1 shares at price 66,700 | Portfolio Value = 1,056,495.75 | Budget = 989,762.4 | inventory = 1
[ 2024-08-06 16:11:36,723 ] 183 : Bought 4 shares at price 67,300 | Portfolio Value = 1,056,462.4 | Budget = 720,427.8 | inventory = 2
[ 2024-08-06 16:11:36,750 ] 185 : Sold 1 shares at price 66,900 | Profit = 200 | Portfolio Value = 1,056,927.8 | Budget = 787,294.35 | inventory = 1
[ 2024-08-06 16:11:36,776 ] 187 : Sold 4 shares at price 69,700 | Profit = 9,600 | Portfolio Value = 1,061,694.35 | Budget = 1,065,954.95 | inventory = 0
[ 2024-08-06 16:11:36,789 ] 188 : Bought 6 shares at price 69,600 | Portfolio Value = 1,065,954.95 | Budget = 648,146.15 | inventory = 1
[ 2024-08-06 16:11:36,802 ] 189 : Bought 6 shares at price 70,900 | Portfolio Value = 1,065,746.15 | Budget = 222,533.45 | inventory = 2
[ 2024-08-06 16:11:36,815 ] 190 : Bought 1 shares at price 70,900 | Portfolio Value = 1,073,333.45 | Budget = 151,598.0 | inventory = 3
[ 2024-08-06 16:11:36,881 ] 195 : Sold 6 shares at price 70,800 | Profit = 7,200 | Portfolio Value = 1,066,798.0 | Budget = 576,185.6 | inventory = 2
[ 2024-08-06 16:11:36,894 ] 196 : Bought 5 shares at price 72,200 | Portfolio Value = 1,071,785.6 | Budget = 215,005.1 | inventory = 3
[ 2024-08-06 16:11:36,921 ] 198 : Sold 6 shares at price 72,500 | Profit = 9,600 | Portfolio Value = 1,088,605.1 | Budget = 649,787.6 | inventory = 2
[ 2024-08-06 16:11:36,934 ] 199 : Sold 1 shares at price 72,700 | Profit = 1,800 | Portfolio Value = 1,084,787.6 | Budget = 722,451.25 | inventory = 1
[ 2024-08-06 16:11:36,946 ] 200 : Sold 5 shares at price 72,800 | Profit = 3,000 | Portfolio Value = 1,085,951.25 | Budget = 1,086,269.25 | inventory = 0
[ 2024-08-06 16:11:36,987 ] 203 : Bought 2 shares at price 71,700 | Portfolio Value = 1,086,269.25 | Budget = 942,797.55 | inventory = 1
[ 2024-08-06 16:11:37,000 ] 204 : Sold 2 shares at price 71,300 | Profit = -800 | Portfolio Value = 1,086,197.55 | Budget = 1,085,326.25 | inventory = 0
[ 2024-08-06 16:11:37,080 ] 210 : Bought 15 shares at price 71,200 | Portfolio Value = 1,085,326.25 | Budget = 16,792.25 | inventory = 1
[ 2024-08-06 16:11:37,132 ] 214 : Sold 15 shares at price 73,000 | Profit = 27,000 | Portfolio Value = 1,105,792.25 | Budget = 1,111,244.75 | inventory = 0
[ 2024-08-06 16:11:37,226 ] 221 : Bought 6 shares at price 74,800 | Portfolio Value = 1,111,244.75 | Budget = 662,220.35 | inventory = 1
[ 2024-08-06 16:11:37,239 ] 222 : Bought 4 shares at price 75,000 | Portfolio Value = 1,111,020.35 | Budget = 362,070.35 | inventory = 2
[ 2024-08-06 16:11:37,267 ] 224 : Bought 2 shares at price 76,600 | Portfolio Value = 1,121,070.35 | Budget = 208,793.75 | inventory = 3
[ 2024-08-06 16:11:37,282 ] 225 : Bought 2 shares at price 78,000 | Portfolio Value = 1,127,993.75 | Budget = 52,715.75 | inventory = 4
[ 2024-08-06 16:11:37,321 ] 2 : Bought 2 shares at price 61,800 | Portfolio Value = 1,000,000.0 | Budget = 876,338.2 | inventory = 1
[ 2024-08-06 16:11:37,361 ] 5 : Sold 2 shares at price 61,600 | Profit = -400 | Portfolio Value = 1,003,938.2 | Budget = 999,476.6 | inventory = 0
[ 2024-08-06 16:11:37,401 ] 8 : Bought 8 shares at price 63,000 | Portfolio Value = 999,476.6 | Budget = 495,224.6 | inventory = 1
[ 2024-08-06 16:11:37,415 ] 9 : Bought 2 shares at price 62,800 | Portfolio Value = 999,224.6 | Budget = 369,561.8 | inventory = 2
[ 2024-08-06 16:11:37,428 ] 10 : Bought 2 shares at price 62,900 | Portfolio Value = 997,561.8 | Budget = 243,698.9 | inventory = 3
[ 2024-08-06 16:11:37,443 ] 11 : Sold 8 shares at price 63,200 | Profit = 1,600 | Portfolio Value = 998,498.9 | Budget = 749,046.1 | inventory = 2
[ 2024-08-06 16:11:37,456 ] 12 : Bought 7 shares at price 62,200 | Portfolio Value = 1,001,846.1 | Budget = 313,428.4 | inventory = 3
[ 2024-08-06 16:11:37,470 ] 13 : Sold 2 shares at price 63,700 | Profit = 1,800 | Portfolio Value = 997,628.4 | Budget = 440,764.7 | inventory = 2
[ 2024-08-06 16:11:37,483 ] 14 : Bought 3 shares at price 62,600 | Portfolio Value = 1,014,064.7 | Budget = 252,870.8 | inventory = 3
[ 2024-08-06 16:11:37,509 ] 16 : Sold 2 shares at price 62,100 | Profit = -1,600 | Portfolio Value = 1,005,270.8 | Budget = 377,008.7 | inventory = 2
[ 2024-08-06 16:11:37,523 ] 17 : Sold 7 shares at price 61,100 | Profit = -7,700 | Portfolio Value = 998,008.7 | Budget = 804,494.85 | inventory = 1
[ 2024-08-06 16:11:37,536 ] 18 : Bought 6 shares at price 62,000 | Portfolio Value = 987,794.85 | Budget = 432,308.85 | inventory = 2
[ 2024-08-06 16:11:37,549 ] 19 : Sold 3 shares at price 61,300 | Profit = -3,900 | Portfolio Value = 990,308.85 | Budget = 616,116.9 | inventory = 1
[ 2024-08-06 16:11:37,562 ] 20 : Sold 6 shares at price 60,500 | Profit = -9,000 | Portfolio Value = 983,916.9 | Budget = 978,935.4 | inventory = 0
[ 2024-08-06 16:11:37,630 ] 25 : Bought 8 shares at price 60,700 | Portfolio Value = 978,935.4 | Budget = 493,092.6 | inventory = 1
[ 2024-08-06 16:11:37,643 ] 26 : Sold 8 shares at price 60,300 | Profit = -3,200 | Portfolio Value = 978,692.6 | Budget = 975,251.4 | inventory = 0
[ 2024-08-06 16:11:37,735 ] 33 : Bought 7 shares at price 61,300 | Portfolio Value = 975,251.4 | Budget = 545,936.85 | inventory = 1
[ 2024-08-06 16:11:37,749 ] 34 : Sold 7 shares at price 60,200 | Profit = -7,700 | Portfolio Value = 975,036.85 | Budget = 967,126.15 | inventory = 0
[ 2024-08-06 16:11:37,801 ] 38 : Bought 15 shares at price 63,000 | Portfolio Value = 967,126.15 | Budget = 21,653.65 | inventory = 1
[ 2024-08-06 16:11:37,854 ] 42 : Sold 15 shares at price 63,200 | Profit = 3,000 | Portfolio Value = 962,153.65 | Budget = 969,179.65 | inventory = 0
[ 2024-08-06 16:11:37,868 ] 43 : Bought 3 shares at price 64,000 | Portfolio Value = 969,179.65 | Budget = 777,083.65 | inventory = 1
[ 2024-08-06 16:11:37,895 ] 45 : Bought 3 shares at price 63,600 | Portfolio Value = 966,383.65 | Budget = 586,188.25 | inventory = 2
[ 2024-08-06 16:11:37,909 ] 46 : Bought 3 shares at price 63,900 | Portfolio Value = 967,788.25 | Budget = 394,392.4 | inventory = 3
[ 2024-08-06 16:11:37,922 ] 47 : Sold 3 shares at price 62,300 | Profit = -5,100 | Portfolio Value = 969,492.4 | Budget = 581,198.95 | inventory = 2
[ 2024-08-06 16:11:37,947 ] 49 : Sold 3 shares at price 65,700 | Profit = 6,300 | Portfolio Value = 971,198.95 | Budget = 778,200.4 | inventory = 1
[ 2024-08-06 16:11:37,960 ] 50 : Bought 2 shares at price 65,900 | Portfolio Value = 975,300.4 | Budget = 646,334.5 | inventory = 2
[ 2024-08-06 16:11:37,974 ] 51 : Sold 3 shares at price 66,000 | Profit = 6,300 | Portfolio Value = 975,834.5 | Budget = 844,235.5 | inventory = 1
[ 2024-08-06 16:11:37,988 ] 52 : Bought 4 shares at price 66,100 | Portfolio Value = 976,235.5 | Budget = 579,703.3 | inventory = 2
[ 2024-08-06 16:11:38,001 ] 53 : Bought 6 shares at price 65,100 | Portfolio Value = 976,303.3 | Budget = 188,908.0 | inventory = 3
[ 2024-08-06 16:11:38,015 ] 54 : Sold 2 shares at price 65,300 | Profit = -1,200 | Portfolio Value = 970,108.0 | Budget = 319,442.7 | inventory = 2
[ 2024-08-06 16:11:38,043 ] 56 : Sold 4 shares at price 65,500 | Profit = -2,400 | Portfolio Value = 975,442.7 | Budget = 581,311.7 | inventory = 1
[ 2024-08-06 16:11:38,057 ] 57 : Sold 6 shares at price 65,300 | Profit = 1,200 | Portfolio Value = 974,311.7 | Budget = 972,915.8 | inventory = 0
[ 2024-08-06 16:11:38,124 ] 62 : Bought 10 shares at price 64,600 | Portfolio Value = 972,915.8 | Budget = 326,592.8 | inventory = 1
[ 2024-08-06 16:11:38,138 ] 63 : Bought 4 shares at price 65,500 | Portfolio Value = 972,592.8 | Budget = 64,461.8 | inventory = 2
[ 2024-08-06 16:11:38,177 ] 66 : Sold 10 shares at price 65,100 | Profit = 5,000 | Portfolio Value = 980,061.8 | Budget = 715,136.3 | inventory = 1
[ 2024-08-06 16:11:38,191 ] 67 : Sold 4 shares at price 65,900 | Profit = 1,600 | Portfolio Value = 975,536.3 | Budget = 978,604.5 | inventory = 0
[ 2024-08-06 16:11:38,296 ] 75 : Bought 9 shares at price 66,200 | Portfolio Value = 978,604.5 | Budget = 382,506.6 | inventory = 1
[ 2024-08-06 16:11:38,310 ] 76 : Sold 9 shares at price 68,400 | Profit = 19,800 | Portfolio Value = 978,306.6 | Budget = 997,798.8 | inventory = 0
[ 2024-08-06 16:11:38,339 ] 78 : Bought 14 shares at price 68,400 | Portfolio Value = 997,798.8 | Budget = 39,720.0 | inventory = 1
[ 2024-08-06 16:11:38,366 ] 80 : Sold 14 shares at price 68,800 | Profit = 5,600 | Portfolio Value = 998,720.0 | Budget = 1,002,438.4 | inventory = 0
[ 2024-08-06 16:11:38,379 ] 81 : Bought 11 shares at price 70,300 | Portfolio Value = 1,002,438.4 | Budget = 228,751.75 | inventory = 1
[ 2024-08-06 16:11:38,393 ] 82 : Bought 2 shares at price 72,300 | Portfolio Value = 1,002,051.75 | Budget = 84,079.45 | inventory = 2
[ 2024-08-06 16:11:38,420 ] 84 : Sold 11 shares at price 70,900 | Profit = 6,600 | Portfolio Value = 1,012,279.45 | Budget = 863,589.5 | inventory = 1
[ 2024-08-06 16:11:38,433 ] 85 : Sold 2 shares at price 72,200 | Profit = -200 | Portfolio Value = 1,005,389.5 | Budget = 1,007,917.3 | inventory = 0
[ 2024-08-06 16:11:38,488 ] 89 : Bought 3 shares at price 72,000 | Portfolio Value = 1,007,917.3 | Budget = 791,809.3 | inventory = 1
[ 2024-08-06 16:11:38,514 ] 91 : Sold 3 shares at price 72,000 | Profit = 0 | Portfolio Value = 1,004,809.3 | Budget = 1,007,701.3 | inventory = 0
[ 2024-08-06 16:11:38,541 ] 93 : Bought 8 shares at price 71,500 | Portfolio Value = 1,007,701.3 | Budget = 435,415.3 | inventory = 1
[ 2024-08-06 16:11:38,554 ] 94 : Sold 8 shares at price 71,800 | Profit = 2,400 | Portfolio Value = 1,007,415.3 | Budget = 1,009,528.1 | inventory = 0
[ 2024-08-06 16:11:38,567 ] 95 : Bought 7 shares at price 71,200 | Portfolio Value = 1,009,528.1 | Budget = 510,878.9 | inventory = 1
[ 2024-08-06 16:11:38,581 ] 96 : Bought 4 shares at price 71,400 | Portfolio Value = 1,009,278.9 | Budget = 225,136.1 | inventory = 2
[ 2024-08-06 16:11:38,595 ] 97 : Bought 3 shares at price 70,500 | Portfolio Value = 1,010,536.1 | Budget = 13,530.35 | inventory = 3
[ 2024-08-06 16:11:38,622 ] 99 : Sold 7 shares at price 71,600 | Profit = 2,800 | Portfolio Value = 1,011,730.35 | Budget = 514,479.75 | inventory = 2
[ 2024-08-06 16:11:38,643 ] 100 : Bought 5 shares at price 72,400 | Portfolio Value = 1,015,679.75 | Budget = 152,298.75 | inventory = 3
[ 2024-08-06 16:11:38,657 ] 101 : Sold 4 shares at price 72,600 | Profit = 4,800 | Portfolio Value = 1,021,098.75 | Budget = 442,553.55 | inventory = 2
[ 2024-08-06 16:11:38,711 ] 105 : Bought 5 shares at price 73,000 | Portfolio Value = 1,020,153.55 | Budget = 77,371.05 | inventory = 3
[ 2024-08-06 16:11:38,724 ] 106 : Bought 1 shares at price 73,000 | Portfolio Value = 1,026,371.05 | Budget = 4,334.55 | inventory = 4
[ 2024-08-06 16:11:38,737 ] 107 : Sold 3 shares at price 72,000 | Profit = 4,500 | Portfolio Value = 1,026,334.55 | Budget = 220,226.55 | inventory = 3
[ 2024-08-06 16:11:38,749 ] 108 : Bought 2 shares at price 71,600 | Portfolio Value = 1,012,226.55 | Budget = 76,954.95 | inventory = 4
[ 2024-08-06 16:11:38,762 ] 109 : Sold 5 shares at price 69,900 | Profit = -12,500 | Portfolio Value = 1,007,754.95 | Budget = 426,280.2 | inventory = 3
[ 2024-08-06 16:11:38,787 ] 111 : Sold 5 shares at price 71,500 | Profit = -7,500 | Portfolio Value = 982,280.2 | Budget = 783,601.45 | inventory = 2
[ 2024-08-06 16:11:38,801 ] 112 : Sold 1 shares at price 71,900 | Profit = -1,100 | Portfolio Value = 998,101.45 | Budget = 855,465.5 | inventory = 1
[ 2024-08-06 16:11:38,814 ] 113 : Sold 2 shares at price 71,900 | Profit = 600 | Portfolio Value = 999,265.5 | Budget = 999,193.6 | inventory = 0
[ 2024-08-06 16:11:38,854 ] 116 : Bought 6 shares at price 72,000 | Portfolio Value = 999,193.6 | Budget = 566,977.6 | inventory = 1
[ 2024-08-06 16:11:38,895 ] 119 : Sold 6 shares at price 70,300 | Profit = -10,200 | Portfolio Value = 992,977.6 | Budget = 988,566.7 | inventory = 0
[ 2024-08-06 16:11:38,909 ] 120 : Bought 14 shares at price 70,400 | Portfolio Value = 988,566.7 | Budget = 2,473.9 | inventory = 1
[ 2024-08-06 16:11:38,922 ] 121 : Sold 14 shares at price 70,000 | Profit = -5,600 | Portfolio Value = 988,073.9 | Budget = 981,983.9 | inventory = 0
[ 2024-08-06 16:11:38,935 ] 122 : Bought 9 shares at price 69,800 | Portfolio Value = 981,983.9 | Budget = 353,469.8 | inventory = 1
[ 2024-08-06 16:11:38,976 ] 125 : Sold 9 shares at price 69,800 | Profit = 0 | Portfolio Value = 988,869.8 | Budget = 981,355.7 | inventory = 0
[ 2024-08-06 16:11:38,990 ] 126 : Bought 8 shares at price 71,100 | Portfolio Value = 981,355.7 | Budget = 412,271.3 | inventory = 1
[ 2024-08-06 16:11:39,015 ] 128 : Bought 4 shares at price 68,800 | Portfolio Value = 971,471.3 | Budget = 136,933.7 | inventory = 2
[ 2024-08-06 16:11:39,042 ] 130 : Bought 1 shares at price 68,500 | Portfolio Value = 956,533.7 | Budget = 68,399.45 | inventory = 3
[ 2024-08-06 16:11:39,070 ] 132 : Sold 8 shares at price 68,900 | Profit = -17,600 | Portfolio Value = 947,199.45 | Budget = 619,323.85 | inventory = 2
[ 2024-08-06 16:11:39,097 ] 134 : Bought 9 shares at price 67,500 | Portfolio Value = 959,323.85 | Budget = 11,520.1 | inventory = 3
[ 2024-08-06 16:11:39,191 ] 141 : Sold 4 shares at price 67,100 | Profit = -6,800 | Portfolio Value = 943,920.1 | Budget = 279,785.9 | inventory = 2
[ 2024-08-06 16:11:39,204 ] 142 : Sold 1 shares at price 68,200 | Profit = -300 | Portfolio Value = 950,785.9 | Budget = 347,951.8 | inventory = 1
[ 2024-08-06 16:11:39,217 ] 143 : Sold 9 shares at price 67,100 | Profit = -3,600 | Portfolio Value = 961,751.8 | Budget = 951,549.85 | inventory = 0
[ 2024-08-06 16:11:39,242 ] 145 : Bought 14 shares at price 66,800 | Portfolio Value = 951,549.85 | Budget = 15,882.25 | inventory = 1
[ 2024-08-06 16:11:39,282 ] 148 : Sold 14 shares at price 71,000 | Profit = 58,800 | Portfolio Value = 952,482.25 | Budget = 1,009,385.25 | inventory = 0
[ 2024-08-06 16:11:39,308 ] 150 : Bought 5 shares at price 70,700 | Portfolio Value = 1,009,385.25 | Budget = 655,708.5 | inventory = 1
[ 2024-08-06 16:11:39,322 ] 151 : Bought 4 shares at price 70,000 | Portfolio Value = 1,009,208.5 | Budget = 375,568.5 | inventory = 2
[ 2024-08-06 16:11:39,335 ] 152 : Sold 5 shares at price 70,400 | Profit = -1,500 | Portfolio Value = 1,005,568.5 | Budget = 727,392.5 | inventory = 1
[ 2024-08-06 16:11:39,348 ] 153 : Bought 1 shares at price 70,300 | Portfolio Value = 1,008,992.5 | Budget = 657,057.35 | inventory = 2
[ 2024-08-06 16:11:39,389 ] 156 : Bought 1 shares at price 70,900 | Portfolio Value = 1,009,557.35 | Budget = 586,121.9 | inventory = 3
[ 2024-08-06 16:11:39,416 ] 158 : Bought 4 shares at price 72,000 | Portfolio Value = 1,016,321.9 | Budget = 297,977.9 | inventory = 4
[ 2024-08-06 16:11:39,456 ] 161 : Bought 3 shares at price 69,600 | Portfolio Value = 995,977.9 | Budget = 89,073.5 | inventory = 5
[ 2024-08-06 16:11:39,483 ] 163 : Bought 1 shares at price 68,800 | Portfolio Value = 984,773.5 | Budget = 20,239.1 | inventory = 6
[ 2024-08-06 16:11:39,496 ] 164 : Sold 4 shares at price 69,400 | Profit = -2,400 | Portfolio Value = 983,439.1 | Budget = 297,700.3 | inventory = 5
[ 2024-08-06 16:11:39,510 ] 165 : Sold 1 shares at price 68,600 | Profit = -1,700 | Portfolio Value = 991,700.3 | Budget = 366,266.0 | inventory = 4
[ 2024-08-06 16:11:39,563 ] 169 : Bought 2 shares at price 66,000 | Portfolio Value = 966,566.0 | Budget = 234,200.0 | inventory = 5
[ 2024-08-06 16:11:39,577 ] 170 : Sold 1 shares at price 66,400 | Profit = -4,500 | Portfolio Value = 960,200.0 | Budget = 300,566.8 | inventory = 4
[ 2024-08-06 16:11:39,604 ] 172 : Sold 4 shares at price 68,900 | Profit = -12,400 | Portfolio Value = 982,566.8 | Budget = 576,029.0 | inventory = 3
[ 2024-08-06 16:11:39,630 ] 174 : Bought 8 shares at price 67,300 | Portfolio Value = 984,029.0 | Budget = 37,359.8 | inventory = 4
[ 2024-08-06 16:11:39,644 ] 175 : Sold 3 shares at price 69,400 | Profit = -600 | Portfolio Value = 979,559.8 | Budget = 245,455.7 | inventory = 3
[ 2024-08-06 16:11:39,657 ] 176 : Sold 1 shares at price 70,500 | Profit = 1,700 | Portfolio Value = 1,008,855.7 | Budget = 315,920.45 | inventory = 2
[ 2024-08-06 16:11:39,671 ] 177 : Sold 2 shares at price 69,500 | Profit = 7,000 | Portfolio Value = 1,020,920.45 | Budget = 454,850.95 | inventory = 1
[ 2024-08-06 16:11:39,684 ] 178 : Sold 8 shares at price 68,800 | Profit = 12,000 | Portfolio Value = 1,010,850.95 | Budget = 1,004,975.75 | inventory = 0
[ 2024-08-06 16:11:39,698 ] 179 : Bought 13 shares at price 68,400 | Portfolio Value = 1,004,975.75 | Budget = 115,331.15 | inventory = 1
[ 2024-08-06 16:11:39,711 ] 180 : Sold 13 shares at price 68,500 | Profit = 1,300 | Portfolio Value = 1,004,531.15 | Budget = 1,005,385.9 | inventory = 0
[ 2024-08-06 16:11:39,752 ] 183 : Bought 1 shares at price 67,300 | Portfolio Value = 1,005,385.9 | Budget = 938,052.25 | inventory = 1
[ 2024-08-06 16:11:39,766 ] 184 : Sold 1 shares at price 67,300 | Profit = 0 | Portfolio Value = 1,005,352.25 | Budget = 1,005,318.6 | inventory = 0
[ 2024-08-06 16:11:39,779 ] 185 : Bought 5 shares at price 66,900 | Portfolio Value = 1,005,318.6 | Budget = 670,651.35 | inventory = 1
[ 2024-08-06 16:11:39,792 ] 186 : Bought 7 shares at price 68,600 | Portfolio Value = 1,005,151.35 | Budget = 190,211.25 | inventory = 2
[ 2024-08-06 16:11:39,806 ] 187 : Bought 2 shares at price 69,700 | Portfolio Value = 1,013,411.25 | Budget = 50,741.55 | inventory = 3
[ 2024-08-06 16:11:39,820 ] 188 : Sold 5 shares at price 69,600 | Profit = 13,500 | Portfolio Value = 1,026,541.55 | Budget = 398,567.55 | inventory = 2
[ 2024-08-06 16:11:39,886 ] 193 : Sold 7 shares at price 70,500 | Profit = 13,300 | Portfolio Value = 1,031,267.55 | Budget = 891,820.8 | inventory = 1
[ 2024-08-06 16:11:39,914 ] 195 : Sold 2 shares at price 70,800 | Profit = 2,200 | Portfolio Value = 1,032,620.8 | Budget = 1,033,350.0 | inventory = 0
[ 2024-08-06 16:11:39,926 ] 196 : Bought 12 shares at price 72,200 | Portfolio Value = 1,033,350.0 | Budget = 166,516.8 | inventory = 1
[ 2024-08-06 16:11:39,954 ] 198 : Sold 12 shares at price 72,500 | Profit = 3,600 | Portfolio Value = 1,040,116.8 | Budget = 1,036,081.8 | inventory = 0
[ 2024-08-06 16:11:39,967 ] 199 : Bought 5 shares at price 72,700 | Portfolio Value = 1,036,081.8 | Budget = 672,400.05 | inventory = 1
[ 2024-08-06 16:11:39,980 ] 200 : Bought 9 shares at price 72,800 | Portfolio Value = 1,035,900.05 | Budget = 16,872.45 | inventory = 2
[ 2024-08-06 16:11:40,006 ] 202 : Sold 5 shares at price 72,400 | Profit = -1,500 | Portfolio Value = 1,036,072.45 | Budget = 378,691.45 | inventory = 1
[ 2024-08-06 16:11:40,033 ] 204 : Sold 9 shares at price 71,300 | Profit = -13,500 | Portfolio Value = 1,023,991.45 | Budget = 1,020,070.6 | inventory = 0
[ 2024-08-06 16:11:40,061 ] 206 : Bought 2 shares at price 72,700 | Portfolio Value = 1,020,070.6 | Budget = 874,597.9 | inventory = 1
[ 2024-08-06 16:11:40,087 ] 208 : Sold 2 shares at price 72,000 | Profit = -1,400 | Portfolio Value = 1,020,197.9 | Budget = 1,018,525.9 | inventory = 0
[ 2024-08-06 16:11:40,140 ] 212 : Bought 10 shares at price 71,500 | Portfolio Value = 1,018,525.9 | Budget = 303,168.4 | inventory = 1
[ 2024-08-06 16:11:40,155 ] 213 : Sold 10 shares at price 72,600 | Profit = 11,000 | Portfolio Value = 1,018,168.4 | Budget = 1,028,805.4 | inventory = 0
[ 2024-08-06 16:11:40,194 ] 216 : Bought 13 shares at price 72,800 | Portfolio Value = 1,028,805.4 | Budget = 81,932.2 | inventory = 1
[ 2024-08-06 16:11:40,208 ] 217 : Bought 1 shares at price 73,100 | Portfolio Value = 1,028,332.2 | Budget = 8,795.65 | inventory = 2
[ 2024-08-06 16:11:40,234 ] 219 : Sold 13 shares at price 72,900 | Profit = 1,300 | Portfolio Value = 1,034,995.65 | Budget = 956,021.8 | inventory = 1
[ 2024-08-06 16:11:40,262 ] 221 : Sold 1 shares at price 74,800 | Profit = 1,700 | Portfolio Value = 1,029,421.8 | Budget = 1,030,784.4 | inventory = 0
[ 2024-08-06 16:11:40,275 ] 222 : Bought 1 shares at price 75,000 | Portfolio Value = 1,030,784.4 | Budget = 955,746.9 | inventory = 1
[ 2024-08-06 16:11:40,289 ] 223 : Bought 2 shares at price 75,900 | Portfolio Value = 1,030,746.9 | Budget = 803,871.0 | inventory = 2
[ 2024-08-06 16:11:40,303 ] 224 : Sold 1 shares at price 76,600 | Profit = 1,600 | Portfolio Value = 1,031,571.0 | Budget = 880,432.7 | inventory = 1
[ 2024-08-06 16:11:40,317 ] 225 : Bought 5 shares at price 78,000 | Portfolio Value = 1,033,632.7 | Budget = 490,237.7 | inventory = 2
[ 2024-08-06 16:11:40,330 ] 226 : Sold 2 shares at price 78,500 | Profit = 5,200 | Portfolio Value = 1,036,237.7 | Budget = 647,159.2 | inventory = 1
[ 2024-08-06 16:11:40,330 ] Evaluation at Episode 1: Average Reward: 81,672.02 Average Profit: 81,660, Profit Rate: 8.17%
[ 2024-08-06 16:11:40,330 ] ----------------------------------------------------------------------------------------------------
[ 2024-08-06 16:11:40,330 ] Starting Episode 2
[ 2024-08-06 16:11:40,358 ] 2 : Bought 1 shares at price 61,800 | Portfolio Value = 1,000,000.0 | Budget = 938,169.1 | inventory = 1
[ 2024-08-06 16:11:40,386 ] 4 : Bought 1 shares at price 63,800 | Portfolio Value = 1,001,669.1 | Budget = 874,337.2 | inventory = 2
[ 2024-08-06 16:11:40,400 ] 5 : Sold 1 shares at price 61,600 | Profit = -200 | Portfolio Value = 1,001,937.2 | Budget = 935,906.4 | inventory = 1
[ 2024-08-06 16:11:40,429 ] 7 : Bought 3 shares at price 63,100 | Portfolio Value = 997,806.4 | Budget = 746,511.75 | inventory = 2
[ 2024-08-06 16:11:40,444 ] 8 : Bought 1 shares at price 63,000 | Portfolio Value = 998,911.75 | Budget = 683,480.25 | inventory = 3
[ 2024-08-06 16:11:40,457 ] 9 : Sold 1 shares at price 62,800 | Profit = -1,000 | Portfolio Value = 998,480.25 | Budget = 746,248.85 | inventory = 2
[ 2024-08-06 16:11:40,483 ] 11 : Sold 3 shares at price 63,200 | Profit = 300 | Portfolio Value = 997,848.85 | Budget = 935,754.05 | inventory = 1
[ 2024-08-06 16:11:40,497 ] 12 : Sold 1 shares at price 62,200 | Profit = -800 | Portfolio Value = 998,954.05 | Budget = 997,922.95 | inventory = 0
[ 2024-08-06 16:11:40,582 ] 18 : Bought 16 shares at price 62,000 | Portfolio Value = 997,922.95 | Budget = 5,426.95 | inventory = 1
[ 2024-08-06 16:11:40,611 ] 20 : Sold 16 shares at price 60,500 | Profit = -24,000 | Portfolio Value = 986,226.95 | Budget = 972,942.95 | inventory = 0
[ 2024-08-06 16:11:40,625 ] 21 : Bought 9 shares at price 60,600 | Portfolio Value = 972,942.95 | Budget = 427,270.25 | inventory = 1
[ 2024-08-06 16:11:40,639 ] 22 : Bought 3 shares at price 60,800 | Portfolio Value = 972,670.25 | Budget = 244,779.05 | inventory = 2
[ 2024-08-06 16:11:40,652 ] 23 : Bought 1 shares at price 60,500 | Portfolio Value = 974,379.05 | Budget = 184,248.8 | inventory = 3
[ 2024-08-06 16:11:40,666 ] 24 : Bought 1 shares at price 61,500 | Portfolio Value = 970,748.8 | Budget = 122,718.05 | inventory = 4
[ 2024-08-06 16:11:40,691 ] 26 : Bought 1 shares at price 60,300 | Portfolio Value = 972,518.05 | Budget = 62,387.9 | inventory = 5
[ 2024-08-06 16:11:40,706 ] 27 : Sold 9 shares at price 60,100 | Profit = -4,500 | Portfolio Value = 966,887.9 | Budget = 603,017.45 | inventory = 4
[ 2024-08-06 16:11:40,733 ] 29 : Bought 8 shares at price 60,000 | Portfolio Value = 960,017.45 | Budget = 122,777.45 | inventory = 5
[ 2024-08-06 16:11:43,002 ] 33 : Bought 1 shares at price 61,300 | Portfolio Value = 961,377.45 | Budget = 61,446.8 | inventory = 6
[ 2024-08-06 16:11:44,499 ] 39 : Sold 3 shares at price 62,100 | Profit = 3,900 | Portfolio Value = 1,006,446.8 | Budget = 247,653.65 | inventory = 5
[ 2024-08-06 16:11:45,006 ] 41 : Sold 1 shares at price 62,700 | Profit = 2,200 | Portfolio Value = 1,002,453.65 | Budget = 310,322.3 | inventory = 4
[ 2024-08-06 16:11:45,493 ] 43 : Bought 1 shares at price 64,000 | Portfolio Value = 1,005,522.3 | Budget = 246,290.3 | inventory = 5
[ 2024-08-06 16:11:45,690 ] 44 : Sold 1 shares at price 63,100 | Profit = 1,600 | Portfolio Value = 1,014,290.3 | Budget = 309,358.75 | inventory = 4
[ 2024-08-06 16:11:46,664 ] 48 : Bought 3 shares at price 65,000 | Portfolio Value = 994,658.75 | Budget = 114,261.25 | inventory = 5
[ 2024-08-06 16:11:46,958 ] 49 : Sold 1 shares at price 65,700 | Profit = 5,400 | Portfolio Value = 1,024,261.25 | Budget = 179,928.4 | inventory = 4
[ 2024-08-06 16:11:47,973 ] 53 : Sold 8 shares at price 65,100 | Profit = 40,800 | Portfolio Value = 1,039,228.4 | Budget = 700,468.0 | inventory = 3
[ 2024-08-06 16:11:48,166 ] 54 : Sold 1 shares at price 65,300 | Profit = 4,000 | Portfolio Value = 1,025,968.0 | Budget = 765,735.35 | inventory = 2
[ 2024-08-06 16:11:48,457 ] 55 : Bought 8 shares at price 65,600 | Portfolio Value = 1,026,935.35 | Budget = 240,672.95 | inventory = 3
[ 2024-08-06 16:11:49,141 ] 58 : Sold 1 shares at price 65,700 | Profit = 1,700 | Portfolio Value = 1,024,272.95 | Budget = 306,340.1 | inventory = 2
[ 2024-08-06 16:11:49,436 ] 59 : Sold 3 shares at price 65,200 | Profit = 600 | Portfolio Value = 1,029,040.1 | Budget = 501,842.3 | inventory = 1
[ 2024-08-06 16:11:50,490 ] 63 : Sold 8 shares at price 65,500 | Profit = -800 | Portfolio Value = 1,018,642.3 | Budget = 1,025,580.3 | inventory = 0
[ 2024-08-06 16:11:51,005 ] 65 : Bought 11 shares at price 65,400 | Portfolio Value = 1,025,580.3 | Budget = 305,820.6 | inventory = 1
[ 2024-08-06 16:11:51,208 ] 66 : Bought 2 shares at price 65,100 | Portfolio Value = 1,025,220.6 | Budget = 175,555.5 | inventory = 2
[ 2024-08-06 16:11:52,765 ] 72 : Bought 2 shares at price 64,500 | Portfolio Value = 1,008,855.5 | Budget = 46,491.0 | inventory = 3
[ 2024-08-06 16:11:54,828 ] 80 : Sold 11 shares at price 68,800 | Profit = 37,400 | Portfolio Value = 1,073,991.0 | Budget = 802,912.6 | inventory = 2
[ 2024-08-06 16:11:55,126 ] 81 : Sold 2 shares at price 70,300 | Profit = 10,400 | Portfolio Value = 1,078,112.6 | Budget = 943,442.3 | inventory = 1
[ 2024-08-06 16:11:55,327 ] 82 : Sold 2 shares at price 72,300 | Profit = 15,600 | Portfolio Value = 1,084,042.3 | Budget = 1,087,970.0 | inventory = 0
[ 2024-08-06 16:11:55,615 ] 83 : Bought 10 shares at price 71,400 | Portfolio Value = 1,087,970.0 | Budget = 373,613.0 | inventory = 1
[ 2024-08-06 16:11:56,300 ] 86 : Bought 3 shares at price 71,700 | Portfolio Value = 1,095,613.0 | Budget = 158,405.45 | inventory = 2
[ 2024-08-06 16:11:56,593 ] 87 : Sold 10 shares at price 71,000 | Profit = -4,000 | Portfolio Value = 1,090,505.45 | Budget = 868,050.45 | inventory = 1
[ 2024-08-06 16:11:57,089 ] 89 : Bought 12 shares at price 72,000 | Portfolio Value = 1,080,750.45 | Budget = 3,618.45 | inventory = 2
[ 2024-08-06 16:11:57,287 ] 90 : Sold 3 shares at price 71,000 | Profit = -2,100 | Portfolio Value = 1,083,618.45 | Budget = 216,511.95 | inventory = 1
[ 2024-08-06 16:11:57,579 ] 91 : Sold 12 shares at price 72,000 | Profit = 0 | Portfolio Value = 1,068,511.95 | Budget = 1,080,079.95 | inventory = 0
[ 2024-08-06 16:11:57,771 ] 92 : Bought 6 shares at price 71,900 | Portfolio Value = 1,080,079.95 | Budget = 648,464.25 | inventory = 1
[ 2024-08-06 16:11:58,341 ] 94 : Bought 6 shares at price 71,800 | Portfolio Value = 1,077,464.25 | Budget = 217,448.85 | inventory = 2
[ 2024-08-06 16:11:59,126 ] 97 : Sold 6 shares at price 70,500 | Profit = -8,400 | Portfolio Value = 1,074,248.85 | Budget = 640,237.35 | inventory = 1
[ 2024-08-06 16:11:59,624 ] 99 : Bought 2 shares at price 71,600 | Portfolio Value = 1,068,037.35 | Budget = 496,965.75 | inventory = 2
[ 2024-08-06 16:11:59,822 ] 100 : Bought 1 shares at price 72,400 | Portfolio Value = 1,069,765.75 | Budget = 424,529.55 | inventory = 3
[ 2024-08-06 16:12:00,117 ] 101 : Bought 1 shares at price 72,600 | Portfolio Value = 1,076,129.55 | Budget = 351,893.25 | inventory = 4
[ 2024-08-06 16:12:00,311 ] 102 : Sold 6 shares at price 72,700 | Profit = 5,400 | Portfolio Value = 1,077,893.25 | Budget = 787,875.15 | inventory = 3
[ 2024-08-06 16:12:00,798 ] 104 : Bought 9 shares at price 72,200 | Portfolio Value = 1,077,475.15 | Budget = 137,750.25 | inventory = 4
[ 2024-08-06 16:12:01,082 ] 105 : Bought 1 shares at price 73,000 | Portfolio Value = 1,076,350.25 | Budget = 64,713.75 | inventory = 5
[ 2024-08-06 16:12:01,584 ] 107 : Sold 2 shares at price 72,000 | Profit = 800 | Portfolio Value = 1,086,713.75 | Budget = 208,641.75 | inventory = 4
[ 2024-08-06 16:12:02,082 ] 109 : Sold 1 shares at price 69,900 | Profit = -2,500 | Portfolio Value = 1,067,841.75 | Budget = 278,506.8 | inventory = 3
[ 2024-08-06 16:12:02,279 ] 110 : Bought 2 shares at price 69,500 | Portfolio Value = 1,047,406.8 | Budget = 139,437.3 | inventory = 4
[ 2024-08-06 16:12:02,569 ] 111 : Sold 1 shares at price 71,500 | Profit = -1,100 | Portfolio Value = 1,042,937.3 | Budget = 210,901.55 | inventory = 3
[ 2024-08-06 16:12:02,763 ] 112 : Bought 1 shares at price 71,900 | Portfolio Value = 1,068,901.55 | Budget = 138,965.6 | inventory = 4
[ 2024-08-06 16:12:03,055 ] 113 : Bought 1 shares at price 71,900 | Portfolio Value = 1,073,665.6 | Budget = 67,029.65 | inventory = 5
[ 2024-08-06 16:12:04,026 ] 117 : Sold 9 shares at price 71,700 | Profit = -4,500 | Portfolio Value = 1,075,029.65 | Budget = 712,007.0 | inventory = 4
[ 2024-08-06 16:12:04,719 ] 120 : Sold 1 shares at price 70,400 | Profit = -2,600 | Portfolio Value = 1,063,507.0 | Budget = 782,371.8 | inventory = 3
[ 2024-08-06 16:12:05,708 ] 124 : Sold 2 shares at price 70,600 | Profit = 2,200 | Portfolio Value = 1,069,171.8 | Budget = 923,501.2 | inventory = 2
[ 2024-08-06 16:12:06,002 ] 125 : Bought 9 shares at price 69,800 | Portfolio Value = 1,064,701.2 | Budget = 294,987.1 | inventory = 3
[ 2024-08-06 16:12:06,194 ] 126 : Sold 1 shares at price 71,100 | Profit = -800 | Portfolio Value = 1,062,787.1 | Budget = 366,051.55 | inventory = 2
[ 2024-08-06 16:12:07,601 ] 130 : Bought 1 shares at price 68,500 | Portfolio Value = 1,049,051.55 | Budget = 297,517.3 | inventory = 3
[ 2024-08-06 16:12:07,918 ] 131 : Bought 1 shares at price 67,600 | Portfolio Value = 1,051,017.3 | Budget = 229,883.5 | inventory = 4
[ 2024-08-06 16:12:08,930 ] 135 : Bought 2 shares at price 67,300 | Portfolio Value = 1,039,883.5 | Budget = 95,216.2 | inventory = 5
[ 2024-08-06 16:12:09,433 ] 137 : Sold 1 shares at price 66,700 | Profit = -5,200 | Portfolio Value = 1,033,216.2 | Budget = 161,882.85 | inventory = 4
[ 2024-08-06 16:12:09,633 ] 138 : Bought 1 shares at price 66,300 | Portfolio Value = 1,028,982.85 | Budget = 95,549.7 | inventory = 5
[ 2024-08-06 16:12:09,958 ] 139 : Sold 9 shares at price 66,600 | Profit = -28,800 | Portfolio Value = 1,023,749.7 | Budget = 694,650.0 | inventory = 4
[ 2024-08-06 16:12:10,162 ] 140 : Bought 5 shares at price 66,600 | Portfolio Value = 1,027,650.0 | Budget = 361,483.5 | inventory = 5
[ 2024-08-06 16:12:10,703 ] 142 : Bought 2 shares at price 68,200 | Portfolio Value = 1,032,483.5 | Budget = 225,015.3 | inventory = 6
[ 2024-08-06 16:12:11,003 ] 143 : Sold 1 shares at price 67,100 | Profit = -1,400 | Portfolio Value = 1,043,415.3 | Budget = 292,081.75 | inventory = 5
[ 2024-08-06 16:12:11,208 ] 144 : Sold 1 shares at price 66,800 | Profit = -800 | Portfolio Value = 1,030,181.75 | Budget = 358,848.35 | inventory = 4
[ 2024-08-06 16:12:11,500 ] 145 : Sold 2 shares at price 66,800 | Profit = -1,000 | Portfolio Value = 1,026,848.35 | Budget = 492,381.55 | inventory = 3
[ 2024-08-06 16:12:11,997 ] 147 : Sold 1 shares at price 66,900 | Profit = 600 | Portfolio Value = 1,029,181.55 | Budget = 559,248.1 | inventory = 2
[ 2024-08-06 16:12:12,489 ] 149 : Bought 2 shares at price 71,200 | Portfolio Value = 1,056,248.1 | Budget = 416,776.9 | inventory = 3
[ 2024-08-06 16:12:12,986 ] 151 : Bought 4 shares at price 70,000 | Portfolio Value = 1,053,076.9 | Budget = 136,636.9 | inventory = 4
[ 2024-08-06 16:12:13,689 ] 154 : Bought 1 shares at price 70,800 | Portfolio Value = 1,050,536.9 | Budget = 65,801.5 | inventory = 5
[ 2024-08-06 16:12:14,176 ] 156 : Sold 5 shares at price 70,900 | Profit = 21,500 | Portfolio Value = 1,052,801.5 | Budget = 420,124.25 | inventory = 4
[ 2024-08-06 16:12:14,469 ] 157 : Bought 2 shares at price 71,700 | Portfolio Value = 1,058,224.25 | Budget = 276,652.55 | inventory = 5
[ 2024-08-06 16:12:14,664 ] 158 : Sold 2 shares at price 72,000 | Profit = 7,600 | Portfolio Value = 1,065,352.55 | Budget = 420,580.55 | inventory = 4
[ 2024-08-06 16:12:15,645 ] 162 : Sold 2 shares at price 68,900 | Profit = -4,600 | Portfolio Value = 1,046,980.55 | Budget = 558,311.65 | inventory = 3
[ 2024-08-06 16:12:15,940 ] 163 : Bought 8 shares at price 68,800 | Portfolio Value = 1,040,611.65 | Budget = 7,636.45 | inventory = 4
[ 2024-08-06 16:12:16,136 ] 164 : Sold 4 shares at price 69,400 | Profit = -2,400 | Portfolio Value = 1,039,636.45 | Budget = 285,097.65 | inventory = 3
[ 2024-08-06 16:12:16,935 ] 167 : Bought 4 shares at price 67,500 | Portfolio Value = 1,037,497.65 | Budget = 14,962.65 | inventory = 4
[ 2024-08-06 16:12:17,469 ] 169 : Sold 1 shares at price 66,000 | Profit = -4,800 | Portfolio Value = 1,015,462.65 | Budget = 80,929.65 | inventory = 3
[ 2024-08-06 16:12:17,665 ] 170 : Sold 2 shares at price 66,400 | Profit = -10,600 | Portfolio Value = 1,004,929.65 | Budget = 213,663.25 | inventory = 2
[ 2024-08-06 16:12:17,964 ] 171 : Sold 8 shares at price 68,200 | Profit = -4,800 | Portfolio Value = 1,010,463.25 | Budget = 758,990.45 | inventory = 1
[ 2024-08-06 16:12:18,160 ] 172 : Sold 4 shares at price 68,900 | Profit = 5,600 | Portfolio Value = 1,031,790.45 | Budget = 1,034,452.65 | inventory = 0
[ 2024-08-06 16:12:18,454 ] 173 : Bought 14 shares at price 68,000 | Portfolio Value = 1,034,452.65 | Budget = 81,976.65 | inventory = 1
[ 2024-08-06 16:12:19,141 ] 176 : Bought 1 shares at price 70,500 | Portfolio Value = 1,053,576.65 | Budget = 11,441.4 | inventory = 2
[ 2024-08-06 16:12:19,932 ] 179 : Sold 14 shares at price 68,400 | Profit = 5,600 | Portfolio Value = 1,043,441.4 | Budget = 968,562.6 | inventory = 1
[ 2024-08-06 16:12:20,130 ] 180 : Sold 1 shares at price 68,500 | Profit = -2,000 | Portfolio Value = 1,036,962.6 | Budget = 1,037,028.35 | inventory = 0
[ 2024-08-06 16:12:21,898 ] 187 : Bought 6 shares at price 69,700 | Portfolio Value = 1,037,028.35 | Budget = 618,619.25 | inventory = 1
[ 2024-08-06 16:12:22,383 ] 189 : Sold 6 shares at price 70,900 | Profit = 7,200 | Portfolio Value = 1,036,219.25 | Budget = 1,043,806.55 | inventory = 0
[ 2024-08-06 16:12:23,360 ] 193 : Bought 12 shares at price 70,500 | Portfolio Value = 1,043,806.55 | Budget = 197,383.55 | inventory = 1
[ 2024-08-06 16:12:24,063 ] 196 : Sold 12 shares at price 72,200 | Profit = 20,400 | Portfolio Value = 1,046,983.55 | Budget = 1,063,350.35 | inventory = 0
[ 2024-08-06 16:12:24,849 ] 199 : Bought 13 shares at price 72,700 | Portfolio Value = 1,063,350.35 | Budget = 117,777.8 | inventory = 1
[ 2024-08-06 16:12:25,053 ] 200 : Bought 1 shares at price 72,800 | Portfolio Value = 1,062,877.8 | Budget = 44,941.4 | inventory = 2
[ 2024-08-06 16:12:25,344 ] 201 : Sold 13 shares at price 72,800 | Profit = 1,300 | Portfolio Value = 1,064,141.4 | Budget = 990,868.2 | inventory = 1
[ 2024-08-06 16:12:25,541 ] 202 : Sold 1 shares at price 72,400 | Profit = -400 | Portfolio Value = 1,063,668.2 | Budget = 1,063,232.0 | inventory = 0
[ 2024-08-06 16:12:26,367 ] 205 : Bought 6 shares at price 72,700 | Portfolio Value = 1,063,232.0 | Budget = 626,813.9 | inventory = 1
[ 2024-08-06 16:12:26,575 ] 206 : Sold 6 shares at price 72,700 | Profit = 0 | Portfolio Value = 1,063,013.9 | Budget = 1,062,795.8 | inventory = 0
[ 2024-08-06 16:12:26,898 ] 207 : Bought 10 shares at price 72,800 | Portfolio Value = 1,062,795.8 | Budget = 334,431.8 | inventory = 1
[ 2024-08-06 16:12:27,214 ] 208 : Sold 10 shares at price 72,000 | Profit = -8,000 | Portfolio Value = 1,062,431.8 | Budget = 1,054,071.8 | inventory = 0
[ 2024-08-06 16:12:27,907 ] 210 : Bought 1 shares at price 71,200 | Portfolio Value = 1,054,071.8 | Budget = 982,836.2 | inventory = 1
[ 2024-08-06 16:12:28,202 ] 211 : Sold 1 shares at price 71,700 | Profit = 500 | Portfolio Value = 1,054,036.2 | Budget = 1,054,500.35 | inventory = 0
[ 2024-08-06 16:12:28,401 ] 212 : Bought 13 shares at price 71,500 | Portfolio Value = 1,054,500.35 | Budget = 124,535.6 | inventory = 1
[ 2024-08-06 16:12:28,716 ] 213 : Bought 1 shares at price 72,600 | Portfolio Value = 1,054,035.6 | Budget = 51,899.3 | inventory = 2
[ 2024-08-06 16:12:28,933 ] 214 : Sold 13 shares at price 73,000 | Profit = 19,500 | Portfolio Value = 1,068,299.3 | Budget = 1,000,424.8 | inventory = 1
[ 2024-08-06 16:12:29,237 ] 215 : Bought 4 shares at price 73,500 | Portfolio Value = 1,073,424.8 | Budget = 706,277.8 | inventory = 2
[ 2024-08-06 16:12:29,950 ] 217 : Sold 1 shares at price 73,100 | Profit = 500 | Portfolio Value = 1,070,277.8 | Budget = 779,341.25 | inventory = 1
[ 2024-08-06 16:12:30,516 ] 219 : Sold 4 shares at price 72,900 | Profit = -2,400 | Portfolio Value = 1,072,541.25 | Budget = 1,070,795.45 | inventory = 0
[ 2024-08-06 16:12:30,715 ] 220 : Bought 9 shares at price 73,400 | Portfolio Value = 1,070,795.45 | Budget = 409,865.15 | inventory = 1
[ 2024-08-06 16:12:31,048 ] 221 : Sold 9 shares at price 74,800 | Profit = 12,600 | Portfolio Value = 1,070,465.15 | Budget = 1,082,728.55 | inventory = 0
[ 2024-08-06 16:12:32,363 ] 226 : Bought 11 shares at price 78,500 | Portfolio Value = 1,082,728.55 | Budget = 218,796.8 | inventory = 1
[ 2024-08-06 16:12:32,651 ] Episode: 2, Total Reward: 100,710.78, Total Profit: 100,700, Profit Rate: 10.07%
[ 2024-08-06 16:12:32,651 ] ----------------------------------------------------------------------------------------------------
[ 2024-08-06 16:12:32,653 ] Starting Episode 3
[ 2024-08-06 16:12:33,167 ] 3 : Bought 5 shares at price 63,500 | Portfolio Value = 1,000,000.0 | Budget = 682,341.25 | inventory = 1
[ 2024-08-06 16:12:33,366 ] 4 : Sold 5 shares at price 63,800 | Profit = 1,500 | Portfolio Value = 999,841.25 | Budget = 1,001,181.75 | inventory = 0
[ 2024-08-06 16:12:33,869 ] 6 : Bought 1 shares at price 61,900 | Portfolio Value = 1,001,181.75 | Budget = 939,250.8 | inventory = 1
[ 2024-08-06 16:12:34,165 ] 7 : Bought 5 shares at price 63,100 | Portfolio Value = 1,001,150.8 | Budget = 623,593.05 | inventory = 2
[ 2024-08-06 16:12:34,362 ] 8 : Bought 2 shares at price 63,000 | Portfolio Value = 1,002,193.05 | Budget = 497,530.05 | inventory = 3
[ 2024-08-06 16:12:35,190 ] 11 : Bought 3 shares at price 63,200 | Portfolio Value = 1,000,730.05 | Budget = 307,835.25 | inventory = 4
[ 2024-08-06 16:12:35,392 ] 12 : Bought 4 shares at price 62,200 | Portfolio Value = 1,003,035.25 | Budget = 58,910.85 | inventory = 5
[ 2024-08-06 16:12:35,690 ] 13 : Sold 1 shares at price 63,700 | Profit = 1,800 | Portfolio Value = 991,910.85 | Budget = 122,579.0 | inventory = 4
[ 2024-08-06 16:12:36,399 ] 16 : Bought 1 shares at price 62,100 | Portfolio Value = 1,000,379.0 | Budget = 60,447.95 | inventory = 5
[ 2024-08-06 16:12:37,233 ] 19 : Sold 5 shares at price 61,300 | Profit = -9,000 | Portfolio Value = 990,447.95 | Budget = 366,794.7 | inventory = 4
[ 2024-08-06 16:12:37,438 ] 20 : Bought 2 shares at price 60,500 | Portfolio Value = 979,794.7 | Budget = 245,734.2 | inventory = 5
[ 2024-08-06 16:12:37,729 ] 21 : Sold 2 shares at price 60,600 | Profit = -4,800 | Portfolio Value = 971,734.2 | Budget = 366,873.6 | inventory = 4
[ 2024-08-06 16:12:37,932 ] 22 : Bought 3 shares at price 60,800 | Portfolio Value = 972,873.6 | Budget = 184,382.4 | inventory = 5
[ 2024-08-06 16:12:38,457 ] 24 : Bought 1 shares at price 61,500 | Portfolio Value = 970,882.4 | Budget = 122,851.65 | inventory = 6
[ 2024-08-06 16:12:38,758 ] 25 : Bought 2 shares at price 60,700 | Portfolio Value = 983,851.65 | Budget = 1,390.95 | inventory = 7
[ 2024-08-06 16:12:38,962 ] 26 : Sold 3 shares at price 60,300 | Profit = -8,700 | Portfolio Value = 972,590.95 | Budget = 182,200.5 | inventory = 6
[ 2024-08-06 16:12:39,269 ] 27 : Sold 4 shares at price 60,100 | Profit = -8,400 | Portfolio Value = 966,100.5 | Budget = 422,480.3 | inventory = 5
[ 2024-08-06 16:12:39,480 ] 28 : Sold 1 shares at price 59,500 | Profit = -2,600 | Portfolio Value = 963,380.3 | Budget = 481,950.55 | inventory = 4
[ 2024-08-06 16:12:40,298 ] 31 : Sold 2 shares at price 59,800 | Profit = -1,400 | Portfolio Value = 953,950.55 | Budget = 601,490.75 | inventory = 3
[ 2024-08-06 16:12:40,500 ] 32 : Bought 9 shares at price 59,900 | Portfolio Value = 960,290.75 | Budget = 62,121.2 | inventory = 4
[ 2024-08-06 16:12:41,308 ] 35 : Sold 3 shares at price 60,300 | Profit = -1,500 | Portfolio Value = 965,121.2 | Budget = 242,930.75 | inventory = 3
[ 2024-08-06 16:12:41,513 ] 36 : Sold 1 shares at price 61,100 | Profit = -400 | Portfolio Value = 966,530.75 | Budget = 304,000.2 | inventory = 2
[ 2024-08-06 16:12:41,813 ] 37 : Bought 3 shares at price 62,300 | Portfolio Value = 976,100.2 | Budget = 117,006.75 | inventory = 3
[ 2024-08-06 16:12:42,303 ] 39 : Sold 2 shares at price 62,100 | Profit = 2,800 | Portfolio Value = 999,006.75 | Budget = 241,144.65 | inventory = 2
[ 2024-08-06 16:12:42,503 ] 40 : Sold 9 shares at price 62,900 | Profit = 27,000 | Portfolio Value = 986,344.65 | Budget = 806,961.6 | inventory = 1
[ 2024-08-06 16:12:42,966 ] 41 : Bought 2 shares at price 62,700 | Portfolio Value = 995,661.6 | Budget = 681,498.9 | inventory = 2
[ 2024-08-06 16:12:43,167 ] 42 : Bought 3 shares at price 63,200 | Portfolio Value = 994,998.9 | Budget = 491,804.1 | inventory = 3
[ 2024-08-06 16:12:43,465 ] 43 : Sold 3 shares at price 64,000 | Profit = 5,100 | Portfolio Value = 997,404.1 | Budget = 683,708.1 | inventory = 2
[ 2024-08-06 16:12:43,956 ] 45 : Sold 2 shares at price 63,600 | Profit = 1,800 | Portfolio Value = 999,208.1 | Budget = 810,844.5 | inventory = 1
[ 2024-08-06 16:12:44,461 ] 47 : Sold 3 shares at price 62,300 | Profit = -2,700 | Portfolio Value = 1,002,544.5 | Budget = 997,651.05 | inventory = 0
[ 2024-08-06 16:12:44,660 ] 48 : Bought 7 shares at price 65,000 | Portfolio Value = 997,651.05 | Budget = 542,423.55 | inventory = 1
[ 2024-08-06 16:12:44,957 ] 49 : Sold 7 shares at price 65,700 | Profit = 4,900 | Portfolio Value = 997,423.55 | Budget = 1,002,093.6 | inventory = 0
[ 2024-08-06 16:12:45,481 ] 51 : Bought 4 shares at price 66,000 | Portfolio Value = 1,002,093.6 | Budget = 737,961.6 | inventory = 1
[ 2024-08-06 16:12:45,999 ] 53 : Bought 9 shares at price 65,100 | Portfolio Value = 1,002,361.6 | Budget = 151,768.65 | inventory = 2
[ 2024-08-06 16:12:46,599 ] 55 : Bought 2 shares at price 65,600 | Portfolio Value = 1,000,668.65 | Budget = 20,503.05 | inventory = 3
[ 2024-08-06 16:12:47,133 ] 57 : Sold 4 shares at price 65,300 | Profit = -2,800 | Portfolio Value = 1,003,003.05 | Budget = 281,572.45 | inventory = 2
[ 2024-08-06 16:12:47,335 ] 58 : Sold 9 shares at price 65,700 | Profit = 5,400 | Portfolio Value = 999,872.45 | Budget = 872,576.8 | inventory = 1
[ 2024-08-06 16:12:47,674 ] 59 : Sold 2 shares at price 65,200 | Profit = -800 | Portfolio Value = 1,003,976.8 | Budget = 1,002,911.6 | inventory = 0
[ 2024-08-06 16:12:48,701 ] 63 : Bought 2 shares at price 65,500 | Portfolio Value = 1,002,911.6 | Budget = 871,846.1 | inventory = 1
[ 2024-08-06 16:12:49,403 ] 66 : Sold 2 shares at price 65,100 | Profit = -800 | Portfolio Value = 1,002,646.1 | Budget = 1,001,981.0 | inventory = 0
[ 2024-08-06 16:12:49,938 ] 68 : Bought 13 shares at price 65,300 | Portfolio Value = 1,001,981.0 | Budget = 152,656.55 | inventory = 1
[ 2024-08-06 16:12:50,256 ] 69 : Bought 1 shares at price 64,600 | Portfolio Value = 1,001,556.55 | Budget = 88,024.25 | inventory = 2
[ 2024-08-06 16:12:50,467 ] 70 : Bought 1 shares at price 64,200 | Portfolio Value = 992,424.25 | Budget = 23,792.15 | inventory = 3
[ 2024-08-06 16:12:50,980 ] 72 : Sold 13 shares at price 64,500 | Profit = -10,400 | Portfolio Value = 985,292.15 | Budget = 861,872.9 | inventory = 2
[ 2024-08-06 16:12:51,280 ] 73 : Bought 5 shares at price 65,400 | Portfolio Value = 990,872.9 | Budget = 534,709.4 | inventory = 3
[ 2024-08-06 16:12:52,300 ] 77 : Sold 1 shares at price 68,500 | Profit = 3,900 | Portfolio Value = 1,013,509.4 | Budget = 603,175.15 | inventory = 2
[ 2024-08-06 16:12:52,510 ] 78 : Sold 1 shares at price 68,400 | Profit = 4,200 | Portfolio Value = 1,014,175.15 | Budget = 671,540.95 | inventory = 1
[ 2024-08-06 16:12:52,825 ] 79 : Bought 8 shares at price 68,500 | Portfolio Value = 1,013,540.95 | Budget = 123,266.95 | inventory = 2
[ 2024-08-06 16:12:53,038 ] 80 : Bought 1 shares at price 68,800 | Portfolio Value = 1,013,766.95 | Budget = 54,432.55 | inventory = 3
[ 2024-08-06 16:12:53,526 ] 82 : Sold 5 shares at price 72,300 | Profit = 34,500 | Portfolio Value = 1,038,632.55 | Budget = 415,751.8 | inventory = 2
[ 2024-08-06 16:12:54,118 ] 84 : Bought 1 shares at price 70,900 | Portfolio Value = 1,058,351.8 | Budget = 344,816.35 | inventory = 3
[ 2024-08-06 16:12:54,921 ] 87 : Sold 8 shares at price 71,000 | Profit = 20,000 | Portfolio Value = 1,061,816.35 | Budget = 912,532.35 | inventory = 2
[ 2024-08-06 16:12:55,131 ] 88 : Bought 8 shares at price 70,900 | Portfolio Value = 1,054,532.35 | Budget = 345,048.75 | inventory = 3
[ 2024-08-06 16:12:56,136 ] 92 : Sold 1 shares at price 71,900 | Profit = 3,100 | Portfolio Value = 1,065,048.75 | Budget = 416,912.8 | inventory = 2
[ 2024-08-06 16:12:56,439 ] 93 : Bought 2 shares at price 71,500 | Portfolio Value = 1,064,012.8 | Budget = 273,841.3 | inventory = 3
[ 2024-08-06 16:12:56,953 ] 95 : Bought 3 shares at price 71,200 | Portfolio Value = 1,063,641.3 | Budget = 60,134.5 | inventory = 4
[ 2024-08-06 16:12:58,952 ] 103 : Sold 1 shares at price 72,400 | Profit = 1,500 | Portfolio Value = 1,077,934.5 | Budget = 132,498.3 | inventory = 3
[ 2024-08-06 16:12:59,147 ] 104 : Bought 1 shares at price 72,200 | Portfolio Value = 1,073,698.3 | Budget = 60,262.2 | inventory = 4
[ 2024-08-06 16:12:59,638 ] 106 : Sold 8 shares at price 73,000 | Profit = 16,800 | Portfolio Value = 1,082,262.2 | Budget = 643,970.2 | inventory = 3
[ 2024-08-06 16:12:59,927 ] 107 : Sold 2 shares at price 72,000 | Profit = 1,000 | Portfolio Value = 1,081,970.2 | Budget = 787,898.2 | inventory = 2
[ 2024-08-06 16:13:00,409 ] 109 : Sold 3 shares at price 69,900 | Profit = -3,900 | Portfolio Value = 1,074,298.2 | Budget = 997,493.35 | inventory = 1
[ 2024-08-06 16:13:00,609 ] 110 : Bought 12 shares at price 69,500 | Portfolio Value = 1,067,393.35 | Budget = 163,076.35 | inventory = 2
[ 2024-08-06 16:13:01,407 ] 113 : Bought 1 shares at price 71,900 | Portfolio Value = 1,097,776.35 | Budget = 91,140.4 | inventory = 3
[ 2024-08-06 16:13:01,613 ] 114 : Bought 1 shares at price 73,400 | Portfolio Value = 1,097,740.4 | Budget = 17,703.7 | inventory = 4
[ 2024-08-06 16:13:02,886 ] 119 : Sold 1 shares at price 70,300 | Profit = -1,900 | Portfolio Value = 1,082,703.7 | Budget = 87,968.55 | inventory = 3
[ 2024-08-06 16:13:03,566 ] 122 : Bought 1 shares at price 69,800 | Portfolio Value = 1,067,968.55 | Budget = 18,133.65 | inventory = 4
[ 2024-08-06 16:13:04,842 ] 127 : Sold 12 shares at price 69,900 | Profit = 4,800 | Portfolio Value = 1,084,633.65 | Budget = 856,514.25 | inventory = 3
[ 2024-08-06 16:13:05,041 ] 128 : Sold 1 shares at price 68,800 | Profit = -3,100 | Portfolio Value = 1,066,214.25 | Budget = 925,279.85 | inventory = 2
[ 2024-08-06 16:13:05,355 ] 129 : Bought 8 shares at price 68,300 | Portfolio Value = 1,062,879.85 | Budget = 378,606.65 | inventory = 3
[ 2024-08-06 16:13:05,850 ] 131 : Sold 1 shares at price 67,600 | Profit = -5,800 | Portfolio Value = 1,063,606.65 | Budget = 446,172.85 | inventory = 2
[ 2024-08-06 16:13:06,060 ] 132 : Bought 5 shares at price 68,900 | Portfolio Value = 1,054,572.85 | Budget = 101,500.6 | inventory = 3
[ 2024-08-06 16:13:06,375 ] 133 : Bought 1 shares at price 68,000 | Portfolio Value = 1,066,100.6 | Budget = 33,466.6 | inventory = 4
[ 2024-08-06 16:13:06,571 ] 134 : Sold 1 shares at price 67,500 | Profit = -2,300 | Portfolio Value = 1,053,466.6 | Budget = 100,932.85 | inventory = 3
[ 2024-08-06 16:13:06,877 ] 135 : Sold 8 shares at price 67,300 | Profit = -8,000 | Portfolio Value = 1,045,932.85 | Budget = 639,063.65 | inventory = 2
[ 2024-08-06 16:13:07,363 ] 137 : Bought 7 shares at price 66,700 | Portfolio Value = 1,041,063.65 | Budget = 171,930.2 | inventory = 3
[ 2024-08-06 16:13:07,859 ] 139 : Bought 1 shares at price 66,600 | Portfolio Value = 1,033,830.2 | Budget = 105,296.9 | inventory = 4
[ 2024-08-06 16:13:08,053 ] 140 : Bought 1 shares at price 66,600 | Portfolio Value = 1,037,696.9 | Budget = 38,663.6 | inventory = 5
[ 2024-08-06 16:13:10,409 ] 149 : Sold 5 shares at price 71,200 | Profit = 11,500 | Portfolio Value = 1,103,663.6 | Budget = 394,485.6 | inventory = 4
[ 2024-08-06 16:13:10,606 ] 150 : Sold 1 shares at price 70,700 | Profit = 2,700 | Portfolio Value = 1,106,485.6 | Budget = 465,150.25 | inventory = 3
[ 2024-08-06 16:13:10,901 ] 151 : Sold 7 shares at price 70,000 | Profit = 23,100 | Portfolio Value = 1,101,450.25 | Budget = 954,905.25 | inventory = 2
[ 2024-08-06 16:13:11,106 ] 152 : Sold 1 shares at price 70,400 | Profit = 3,800 | Portfolio Value = 1,094,905.25 | Budget = 1,025,270.05 | inventory = 1
[ 2024-08-06 16:13:11,402 ] 153 : Sold 1 shares at price 70,300 | Profit = 3,700 | Portfolio Value = 1,095,670.05 | Budget = 1,095,534.9 | inventory = 0
[ 2024-08-06 16:13:12,081 ] 156 : Bought 5 shares at price 70,900 | Portfolio Value = 1,095,534.9 | Budget = 740,857.65 | inventory = 1
[ 2024-08-06 16:13:12,869 ] 159 : Bought 7 shares at price 70,200 | Portfolio Value = 1,100,857.65 | Budget = 249,211.95 | inventory = 2
[ 2024-08-06 16:13:13,068 ] 160 : Bought 2 shares at price 69,800 | Portfolio Value = 1,091,611.95 | Budget = 109,542.15 | inventory = 3
[ 2024-08-06 16:13:13,357 ] 161 : Sold 5 shares at price 69,600 | Profit = -6,500 | Portfolio Value = 1,086,742.15 | Budget = 457,368.15 | inventory = 2
[ 2024-08-06 16:13:13,564 ] 162 : Sold 7 shares at price 68,900 | Profit = -9,100 | Portfolio Value = 1,083,768.15 | Budget = 939,427.0 | inventory = 1
[ 2024-08-06 16:13:13,888 ] 163 : Bought 8 shares at price 68,800 | Portfolio Value = 1,077,227.0 | Budget = 388,751.8 | inventory = 2
[ 2024-08-06 16:13:14,408 ] 165 : Sold 2 shares at price 68,600 | Profit = -2,400 | Portfolio Value = 1,082,751.8 | Budget = 525,883.2 | inventory = 1
[ 2024-08-06 16:13:14,610 ] 166 : Bought 2 shares at price 68,400 | Portfolio Value = 1,074,683.2 | Budget = 389,014.8 | inventory = 2
[ 2024-08-06 16:13:14,964 ] 167 : Bought 1 shares at price 67,500 | Portfolio Value = 1,073,014.8 | Budget = 321,481.05 | inventory = 3
[ 2024-08-06 16:13:15,161 ] 168 : Sold 8 shares at price 66,700 | Profit = -16,800 | Portfolio Value = 1,063,981.05 | Budget = 854,814.25 | inventory = 2
[ 2024-08-06 16:13:15,470 ] 169 : Bought 4 shares at price 66,000 | Portfolio Value = 1,054,914.25 | Budget = 590,682.25 | inventory = 3
[ 2024-08-06 16:13:15,670 ] 170 : Bought 3 shares at price 66,400 | Portfolio Value = 1,052,682.25 | Budget = 391,382.65 | inventory = 4
[ 2024-08-06 16:13:16,159 ] 172 : Bought 5 shares at price 68,900 | Portfolio Value = 1,073,382.65 | Budget = 46,710.4 | inventory = 5
[ 2024-08-06 16:13:17,685 ] 178 : Sold 2 shares at price 68,800 | Profit = 800 | Portfolio Value = 1,089,210.4 | Budget = 184,241.6 | inventory = 4
[ 2024-08-06 16:13:17,977 ] 179 : Sold 1 shares at price 68,400 | Profit = 900 | Portfolio Value = 1,078,641.6 | Budget = 252,607.4 | inventory = 3
[ 2024-08-06 16:13:18,463 ] 181 : Sold 4 shares at price 68,000 | Profit = 8,000 | Portfolio Value = 1,074,607.4 | Budget = 524,471.4 | inventory = 2
[ 2024-08-06 16:13:18,669 ] 182 : Sold 3 shares at price 66,700 | Profit = 900 | Portfolio Value = 1,068,471.4 | Budget = 724,471.35 | inventory = 1
[ 2024-08-06 16:13:19,016 ] 183 : Sold 5 shares at price 67,300 | Profit = -8,000 | Portfolio Value = 1,057,971.35 | Budget = 1,060,803.1 | inventory = 0
[ 2024-08-06 16:13:19,227 ] 184 : Bought 14 shares at price 67,300 | Portfolio Value = 1,060,803.1 | Budget = 118,132.0 | inventory = 1
[ 2024-08-06 16:13:19,745 ] 186 : Bought 1 shares at price 68,600 | Portfolio Value = 1,054,732.0 | Budget = 49,497.7 | inventory = 2
[ 2024-08-06 16:13:20,087 ] 187 : Sold 14 shares at price 69,700 | Profit = 33,600 | Portfolio Value = 1,078,497.7 | Budget = 1,024,809.8 | inventory = 1
[ 2024-08-06 16:13:20,686 ] 189 : Sold 1 shares at price 70,900 | Profit = 2,300 | Portfolio Value = 1,094,409.8 | Budget = 1,095,674.35 | inventory = 0
[ 2024-08-06 16:13:21,481 ] 192 : Bought 3 shares at price 70,300 | Portfolio Value = 1,095,674.35 | Budget = 884,668.9 | inventory = 1
[ 2024-08-06 16:13:21,822 ] 193 : Sold 3 shares at price 70,500 | Profit = 600 | Portfolio Value = 1,095,568.9 | Budget = 1,096,063.15 | inventory = 0
[ 2024-08-06 16:13:22,024 ] 194 : Bought 4 shares at price 70,400 | Portfolio Value = 1,096,063.15 | Budget = 814,322.35 | inventory = 1
[ 2024-08-06 16:13:22,331 ] 195 : Sold 4 shares at price 70,800 | Profit = 1,600 | Portfolio Value = 1,095,922.35 | Budget = 1,097,380.75 | inventory = 0
[ 2024-08-06 16:13:23,571 ] 200 : Bought 2 shares at price 72,800 | Portfolio Value = 1,097,380.75 | Budget = 951,707.95 | inventory = 1
[ 2024-08-06 16:13:23,928 ] 201 : Sold 2 shares at price 72,800 | Profit = 0 | Portfolio Value = 1,097,307.95 | Budget = 1,097,235.15 | inventory = 0
[ 2024-08-06 16:13:24,428 ] 203 : Bought 6 shares at price 71,700 | Portfolio Value = 1,097,235.15 | Budget = 666,820.05 | inventory = 1
[ 2024-08-06 16:13:24,634 ] 204 : Bought 3 shares at price 71,300 | Portfolio Value = 1,097,020.05 | Budget = 452,813.1 | inventory = 2
[ 2024-08-06 16:13:25,145 ] 206 : Bought 4 shares at price 72,700 | Portfolio Value = 1,107,113.1 | Budget = 161,867.7 | inventory = 3
[ 2024-08-06 16:13:26,152 ] 210 : Bought 2 shares at price 71,200 | Portfolio Value = 1,105,667.7 | Budget = 19,396.5 | inventory = 4
[ 2024-08-06 16:13:26,515 ] 211 : Sold 6 shares at price 71,700 | Profit = 0 | Portfolio Value = 1,087,396.5 | Budget = 449,381.4 | inventory = 3
[ 2024-08-06 16:13:27,527 ] 215 : Sold 3 shares at price 73,500 | Profit = 6,600 | Portfolio Value = 1,106,381.4 | Budget = 669,771.15 | inventory = 2
[ 2024-08-06 16:13:27,730 ] 216 : Sold 4 shares at price 72,800 | Profit = 400 | Portfolio Value = 1,110,771.15 | Budget = 960,825.55 | inventory = 1
[ 2024-08-06 16:13:28,236 ] 218 : Bought 7 shares at price 73,300 | Portfolio Value = 1,107,025.55 | Budget = 447,469.0 | inventory = 2
[ 2024-08-06 16:13:28,537 ] 219 : Bought 3 shares at price 72,900 | Portfolio Value = 1,107,169.0 | Budget = 228,659.65 | inventory = 3
[ 2024-08-06 16:13:29,049 ] 221 : Sold 2 shares at price 74,800 | Profit = 7,200 | Portfolio Value = 1,109,459.65 | Budget = 378,184.85 | inventory = 2
[ 2024-08-06 16:13:29,257 ] 222 : Sold 7 shares at price 75,000 | Profit = 11,900 | Portfolio Value = 1,126,184.85 | Budget = 902,922.35 | inventory = 1
[ 2024-08-06 16:13:29,774 ] 224 : Sold 3 shares at price 76,600 | Profit = 11,100 | Portfolio Value = 1,130,622.35 | Budget = 1,132,607.45 | inventory = 0
[ 2024-08-06 16:13:30,074 ] 225 : Bought 7 shares at price 78,000 | Portfolio Value = 1,132,607.45 | Budget = 586,334.45 | inventory = 1
[ 2024-08-06 16:13:30,584 ] Episode: 3, Total Reward: 148,715.87, Total Profit: 148,700, Profit Rate: 14.87%
[ 2024-08-06 16:13:30,584 ] ----------------------------------------------------------------------------------------------------
[ 2024-08-06 16:13:30,584 ] Starting Episode 4
[ 2024-08-06 16:13:31,141 ] 3 : Bought 3 shares at price 63,500 | Portfolio Value = 1,000,000.0 | Budget = 809,404.75 | inventory = 1
[ 2024-08-06 16:13:31,350 ] 4 : Sold 3 shares at price 63,800 | Profit = 900 | Portfolio Value = 999,904.75 | Budget = 1,000,709.05 | inventory = 0
[ 2024-08-06 16:13:31,655 ] 5 : Bought 9 shares at price 61,600 | Portfolio Value = 1,000,709.05 | Budget = 446,031.85 | inventory = 1
[ 2024-08-06 16:13:32,363 ] 8 : Bought 6 shares at price 63,000 | Portfolio Value = 1,013,931.85 | Budget = 67,842.85 | inventory = 2
[ 2024-08-06 16:13:32,867 ] 10 : Sold 9 shares at price 62,900 | Profit = 11,700 | Portfolio Value = 1,009,842.85 | Budget = 633,659.8 | inventory = 1
[ 2024-08-06 16:13:33,195 ] 11 : Sold 6 shares at price 63,200 | Profit = 1,200 | Portfolio Value = 1,011,059.8 | Budget = 1,012,670.2 | inventory = 0
[ 2024-08-06 16:13:33,402 ] 12 : Bought 8 shares at price 62,200 | Portfolio Value = 1,012,670.2 | Budget = 514,821.4 | inventory = 1
[ 2024-08-06 16:13:33,711 ] 13 : Bought 5 shares at price 63,700 | Portfolio Value = 1,012,421.4 | Budget = 196,162.15 | inventory = 2
[ 2024-08-06 16:13:34,486 ] 16 : Bought 1 shares at price 62,100 | Portfolio Value = 1,011,262.15 | Budget = 134,031.1 | inventory = 3
[ 2024-08-06 16:13:35,005 ] 18 : Bought 1 shares at price 62,000 | Portfolio Value = 989,431.1 | Budget = 72,000.1 | inventory = 4
[ 2024-08-06 16:13:35,535 ] 20 : Bought 1 shares at price 60,500 | Portfolio Value = 991,500.1 | Budget = 11,469.85 | inventory = 5
[ 2024-08-06 16:13:35,876 ] 21 : Sold 8 shares at price 60,600 | Profit = -12,800 | Portfolio Value = 979,469.85 | Budget = 496,027.45 | inventory = 4
[ 2024-08-06 16:13:36,479 ] 23 : Bought 3 shares at price 60,500 | Portfolio Value = 982,427.45 | Budget = 314,436.7 | inventory = 5
[ 2024-08-06 16:13:36,690 ] 24 : Bought 4 shares at price 61,500 | Portfolio Value = 979,936.7 | Budget = 68,313.7 | inventory = 6
[ 2024-08-06 16:13:36,993 ] 25 : Bought 1 shares at price 60,700 | Portfolio Value = 990,813.7 | Budget = 7,583.35 | inventory = 7
[ 2024-08-06 16:13:37,200 ] 26 : Sold 5 shares at price 60,300 | Profit = -17,000 | Portfolio Value = 978,783.35 | Budget = 308,932.6 | inventory = 6
[ 2024-08-06 16:13:37,800 ] 28 : Sold 1 shares at price 59,500 | Profit = -2,600 | Portfolio Value = 970,032.6 | Budget = 368,402.85 | inventory = 5
[ 2024-08-06 16:13:38,151 ] 29 : Sold 1 shares at price 60,000 | Profit = -2,000 | Portfolio Value = 963,402.85 | Budget = 428,372.85 | inventory = 4
[ 2024-08-06 16:13:38,379 ] 30 : Bought 7 shares at price 59,000 | Portfolio Value = 968,372.85 | Budget = 15,166.35 | inventory = 5
[ 2024-08-06 16:13:40,229 ] 37 : Sold 1 shares at price 62,300 | Profit = 1,800 | Portfolio Value = 992,766.35 | Budget = 77,435.2 | inventory = 4
[ 2024-08-06 16:13:40,738 ] 39 : Sold 3 shares at price 62,100 | Profit = 4,800 | Portfolio Value = 1,022,435.2 | Budget = 263,642.05 | inventory = 3
[ 2024-08-06 16:13:41,826 ] 43 : Bought 1 shares at price 64,000 | Portfolio Value = 1,022,042.05 | Budget = 199,610.05 | inventory = 4
[ 2024-08-06 16:13:42,548 ] 46 : Sold 4 shares at price 63,900 | Profit = 9,600 | Portfolio Value = 1,026,410.05 | Budget = 455,082.25 | inventory = 3
[ 2024-08-06 16:13:42,856 ] 47 : Sold 1 shares at price 62,300 | Profit = 1,600 | Portfolio Value = 1,030,182.25 | Budget = 517,351.1 | inventory = 2
[ 2024-08-06 16:13:43,065 ] 48 : Bought 6 shares at price 65,000 | Portfolio Value = 1,015,751.1 | Budget = 127,156.1 | inventory = 3
[ 2024-08-06 16:13:43,367 ] 49 : Sold 7 shares at price 65,700 | Profit = 46,900 | Portfolio Value = 1,037,156.1 | Budget = 586,826.15 | inventory = 2
[ 2024-08-06 16:13:43,575 ] 50 : Sold 1 shares at price 65,900 | Profit = 1,900 | Portfolio Value = 1,046,726.15 | Budget = 652,693.2 | inventory = 1
[ 2024-08-06 16:13:44,613 ] 54 : Sold 6 shares at price 65,300 | Profit = 1,800 | Portfolio Value = 1,043,293.2 | Budget = 1,044,297.3 | inventory = 0
[ 2024-08-06 16:13:44,924 ] 55 : Bought 8 shares at price 65,600 | Portfolio Value = 1,044,297.3 | Budget = 519,234.9 | inventory = 1
[ 2024-08-06 16:13:45,136 ] 56 : Sold 8 shares at price 65,500 | Profit = -800 | Portfolio Value = 1,044,034.9 | Budget = 1,042,972.9 | inventory = 0
[ 2024-08-06 16:13:45,647 ] 58 : Bought 10 shares at price 65,700 | Portfolio Value = 1,042,972.9 | Budget = 385,644.4 | inventory = 1
[ 2024-08-06 16:13:45,958 ] 59 : Bought 1 shares at price 65,200 | Portfolio Value = 1,042,644.4 | Budget = 320,411.8 | inventory = 2
[ 2024-08-06 16:13:46,163 ] 60 : Bought 1 shares at price 63,600 | Portfolio Value = 1,037,611.8 | Budget = 256,780.0 | inventory = 3
[ 2024-08-06 16:13:46,474 ] 61 : Sold 10 shares at price 64,100 | Profit = -16,000 | Portfolio Value = 1,019,980.0 | Budget = 897,459.5 | inventory = 2
[ 2024-08-06 16:13:46,685 ] 62 : Bought 13 shares at price 64,600 | Portfolio Value = 1,025,659.5 | Budget = 57,239.6 | inventory = 3
[ 2024-08-06 16:13:47,553 ] 65 : Sold 1 shares at price 65,400 | Profit = 200 | Portfolio Value = 1,042,739.6 | Budget = 122,606.9 | inventory = 2
[ 2024-08-06 16:13:47,761 ] 66 : Bought 1 shares at price 65,100 | Portfolio Value = 1,038,206.9 | Budget = 57,474.35 | inventory = 3
[ 2024-08-06 16:13:49,174 ] 71 : Sold 1 shares at price 64,100 | Profit = 500 | Portfolio Value = 1,020,474.35 | Budget = 121,542.3 | inventory = 2
[ 2024-08-06 16:13:49,382 ] 72 : Bought 1 shares at price 64,500 | Portfolio Value = 1,018,942.3 | Budget = 57,010.05 | inventory = 3
[ 2024-08-06 16:13:49,687 ] 73 : Sold 13 shares at price 65,400 | Profit = 10,400 | Portfolio Value = 1,024,510.05 | Budget = 906,784.95 | inventory = 2
[ 2024-08-06 16:13:49,935 ] 74 : Bought 3 shares at price 65,000 | Portfolio Value = 1,037,584.95 | Budget = 711,687.45 | inventory = 3
[ 2024-08-06 16:13:50,757 ] 77 : Bought 3 shares at price 68,500 | Portfolio Value = 1,053,687.45 | Budget = 506,084.7 | inventory = 4
[ 2024-08-06 16:13:51,800 ] 81 : Sold 1 shares at price 70,300 | Profit = 5,200 | Portfolio Value = 1,056,484.7 | Budget = 576,349.55 | inventory = 3
[ 2024-08-06 16:13:52,009 ] 82 : Bought 3 shares at price 72,300 | Portfolio Value = 1,068,449.55 | Budget = 359,341.1 | inventory = 4
[ 2024-08-06 16:13:52,318 ] 83 : Bought 4 shares at price 71,400 | Portfolio Value = 1,082,341.1 | Budget = 73,598.3 | inventory = 5
[ 2024-08-06 16:13:52,838 ] 85 : Bought 1 shares at price 72,200 | Portfolio Value = 1,066,198.3 | Budget = 1,362.2 | inventory = 6
[ 2024-08-06 16:13:53,055 ] 86 : Sold 1 shares at price 71,700 | Profit = 7,200 | Portfolio Value = 1,084,362.2 | Budget = 73,026.35 | inventory = 5
[ 2024-08-06 16:13:53,367 ] 87 : Sold 3 shares at price 71,000 | Profit = 18,000 | Portfolio Value = 1,076,826.35 | Budget = 285,919.85 | inventory = 4
[ 2024-08-06 16:13:53,573 ] 88 : Bought 3 shares at price 70,900 | Portfolio Value = 1,066,919.85 | Budget = 73,113.5 | inventory = 5
[ 2024-08-06 16:13:53,909 ] 89 : Bought 1 shares at price 72,000 | Portfolio Value = 1,065,713.5 | Budget = 1,077.5 | inventory = 6
[ 2024-08-06 16:13:54,432 ] 91 : Sold 3 shares at price 72,000 | Profit = 10,500 | Portfolio Value = 1,066,077.5 | Budget = 216,969.5 | inventory = 5
[ 2024-08-06 16:13:54,641 ] 92 : Bought 1 shares at price 71,900 | Portfolio Value = 1,080,969.5 | Budget = 145,033.55 | inventory = 6
[ 2024-08-06 16:13:54,942 ] 93 : Sold 3 shares at price 71,500 | Profit = -2,400 | Portfolio Value = 1,079,733.55 | Budget = 359,426.3 | inventory = 5
[ 2024-08-06 16:13:55,455 ] 95 : Sold 4 shares at price 71,200 | Profit = -800 | Portfolio Value = 1,077,426.3 | Budget = 644,083.9 | inventory = 4
[ 2024-08-06 16:13:55,975 ] 97 : Bought 7 shares at price 70,500 | Portfolio Value = 1,072,483.9 | Budget = 150,337.15 | inventory = 5
[ 2024-08-06 16:13:56,182 ] 98 : Bought 1 shares at price 71,300 | Portfolio Value = 1,066,837.15 | Budget = 79,001.5 | inventory = 6
[ 2024-08-06 16:13:56,487 ] 99 : Sold 1 shares at price 71,600 | Profit = -600 | Portfolio Value = 1,077,201.5 | Budget = 150,565.7 | inventory = 5
[ 2024-08-06 16:13:57,066 ] 101 : Sold 3 shares at price 72,600 | Profit = 5,100 | Portfolio Value = 1,091,765.7 | Budget = 368,256.8 | inventory = 4
[ 2024-08-06 16:13:57,587 ] 103 : Sold 1 shares at price 72,400 | Profit = 400 | Portfolio Value = 1,095,256.8 | Budget = 440,620.6 | inventory = 3
[ 2024-08-06 16:13:57,793 ] 104 : Bought 3 shares at price 72,200 | Portfolio Value = 1,092,220.6 | Budget = 223,912.3 | inventory = 4
[ 2024-08-06 16:13:58,096 ] 105 : Sold 1 shares at price 73,000 | Profit = 1,100 | Portfolio Value = 1,090,312.3 | Budget = 296,875.8 | inventory = 3
[ 2024-08-06 16:13:58,311 ] 106 : Sold 7 shares at price 73,000 | Profit = 17,500 | Portfolio Value = 1,099,875.8 | Budget = 807,620.3 | inventory = 2
[ 2024-08-06 16:13:58,617 ] 107 : Sold 1 shares at price 72,000 | Profit = 700 | Portfolio Value = 1,099,620.3 | Budget = 879,584.3 | inventory = 1
[ 2024-08-06 16:13:58,835 ] 108 : Bought 12 shares at price 71,600 | Portfolio Value = 1,095,584.3 | Budget = 19,954.7 | inventory = 2
[ 2024-08-06 16:13:59,141 ] 109 : Sold 3 shares at price 69,900 | Profit = -6,900 | Portfolio Value = 1,093,954.7 | Budget = 229,549.85 | inventory = 1
[ 2024-08-06 16:13:59,860 ] 112 : Sold 12 shares at price 71,900 | Profit = 3,600 | Portfolio Value = 1,087,549.85 | Budget = 1,091,918.45 | inventory = 0
[ 2024-08-06 16:14:00,165 ] 113 : Bought 12 shares at price 71,900 | Portfolio Value = 1,091,918.45 | Budget = 228,687.05 | inventory = 1
[ 2024-08-06 16:14:00,369 ] 114 : Bought 2 shares at price 73,400 | Portfolio Value = 1,091,487.05 | Budget = 81,813.65 | inventory = 2
[ 2024-08-06 16:14:00,680 ] 115 : Sold 12 shares at price 73,300 | Profit = 16,800 | Portfolio Value = 1,109,413.65 | Budget = 960,973.85 | inventory = 1
[ 2024-08-06 16:14:01,204 ] 117 : Bought 9 shares at price 71,700 | Portfolio Value = 1,104,973.85 | Budget = 315,351.2 | inventory = 2
[ 2024-08-06 16:14:01,413 ] 118 : Sold 2 shares at price 71,000 | Profit = -4,800 | Portfolio Value = 1,104,051.2 | Budget = 457,280.2 | inventory = 1
[ 2024-08-06 16:14:01,720 ] 119 : Sold 9 shares at price 70,300 | Profit = -12,600 | Portfolio Value = 1,096,280.2 | Budget = 1,089,663.85 | inventory = 0
[ 2024-08-06 16:14:04,342 ] 129 : Bought 13 shares at price 68,300 | Portfolio Value = 1,089,663.85 | Budget = 201,319.9 | inventory = 1
[ 2024-08-06 16:14:04,611 ] 130 : Bought 1 shares at price 68,500 | Portfolio Value = 1,089,219.9 | Budget = 132,785.65 | inventory = 2
[ 2024-08-06 16:14:05,134 ] 132 : Bought 1 shares at price 68,900 | Portfolio Value = 1,079,185.65 | Budget = 63,851.2 | inventory = 3
[ 2024-08-06 16:14:07,030 ] 139 : Sold 13 shares at price 66,600 | Profit = -22,100 | Portfolio Value = 1,058,351.2 | Budget = 929,218.3 | inventory = 2
[ 2024-08-06 16:14:07,235 ] 140 : Sold 1 shares at price 66,600 | Profit = -1,900 | Portfolio Value = 1,062,418.3 | Budget = 995,785.0 | inventory = 1
[ 2024-08-06 16:14:07,776 ] 142 : Bought 3 shares at price 68,200 | Portfolio Value = 1,062,885.0 | Budget = 791,082.7 | inventory = 2
[ 2024-08-06 16:14:08,084 ] 143 : Bought 4 shares at price 67,100 | Portfolio Value = 1,063,882.7 | Budget = 522,548.5 | inventory = 3
[ 2024-08-06 16:14:08,602 ] 145 : Bought 3 shares at price 66,800 | Portfolio Value = 1,056,948.5 | Budget = 322,048.3 | inventory = 4
[ 2024-08-06 16:14:08,814 ] 146 : Bought 4 shares at price 67,100 | Portfolio Value = 1,056,848.3 | Budget = 53,514.1 | inventory = 5
[ 2024-08-06 16:14:10,184 ] 151 : Sold 1 shares at price 70,000 | Profit = 1,100 | Portfolio Value = 1,114,014.1 | Budget = 123,479.1 | inventory = 4
[ 2024-08-06 16:14:10,715 ] 153 : Sold 3 shares at price 70,300 | Profit = 6,300 | Portfolio Value = 1,109,079.1 | Budget = 334,273.65 | inventory = 3
[ 2024-08-06 16:14:10,920 ] 154 : Sold 4 shares at price 70,800 | Profit = 14,800 | Portfolio Value = 1,107,573.65 | Budget = 617,332.05 | inventory = 2
[ 2024-08-06 16:14:11,443 ] 156 : Sold 3 shares at price 70,900 | Profit = 12,300 | Portfolio Value = 1,110,832.05 | Budget = 829,925.7 | inventory = 1
[ 2024-08-06 16:14:11,753 ] 157 : Bought 4 shares at price 71,700 | Portfolio Value = 1,113,525.7 | Budget = 542,982.3 | inventory = 2
[ 2024-08-06 16:14:11,967 ] 158 : Bought 5 shares at price 72,000 | Portfolio Value = 1,116,582.3 | Budget = 182,802.3 | inventory = 3
[ 2024-08-06 16:14:12,332 ] 159 : Sold 4 shares at price 70,200 | Profit = 12,400 | Portfolio Value = 1,118,802.3 | Budget = 463,461.9 | inventory = 2
[ 2024-08-06 16:14:12,546 ] 160 : Bought 2 shares at price 69,800 | Portfolio Value = 1,095,261.9 | Budget = 323,792.1 | inventory = 3
[ 2024-08-06 16:14:13,065 ] 162 : Sold 4 shares at price 68,900 | Profit = -11,200 | Portfolio Value = 1,089,392.1 | Budget = 599,254.3 | inventory = 2
[ 2024-08-06 16:14:13,390 ] 163 : Sold 5 shares at price 68,800 | Profit = -16,000 | Portfolio Value = 1,081,554.3 | Budget = 943,082.3 | inventory = 1
[ 2024-08-06 16:14:13,602 ] 164 : Bought 7 shares at price 69,400 | Portfolio Value = 1,080,682.3 | Budget = 457,039.4 | inventory = 2
[ 2024-08-06 16:14:14,122 ] 166 : Sold 2 shares at price 68,400 | Profit = -2,800 | Portfolio Value = 1,074,439.4 | Budget = 593,771.0 | inventory = 1
[ 2024-08-06 16:14:14,642 ] 168 : Sold 7 shares at price 66,700 | Profit = -18,900 | Portfolio Value = 1,066,271.0 | Budget = 1,060,437.55 | inventory = 0
[ 2024-08-06 16:14:14,957 ] 169 : Bought 4 shares at price 66,000 | Portfolio Value = 1,060,437.55 | Budget = 796,305.55 | inventory = 1
[ 2024-08-06 16:14:16,015 ] 173 : Sold 4 shares at price 68,000 | Profit = 8,000 | Portfolio Value = 1,071,905.55 | Budget = 1,068,169.55 | inventory = 0
[ 2024-08-06 16:14:16,542 ] 175 : Bought 5 shares at price 69,400 | Portfolio Value = 1,068,169.55 | Budget = 720,996.05 | inventory = 1
[ 2024-08-06 16:14:16,750 ] 176 : Sold 5 shares at price 70,500 | Profit = 5,500 | Portfolio Value = 1,067,996.05 | Budget = 1,073,319.8 | inventory = 0
[ 2024-08-06 16:14:17,065 ] 177 : Bought 14 shares at price 69,500 | Portfolio Value = 1,073,319.8 | Budget = 99,833.3 | inventory = 1
[ 2024-08-06 16:14:17,654 ] 179 : Bought 1 shares at price 68,400 | Portfolio Value = 1,063,033.3 | Budget = 31,399.1 | inventory = 2
[ 2024-08-06 16:14:17,870 ] 180 : Sold 14 shares at price 68,500 | Profit = -14,000 | Portfolio Value = 1,057,399.1 | Budget = 989,919.6 | inventory = 1
[ 2024-08-06 16:14:18,283 ] 181 : Bought 8 shares at price 68,000 | Portfolio Value = 1,058,419.6 | Budget = 445,647.6 | inventory = 2
[ 2024-08-06 16:14:18,822 ] 183 : Bought 5 shares at price 67,300 | Portfolio Value = 1,045,947.6 | Budget = 108,979.35 | inventory = 3
[ 2024-08-06 16:14:19,025 ] 184 : Bought 1 shares at price 67,300 | Portfolio Value = 1,051,179.35 | Budget = 41,645.7 | inventory = 4
[ 2024-08-06 16:14:20,844 ] 190 : Sold 1 shares at price 70,900 | Profit = 2,500 | Portfolio Value = 1,105,145.7 | Budget = 112,510.25 | inventory = 3
[ 2024-08-06 16:14:21,407 ] 192 : Sold 8 shares at price 70,300 | Profit = 18,400 | Portfolio Value = 1,091,110.25 | Budget = 674,629.05 | inventory = 2
[ 2024-08-06 16:14:21,736 ] 193 : Sold 5 shares at price 70,500 | Profit = 16,000 | Portfolio Value = 1,096,429.05 | Budget = 1,026,952.8 | inventory = 1
[ 2024-08-06 16:14:21,943 ] 194 : Bought 7 shares at price 70,400 | Portfolio Value = 1,097,452.8 | Budget = 533,906.4 | inventory = 2
[ 2024-08-06 16:14:22,253 ] 195 : Bought 2 shares at price 70,800 | Portfolio Value = 1,097,106.4 | Budget = 392,235.6 | inventory = 3
[ 2024-08-06 16:14:22,773 ] 197 : Sold 1 shares at price 72,800 | Profit = 5,500 | Portfolio Value = 1,114,235.6 | Budget = 464,999.2 | inventory = 2
[ 2024-08-06 16:14:23,499 ] 200 : Bought 1 shares at price 72,800 | Portfolio Value = 1,119,299.2 | Budget = 392,162.8 | inventory = 3
[ 2024-08-06 16:14:23,809 ] 201 : Bought 1 shares at price 72,800 | Portfolio Value = 1,120,162.8 | Budget = 319,326.4 | inventory = 4
[ 2024-08-06 16:14:24,012 ] 202 : Bought 4 shares at price 72,400 | Portfolio Value = 1,120,126.4 | Budget = 29,581.6 | inventory = 5
[ 2024-08-06 16:14:24,810 ] 205 : Sold 7 shares at price 72,700 | Profit = 16,100 | Portfolio Value = 1,099,081.6 | Budget = 538,227.15 | inventory = 4
[ 2024-08-06 16:14:25,304 ] 207 : Bought 1 shares at price 72,800 | Portfolio Value = 1,119,827.15 | Budget = 465,390.75 | inventory = 5
[ 2024-08-06 16:14:25,504 ] 208 : Sold 2 shares at price 72,000 | Profit = 2,400 | Portfolio Value = 1,120,590.75 | Budget = 609,318.75 | inventory = 4
[ 2024-08-06 16:14:25,996 ] 210 : Sold 1 shares at price 71,200 | Profit = -1,600 | Portfolio Value = 1,117,518.75 | Budget = 680,483.15 | inventory = 3
[ 2024-08-06 16:14:26,295 ] 211 : Bought 4 shares at price 71,700 | Portfolio Value = 1,107,683.15 | Budget = 393,539.75 | inventory = 4
[ 2024-08-06 16:14:26,804 ] 213 : Bought 2 shares at price 72,600 | Portfolio Value = 1,108,539.75 | Budget = 248,267.15 | inventory = 5
[ 2024-08-06 16:14:27,055 ] 214 : Bought 1 shares at price 73,000 | Portfolio Value = 1,119,467.15 | Budget = 175,230.65 | inventory = 6
[ 2024-08-06 16:14:27,363 ] 215 : Bought 2 shares at price 73,500 | Portfolio Value = 1,124,230.65 | Budget = 28,157.15 | inventory = 7
[ 2024-08-06 16:14:29,115 ] 222 : Sold 1 shares at price 75,000 | Profit = 2,200 | Portfolio Value = 1,150,157.15 | Budget = 103,119.65 | inventory = 6
[ 2024-08-06 16:14:29,411 ] 223 : Sold 4 shares at price 75,900 | Profit = 14,000 | Portfolio Value = 1,153,119.65 | Budget = 406,567.85 | inventory = 5
[ 2024-08-06 16:14:29,612 ] 224 : Sold 1 shares at price 76,600 | Profit = 3,800 | Portfolio Value = 1,165,567.85 | Budget = 483,129.55 | inventory = 4
[ 2024-08-06 16:14:29,912 ] 225 : Sold 4 shares at price 78,000 | Profit = 25,200 | Portfolio Value = 1,172,529.55 | Budget = 794,973.55 | inventory = 3
[ 2024-08-06 16:14:30,386 ] Episode: 4, Total Reward: 178,121.24, Total Profit: 178,100, Profit Rate: 17.81%
[ 2024-08-06 16:14:30,386 ] ----------------------------------------------------------------------------------------------------
[ 2024-08-06 16:14:30,387 ] Starting Episode 5
[ 2024-08-06 16:14:30,917 ] 3 : Bought 11 shares at price 63,500 | Portfolio Value = 1,000,000.0 | Budget = 301,150.75 | inventory = 1
[ 2024-08-06 16:14:31,119 ] 4 : Bought 1 shares at price 63,800 | Portfolio Value = 999,650.75 | Budget = 237,318.85 | inventory = 2
[ 2024-08-06 16:14:31,428 ] 5 : Bought 3 shares at price 61,600 | Portfolio Value = 1,002,918.85 | Budget = 52,426.45 | inventory = 3
[ 2024-08-06 16:14:32,414 ] 9 : Sold 11 shares at price 62,800 | Profit = -7,700 | Portfolio Value = 997,426.45 | Budget = 742,881.05 | inventory = 2
[ 2024-08-06 16:14:33,110 ] 12 : Sold 1 shares at price 62,200 | Profit = -1,600 | Portfolio Value = 995,681.05 | Budget = 805,049.95 | inventory = 1
[ 2024-08-06 16:14:33,401 ] 13 : Bought 10 shares at price 63,700 | Portfolio Value = 991,649.95 | Budget = 167,731.45 | inventory = 2
[ 2024-08-06 16:14:33,893 ] 15 : Sold 3 shares at price 62,700 | Profit = 3,300 | Portfolio Value = 981,531.45 | Budget = 355,737.4 | inventory = 1
[ 2024-08-06 16:14:34,593 ] 18 : Bought 1 shares at price 62,000 | Portfolio Value = 966,737.4 | Budget = 293,706.4 | inventory = 2
[ 2024-08-06 16:14:34,892 ] 19 : Bought 2 shares at price 61,300 | Portfolio Value = 975,706.4 | Budget = 171,045.1 | inventory = 3
[ 2024-08-06 16:14:35,177 ] 20 : Bought 1 shares at price 60,500 | Portfolio Value = 967,945.1 | Budget = 110,514.85 | inventory = 4
[ 2024-08-06 16:14:35,482 ] 21 : Bought 1 shares at price 60,600 | Portfolio Value = 957,514.85 | Budget = 49,884.55 | inventory = 5
[ 2024-08-06 16:14:36,746 ] 25 : Sold 10 shares at price 60,700 | Profit = -30,000 | Portfolio Value = 972,384.55 | Budget = 656,581.05 | inventory = 4
[ 2024-08-06 16:14:37,298 ] 27 : Sold 1 shares at price 60,100 | Profit = -1,900 | Portfolio Value = 958,081.05 | Budget = 716,651.0 | inventory = 3
[ 2024-08-06 16:14:37,807 ] 29 : Sold 2 shares at price 60,000 | Profit = -2,600 | Portfolio Value = 954,651.0 | Budget = 836,591.0 | inventory = 2
[ 2024-08-06 16:14:38,004 ] 30 : Bought 8 shares at price 59,000 | Portfolio Value = 956,591.0 | Budget = 364,355.0 | inventory = 3
[ 2024-08-06 16:14:38,301 ] 31 : Bought 1 shares at price 59,800 | Portfolio Value = 954,355.0 | Budget = 304,525.1 | inventory = 4
[ 2024-08-06 16:14:38,802 ] 33 : Bought 1 shares at price 61,300 | Portfolio Value = 963,425.1 | Budget = 243,194.45 | inventory = 5
[ 2024-08-06 16:14:39,018 ] 34 : Bought 2 shares at price 60,200 | Portfolio Value = 978,794.45 | Budget = 122,734.25 | inventory = 6
[ 2024-08-06 16:14:39,313 ] 35 : Bought 1 shares at price 60,300 | Portfolio Value = 965,534.25 | Budget = 62,404.1 | inventory = 7
[ 2024-08-06 16:14:39,518 ] 36 : Bought 1 shares at price 61,100 | Portfolio Value = 966,904.1 | Budget = 1,273.55 | inventory = 8
[ 2024-08-06 16:14:40,510 ] 40 : Sold 1 shares at price 62,900 | Profit = 2,400 | Portfolio Value = 994,873.55 | Budget = 64,142.1 | inventory = 7
[ 2024-08-06 16:14:41,004 ] 42 : Bought 1 shares at price 63,200 | Portfolio Value = 1,004,642.1 | Budget = 910.5 | inventory = 8
[ 2024-08-06 16:14:41,996 ] 46 : Sold 1 shares at price 63,900 | Profit = 3,300 | Portfolio Value = 1,018,510.5 | Budget = 64,778.55 | inventory = 7
[ 2024-08-06 16:14:42,294 ] 47 : Bought 1 shares at price 62,300 | Portfolio Value = 1,023,278.55 | Budget = 2,447.4 | inventory = 8
[ 2024-08-06 16:14:42,496 ] 48 : Sold 8 shares at price 65,000 | Profit = 48,000 | Portfolio Value = 999,247.4 | Budget = 522,187.4 | inventory = 7
[ 2024-08-06 16:14:42,860 ] 49 : Sold 1 shares at price 65,700 | Profit = 5,900 | Portfolio Value = 1,042,187.4 | Budget = 587,854.55 | inventory = 6
[ 2024-08-06 16:14:43,061 ] 50 : Bought 2 shares at price 65,900 | Portfolio Value = 1,047,754.55 | Budget = 455,988.65 | inventory = 7
[ 2024-08-06 16:14:43,354 ] 51 : Sold 1 shares at price 66,000 | Profit = 4,700 | Portfolio Value = 1,049,088.65 | Budget = 521,955.65 | inventory = 6
[ 2024-08-06 16:14:43,552 ] 52 : Sold 2 shares at price 66,100 | Profit = 11,800 | Portfolio Value = 1,049,955.65 | Budget = 654,089.55 | inventory = 5
[ 2024-08-06 16:14:44,057 ] 54 : Sold 1 shares at price 65,300 | Profit = 5,000 | Portfolio Value = 1,044,689.55 | Budget = 719,356.9 | inventory = 4
[ 2024-08-06 16:14:44,348 ] 55 : Bought 9 shares at price 65,600 | Portfolio Value = 1,045,856.9 | Budget = 128,661.7 | inventory = 5
[ 2024-08-06 16:14:45,342 ] 59 : Bought 1 shares at price 65,200 | Portfolio Value = 1,048,461.7 | Budget = 63,429.1 | inventory = 6
[ 2024-08-06 16:14:46,067 ] 62 : Sold 1 shares at price 64,600 | Profit = 3,500 | Portfolio Value = 1,024,929.1 | Budget = 127,996.8 | inventory = 5
[ 2024-08-06 16:14:46,392 ] 63 : Sold 1 shares at price 65,500 | Profit = 2,300 | Portfolio Value = 1,032,396.8 | Budget = 193,464.05 | inventory = 4
[ 2024-08-06 16:14:46,593 ] 64 : Sold 1 shares at price 65,700 | Profit = 3,400 | Portfolio Value = 1,044,964.05 | Budget = 259,131.2 | inventory = 3
[ 2024-08-06 16:14:46,936 ] 65 : Sold 2 shares at price 65,400 | Profit = -1,000 | Portfolio Value = 1,047,531.2 | Budget = 389,865.8 | inventory = 2
[ 2024-08-06 16:14:47,456 ] 67 : Sold 9 shares at price 65,900 | Profit = 2,700 | Portfolio Value = 1,040,865.8 | Budget = 982,669.25 | inventory = 1
[ 2024-08-06 16:14:47,694 ] 68 : Bought 10 shares at price 65,300 | Portfolio Value = 1,048,569.25 | Budget = 329,342.75 | inventory = 2
[ 2024-08-06 16:14:48,201 ] 70 : Sold 1 shares at price 64,200 | Profit = -1,000 | Portfolio Value = 1,039,942.75 | Budget = 393,510.65 | inventory = 1
[ 2024-08-06 16:14:48,500 ] 71 : Bought 6 shares at price 64,100 | Portfolio Value = 1,035,510.65 | Budget = 8,718.35 | inventory = 2
[ 2024-08-06 16:14:49,506 ] 75 : Sold 10 shares at price 66,200 | Profit = 9,000 | Portfolio Value = 1,048,718.35 | Budget = 670,387.35 | inventory = 1
[ 2024-08-06 16:14:50,009 ] 77 : Sold 6 shares at price 68,500 | Profit = 26,400 | Portfolio Value = 1,080,787.35 | Budget = 1,081,181.85 | inventory = 0
[ 2024-08-06 16:14:52,231 ] 85 : Bought 10 shares at price 72,200 | Portfolio Value = 1,081,181.85 | Budget = 358,820.85 | inventory = 1
[ 2024-08-06 16:14:52,447 ] 86 : Bought 4 shares at price 71,700 | Portfolio Value = 1,080,820.85 | Budget = 71,877.45 | inventory = 2
[ 2024-08-06 16:14:52,991 ] 88 : Sold 10 shares at price 70,900 | Profit = -13,000 | Portfolio Value = 1,065,877.45 | Budget = 780,522.95 | inventory = 1
[ 2024-08-06 16:14:53,299 ] 89 : Bought 7 shares at price 72,000 | Portfolio Value = 1,064,122.95 | Budget = 276,270.95 | inventory = 2
[ 2024-08-06 16:14:53,507 ] 90 : Sold 4 shares at price 71,000 | Profit = -2,800 | Portfolio Value = 1,068,270.95 | Budget = 560,128.95 | inventory = 1
[ 2024-08-06 16:14:54,377 ] 93 : Bought 6 shares at price 71,500 | Portfolio Value = 1,063,428.95 | Budget = 130,914.45 | inventory = 2
[ 2024-08-06 16:14:54,582 ] 94 : Sold 7 shares at price 71,800 | Profit = -1,400 | Portfolio Value = 1,060,414.45 | Budget = 633,263.15 | inventory = 1
[ 2024-08-06 16:14:54,943 ] 95 : Sold 6 shares at price 71,200 | Profit = -1,800 | Portfolio Value = 1,064,063.15 | Budget = 1,060,249.55 | inventory = 0
[ 2024-08-06 16:14:55,944 ] 99 : Bought 13 shares at price 71,600 | Portfolio Value = 1,060,249.55 | Budget = 128,984.15 | inventory = 1
[ 2024-08-06 16:14:56,442 ] 101 : Bought 1 shares at price 72,600 | Portfolio Value = 1,070,184.15 | Budget = 56,347.85 | inventory = 2
[ 2024-08-06 16:14:56,986 ] 103 : Sold 13 shares at price 72,400 | Profit = 10,400 | Portfolio Value = 1,074,147.85 | Budget = 997,077.25 | inventory = 1
[ 2024-08-06 16:14:57,589 ] 105 : Sold 1 shares at price 73,000 | Profit = 400 | Portfolio Value = 1,069,277.25 | Budget = 1,070,040.75 | inventory = 0
[ 2024-08-06 16:14:59,724 ] 112 : Bought 8 shares at price 71,900 | Portfolio Value = 1,070,040.75 | Budget = 494,553.15 | inventory = 1
[ 2024-08-06 16:15:00,189 ] 113 : Sold 8 shares at price 71,900 | Profit = 0 | Portfolio Value = 1,069,753.15 | Budget = 1,069,465.55 | inventory = 0
[ 2024-08-06 16:15:02,112 ] 120 : Bought 7 shares at price 70,400 | Portfolio Value = 1,069,465.55 | Budget = 576,419.15 | inventory = 1
[ 2024-08-06 16:15:02,621 ] 122 : Sold 7 shares at price 69,800 | Profit = -4,200 | Portfolio Value = 1,066,419.15 | Budget = 1,064,774.85 | inventory = 0
[ 2024-08-06 16:15:04,029 ] 127 : Bought 14 shares at price 69,900 | Portfolio Value = 1,064,774.85 | Budget = 85,685.55 | inventory = 1
[ 2024-08-06 16:15:04,234 ] 128 : Bought 1 shares at price 68,800 | Portfolio Value = 1,064,285.55 | Budget = 16,851.15 | inventory = 2
[ 2024-08-06 16:15:05,330 ] 132 : Sold 14 shares at price 68,900 | Profit = -14,000 | Portfolio Value = 1,030,851.15 | Budget = 980,968.85 | inventory = 1
[ 2024-08-06 16:15:05,638 ] 133 : Sold 1 shares at price 68,000 | Profit = -800 | Portfolio Value = 1,049,868.85 | Budget = 1,048,934.85 | inventory = 0
[ 2024-08-06 16:15:05,842 ] 134 : Bought 13 shares at price 67,500 | Portfolio Value = 1,048,934.85 | Budget = 170,996.1 | inventory = 1
[ 2024-08-06 16:15:06,348 ] 136 : Sold 13 shares at price 67,000 | Profit = -6,500 | Portfolio Value = 1,045,896.1 | Budget = 1,041,560.6 | inventory = 0
[ 2024-08-06 16:15:06,659 ] 137 : Bought 7 shares at price 66,700 | Portfolio Value = 1,041,560.6 | Budget = 574,427.15 | inventory = 1
[ 2024-08-06 16:15:08,168 ] 141 : Sold 7 shares at price 67,100 | Profit = 2,800 | Portfolio Value = 1,040,627.15 | Budget = 1,043,892.3 | inventory = 0
[ 2024-08-06 16:15:08,394 ] 142 : Bought 8 shares at price 68,200 | Portfolio Value = 1,043,892.3 | Budget = 498,019.5 | inventory = 1
[ 2024-08-06 16:15:09,332 ] 143 : Sold 8 shares at price 67,100 | Profit = -8,800 | Portfolio Value = 1,043,619.5 | Budget = 1,034,551.1 | inventory = 0
[ 2024-08-06 16:15:09,878 ] 144 : Bought 6 shares at price 66,800 | Portfolio Value = 1,034,551.1 | Budget = 633,550.7 | inventory = 1
[ 2024-08-06 16:15:10,537 ] 146 : Sold 6 shares at price 67,100 | Profit = 1,800 | Portfolio Value = 1,034,350.7 | Budget = 1,035,949.4 | inventory = 0
[ 2024-08-06 16:15:10,865 ] 147 : Bought 11 shares at price 66,900 | Portfolio Value = 1,035,949.4 | Budget = 299,681.45 | inventory = 1
[ 2024-08-06 16:15:11,078 ] 148 : Sold 11 shares at price 71,000 | Profit = 45,100 | Portfolio Value = 1,035,581.45 | Budget = 1,080,290.95 | inventory = 0
[ 2024-08-06 16:15:11,403 ] 149 : Bought 6 shares at price 71,200 | Portfolio Value = 1,080,290.95 | Budget = 652,877.35 | inventory = 1
[ 2024-08-06 16:15:11,618 ] 150 : Bought 1 shares at price 70,700 | Portfolio Value = 1,080,077.35 | Budget = 582,142.0 | inventory = 2
[ 2024-08-06 16:15:11,933 ] 151 : Sold 6 shares at price 70,000 | Profit = -7,200 | Portfolio Value = 1,077,042.0 | Budget = 1,001,932.0 | inventory = 1
[ 2024-08-06 16:15:12,148 ] 152 : Sold 1 shares at price 70,400 | Profit = -300 | Portfolio Value = 1,071,932.0 | Budget = 1,072,296.8 | inventory = 0
[ 2024-08-06 16:15:12,457 ] 153 : Bought 8 shares at price 70,300 | Portfolio Value = 1,072,296.8 | Budget = 509,615.6 | inventory = 1
[ 2024-08-06 16:15:12,669 ] 154 : Sold 8 shares at price 70,800 | Profit = 4,000 | Portfolio Value = 1,072,015.6 | Budget = 1,075,732.4 | inventory = 0
[ 2024-08-06 16:15:12,973 ] 155 : Bought 6 shares at price 70,500 | Portfolio Value = 1,075,732.4 | Budget = 652,520.9 | inventory = 1
[ 2024-08-06 16:15:13,177 ] 156 : Bought 1 shares at price 70,900 | Portfolio Value = 1,075,520.9 | Budget = 581,585.45 | inventory = 2
[ 2024-08-06 16:15:13,538 ] 157 : Sold 6 shares at price 71,700 | Profit = 7,200 | Portfolio Value = 1,077,885.45 | Budget = 1,011,570.35 | inventory = 1
[ 2024-08-06 16:15:13,749 ] 158 : Bought 5 shares at price 72,000 | Portfolio Value = 1,083,270.35 | Budget = 651,390.35 | inventory = 2
[ 2024-08-06 16:15:14,347 ] 160 : Bought 3 shares at price 69,800 | Portfolio Value = 1,072,590.35 | Budget = 441,885.65 | inventory = 3
[ 2024-08-06 16:15:14,652 ] 161 : Bought 6 shares at price 69,600 | Portfolio Value = 1,070,085.65 | Budget = 24,076.85 | inventory = 4
[ 2024-08-06 16:15:15,201 ] 163 : Sold 1 shares at price 68,800 | Profit = -2,100 | Portfolio Value = 1,057,576.85 | Budget = 92,842.45 | inventory = 3
[ 2024-08-06 16:15:15,537 ] 164 : Bought 1 shares at price 69,400 | Portfolio Value = 1,056,042.45 | Budget = 23,407.75 | inventory = 4
[ 2024-08-06 16:15:16,043 ] 166 : Sold 5 shares at price 68,400 | Profit = -18,000 | Portfolio Value = 1,052,407.75 | Budget = 365,236.75 | inventory = 3
[ 2024-08-06 16:15:17,041 ] 170 : Bought 1 shares at price 66,400 | Portfolio Value = 1,025,236.75 | Budget = 298,803.55 | inventory = 4
[ 2024-08-06 16:15:17,336 ] 171 : Sold 3 shares at price 68,200 | Profit = -4,800 | Portfolio Value = 1,029,203.55 | Budget = 503,301.25 | inventory = 3
[ 2024-08-06 16:15:17,903 ] 173 : Bought 4 shares at price 68,000 | Portfolio Value = 1,054,501.25 | Budget = 231,165.25 | inventory = 4
[ 2024-08-06 16:15:18,402 ] 175 : Sold 6 shares at price 69,400 | Profit = -1,200 | Portfolio Value = 1,038,765.25 | Budget = 647,357.05 | inventory = 3
[ 2024-08-06 16:15:18,632 ] 176 : Bought 1 shares at price 70,500 | Portfolio Value = 1,063,757.05 | Budget = 576,821.8 | inventory = 4
[ 2024-08-06 16:15:18,930 ] 177 : Sold 1 shares at price 69,500 | Profit = 100 | Portfolio Value = 1,070,321.8 | Budget = 646,287.05 | inventory = 3
[ 2024-08-06 16:15:19,134 ] 178 : Bought 1 shares at price 68,800 | Portfolio Value = 1,063,287.05 | Budget = 577,452.65 | inventory = 4
[ 2024-08-06 16:15:19,633 ] 180 : Sold 1 shares at price 68,500 | Profit = 2,100 | Portfolio Value = 1,056,252.65 | Budget = 645,918.4 | inventory = 3
[ 2024-08-06 16:15:20,137 ] 182 : Sold 4 shares at price 66,700 | Profit = -5,200 | Portfolio Value = 1,053,918.4 | Budget = 912,585.0 | inventory = 2
[ 2024-08-06 16:15:20,431 ] 183 : Bought 9 shares at price 67,300 | Portfolio Value = 1,045,985.0 | Budget = 306,582.15 | inventory = 3
[ 2024-08-06 16:15:20,632 ] 184 : Sold 1 shares at price 67,300 | Profit = -3,200 | Portfolio Value = 1,046,882.15 | Budget = 373,848.5 | inventory = 2
[ 2024-08-06 16:15:21,148 ] 186 : Sold 1 shares at price 68,600 | Profit = -200 | Portfolio Value = 1,042,848.5 | Budget = 442,414.2 | inventory = 1
[ 2024-08-06 16:15:21,442 ] 187 : Sold 9 shares at price 69,700 | Profit = 21,600 | Portfolio Value = 1,059,814.2 | Budget = 1,069,400.55 | inventory = 0
[ 2024-08-06 16:15:21,641 ] 188 : Bought 5 shares at price 69,600 | Portfolio Value = 1,069,400.55 | Budget = 721,226.55 | inventory = 1
[ 2024-08-06 16:15:21,983 ] 189 : Sold 5 shares at price 70,900 | Profit = 6,500 | Portfolio Value = 1,069,226.55 | Budget = 1,075,549.3 | inventory = 0
[ 2024-08-06 16:15:22,180 ] 190 : Bought 10 shares at price 70,900 | Portfolio Value = 1,075,549.3 | Budget = 366,194.8 | inventory = 1
[ 2024-08-06 16:15:22,683 ] 192 : Sold 10 shares at price 70,300 | Profit = -6,000 | Portfolio Value = 1,065,194.8 | Budget = 1,068,843.3 | inventory = 0
[ 2024-08-06 16:15:24,743 ] 200 : Bought 4 shares at price 72,800 | Portfolio Value = 1,068,843.3 | Budget = 777,497.7 | inventory = 1
[ 2024-08-06 16:15:25,040 ] 201 : Bought 9 shares at price 72,800 | Portfolio Value = 1,068,697.7 | Budget = 121,970.1 | inventory = 2
[ 2024-08-06 16:15:25,531 ] 203 : Bought 1 shares at price 71,700 | Portfolio Value = 1,063,170.1 | Budget = 50,234.25 | inventory = 3
[ 2024-08-06 16:15:26,517 ] 207 : Sold 4 shares at price 72,800 | Profit = 0 | Portfolio Value = 1,068,034.25 | Budget = 341,288.65 | inventory = 2
[ 2024-08-06 16:15:26,715 ] 208 : Sold 9 shares at price 72,000 | Profit = -7,200 | Portfolio Value = 1,069,288.65 | Budget = 988,964.65 | inventory = 1
[ 2024-08-06 16:15:27,013 ] 209 : Bought 13 shares at price 72,600 | Portfolio Value = 1,060,964.65 | Budget = 44,692.75 | inventory = 2
[ 2024-08-06 16:15:28,247 ] 214 : Sold 1 shares at price 73,000 | Profit = 1,300 | Portfolio Value = 1,061,092.75 | Budget = 117,656.25 | inventory = 1
[ 2024-08-06 16:15:28,549 ] 215 : Sold 13 shares at price 73,500 | Profit = 11,700 | Portfolio Value = 1,066,656.25 | Budget = 1,072,678.5 | inventory = 0
[ 2024-08-06 16:15:28,755 ] 216 : Bought 5 shares at price 72,800 | Portfolio Value = 1,072,678.5 | Budget = 708,496.5 | inventory = 1
[ 2024-08-06 16:15:29,253 ] 218 : Bought 2 shares at price 73,300 | Portfolio Value = 1,073,996.5 | Budget = 561,823.2 | inventory = 2
[ 2024-08-06 16:15:29,550 ] 219 : Bought 3 shares at price 72,900 | Portfolio Value = 1,074,923.2 | Budget = 343,013.85 | inventory = 3
[ 2024-08-06 16:15:29,750 ] 220 : Bought 3 shares at price 73,400 | Portfolio Value = 1,072,013.85 | Budget = 122,703.75 | inventory = 4
[ 2024-08-06 16:15:30,242 ] 222 : Bought 1 shares at price 75,000 | Portfolio Value = 1,095,103.75 | Budget = 47,666.25 | inventory = 5
[ 2024-08-06 16:15:30,535 ] 223 : Sold 5 shares at price 75,900 | Profit = 15,500 | Portfolio Value = 1,097,666.25 | Budget = 426,976.5 | inventory = 4
[ 2024-08-06 16:15:31,094 ] 225 : Bought 3 shares at price 78,000 | Portfolio Value = 1,116,376.5 | Budget = 192,859.5 | inventory = 5
[ 2024-08-06 16:15:31,575 ] Episode: 5, Total Reward: 107,716.32, Total Profit: 107,700, Profit Rate: 10.77%
[ 2024-08-06 16:15:31,575 ] ----------------------------------------------------------------------------------------------------
[ 2024-08-06 16:15:31,575 ] Starting Episode 6
[ 2024-08-06 16:15:32,095 ] 3 : Bought 7 shares at price 63,500 | Portfolio Value = 1,000,000.0 | Budget = 555,277.75 | inventory = 1
[ 2024-08-06 16:15:32,297 ] 4 : Sold 7 shares at price 63,800 | Profit = 2,100 | Portfolio Value = 999,777.75 | Budget = 1,001,654.45 | inventory = 0
[ 2024-08-06 16:15:32,594 ] 5 : Bought 3 shares at price 61,600 | Portfolio Value = 1,001,654.45 | Budget = 816,762.05 | inventory = 1
[ 2024-08-06 16:15:33,088 ] 7 : Sold 3 shares at price 63,100 | Profit = 4,500 | Portfolio Value = 1,002,462.05 | Budget = 1,005,967.4 | inventory = 0
[ 2024-08-06 16:15:34,066 ] 11 : Bought 9 shares at price 63,200 | Portfolio Value = 1,005,967.4 | Budget = 436,883.0 | inventory = 1
[ 2024-08-06 16:15:34,263 ] 12 : Sold 9 shares at price 62,200 | Profit = -9,000 | Portfolio Value = 1,005,683.0 | Budget = 996,403.1 | inventory = 0
[ 2024-08-06 16:15:35,565 ] 17 : Bought 5 shares at price 61,100 | Portfolio Value = 996,403.1 | Budget = 690,750.35 | inventory = 1
[ 2024-08-06 16:15:35,853 ] 18 : Sold 5 shares at price 62,000 | Profit = 4,500 | Portfolio Value = 996,250.35 | Budget = 1,000,595.35 | inventory = 0
[ 2024-08-06 16:15:37,189 ] 23 : Bought 14 shares at price 60,500 | Portfolio Value = 1,000,595.35 | Budget = 153,171.85 | inventory = 1
[ 2024-08-06 16:15:37,391 ] 24 : Sold 14 shares at price 61,500 | Profit = 14,000 | Portfolio Value = 1,000,171.85 | Budget = 1,013,741.35 | inventory = 0
[ 2024-08-06 16:15:38,178 ] 27 : Bought 15 shares at price 60,100 | Portfolio Value = 1,013,741.35 | Budget = 111,790.6 | inventory = 1
[ 2024-08-06 16:15:38,377 ] 28 : Sold 15 shares at price 59,500 | Profit = -9,000 | Portfolio Value = 1,013,290.6 | Budget = 1,003,844.35 | inventory = 0
[ 2024-08-06 16:15:38,924 ] 30 : Bought 1 shares at price 59,000 | Portfolio Value = 1,003,844.35 | Budget = 944,814.85 | inventory = 1
[ 2024-08-06 16:15:39,919 ] 34 : Bought 5 shares at price 60,200 | Portfolio Value = 1,006,114.85 | Budget = 643,664.35 | inventory = 2
[ 2024-08-06 16:15:40,215 ] 35 : Bought 5 shares at price 60,300 | Portfolio Value = 1,004,864.35 | Budget = 342,013.6 | inventory = 3
[ 2024-08-06 16:15:40,428 ] 36 : Bought 4 shares at price 61,100 | Portfolio Value = 1,005,313.6 | Budget = 97,491.4 | inventory = 4
[ 2024-08-06 16:15:40,732 ] 37 : Bought 1 shares at price 62,300 | Portfolio Value = 1,013,991.4 | Budget = 35,160.25 | inventory = 5
[ 2024-08-06 16:15:41,478 ] 40 : Sold 1 shares at price 62,900 | Profit = 3,900 | Portfolio Value = 1,028,760.25 | Budget = 98,028.8 | inventory = 4
[ 2024-08-06 16:15:41,984 ] 42 : Sold 5 shares at price 63,200 | Profit = 15,000 | Portfolio Value = 1,038,528.8 | Budget = 413,870.8 | inventory = 3
[ 2024-08-06 16:15:42,312 ] 43 : Sold 5 shares at price 64,000 | Profit = 18,500 | Portfolio Value = 1,045,870.8 | Budget = 733,710.8 | inventory = 2
[ 2024-08-06 16:15:42,511 ] 44 : Sold 4 shares at price 63,100 | Profit = 8,000 | Portfolio Value = 1,053,710.8 | Budget = 985,984.6 | inventory = 1
[ 2024-08-06 16:15:43,473 ] 47 : Bought 3 shares at price 62,300 | Portfolio Value = 1,049,884.6 | Budget = 798,991.15 | inventory = 2
[ 2024-08-06 16:15:43,991 ] 49 : Bought 9 shares at price 65,700 | Portfolio Value = 1,058,991.15 | Budget = 207,395.5 | inventory = 3
[ 2024-08-06 16:15:44,240 ] 50 : Bought 3 shares at price 65,900 | Portfolio Value = 1,061,495.5 | Budget = 9,596.65 | inventory = 4
[ 2024-08-06 16:15:44,625 ] 51 : Sold 1 shares at price 66,000 | Profit = 3,700 | Portfolio Value = 1,063,996.65 | Budget = 75,563.65 | inventory = 3
[ 2024-08-06 16:15:44,914 ] 52 : Bought 1 shares at price 66,100 | Portfolio Value = 1,065,563.65 | Budget = 9,430.6 | inventory = 4
[ 2024-08-06 16:15:45,271 ] 53 : Sold 3 shares at price 65,100 | Profit = 8,400 | Portfolio Value = 1,067,030.6 | Budget = 204,632.95 | inventory = 3
[ 2024-08-06 16:15:45,890 ] 55 : Bought 2 shares at price 65,600 | Portfolio Value = 1,053,532.95 | Budget = 73,367.35 | inventory = 4
[ 2024-08-06 16:15:46,117 ] 56 : Bought 1 shares at price 65,500 | Portfolio Value = 1,057,367.35 | Budget = 7,834.6 | inventory = 5
[ 2024-08-06 16:15:46,592 ] 57 : Sold 9 shares at price 65,300 | Profit = -3,600 | Portfolio Value = 1,055,834.6 | Budget = 595,240.75 | inventory = 4
[ 2024-08-06 16:15:46,823 ] 58 : Sold 3 shares at price 65,700 | Profit = -600 | Portfolio Value = 1,052,340.75 | Budget = 792,242.2 | inventory = 3
[ 2024-08-06 16:15:47,365 ] 60 : Bought 2 shares at price 63,600 | Portfolio Value = 1,053,042.2 | Budget = 664,978.6 | inventory = 4
[ 2024-08-06 16:15:47,681 ] 61 : Bought 8 shares at price 64,100 | Portfolio Value = 1,046,578.6 | Budget = 151,922.2 | inventory = 5
[ 2024-08-06 16:15:47,884 ] 62 : Bought 1 shares at price 64,600 | Portfolio Value = 1,049,322.2 | Budget = 87,289.9 | inventory = 6
[ 2024-08-06 16:15:48,176 ] 63 : Sold 1 shares at price 65,500 | Profit = -600 | Portfolio Value = 1,056,289.9 | Budget = 152,757.15 | inventory = 5
[ 2024-08-06 16:15:48,379 ] 64 : Bought 2 shares at price 65,700 | Portfolio Value = 1,069,757.15 | Budget = 21,291.45 | inventory = 6
[ 2024-08-06 16:15:48,887 ] 66 : Sold 2 shares at price 65,100 | Profit = -1,000 | Portfolio Value = 1,067,691.45 | Budget = 151,426.35 | inventory = 5
[ 2024-08-06 16:15:49,179 ] 67 : Bought 1 shares at price 65,900 | Portfolio Value = 1,062,826.35 | Budget = 85,493.4 | inventory = 6
[ 2024-08-06 16:15:49,402 ] 68 : Sold 1 shares at price 65,300 | Profit = -200 | Portfolio Value = 1,073,993.4 | Budget = 150,760.75 | inventory = 5
[ 2024-08-06 16:15:49,714 ] 69 : Bought 1 shares at price 64,600 | Portfolio Value = 1,064,960.75 | Budget = 86,128.45 | inventory = 6
[ 2024-08-06 16:15:49,975 ] 70 : Bought 1 shares at price 64,200 | Portfolio Value = 1,055,128.45 | Budget = 21,896.35 | inventory = 7
[ 2024-08-06 16:15:52,605 ] 80 : Sold 2 shares at price 68,800 | Profit = 10,400 | Portfolio Value = 1,117,896.35 | Budget = 159,427.55 | inventory = 6
[ 2024-08-06 16:15:53,122 ] 82 : Sold 8 shares at price 72,300 | Profit = 65,600 | Portfolio Value = 1,143,627.55 | Budget = 737,538.35 | inventory = 5
[ 2024-08-06 16:15:53,473 ] 83 : Sold 1 shares at price 71,400 | Profit = 6,800 | Portfolio Value = 1,171,338.35 | Budget = 808,902.65 | inventory = 4
[ 2024-08-06 16:15:54,041 ] 85 : Sold 2 shares at price 72,200 | Profit = 13,000 | Portfolio Value = 1,163,402.65 | Budget = 953,230.45 | inventory = 3
[ 2024-08-06 16:15:54,252 ] 86 : Sold 1 shares at price 71,700 | Profit = 5,800 | Portfolio Value = 1,169,830.45 | Budget = 1,024,894.6 | inventory = 2
[ 2024-08-06 16:15:55,057 ] 89 : Sold 1 shares at price 72,000 | Profit = 7,400 | Portfolio Value = 1,166,694.6 | Budget = 1,096,858.6 | inventory = 1
[ 2024-08-06 16:15:55,595 ] 91 : Sold 1 shares at price 72,000 | Profit = 7,800 | Portfolio Value = 1,167,858.6 | Budget = 1,168,822.6 | inventory = 0
[ 2024-08-06 16:15:55,802 ] 92 : Bought 9 shares at price 71,900 | Portfolio Value = 1,168,822.6 | Budget = 521,399.05 | inventory = 1
[ 2024-08-06 16:15:56,100 ] 93 : Bought 2 shares at price 71,500 | Portfolio Value = 1,168,499.05 | Budget = 378,327.55 | inventory = 2
[ 2024-08-06 16:15:56,357 ] 94 : Bought 2 shares at price 71,800 | Portfolio Value = 1,164,827.55 | Budget = 234,655.75 | inventory = 3
[ 2024-08-06 16:15:56,673 ] 95 : Sold 9 shares at price 71,200 | Profit = -6,300 | Portfolio Value = 1,168,055.75 | Budget = 875,135.35 | inventory = 2
[ 2024-08-06 16:15:57,208 ] 97 : Sold 2 shares at price 70,500 | Profit = -2,000 | Portfolio Value = 1,160,735.35 | Budget = 1,016,064.85 | inventory = 1
[ 2024-08-06 16:15:58,226 ] 101 : Bought 13 shares at price 72,600 | Portfolio Value = 1,160,864.85 | Budget = 71,792.95 | inventory = 2
[ 2024-08-06 16:15:58,446 ] 102 : Sold 2 shares at price 72,700 | Profit = 1,800 | Portfolio Value = 1,160,792.95 | Budget = 217,120.25 | inventory = 1
[ 2024-08-06 16:15:58,767 ] 103 : Sold 13 shares at price 72,400 | Profit = -2,600 | Portfolio Value = 1,162,220.25 | Budget = 1,157,849.65 | inventory = 0
[ 2024-08-06 16:15:58,970 ] 104 : Bought 7 shares at price 72,200 | Portfolio Value = 1,157,849.65 | Budget = 652,196.95 | inventory = 1
[ 2024-08-06 16:15:59,301 ] 105 : Bought 8 shares at price 73,000 | Portfolio Value = 1,157,596.95 | Budget = 67,904.95 | inventory = 2
[ 2024-08-06 16:15:59,831 ] 107 : Sold 7 shares at price 72,000 | Profit = -1,400 | Portfolio Value = 1,162,904.95 | Budget = 571,652.95 | inventory = 1
[ 2024-08-06 16:16:00,047 ] 108 : Bought 1 shares at price 71,600 | Portfolio Value = 1,147,652.95 | Budget = 500,017.15 | inventory = 2
[ 2024-08-06 16:16:00,346 ] 109 : Bought 2 shares at price 69,900 | Portfolio Value = 1,144,417.15 | Budget = 360,147.25 | inventory = 3
[ 2024-08-06 16:16:00,545 ] 110 : Bought 2 shares at price 69,500 | Portfolio Value = 1,129,047.25 | Budget = 221,077.75 | inventory = 4
[ 2024-08-06 16:16:00,860 ] 111 : Sold 8 shares at price 71,500 | Profit = -12,000 | Portfolio Value = 1,124,577.75 | Budget = 792,791.75 | inventory = 3
[ 2024-08-06 16:16:01,075 ] 112 : Bought 6 shares at price 71,900 | Portfolio Value = 1,150,291.75 | Budget = 361,176.05 | inventory = 4
[ 2024-08-06 16:16:01,395 ] 113 : Sold 1 shares at price 71,900 | Profit = 300 | Portfolio Value = 1,152,076.05 | Budget = 433,040.1 | inventory = 3
[ 2024-08-06 16:16:01,914 ] 115 : Sold 2 shares at price 73,300 | Profit = 6,800 | Portfolio Value = 1,167,040.1 | Budget = 579,566.8 | inventory = 2
[ 2024-08-06 16:16:02,514 ] 117 : Bought 6 shares at price 71,700 | Portfolio Value = 1,155,566.8 | Budget = 149,151.7 | inventory = 3
[ 2024-08-06 16:16:02,718 ] 118 : Bought 2 shares at price 71,000 | Portfolio Value = 1,152,951.7 | Budget = 7,080.7 | inventory = 4
[ 2024-08-06 16:16:03,796 ] 122 : Sold 2 shares at price 69,800 | Profit = 600 | Portfolio Value = 1,127,080.7 | Budget = 146,610.9 | inventory = 3
[ 2024-08-06 16:16:04,098 ] 123 : Sold 6 shares at price 71,700 | Profit = -1,200 | Portfolio Value = 1,123,810.9 | Budget = 576,595.8 | inventory = 2
[ 2024-08-06 16:16:04,605 ] 125 : Sold 6 shares at price 69,800 | Profit = -11,400 | Portfolio Value = 1,141,395.8 | Budget = 995,186.4 | inventory = 1
[ 2024-08-06 16:16:04,811 ] 126 : Sold 2 shares at price 71,100 | Profit = 200 | Portfolio Value = 1,134,786.4 | Budget = 1,137,315.3 | inventory = 0
[ 2024-08-06 16:16:05,631 ] 129 : Bought 11 shares at price 68,300 | Portfolio Value = 1,137,315.3 | Budget = 385,639.65 | inventory = 1
[ 2024-08-06 16:16:05,839 ] 130 : Bought 1 shares at price 68,500 | Portfolio Value = 1,136,939.65 | Budget = 317,105.4 | inventory = 2
[ 2024-08-06 16:16:06,129 ] 131 : Bought 2 shares at price 67,600 | Portfolio Value = 1,139,105.4 | Budget = 181,837.8 | inventory = 3
[ 2024-08-06 16:16:06,622 ] 133 : Bought 1 shares at price 68,000 | Portfolio Value = 1,146,437.8 | Budget = 113,803.8 | inventory = 4
[ 2024-08-06 16:16:07,112 ] 135 : Sold 11 shares at price 67,300 | Profit = -11,000 | Portfolio Value = 1,126,303.8 | Budget = 853,733.65 | inventory = 3
[ 2024-08-06 16:16:07,308 ] 136 : Bought 4 shares at price 67,000 | Portfolio Value = 1,122,933.65 | Budget = 585,599.65 | inventory = 4
[ 2024-08-06 16:16:07,807 ] 138 : Sold 1 shares at price 66,300 | Profit = -2,200 | Portfolio Value = 1,119,199.65 | Budget = 651,866.5 | inventory = 3
[ 2024-08-06 16:16:08,103 ] 139 : Bought 2 shares at price 66,600 | Portfolio Value = 1,115,966.5 | Budget = 518,599.9 | inventory = 4
[ 2024-08-06 16:16:08,303 ] 140 : Bought 1 shares at price 66,600 | Portfolio Value = 1,117,999.9 | Budget = 451,966.6 | inventory = 5
[ 2024-08-06 16:16:08,825 ] 142 : Bought 1 shares at price 68,200 | Portfolio Value = 1,122,966.6 | Budget = 383,732.5 | inventory = 6
[ 2024-08-06 16:16:09,137 ] 143 : Sold 2 shares at price 67,100 | Profit = -1,000 | Portfolio Value = 1,133,932.5 | Budget = 517,865.4 | inventory = 5
[ 2024-08-06 16:16:09,336 ] 144 : Bought 3 shares at price 66,800 | Portfolio Value = 1,121,765.4 | Budget = 317,365.2 | inventory = 6
[ 2024-08-06 16:16:09,635 ] 145 : Bought 2 shares at price 66,800 | Portfolio Value = 1,118,965.2 | Budget = 183,698.4 | inventory = 7
[ 2024-08-06 16:16:10,189 ] 147 : Bought 2 shares at price 66,900 | Portfolio Value = 1,123,098.4 | Budget = 49,831.5 | inventory = 8
[ 2024-08-06 16:16:10,393 ] 148 : Sold 1 shares at price 71,000 | Profit = 3,000 | Portfolio Value = 1,120,231.5 | Budget = 120,796.0 | inventory = 7
[ 2024-08-06 16:16:10,719 ] 149 : Bought 1 shares at price 71,200 | Portfolio Value = 1,185,796.0 | Budget = 49,560.4 | inventory = 8
[ 2024-08-06 16:16:11,967 ] 154 : Sold 4 shares at price 70,800 | Profit = 15,200 | Portfolio Value = 1,174,360.4 | Budget = 332,618.8 | inventory = 7
[ 2024-08-06 16:16:12,291 ] 155 : Sold 2 shares at price 70,500 | Profit = 7,800 | Portfolio Value = 1,182,218.8 | Budget = 473,548.3 | inventory = 6
[ 2024-08-06 16:16:12,498 ] 156 : Bought 2 shares at price 70,900 | Portfolio Value = 1,178,548.3 | Budget = 331,677.4 | inventory = 7
[ 2024-08-06 16:16:12,799 ] 157 : Sold 1 shares at price 71,700 | Profit = 5,100 | Portfolio Value = 1,182,477.4 | Budget = 403,341.55 | inventory = 6
[ 2024-08-06 16:16:13,005 ] 158 : Bought 1 shares at price 72,000 | Portfolio Value = 1,192,041.55 | Budget = 331,305.55 | inventory = 7
[ 2024-08-06 16:16:13,805 ] 161 : Sold 1 shares at price 69,600 | Profit = 1,400 | Portfolio Value = 1,168,905.55 | Budget = 400,870.75 | inventory = 6
[ 2024-08-06 16:16:14,338 ] 163 : Sold 3 shares at price 68,800 | Profit = 6,000 | Portfolio Value = 1,158,770.75 | Budget = 607,167.55 | inventory = 5
[ 2024-08-06 16:16:14,545 ] 164 : Sold 2 shares at price 69,400 | Profit = 5,200 | Portfolio Value = 1,157,567.55 | Budget = 745,898.15 | inventory = 4
[ 2024-08-06 16:16:15,553 ] 168 : Bought 3 shares at price 66,700 | Portfolio Value = 1,150,898.15 | Budget = 545,698.1 | inventory = 5
[ 2024-08-06 16:16:16,043 ] 170 : Bought 6 shares at price 66,400 | Portfolio Value = 1,139,698.1 | Budget = 147,098.9 | inventory = 6
[ 2024-08-06 16:16:17,040 ] 174 : Sold 2 shares at price 67,300 | Profit = 800 | Portfolio Value = 1,167,098.9 | Budget = 281,631.6 | inventory = 5
[ 2024-08-06 16:16:17,559 ] 176 : Sold 1 shares at price 70,500 | Profit = -700 | Portfolio Value = 1,183,831.6 | Budget = 352,096.35 | inventory = 4
[ 2024-08-06 16:16:17,858 ] 177 : Bought 5 shares at price 69,500 | Portfolio Value = 1,198,096.35 | Budget = 4,422.6 | inventory = 5
[ 2024-08-06 16:16:21,192 ] 190 : Sold 2 shares at price 70,900 | Profit = 0 | Portfolio Value = 1,209,722.6 | Budget = 146,151.7 | inventory = 4
[ 2024-08-06 16:16:21,486 ] 191 : Bought 1 shares at price 69,900 | Portfolio Value = 1,209,651.7 | Budget = 76,216.75 | inventory = 5
[ 2024-08-06 16:16:21,686 ] 192 : Sold 1 shares at price 70,300 | Profit = -1,700 | Portfolio Value = 1,194,616.75 | Budget = 146,481.6 | inventory = 4
[ 2024-08-06 16:16:21,997 ] 193 : Bought 1 shares at price 70,500 | Portfolio Value = 1,200,981.6 | Budget = 75,946.35 | inventory = 5
[ 2024-08-06 16:16:22,486 ] 195 : Sold 3 shares at price 70,800 | Profit = 12,300 | Portfolio Value = 1,202,346.35 | Budget = 288,240.15 | inventory = 4
[ 2024-08-06 16:16:23,497 ] 199 : Bought 1 shares at price 72,700 | Portfolio Value = 1,230,740.15 | Budget = 215,503.8 | inventory = 5
[ 2024-08-06 16:16:24,224 ] 202 : Bought 1 shares at price 72,400 | Portfolio Value = 1,234,703.8 | Budget = 143,067.6 | inventory = 6
[ 2024-08-06 16:16:24,519 ] 203 : Bought 1 shares at price 71,700 | Portfolio Value = 1,229,067.6 | Budget = 71,331.75 | inventory = 7
[ 2024-08-06 16:16:24,722 ] 204 : Bought 1 shares at price 71,300 | Portfolio Value = 1,218,531.75 | Budget = -3.9 | inventory = 8
[ 2024-08-06 16:16:25,213 ] 206 : Sold 6 shares at price 72,700 | Profit = 37,800 | Portfolio Value = 1,235,896.1 | Budget = 435,978.0 | inventory = 7
[ 2024-08-06 16:16:25,509 ] 207 : Sold 5 shares at price 72,800 | Profit = 16,500 | Portfolio Value = 1,235,678.0 | Budget = 799,796.0 | inventory = 6
[ 2024-08-06 16:16:26,499 ] 211 : Bought 6 shares at price 71,700 | Portfolio Value = 1,226,996.0 | Budget = 369,380.9 | inventory = 7
[ 2024-08-06 16:16:27,198 ] 214 : Sold 1 shares at price 73,000 | Profit = 3,100 | Portfolio Value = 1,240,580.9 | Budget = 442,344.4 | inventory = 6
[ 2024-08-06 16:16:27,503 ] 215 : Sold 1 shares at price 73,500 | Profit = 3,000 | Portfolio Value = 1,245,344.4 | Budget = 515,807.65 | inventory = 5
[ 2024-08-06 16:16:27,706 ] 216 : Bought 5 shares at price 72,800 | Portfolio Value = 1,250,807.65 | Budget = 151,625.65 | inventory = 6
[ 2024-08-06 16:16:28,002 ] 217 : Bought 2 shares at price 73,100 | Portfolio Value = 1,243,625.65 | Budget = 5,352.55 | inventory = 7
[ 2024-08-06 16:16:29,235 ] 222 : Sold 1 shares at price 75,000 | Profit = 2,300 | Portfolio Value = 1,276,952.55 | Budget = 80,315.05 | inventory = 6
[ 2024-08-06 16:16:29,537 ] 223 : Bought 1 shares at price 75,900 | Portfolio Value = 1,280,315.05 | Budget = 4,377.1 | inventory = 7
[ 2024-08-06 16:16:30,315 ] 226 : Sold 1 shares at price 78,500 | Profit = 6,100 | Portfolio Value = 1,330,377.1 | Budget = 82,837.85 | inventory = 6
[ 2024-08-06 16:16:30,598 ] Episode: 6, Total Reward: 257,236.06, Total Profit: 257,200, Profit Rate: 25.72%
[ 2024-08-06 16:16:30,599 ] ----------------------------------------------------------------------------------------------------
[ 2024-08-06 16:16:30,599 ] Starting Episode 7
[ 2024-08-06 16:16:31,321 ] 4 : Bought 7 shares at price 63,800 | Portfolio Value = 1,000,000.0 | Budget = 553,176.7 | inventory = 1
[ 2024-08-06 16:16:31,619 ] 5 : Sold 7 shares at price 61,600 | Profit = -15,400 | Portfolio Value = 999,776.7 | Budget = 984,161.1 | inventory = 0
[ 2024-08-06 16:16:31,820 ] 6 : Bought 5 shares at price 61,900 | Portfolio Value = 984,161.1 | Budget = 674,506.35 | inventory = 1
[ 2024-08-06 16:16:32,116 ] 7 : Sold 5 shares at price 63,100 | Profit = 6,000 | Portfolio Value = 984,006.35 | Budget = 989,848.6 | inventory = 0
[ 2024-08-06 16:16:32,340 ] 8 : Bought 5 shares at price 63,000 | Portfolio Value = 989,848.6 | Budget = 674,691.1 | inventory = 1
[ 2024-08-06 16:16:32,643 ] 9 : Bought 6 shares at price 62,800 | Portfolio Value = 989,691.1 | Budget = 297,702.7 | inventory = 2
[ 2024-08-06 16:16:32,846 ] 10 : Sold 5 shares at price 62,900 | Profit = -500 | Portfolio Value = 988,502.7 | Budget = 612,045.45 | inventory = 1
[ 2024-08-06 16:16:33,142 ] 11 : Sold 6 shares at price 63,200 | Profit = 2,400 | Portfolio Value = 989,445.45 | Budget = 991,055.85 | inventory = 0
[ 2024-08-06 16:16:34,130 ] 15 : Bought 10 shares at price 62,700 | Portfolio Value = 991,055.85 | Budget = 363,742.35 | inventory = 1
[ 2024-08-06 16:16:35,346 ] 20 : Bought 5 shares at price 60,500 | Portfolio Value = 976,742.35 | Budget = 61,091.1 | inventory = 2
[ 2024-08-06 16:16:35,652 ] 21 : Bought 1 shares at price 60,600 | Portfolio Value = 968,591.1 | Budget = 460.8 | inventory = 3
[ 2024-08-06 16:16:36,363 ] 24 : Sold 10 shares at price 61,500 | Profit = -12,000 | Portfolio Value = 968,460.8 | Budget = 615,153.3 | inventory = 2
[ 2024-08-06 16:16:36,662 ] 25 : Sold 5 shares at price 60,700 | Profit = 1,000 | Portfolio Value = 984,153.3 | Budget = 918,501.55 | inventory = 1
[ 2024-08-06 16:16:37,364 ] 28 : Sold 1 shares at price 59,500 | Profit = -1,100 | Portfolio Value = 978,601.55 | Budget = 977,971.8 | inventory = 0
[ 2024-08-06 16:16:38,382 ] 32 : Bought 8 shares at price 59,900 | Portfolio Value = 977,971.8 | Budget = 498,532.2 | inventory = 1
[ 2024-08-06 16:16:38,680 ] 33 : Sold 8 shares at price 61,300 | Profit = 11,200 | Portfolio Value = 977,732.2 | Budget = 988,687.0 | inventory = 0
[ 2024-08-06 16:16:38,878 ] 34 : Bought 3 shares at price 60,200 | Portfolio Value = 988,687.0 | Budget = 807,996.7 | inventory = 1
[ 2024-08-06 16:16:39,187 ] 35 : Sold 3 shares at price 60,300 | Profit = 300 | Portfolio Value = 988,596.7 | Budget = 988,806.25 | inventory = 0
[ 2024-08-06 16:16:41,201 ] 43 : Bought 14 shares at price 64,000 | Portfolio Value = 988,806.25 | Budget = 92,358.25 | inventory = 1
[ 2024-08-06 16:16:41,409 ] 44 : Sold 14 shares at price 63,100 | Profit = -12,600 | Portfolio Value = 988,358.25 | Budget = 975,316.55 | inventory = 0
[ 2024-08-06 16:16:42,361 ] 46 : Bought 9 shares at price 63,900 | Portfolio Value = 975,316.55 | Budget = 399,929.0 | inventory = 1
[ 2024-08-06 16:16:42,670 ] 47 : Sold 9 shares at price 62,300 | Profit = -14,400 | Portfolio Value = 975,029.0 | Budget = 960,348.65 | inventory = 0
[ 2024-08-06 16:16:43,701 ] 51 : Bought 12 shares at price 66,000 | Portfolio Value = 960,348.65 | Budget = 167,952.65 | inventory = 1
[ 2024-08-06 16:16:43,900 ] 52 : Sold 12 shares at price 66,100 | Profit = 1,200 | Portfolio Value = 959,952.65 | Budget = 960,756.05 | inventory = 0
[ 2024-08-06 16:16:46,503 ] 62 : Bought 11 shares at price 64,600 | Portfolio Value = 960,756.05 | Budget = 249,800.75 | inventory = 1
[ 2024-08-06 16:16:46,808 ] 63 : Sold 11 shares at price 65,500 | Profit = 9,900 | Portfolio Value = 960,400.75 | Budget = 969,940.5 | inventory = 0
[ 2024-08-06 16:16:47,857 ] 67 : Bought 14 shares at price 65,900 | Portfolio Value = 969,940.5 | Budget = 46,879.2 | inventory = 1
[ 2024-08-06 16:16:49,117 ] 72 : Sold 14 shares at price 64,500 | Profit = -19,600 | Portfolio Value = 944,279.2 | Budget = 949,427.7 | inventory = 0
[ 2024-08-06 16:16:50,174 ] 76 : Bought 10 shares at price 68,400 | Portfolio Value = 949,427.7 | Budget = 265,085.7 | inventory = 1
[ 2024-08-06 16:16:50,476 ] 77 : Bought 2 shares at price 68,500 | Portfolio Value = 949,085.7 | Budget = 128,017.2 | inventory = 2
[ 2024-08-06 16:16:51,232 ] 80 : Sold 10 shares at price 68,800 | Profit = 4,000 | Portfolio Value = 950,017.2 | Budget = 815,673.2 | inventory = 1
[ 2024-08-06 16:16:51,542 ] 81 : Sold 2 shares at price 70,300 | Profit = 3,600 | Portfolio Value = 953,273.2 | Budget = 956,202.9 | inventory = 0
[ 2024-08-06 16:16:52,043 ] 83 : Bought 3 shares at price 71,400 | Portfolio Value = 956,202.9 | Budget = 741,895.8 | inventory = 1
[ 2024-08-06 16:16:52,243 ] 84 : Bought 3 shares at price 70,900 | Portfolio Value = 956,095.8 | Budget = 529,089.45 | inventory = 2
[ 2024-08-06 16:16:52,580 ] 85 : Bought 4 shares at price 72,200 | Portfolio Value = 954,489.45 | Budget = 240,145.05 | inventory = 3
[ 2024-08-06 16:16:52,785 ] 86 : Bought 3 shares at price 71,700 | Portfolio Value = 962,145.05 | Budget = 24,937.5 | inventory = 4
[ 2024-08-06 16:16:54,494 ] 92 : Sold 3 shares at price 71,900 | Profit = 1,500 | Portfolio Value = 960,937.5 | Budget = 240,529.65 | inventory = 3
[ 2024-08-06 16:16:54,993 ] 94 : Bought 2 shares at price 71,800 | Portfolio Value = 955,529.65 | Budget = 96,857.85 | inventory = 4
[ 2024-08-06 16:16:55,537 ] 96 : Bought 1 shares at price 71,400 | Portfolio Value = 951,257.85 | Budget = 25,422.15 | inventory = 5
[ 2024-08-06 16:16:56,067 ] 98 : Sold 3 shares at price 71,300 | Profit = 1,200 | Portfolio Value = 941,922.15 | Budget = 239,215.2 | inventory = 4
[ 2024-08-06 16:16:56,595 ] 100 : Sold 4 shares at price 72,400 | Profit = 800 | Portfolio Value = 955,215.2 | Budget = 528,670.4 | inventory = 3
[ 2024-08-06 16:16:57,184 ] 102 : Bought 1 shares at price 72,700 | Portfolio Value = 964,270.4 | Budget = 455,934.05 | inventory = 4
[ 2024-08-06 16:16:57,502 ] 103 : Bought 3 shares at price 72,400 | Portfolio Value = 964,834.05 | Budget = 238,625.45 | inventory = 5
[ 2024-08-06 16:16:57,702 ] 104 : Sold 3 shares at price 72,200 | Profit = 1,500 | Portfolio Value = 962,625.45 | Budget = 455,117.15 | inventory = 4
[ 2024-08-06 16:16:57,995 ] 105 : Bought 6 shares at price 73,000 | Portfolio Value = 960,517.15 | Budget = 16,898.15 | inventory = 5
[ 2024-08-06 16:16:59,508 ] 111 : Sold 2 shares at price 71,500 | Profit = -600 | Portfolio Value = 920,398.15 | Budget = 159,826.65 | inventory = 4
[ 2024-08-06 16:16:59,709 ] 112 : Sold 1 shares at price 71,900 | Profit = 500 | Portfolio Value = 946,326.65 | Budget = 231,690.7 | inventory = 3
[ 2024-08-06 16:17:00,045 ] 113 : Bought 2 shares at price 71,900 | Portfolio Value = 950,690.7 | Budget = 87,818.8 | inventory = 4
[ 2024-08-06 16:17:00,243 ] 114 : Sold 1 shares at price 73,400 | Profit = 700 | Portfolio Value = 950,618.8 | Budget = 161,182.1 | inventory = 3
[ 2024-08-06 16:17:00,540 ] 115 : Bought 2 shares at price 73,300 | Portfolio Value = 968,582.1 | Budget = 14,508.8 | inventory = 4
[ 2024-08-06 16:17:01,063 ] 117 : Sold 3 shares at price 71,700 | Profit = -2,100 | Portfolio Value = 950,508.8 | Budget = 229,501.25 | inventory = 3
[ 2024-08-06 16:17:01,591 ] 119 : Bought 3 shares at price 70,300 | Portfolio Value = 939,501.25 | Budget = 18,495.8 | inventory = 4
[ 2024-08-06 16:17:02,124 ] 121 : Sold 6 shares at price 70,000 | Profit = -18,000 | Portfolio Value = 933,695.8 | Budget = 438,285.8 | inventory = 3
[ 2024-08-06 16:17:02,619 ] 123 : Bought 1 shares at price 71,700 | Portfolio Value = 926,885.8 | Budget = 366,549.95 | inventory = 4
[ 2024-08-06 16:17:02,816 ] 124 : Sold 2 shares at price 70,600 | Profit = -2,600 | Portfolio Value = 940,149.95 | Budget = 507,679.35 | inventory = 3
[ 2024-08-06 16:17:03,631 ] 127 : Sold 2 shares at price 69,900 | Profit = -6,800 | Portfolio Value = 934,279.35 | Budget = 647,409.45 | inventory = 2
[ 2024-08-06 16:17:03,854 ] 128 : Bought 5 shares at price 68,800 | Portfolio Value = 927,009.45 | Budget = 303,237.45 | inventory = 3
[ 2024-08-06 16:17:04,153 ] 129 : Sold 3 shares at price 68,300 | Profit = -6,000 | Portfolio Value = 922,437.45 | Budget = 508,035.0 | inventory = 2
[ 2024-08-06 16:17:04,350 ] 130 : Bought 6 shares at price 68,500 | Portfolio Value = 917,835.0 | Budget = 96,829.5 | inventory = 3
[ 2024-08-06 16:17:04,642 ] 131 : Sold 1 shares at price 67,600 | Profit = -4,100 | Portfolio Value = 918,829.5 | Budget = 164,395.7 | inventory = 2
[ 2024-08-06 16:17:04,868 ] 132 : Bought 1 shares at price 68,900 | Portfolio Value = 907,995.7 | Budget = 95,461.25 | inventory = 3
[ 2024-08-06 16:17:05,166 ] 133 : Sold 5 shares at price 68,000 | Profit = -4,000 | Portfolio Value = 922,261.25 | Budget = 435,291.25 | inventory = 2
[ 2024-08-06 16:17:05,363 ] 134 : Bought 2 shares at price 67,500 | Portfolio Value = 911,291.25 | Budget = 300,223.75 | inventory = 3
[ 2024-08-06 16:17:05,654 ] 135 : Bought 1 shares at price 67,300 | Portfolio Value = 907,723.75 | Budget = 232,890.1 | inventory = 4
[ 2024-08-06 16:17:05,882 ] 136 : Sold 6 shares at price 67,000 | Profit = -9,000 | Portfolio Value = 905,890.1 | Budget = 634,689.1 | inventory = 3
[ 2024-08-06 16:17:06,173 ] 137 : Sold 1 shares at price 66,700 | Profit = -2,200 | Portfolio Value = 902,689.1 | Budget = 701,355.75 | inventory = 2
[ 2024-08-06 16:17:06,660 ] 139 : Sold 2 shares at price 66,600 | Profit = -1,800 | Portfolio Value = 900,255.75 | Budget = 834,489.15 | inventory = 1
[ 2024-08-06 16:17:06,888 ] 140 : Bought 6 shares at price 66,600 | Portfolio Value = 901,089.15 | Budget = 434,689.35 | inventory = 2
[ 2024-08-06 16:17:07,181 ] 141 : Bought 1 shares at price 67,100 | Portfolio Value = 900,889.35 | Budget = 367,555.8 | inventory = 3
[ 2024-08-06 16:17:07,380 ] 142 : Sold 1 shares at price 68,200 | Profit = 900 | Portfolio Value = 904,355.8 | Budget = 435,721.7 | inventory = 2
[ 2024-08-06 16:17:07,672 ] 143 : Sold 6 shares at price 67,100 | Profit = 3,000 | Portfolio Value = 913,121.7 | Budget = 838,120.4 | inventory = 1
[ 2024-08-06 16:17:07,966 ] 144 : Sold 1 shares at price 66,800 | Profit = -300 | Portfolio Value = 905,220.4 | Budget = 904,887.0 | inventory = 0
[ 2024-08-06 16:17:09,002 ] 148 : Bought 6 shares at price 71,000 | Portfolio Value = 904,887.0 | Budget = 478,674.0 | inventory = 1
[ 2024-08-06 16:17:09,294 ] 149 : Bought 4 shares at price 71,200 | Portfolio Value = 904,674.0 | Budget = 193,731.6 | inventory = 2
[ 2024-08-06 16:17:09,497 ] 150 : Bought 1 shares at price 70,700 | Portfolio Value = 905,731.6 | Budget = 122,996.25 | inventory = 3
[ 2024-08-06 16:17:09,986 ] 152 : Bought 1 shares at price 70,400 | Portfolio Value = 892,996.25 | Budget = 52,561.05 | inventory = 4
[ 2024-08-06 16:17:10,475 ] 154 : Sold 6 shares at price 70,800 | Profit = -1,200 | Portfolio Value = 896,161.05 | Budget = 477,148.65 | inventory = 3
[ 2024-08-06 16:17:10,770 ] 155 : Bought 3 shares at price 70,500 | Portfolio Value = 901,948.65 | Budget = 265,542.9 | inventory = 4
[ 2024-08-06 16:17:10,969 ] 156 : Sold 4 shares at price 70,900 | Profit = -1,200 | Portfolio Value = 900,042.9 | Budget = 549,001.1 | inventory = 3
[ 2024-08-06 16:17:11,455 ] 158 : Bought 2 shares at price 72,000 | Portfolio Value = 907,501.1 | Budget = 404,929.1 | inventory = 4
[ 2024-08-06 16:17:11,749 ] 159 : Bought 5 shares at price 70,200 | Portfolio Value = 908,929.1 | Budget = 53,753.6 | inventory = 5
[ 2024-08-06 16:17:12,232 ] 161 : Sold 1 shares at price 69,600 | Profit = -1,100 | Portfolio Value = 891,353.6 | Budget = 123,318.8 | inventory = 4
[ 2024-08-06 16:17:12,429 ] 162 : Bought 1 shares at price 68,900 | Portfolio Value = 888,918.8 | Budget = 54,384.35 | inventory = 5
[ 2024-08-06 16:17:13,691 ] 167 : Sold 1 shares at price 67,500 | Profit = -2,900 | Portfolio Value = 875,184.35 | Budget = 121,850.6 | inventory = 4
[ 2024-08-06 16:17:13,888 ] 168 : Bought 1 shares at price 66,700 | Portfolio Value = 864,350.6 | Budget = 55,117.25 | inventory = 5
[ 2024-08-06 16:17:15,152 ] 173 : Sold 3 shares at price 68,000 | Profit = -7,500 | Portfolio Value = 881,917.25 | Budget = 259,015.25 | inventory = 4
[ 2024-08-06 16:17:16,130 ] 177 : Sold 2 shares at price 69,500 | Profit = -5,000 | Portfolio Value = 893,515.25 | Budget = 397,945.75 | inventory = 3
[ 2024-08-06 16:17:16,328 ] 178 : Bought 4 shares at price 68,800 | Portfolio Value = 884,445.75 | Budget = 122,608.15 | inventory = 4
[ 2024-08-06 16:17:16,623 ] 179 : Sold 5 shares at price 68,400 | Profit = -9,000 | Portfolio Value = 879,408.15 | Budget = 464,437.15 | inventory = 3
[ 2024-08-06 16:17:16,825 ] 180 : Sold 1 shares at price 68,500 | Profit = -400 | Portfolio Value = 874,837.15 | Budget = 532,902.9 | inventory = 2
[ 2024-08-06 16:17:17,116 ] 181 : Sold 1 shares at price 68,000 | Profit = 1,300 | Portfolio Value = 875,402.9 | Budget = 600,868.9 | inventory = 1
[ 2024-08-06 16:17:17,315 ] 182 : Bought 7 shares at price 66,700 | Portfolio Value = 872,868.9 | Budget = 133,735.45 | inventory = 2
[ 2024-08-06 16:17:17,607 ] 183 : Sold 4 shares at price 67,300 | Profit = -6,000 | Portfolio Value = 867,435.45 | Budget = 402,800.85 | inventory = 1
[ 2024-08-06 16:17:17,803 ] 184 : Bought 1 shares at price 67,300 | Portfolio Value = 873,900.85 | Budget = 335,467.2 | inventory = 2
[ 2024-08-06 16:17:18,108 ] 185 : Bought 3 shares at price 66,900 | Portfolio Value = 873,867.2 | Budget = 134,666.85 | inventory = 3
[ 2024-08-06 16:17:18,311 ] 186 : Sold 7 shares at price 68,600 | Profit = 13,300 | Portfolio Value = 870,566.85 | Budget = 614,626.75 | inventory = 2
[ 2024-08-06 16:17:18,603 ] 187 : Sold 1 shares at price 69,700 | Profit = 2,400 | Portfolio Value = 889,026.75 | Budget = 684,291.9 | inventory = 1
[ 2024-08-06 16:17:19,285 ] 190 : Bought 1 shares at price 70,900 | Portfolio Value = 896,991.9 | Budget = 613,356.45 | inventory = 2
[ 2024-08-06 16:17:19,578 ] 191 : Sold 3 shares at price 69,900 | Profit = 9,000 | Portfolio Value = 896,956.45 | Budget = 822,951.6 | inventory = 1
[ 2024-08-06 16:17:19,781 ] 192 : Bought 6 shares at price 70,300 | Portfolio Value = 892,851.6 | Budget = 400,940.7 | inventory = 2
[ 2024-08-06 16:17:20,563 ] 195 : Bought 4 shares at price 70,800 | Portfolio Value = 893,740.7 | Budget = 117,599.1 | inventory = 3
[ 2024-08-06 16:17:21,777 ] 200 : Bought 1 shares at price 72,800 | Portfolio Value = 917,299.1 | Budget = 44,762.7 | inventory = 4
[ 2024-08-06 16:17:23,540 ] 207 : Sold 1 shares at price 72,800 | Profit = 1,900 | Portfolio Value = 917,162.7 | Budget = 117,526.3 | inventory = 3
[ 2024-08-06 16:17:24,030 ] 209 : Bought 1 shares at price 72,600 | Portfolio Value = 909,526.3 | Budget = 44,890.0 | inventory = 4
[ 2024-08-06 16:17:24,223 ] 210 : Sold 6 shares at price 71,200 | Profit = 5,400 | Portfolio Value = 916,090.0 | Budget = 471,876.4 | inventory = 3
[ 2024-08-06 16:17:24,514 ] 211 : Sold 4 shares at price 71,700 | Profit = 3,600 | Portfolio Value = 899,076.4 | Budget = 758,533.0 | inventory = 2
[ 2024-08-06 16:17:24,714 ] 212 : Bought 8 shares at price 71,500 | Portfolio Value = 901,933.0 | Budget = 186,247.0 | inventory = 3
[ 2024-08-06 16:17:25,006 ] 213 : Sold 1 shares at price 72,600 | Profit = -200 | Portfolio Value = 901,247.0 | Budget = 258,810.7 | inventory = 2
[ 2024-08-06 16:17:25,201 ] 214 : Sold 1 shares at price 73,000 | Profit = 400 | Portfolio Value = 912,210.7 | Budget = 331,774.2 | inventory = 1
[ 2024-08-06 16:17:25,989 ] 217 : Bought 3 shares at price 73,100 | Portfolio Value = 914,174.2 | Budget = 112,364.55 | inventory = 2
[ 2024-08-06 16:17:26,186 ] 218 : Bought 1 shares at price 73,300 | Portfolio Value = 916,464.55 | Budget = 39,027.9 | inventory = 3
[ 2024-08-06 16:17:27,452 ] 223 : Sold 8 shares at price 75,900 | Profit = 35,200 | Portfolio Value = 939,027.9 | Budget = 645,924.3 | inventory = 2
[ 2024-08-06 16:17:27,935 ] 225 : Sold 3 shares at price 78,000 | Profit = 14,700 | Portfolio Value = 952,324.3 | Budget = 879,807.3 | inventory = 1
[ 2024-08-06 16:17:28,136 ] 226 : Bought 5 shares at price 78,500 | Portfolio Value = 957,807.3 | Budget = 487,111.05 | inventory = 2
[ 2024-08-06 16:17:28,414 ] Episode: 7, Total Reward: -30,701.87, Total Profit: -30,700, Profit Rate: -3.07%
[ 2024-08-06 16:17:28,414 ] ----------------------------------------------------------------------------------------------------
[ 2024-08-06 16:17:28,414 ] Starting Episode 8
[ 2024-08-06 16:17:28,430 ] 1 : Bought 6 shares at price 61,000 | Portfolio Value = 1,000,000 | Budget = 633,817.0 | inventory = 1
[ 2024-08-06 16:17:28,965 ] 3 : Bought 1 shares at price 63,500 | Portfolio Value = 1,004,617.0 | Budget = 570,285.25 | inventory = 2
[ 2024-08-06 16:17:29,163 ] 4 : Bought 3 shares at price 63,800 | Portfolio Value = 1,014,785.25 | Budget = 378,789.55 | inventory = 3
[ 2024-08-06 16:17:29,654 ] 6 : Bought 5 shares at price 61,900 | Portfolio Value = 994,789.55 | Budget = 69,134.8 | inventory = 4
[ 2024-08-06 16:17:29,948 ] 7 : Bought 1 shares at price 63,100 | Portfolio Value = 997,634.8 | Budget = 6,003.25 | inventory = 5
[ 2024-08-06 16:17:30,437 ] 9 : Sold 6 shares at price 62,800 | Profit = 10,800 | Portfolio Value = 1,014,003.25 | Budget = 382,614.85 | inventory = 4
[ 2024-08-06 16:17:30,636 ] 10 : Sold 1 shares at price 62,900 | Profit = -600 | Portfolio Value = 1,010,614.85 | Budget = 445,483.4 | inventory = 3
[ 2024-08-06 16:17:30,932 ] 11 : Bought 3 shares at price 63,200 | Portfolio Value = 1,011,583.4 | Budget = 255,788.6 | inventory = 4
[ 2024-08-06 16:17:31,901 ] 15 : Sold 3 shares at price 62,700 | Profit = -3,300 | Portfolio Value = 1,006,988.6 | Budget = 443,794.55 | inventory = 3
[ 2024-08-06 16:17:32,097 ] 16 : Bought 7 shares at price 62,100 | Portfolio Value = 1,008,094.55 | Budget = 8,877.2 | inventory = 4
[ 2024-08-06 16:17:33,363 ] 21 : Sold 5 shares at price 60,600 | Profit = -6,500 | Portfolio Value = 976,877.2 | Budget = 311,725.7 | inventory = 3
[ 2024-08-06 16:17:33,560 ] 22 : Sold 1 shares at price 60,800 | Profit = -2,300 | Portfolio Value = 978,325.7 | Budget = 372,495.3 | inventory = 2
[ 2024-08-06 16:17:33,852 ] 23 : Bought 4 shares at price 60,500 | Portfolio Value = 980,495.3 | Budget = 130,374.3 | inventory = 3
[ 2024-08-06 16:17:34,340 ] 25 : Sold 3 shares at price 60,700 | Profit = -7,500 | Portfolio Value = 991,374.3 | Budget = 312,383.25 | inventory = 2
[ 2024-08-06 16:17:34,834 ] 27 : Bought 4 shares at price 60,100 | Portfolio Value = 975,683.25 | Budget = 71,863.05 | inventory = 3
[ 2024-08-06 16:17:35,032 ] 28 : Sold 7 shares at price 59,500 | Profit = -18,200 | Portfolio Value = 973,363.05 | Budget = 488,154.8 | inventory = 2
[ 2024-08-06 16:17:35,517 ] 30 : Sold 4 shares at price 59,000 | Profit = -6,000 | Portfolio Value = 968,154.8 | Budget = 724,036.8 | inventory = 1
[ 2024-08-06 16:17:35,811 ] 31 : Bought 6 shares at price 59,800 | Portfolio Value = 960,036.8 | Budget = 365,057.4 | inventory = 2
[ 2024-08-06 16:17:36,008 ] 32 : Bought 5 shares at price 59,900 | Portfolio Value = 963,057.4 | Budget = 65,407.65 | inventory = 3
[ 2024-08-06 16:17:36,300 ] 33 : Sold 4 shares at price 61,300 | Profit = 4,800 | Portfolio Value = 963,907.65 | Budget = 310,485.05 | inventory = 2
[ 2024-08-06 16:17:36,497 ] 34 : Sold 6 shares at price 60,200 | Profit = 2,400 | Portfolio Value = 984,785.05 | Budget = 671,504.45 | inventory = 1
[ 2024-08-06 16:17:36,791 ] 35 : Sold 5 shares at price 60,300 | Profit = 2,000 | Portfolio Value = 972,504.45 | Budget = 972,853.7 | inventory = 0
[ 2024-08-06 16:17:37,486 ] 38 : Bought 4 shares at price 63,000 | Portfolio Value = 972,853.7 | Budget = 720,727.7 | inventory = 1
[ 2024-08-06 16:17:37,979 ] 40 : Sold 4 shares at price 62,900 | Profit = -400 | Portfolio Value = 969,127.7 | Budget = 972,201.9 | inventory = 0
[ 2024-08-06 16:17:38,761 ] 43 : Bought 12 shares at price 64,000 | Portfolio Value = 972,201.9 | Budget = 203,817.9 | inventory = 1
[ 2024-08-06 16:17:39,248 ] 45 : Bought 2 shares at price 63,600 | Portfolio Value = 961,017.9 | Budget = 76,554.3 | inventory = 2
[ 2024-08-06 16:17:39,932 ] 48 : Bought 1 shares at price 65,000 | Portfolio Value = 948,754.3 | Budget = 11,521.8 | inventory = 3
[ 2024-08-06 16:17:40,223 ] 49 : Sold 12 shares at price 65,700 | Profit = 20,400 | Portfolio Value = 986,521.8 | Budget = 799,527.6 | inventory = 2
[ 2024-08-06 16:17:40,718 ] 51 : Sold 2 shares at price 66,000 | Profit = 4,800 | Portfolio Value = 997,227.6 | Budget = 931,461.6 | inventory = 1
[ 2024-08-06 16:17:40,916 ] 52 : Sold 1 shares at price 66,100 | Profit = 1,100 | Portfolio Value = 997,461.6 | Budget = 997,528.55 | inventory = 0
[ 2024-08-06 16:17:41,403 ] 54 : Bought 1 shares at price 65,300 | Portfolio Value = 997,528.55 | Budget = 932,195.9 | inventory = 1
[ 2024-08-06 16:17:41,695 ] 55 : Bought 12 shares at price 65,600 | Portfolio Value = 997,495.9 | Budget = 144,602.3 | inventory = 2
[ 2024-08-06 16:17:42,183 ] 57 : Sold 1 shares at price 65,300 | Profit = 0 | Portfolio Value = 996,102.3 | Budget = 209,869.65 | inventory = 1
[ 2024-08-06 16:17:42,379 ] 58 : Bought 2 shares at price 65,700 | Portfolio Value = 993,469.65 | Budget = 78,403.95 | inventory = 2
[ 2024-08-06 16:17:42,675 ] 59 : Bought 1 shares at price 65,200 | Portfolio Value = 998,203.95 | Budget = 13,171.35 | inventory = 3
[ 2024-08-06 16:17:43,171 ] 61 : Sold 12 shares at price 64,100 | Profit = -18,000 | Portfolio Value = 967,171.35 | Budget = 781,986.75 | inventory = 2
[ 2024-08-06 16:17:43,657 ] 63 : Bought 3 shares at price 65,500 | Portfolio Value = 975,786.75 | Budget = 585,388.5 | inventory = 3
[ 2024-08-06 16:17:43,856 ] 64 : Bought 5 shares at price 65,700 | Portfolio Value = 978,388.5 | Budget = 256,724.25 | inventory = 4
[ 2024-08-06 16:17:44,344 ] 66 : Bought 1 shares at price 65,100 | Portfolio Value = 976,124.25 | Budget = 191,591.7 | inventory = 5
[ 2024-08-06 16:17:44,634 ] 67 : Sold 2 shares at price 65,900 | Profit = 400 | Portfolio Value = 972,791.7 | Budget = 323,325.8 | inventory = 4
[ 2024-08-06 16:17:45,121 ] 69 : Bought 2 shares at price 64,600 | Portfolio Value = 976,325.8 | Budget = 194,061.2 | inventory = 5
[ 2024-08-06 16:17:45,319 ] 70 : Sold 1 shares at price 64,200 | Profit = -1,000 | Portfolio Value = 969,261.2 | Budget = 258,229.1 | inventory = 4
[ 2024-08-06 16:17:45,806 ] 72 : Sold 3 shares at price 64,500 | Profit = -3,000 | Portfolio Value = 963,329.1 | Budget = 451,632.35 | inventory = 3
[ 2024-08-06 16:17:46,586 ] 75 : Sold 5 shares at price 66,200 | Profit = 2,500 | Portfolio Value = 971,632.35 | Budget = 782,466.85 | inventory = 2
[ 2024-08-06 16:17:47,076 ] 77 : Sold 1 shares at price 68,500 | Profit = 3,400 | Portfolio Value = 987,666.85 | Budget = 850,932.6 | inventory = 1
[ 2024-08-06 16:17:47,269 ] 78 : Sold 2 shares at price 68,400 | Profit = 7,600 | Portfolio Value = 987,932.6 | Budget = 987,664.2 | inventory = 0
[ 2024-08-06 16:17:48,255 ] 82 : Bought 2 shares at price 72,300 | Portfolio Value = 987,664.2 | Budget = 842,991.9 | inventory = 1
[ 2024-08-06 16:17:48,747 ] 84 : Bought 5 shares at price 70,900 | Portfolio Value = 985,791.9 | Budget = 488,314.65 | inventory = 2
[ 2024-08-06 16:17:49,036 ] 85 : Sold 2 shares at price 72,200 | Profit = -200 | Portfolio Value = 984,614.65 | Budget = 632,642.45 | inventory = 1
[ 2024-08-06 16:17:49,233 ] 86 : Sold 5 shares at price 71,700 | Profit = 4,000 | Portfolio Value = 993,642.45 | Budget = 990,963.2 | inventory = 0
[ 2024-08-06 16:17:50,528 ] 91 : Bought 6 shares at price 72,000 | Portfolio Value = 990,963.2 | Budget = 558,747.2 | inventory = 1
[ 2024-08-06 16:17:51,507 ] 95 : Sold 6 shares at price 71,200 | Profit = -4,800 | Portfolio Value = 989,547.2 | Budget = 985,733.6 | inventory = 0
[ 2024-08-06 16:17:52,005 ] 97 : Bought 5 shares at price 70,500 | Portfolio Value = 985,733.6 | Budget = 633,057.35 | inventory = 1
[ 2024-08-06 16:17:52,686 ] 100 : Bought 6 shares at price 72,400 | Portfolio Value = 991,057.35 | Budget = 198,440.15 | inventory = 2
[ 2024-08-06 16:17:52,977 ] 101 : Bought 1 shares at price 72,600 | Portfolio Value = 994,840.15 | Budget = 125,803.85 | inventory = 3
[ 2024-08-06 16:17:53,720 ] 104 : Bought 1 shares at price 72,200 | Portfolio Value = 994,603.85 | Budget = 53,567.75 | inventory = 4
[ 2024-08-06 16:17:54,095 ] 105 : Sold 5 shares at price 73,000 | Profit = 12,500 | Portfolio Value = 992,167.75 | Budget = 418,385.25 | inventory = 3
[ 2024-08-06 16:17:54,294 ] 106 : Bought 5 shares at price 73,000 | Portfolio Value = 1,002,385.25 | Budget = 53,202.75 | inventory = 4
[ 2024-08-06 16:17:54,634 ] 107 : Sold 6 shares at price 72,000 | Profit = -2,400 | Portfolio Value = 1,002,202.75 | Budget = 484,986.75 | inventory = 3
[ 2024-08-06 16:17:55,377 ] 110 : Bought 6 shares at price 69,500 | Portfolio Value = 974,286.75 | Budget = 67,778.25 | inventory = 4
[ 2024-08-06 16:17:56,242 ] 113 : Sold 1 shares at price 71,900 | Profit = -700 | Portfolio Value = 1,002,478.25 | Budget = 139,642.3 | inventory = 3
[ 2024-08-06 16:17:56,441 ] 114 : Bought 1 shares at price 73,400 | Portfolio Value = 1,002,442.3 | Budget = 66,205.6 | inventory = 4
[ 2024-08-06 16:17:57,237 ] 117 : Sold 1 shares at price 71,700 | Profit = -500 | Portfolio Value = 1,002,205.6 | Budget = 137,869.75 | inventory = 3
[ 2024-08-06 16:17:57,730 ] 119 : Sold 5 shares at price 70,300 | Profit = -13,500 | Portfolio Value = 989,869.75 | Budget = 489,194.0 | inventory = 2
[ 2024-08-06 16:17:57,926 ] 120 : Bought 3 shares at price 70,400 | Portfolio Value = 981,294.0 | Budget = 277,888.4 | inventory = 3
[ 2024-08-06 16:17:58,227 ] 121 : Bought 1 shares at price 70,000 | Portfolio Value = 981,888.4 | Budget = 207,853.4 | inventory = 4
[ 2024-08-06 16:17:58,424 ] 122 : Bought 2 shares at price 69,800 | Portfolio Value = 977,853.4 | Budget = 68,183.6 | inventory = 5
[ 2024-08-06 16:17:58,774 ] 123 : Sold 6 shares at price 71,700 | Profit = 13,200 | Portfolio Value = 975,583.6 | Budget = 498,168.5 | inventory = 4
[ 2024-08-06 16:17:59,274 ] 125 : Sold 1 shares at price 69,800 | Profit = -3,600 | Portfolio Value = 992,368.5 | Budget = 567,933.6 | inventory = 3
[ 2024-08-06 16:17:59,799 ] 127 : Bought 1 shares at price 69,900 | Portfolio Value = 994,533.6 | Budget = 497,998.65 | inventory = 4
[ 2024-08-06 16:17:59,998 ] 128 : Sold 3 shares at price 68,800 | Profit = -4,800 | Portfolio Value = 987,298.65 | Budget = 704,295.45 | inventory = 3
[ 2024-08-06 16:18:00,293 ] 129 : Sold 1 shares at price 68,300 | Profit = -1,700 | Portfolio Value = 979,495.45 | Budget = 772,561.3 | inventory = 2
[ 2024-08-06 16:18:00,492 ] 130 : Bought 2 shares at price 68,500 | Portfolio Value = 977,461.3 | Budget = 635,492.8 | inventory = 3
[ 2024-08-06 16:18:00,788 ] 131 : Bought 8 shares at price 67,600 | Portfolio Value = 977,992.8 | Budget = 94,422.4 | inventory = 4
[ 2024-08-06 16:18:00,984 ] 132 : Sold 2 shares at price 68,900 | Profit = -1,800 | Portfolio Value = 973,222.4 | Budget = 232,153.5 | inventory = 3
[ 2024-08-06 16:18:01,277 ] 133 : Bought 3 shares at price 68,000 | Portfolio Value = 990,053.5 | Budget = 28,051.5 | inventory = 4
[ 2024-08-06 16:18:01,769 ] 135 : Sold 1 shares at price 67,300 | Profit = -2,600 | Portfolio Value = 973,051.5 | Budget = 95,317.85 | inventory = 3
[ 2024-08-06 16:18:01,968 ] 136 : Sold 2 shares at price 67,000 | Profit = -3,000 | Portfolio Value = 970,217.85 | Budget = 229,250.85 | inventory = 2
[ 2024-08-06 16:18:02,263 ] 137 : Bought 3 shares at price 66,700 | Portfolio Value = 966,250.85 | Budget = 29,050.8 | inventory = 3
[ 2024-08-06 16:18:02,459 ] 138 : Sold 8 shares at price 66,300 | Profit = -10,400 | Portfolio Value = 962,850.8 | Budget = 559,185.6 | inventory = 2
[ 2024-08-06 16:18:02,755 ] 139 : Bought 5 shares at price 66,600 | Portfolio Value = 956,985.6 | Budget = 226,019.1 | inventory = 3
[ 2024-08-06 16:18:02,952 ] 140 : Bought 2 shares at price 66,600 | Portfolio Value = 958,619.1 | Budget = 92,752.5 | inventory = 4
[ 2024-08-06 16:18:03,447 ] 142 : Sold 3 shares at price 68,200 | Profit = 600 | Portfolio Value = 965,052.5 | Budget = 297,250.2 | inventory = 3
[ 2024-08-06 16:18:03,737 ] 143 : Bought 4 shares at price 67,100 | Portfolio Value = 979,250.2 | Budget = 28,716.0 | inventory = 4
[ 2024-08-06 16:18:04,515 ] 146 : Sold 3 shares at price 67,100 | Profit = 1,200 | Portfolio Value = 963,916.0 | Budget = 229,915.35 | inventory = 3
[ 2024-08-06 16:18:05,300 ] 149 : Sold 5 shares at price 71,200 | Profit = 23,000 | Portfolio Value = 1,010,915.35 | Budget = 585,737.35 | inventory = 2
[ 2024-08-06 16:18:05,499 ] 150 : Bought 3 shares at price 70,700 | Portfolio Value = 1,012,937.35 | Budget = 373,531.3 | inventory = 3
[ 2024-08-06 16:18:05,999 ] 152 : Bought 2 shares at price 70,400 | Portfolio Value = 1,003,531.3 | Budget = 232,660.9 | inventory = 4
[ 2024-08-06 16:18:06,302 ] 153 : Bought 2 shares at price 70,300 | Portfolio Value = 1,007,060.9 | Budget = 91,990.6 | inventory = 5
[ 2024-08-06 16:18:06,507 ] 154 : Sold 2 shares at price 70,800 | Profit = 8,400 | Portfolio Value = 1,005,890.6 | Budget = 233,519.8 | inventory = 4
[ 2024-08-06 16:18:07,010 ] 156 : Sold 4 shares at price 70,900 | Profit = 15,200 | Portfolio Value = 1,009,019.8 | Budget = 516,978.0 | inventory = 3
[ 2024-08-06 16:18:07,306 ] 157 : Sold 3 shares at price 71,700 | Profit = 3,000 | Portfolio Value = 1,013,278.0 | Budget = 731,970.45 | inventory = 2
[ 2024-08-06 16:18:07,503 ] 158 : Sold 2 shares at price 72,000 | Profit = 3,200 | Portfolio Value = 1,018,770.45 | Budget = 875,898.45 | inventory = 1
[ 2024-08-06 16:18:07,796 ] 159 : Bought 4 shares at price 70,200 | Portfolio Value = 1,019,898.45 | Budget = 594,958.05 | inventory = 2
[ 2024-08-06 16:18:07,994 ] 160 : Bought 4 shares at price 69,800 | Portfolio Value = 1,016,158.05 | Budget = 315,618.45 | inventory = 3
[ 2024-08-06 16:18:08,284 ] 161 : Sold 2 shares at price 69,600 | Profit = -1,400 | Portfolio Value = 1,013,618.45 | Budget = 454,748.85 | inventory = 2
[ 2024-08-06 16:18:08,771 ] 163 : Sold 4 shares at price 68,800 | Profit = -5,600 | Portfolio Value = 1,005,948.85 | Budget = 729,811.25 | inventory = 1
[ 2024-08-06 16:18:08,968 ] 164 : Sold 4 shares at price 69,400 | Profit = -1,600 | Portfolio Value = 1,005,011.25 | Budget = 1,007,272.45 | inventory = 0
[ 2024-08-06 16:18:09,262 ] 165 : Bought 4 shares at price 68,600 | Portfolio Value = 1,007,272.45 | Budget = 732,735.25 | inventory = 1
[ 2024-08-06 16:18:09,459 ] 166 : Sold 4 shares at price 68,400 | Profit = -800 | Portfolio Value = 1,007,135.25 | Budget = 1,006,198.45 | inventory = 0
[ 2024-08-06 16:18:09,942 ] 168 : Bought 4 shares at price 66,700 | Portfolio Value = 1,006,198.45 | Budget = 739,265.05 | inventory = 1
[ 2024-08-06 16:18:10,233 ] 169 : Bought 9 shares at price 66,000 | Portfolio Value = 1,006,065.05 | Budget = 144,968.05 | inventory = 2
[ 2024-08-06 16:18:10,430 ] 170 : Bought 1 shares at price 66,400 | Portfolio Value = 1,002,968.05 | Budget = 78,534.85 | inventory = 3
[ 2024-08-06 16:18:10,718 ] 171 : Bought 1 shares at price 68,200 | Portfolio Value = 1,008,134.85 | Budget = 10,300.75 | inventory = 4
[ 2024-08-06 16:18:11,408 ] 174 : Sold 4 shares at price 67,300 | Profit = 2,400 | Portfolio Value = 1,030,300.75 | Budget = 279,366.15 | inventory = 3
[ 2024-08-06 16:18:11,797 ] 175 : Sold 9 shares at price 69,400 | Profit = 30,600 | Portfolio Value = 1,019,666.15 | Budget = 903,653.85 | inventory = 2
[ 2024-08-06 16:18:12,285 ] 177 : Bought 6 shares at price 69,500 | Portfolio Value = 1,044,653.85 | Budget = 486,445.35 | inventory = 3
[ 2024-08-06 16:18:12,482 ] 178 : Sold 1 shares at price 68,800 | Profit = 2,400 | Portfolio Value = 1,042,445.35 | Budget = 555,210.95 | inventory = 2
[ 2024-08-06 16:18:12,775 ] 179 : Bought 5 shares at price 68,400 | Portfolio Value = 1,036,810.95 | Budget = 213,039.95 | inventory = 3
[ 2024-08-06 16:18:12,972 ] 180 : Sold 1 shares at price 68,500 | Profit = 300 | Portfolio Value = 1,033,839.95 | Budget = 281,505.7 | inventory = 2
[ 2024-08-06 16:18:13,463 ] 182 : Sold 6 shares at price 66,700 | Profit = -16,800 | Portfolio Value = 1,029,505.7 | Budget = 681,505.6 | inventory = 1
[ 2024-08-06 16:18:13,753 ] 183 : Sold 5 shares at price 67,300 | Profit = -5,500 | Portfolio Value = 1,015,005.6 | Budget = 1,017,837.35 | inventory = 0
[ 2024-08-06 16:18:14,443 ] 186 : Bought 4 shares at price 68,600 | Portfolio Value = 1,017,837.35 | Budget = 743,300.15 | inventory = 1
[ 2024-08-06 16:18:14,736 ] 187 : Sold 4 shares at price 69,700 | Profit = 4,400 | Portfolio Value = 1,017,700.15 | Budget = 1,021,960.75 | inventory = 0
[ 2024-08-06 16:18:15,223 ] 189 : Bought 11 shares at price 70,900 | Portfolio Value = 1,021,960.75 | Budget = 241,670.8 | inventory = 1
[ 2024-08-06 16:18:15,708 ] 191 : Bought 2 shares at price 69,900 | Portfolio Value = 1,021,570.8 | Budget = 101,800.9 | inventory = 2
[ 2024-08-06 16:18:15,907 ] 192 : Sold 11 shares at price 70,300 | Profit = -6,600 | Portfolio Value = 1,010,500.9 | Budget = 874,714.25 | inventory = 1
[ 2024-08-06 16:18:16,196 ] 193 : Sold 2 shares at price 70,500 | Profit = 1,200 | Portfolio Value = 1,015,314.25 | Budget = 1,015,643.75 | inventory = 0
[ 2024-08-06 16:18:16,779 ] 195 : Bought 9 shares at price 70,800 | Portfolio Value = 1,015,643.75 | Budget = 378,125.15 | inventory = 1
[ 2024-08-06 16:18:16,977 ] 196 : Sold 9 shares at price 72,200 | Profit = 12,600 | Portfolio Value = 1,015,325.15 | Budget = 1,027,600.25 | inventory = 0
[ 2024-08-06 16:18:17,267 ] 197 : Bought 10 shares at price 72,800 | Portfolio Value = 1,027,600.25 | Budget = 299,236.25 | inventory = 1
[ 2024-08-06 16:18:17,465 ] 198 : Sold 10 shares at price 72,500 | Profit = -3,000 | Portfolio Value = 1,027,236.25 | Budget = 1,023,873.75 | inventory = 0
[ 2024-08-06 16:18:17,760 ] 199 : Bought 9 shares at price 72,700 | Portfolio Value = 1,023,873.75 | Budget = 369,246.6 | inventory = 1
[ 2024-08-06 16:18:18,472 ] 202 : Sold 9 shares at price 72,400 | Profit = -2,700 | Portfolio Value = 1,024,446.6 | Budget = 1,020,520.8 | inventory = 0
[ 2024-08-06 16:18:18,768 ] 203 : Bought 1 shares at price 71,700 | Portfolio Value = 1,020,520.8 | Budget = 948,784.95 | inventory = 1
[ 2024-08-06 16:18:18,967 ] 204 : Sold 1 shares at price 71,300 | Profit = -400 | Portfolio Value = 1,020,484.95 | Budget = 1,020,049.3 | inventory = 0
[ 2024-08-06 16:18:19,950 ] 208 : Bought 8 shares at price 72,000 | Portfolio Value = 1,020,049.3 | Budget = 443,761.3 | inventory = 1
[ 2024-08-06 16:18:20,242 ] 209 : Bought 3 shares at price 72,600 | Portfolio Value = 1,019,761.3 | Budget = 225,852.4 | inventory = 2
[ 2024-08-06 16:18:20,439 ] 210 : Sold 8 shares at price 71,200 | Profit = -6,400 | Portfolio Value = 1,024,452.4 | Budget = 795,167.6 | inventory = 1
[ 2024-08-06 16:18:20,932 ] 212 : Sold 3 shares at price 71,500 | Profit = -3,300 | Portfolio Value = 1,010,267.6 | Budget = 1,009,560.35 | inventory = 0
[ 2024-08-06 16:18:22,203 ] 217 : Bought 12 shares at price 73,100 | Portfolio Value = 1,009,560.35 | Budget = 131,921.75 | inventory = 1
[ 2024-08-06 16:18:22,690 ] 219 : Bought 1 shares at price 72,900 | Portfolio Value = 1,011,521.75 | Budget = 58,985.3 | inventory = 2
[ 2024-08-06 16:18:23,192 ] 221 : Sold 12 shares at price 74,800 | Profit = 20,400 | Portfolio Value = 1,013,185.3 | Budget = 956,136.5 | inventory = 1
[ 2024-08-06 16:18:23,688 ] 223 : Sold 1 shares at price 75,900 | Profit = 3,000 | Portfolio Value = 1,031,136.5 | Budget = 1,031,998.55 | inventory = 0
[ 2024-08-06 16:18:24,653 ] Episode: 8, Total Reward: 50,905.81, Total Profit: 50,900, Profit Rate: 5.09%
[ 2024-08-06 16:18:24,653 ] ----------------------------------------------------------------------------------------------------
[ 2024-08-06 16:18:24,654 ] Starting Episode 9
[ 2024-08-06 16:18:25,174 ] 3 : Bought 5 shares at price 63,500 | Portfolio Value = 1,000,000.0 | Budget = 682,341.25 | inventory = 1
[ 2024-08-06 16:18:25,856 ] 6 : Sold 5 shares at price 61,900 | Profit = -8,000 | Portfolio Value = 990,341.25 | Budget = 991,686.5 | inventory = 0
[ 2024-08-06 16:18:26,146 ] 7 : Bought 15 shares at price 63,100 | Portfolio Value = 991,686.5 | Budget = 44,713.25 | inventory = 1
[ 2024-08-06 16:18:27,320 ] 12 : Sold 15 shares at price 62,200 | Profit = -13,500 | Portfolio Value = 992,713.25 | Budget = 977,246.75 | inventory = 0
[ 2024-08-06 16:18:27,806 ] 14 : Bought 5 shares at price 62,600 | Portfolio Value = 977,246.75 | Budget = 664,090.25 | inventory = 1
[ 2024-08-06 16:18:28,097 ] 15 : Bought 2 shares at price 62,700 | Portfolio Value = 977,090.25 | Budget = 538,627.55 | inventory = 2
[ 2024-08-06 16:18:28,786 ] 18 : Bought 4 shares at price 62,000 | Portfolio Value = 966,327.55 | Budget = 290,503.55 | inventory = 3
[ 2024-08-06 16:18:29,081 ] 19 : Bought 4 shares at price 61,300 | Portfolio Value = 972,503.55 | Budget = 45,180.95 | inventory = 4
[ 2024-08-06 16:18:29,276 ] 20 : Sold 5 shares at price 60,500 | Profit = -10,500 | Portfolio Value = 964,680.95 | Budget = 347,529.7 | inventory = 3
[ 2024-08-06 16:18:29,567 ] 21 : Bought 3 shares at price 60,600 | Portfolio Value = 952,529.7 | Budget = 165,638.8 | inventory = 4
[ 2024-08-06 16:18:29,765 ] 22 : Sold 2 shares at price 60,800 | Profit = -3,800 | Portfolio Value = 953,438.8 | Budget = 287,178.0 | inventory = 3
[ 2024-08-06 16:18:30,252 ] 24 : Bought 4 shares at price 61,500 | Portfolio Value = 952,678.0 | Budget = 41,055.0 | inventory = 4
[ 2024-08-06 16:18:30,741 ] 26 : Sold 4 shares at price 60,300 | Profit = -6,800 | Portfolio Value = 951,555.0 | Budget = 282,134.4 | inventory = 3
[ 2024-08-06 16:18:31,042 ] 27 : Sold 4 shares at price 60,100 | Profit = -4,800 | Portfolio Value = 945,434.4 | Budget = 522,414.2 | inventory = 2
[ 2024-08-06 16:18:31,242 ] 28 : Bought 4 shares at price 59,500 | Portfolio Value = 943,114.2 | Budget = 284,295.2 | inventory = 3
[ 2024-08-06 16:18:31,553 ] 29 : Sold 3 shares at price 60,000 | Profit = -1,800 | Portfolio Value = 938,795.2 | Budget = 464,205.2 | inventory = 2
[ 2024-08-06 16:18:32,333 ] 32 : Sold 4 shares at price 59,900 | Profit = -6,400 | Portfolio Value = 942,605.2 | Budget = 703,685.4 | inventory = 1
[ 2024-08-06 16:18:32,630 ] 33 : Bought 5 shares at price 61,300 | Portfolio Value = 943,285.4 | Budget = 397,032.15 | inventory = 2
[ 2024-08-06 16:18:32,829 ] 34 : Bought 2 shares at price 60,200 | Portfolio Value = 948,732.15 | Budget = 276,571.95 | inventory = 3
[ 2024-08-06 16:18:33,124 ] 35 : Sold 4 shares at price 60,300 | Profit = 3,200 | Portfolio Value = 938,771.95 | Budget = 517,651.35 | inventory = 2
[ 2024-08-06 16:18:33,612 ] 37 : Sold 5 shares at price 62,300 | Profit = 5,000 | Portfolio Value = 945,351.35 | Budget = 828,995.6 | inventory = 1
[ 2024-08-06 16:18:33,813 ] 38 : Sold 2 shares at price 63,000 | Profit = 5,600 | Portfolio Value = 953,595.6 | Budget = 954,932.6 | inventory = 0
[ 2024-08-06 16:18:34,102 ] 39 : Bought 6 shares at price 62,100 | Portfolio Value = 954,932.6 | Budget = 582,146.3 | inventory = 1
[ 2024-08-06 16:18:34,302 ] 40 : Bought 7 shares at price 62,900 | Portfolio Value = 954,746.3 | Budget = 141,626.15 | inventory = 2
[ 2024-08-06 16:18:35,084 ] 43 : Bought 1 shares at price 64,000 | Portfolio Value = 963,226.15 | Budget = 77,594.15 | inventory = 3
[ 2024-08-06 16:18:35,573 ] 45 : Sold 6 shares at price 63,600 | Profit = 9,000 | Portfolio Value = 960,994.15 | Budget = 459,003.35 | inventory = 2
[ 2024-08-06 16:18:35,771 ] 46 : Sold 7 shares at price 63,900 | Profit = 7,000 | Portfolio Value = 967,803.35 | Budget = 906,079.7 | inventory = 1
[ 2024-08-06 16:18:36,067 ] 47 : Bought 6 shares at price 62,300 | Portfolio Value = 969,979.7 | Budget = 532,092.8 | inventory = 2
[ 2024-08-06 16:18:36,264 ] 48 : Bought 7 shares at price 65,000 | Portfolio Value = 968,192.8 | Budget = 76,865.3 | inventory = 3
[ 2024-08-06 16:18:36,559 ] 49 : Bought 1 shares at price 65,700 | Portfolio Value = 986,865.3 | Budget = 11,132.45 | inventory = 4
[ 2024-08-06 16:18:37,246 ] 52 : Sold 1 shares at price 66,100 | Profit = 2,100 | Portfolio Value = 1,001,132.45 | Budget = 77,199.4 | inventory = 3
[ 2024-08-06 16:18:37,740 ] 54 : Bought 1 shares at price 65,300 | Portfolio Value = 988,599.4 | Budget = 11,866.75 | inventory = 4
[ 2024-08-06 16:18:38,030 ] 55 : Sold 6 shares at price 65,600 | Profit = 19,800 | Portfolio Value = 991,366.75 | Budget = 405,269.95 | inventory = 3
[ 2024-08-06 16:18:38,230 ] 56 : Sold 7 shares at price 65,500 | Profit = 3,500 | Portfolio Value = 995,669.95 | Budget = 863,540.7 | inventory = 2
[ 2024-08-06 16:18:38,567 ] 57 : Sold 1 shares at price 65,300 | Profit = -400 | Portfolio Value = 994,540.7 | Budget = 928,808.05 | inventory = 1
[ 2024-08-06 16:18:38,763 ] 58 : Sold 1 shares at price 65,700 | Profit = 400 | Portfolio Value = 994,108.05 | Budget = 994,475.2 | inventory = 0
[ 2024-08-06 16:18:39,114 ] 59 : Bought 6 shares at price 65,200 | Portfolio Value = 994,475.2 | Budget = 603,079.6 | inventory = 1
[ 2024-08-06 16:18:39,327 ] 60 : Bought 8 shares at price 63,600 | Portfolio Value = 994,279.6 | Budget = 94,025.2 | inventory = 2
[ 2024-08-06 16:18:39,620 ] 61 : Bought 1 shares at price 64,100 | Portfolio Value = 984,425.2 | Budget = 29,893.15 | inventory = 3
[ 2024-08-06 16:18:40,141 ] 63 : Sold 6 shares at price 65,500 | Profit = 1,800 | Portfolio Value = 998,893.15 | Budget = 422,696.65 | inventory = 2
[ 2024-08-06 16:18:40,340 ] 64 : Bought 2 shares at price 65,700 | Portfolio Value = 1,012,196.65 | Budget = 291,230.95 | inventory = 3
[ 2024-08-06 16:18:40,832 ] 66 : Sold 8 shares at price 65,100 | Profit = 12,000 | Portfolio Value = 1,010,630.95 | Budget = 811,770.55 | inventory = 2
[ 2024-08-06 16:18:41,178 ] 67 : Sold 1 shares at price 65,900 | Profit = 1,800 | Portfolio Value = 1,007,070.55 | Budget = 877,637.6 | inventory = 1
[ 2024-08-06 16:18:41,880 ] 70 : Sold 2 shares at price 64,200 | Profit = -3,000 | Portfolio Value = 1,006,837.6 | Budget = 1,005,973.4 | inventory = 0
[ 2024-08-06 16:18:42,396 ] 72 : Bought 1 shares at price 64,500 | Portfolio Value = 1,005,973.4 | Budget = 941,441.15 | inventory = 1
[ 2024-08-06 16:18:42,688 ] 73 : Sold 1 shares at price 65,400 | Profit = 900 | Portfolio Value = 1,005,941.15 | Budget = 1,006,808.45 | inventory = 0
[ 2024-08-06 16:18:43,179 ] 75 : Bought 12 shares at price 66,200 | Portfolio Value = 1,006,808.45 | Budget = 212,011.25 | inventory = 1
[ 2024-08-06 16:18:43,385 ] 76 : Sold 12 shares at price 68,400 | Profit = 26,400 | Portfolio Value = 1,006,411.25 | Budget = 1,032,400.85 | inventory = 0
[ 2024-08-06 16:18:43,681 ] 77 : Bought 14 shares at price 68,500 | Portfolio Value = 1,032,400.85 | Budget = 72,921.35 | inventory = 1
[ 2024-08-06 16:18:44,197 ] 79 : Sold 14 shares at price 68,500 | Profit = 0 | Portfolio Value = 1,030,521.35 | Budget = 1,031,441.85 | inventory = 0
[ 2024-08-06 16:18:45,185 ] 83 : Bought 12 shares at price 71,400 | Portfolio Value = 1,031,441.85 | Budget = 174,213.45 | inventory = 1
[ 2024-08-06 16:18:45,678 ] 85 : Bought 2 shares at price 72,200 | Portfolio Value = 1,025,013.45 | Budget = 29,741.25 | inventory = 2
[ 2024-08-06 16:18:45,875 ] 86 : Sold 12 shares at price 71,700 | Profit = 3,600 | Portfolio Value = 1,040,541.25 | Budget = 889,711.05 | inventory = 1
[ 2024-08-06 16:18:46,174 ] 87 : Bought 6 shares at price 71,000 | Portfolio Value = 1,033,111.05 | Budget = 463,498.05 | inventory = 2
[ 2024-08-06 16:18:46,662 ] 89 : Sold 2 shares at price 72,000 | Profit = -400 | Portfolio Value = 1,030,698.05 | Budget = 607,426.05 | inventory = 1
[ 2024-08-06 16:18:46,861 ] 90 : Bought 6 shares at price 71,000 | Portfolio Value = 1,039,426.05 | Budget = 181,213.05 | inventory = 2
[ 2024-08-06 16:18:47,204 ] 91 : Sold 6 shares at price 72,000 | Profit = 6,000 | Portfolio Value = 1,033,213.05 | Budget = 612,997.05 | inventory = 1
[ 2024-08-06 16:18:47,401 ] 92 : Sold 6 shares at price 71,900 | Profit = 5,400 | Portfolio Value = 1,044,997.05 | Budget = 1,044,181.35 | inventory = 0
[ 2024-08-06 16:18:47,732 ] 93 : Bought 1 shares at price 71,500 | Portfolio Value = 1,044,181.35 | Budget = 972,645.6 | inventory = 1
[ 2024-08-06 16:18:47,937 ] 94 : Sold 1 shares at price 71,800 | Profit = 300 | Portfolio Value = 1,044,145.6 | Budget = 1,044,409.7 | inventory = 0
[ 2024-08-06 16:18:48,437 ] 96 : Bought 12 shares at price 71,400 | Portfolio Value = 1,044,409.7 | Budget = 187,181.3 | inventory = 1
[ 2024-08-06 16:18:48,734 ] 97 : Bought 1 shares at price 70,500 | Portfolio Value = 1,043,981.3 | Budget = 116,646.05 | inventory = 2
[ 2024-08-06 16:18:49,219 ] 99 : Sold 12 shares at price 71,600 | Profit = 2,400 | Portfolio Value = 1,043,546.05 | Budget = 975,416.45 | inventory = 1
[ 2024-08-06 16:18:49,414 ] 100 : Bought 13 shares at price 72,400 | Portfolio Value = 1,047,016.45 | Budget = 33,745.85 | inventory = 2
[ 2024-08-06 16:18:50,401 ] 104 : Sold 1 shares at price 72,200 | Profit = 1,700 | Portfolio Value = 1,047,345.85 | Budget = 105,909.75 | inventory = 1
[ 2024-08-06 16:18:50,698 ] 105 : Sold 13 shares at price 73,000 | Profit = 7,800 | Portfolio Value = 1,044,509.75 | Budget = 1,054,435.25 | inventory = 0
[ 2024-08-06 16:18:51,687 ] 109 : Bought 8 shares at price 69,900 | Portfolio Value = 1,054,435.25 | Budget = 494,955.65 | inventory = 1
[ 2024-08-06 16:18:51,885 ] 110 : Bought 4 shares at price 69,500 | Portfolio Value = 1,054,155.65 | Budget = 216,816.65 | inventory = 2
[ 2024-08-06 16:18:52,183 ] 111 : Bought 2 shares at price 71,500 | Portfolio Value = 1,050,816.65 | Budget = 73,745.15 | inventory = 3
[ 2024-08-06 16:18:52,378 ] 112 : Bought 1 shares at price 71,900 | Portfolio Value = 1,074,745.15 | Budget = 1,809.2 | inventory = 4
[ 2024-08-06 16:18:52,867 ] 114 : Sold 8 shares at price 73,400 | Profit = 28,000 | Portfolio Value = 1,080,309.2 | Budget = 588,715.6 | inventory = 3
[ 2024-08-06 16:18:53,356 ] 116 : Bought 1 shares at price 72,000 | Portfolio Value = 1,101,815.6 | Budget = 516,679.6 | inventory = 4
[ 2024-08-06 16:18:53,900 ] 118 : Bought 4 shares at price 71,000 | Portfolio Value = 1,090,279.6 | Budget = 232,537.6 | inventory = 5
[ 2024-08-06 16:18:54,194 ] 119 : Sold 4 shares at price 70,300 | Profit = 3,200 | Portfolio Value = 1,084,537.6 | Budget = 513,597.0 | inventory = 4
[ 2024-08-06 16:18:54,390 ] 120 : Bought 5 shares at price 70,400 | Portfolio Value = 1,075,997.0 | Budget = 161,421.0 | inventory = 5
[ 2024-08-06 16:18:54,685 ] 121 : Bought 2 shares at price 70,000 | Portfolio Value = 1,076,621.0 | Budget = 21,351.0 | inventory = 6
[ 2024-08-06 16:18:56,638 ] 129 : Sold 2 shares at price 68,300 | Profit = -6,400 | Portfolio Value = 1,053,351.0 | Budget = 157,882.7 | inventory = 5
[ 2024-08-06 16:18:56,835 ] 130 : Bought 1 shares at price 68,500 | Portfolio Value = 1,045,782.7 | Budget = 89,348.45 | inventory = 6
[ 2024-08-06 16:18:57,617 ] 133 : Sold 1 shares at price 68,000 | Profit = -3,900 | Portfolio Value = 1,053,948.45 | Budget = 157,314.45 | inventory = 5
[ 2024-08-06 16:18:57,811 ] 134 : Bought 2 shares at price 67,500 | Portfolio Value = 1,041,314.45 | Budget = 22,246.95 | inventory = 6
[ 2024-08-06 16:18:58,104 ] 135 : Sold 1 shares at price 67,300 | Profit = -4,700 | Portfolio Value = 1,034,746.95 | Budget = 89,513.3 | inventory = 5
[ 2024-08-06 16:18:59,083 ] 139 : Bought 1 shares at price 66,600 | Portfolio Value = 1,017,713.3 | Budget = 22,880.0 | inventory = 6
[ 2024-08-06 16:19:00,753 ] 146 : Sold 4 shares at price 67,100 | Profit = -15,600 | Portfolio Value = 1,024,880.0 | Budget = 291,145.8 | inventory = 5
[ 2024-08-06 16:19:01,049 ] 147 : Sold 5 shares at price 66,900 | Profit = -17,500 | Portfolio Value = 1,029,245.8 | Budget = 625,478.55 | inventory = 4
[ 2024-08-06 16:19:01,247 ] 148 : Sold 2 shares at price 71,000 | Profit = 2,000 | Portfolio Value = 1,026,878.55 | Budget = 767,407.55 | inventory = 3
[ 2024-08-06 16:19:01,540 ] 149 : Bought 8 shares at price 71,200 | Portfolio Value = 1,051,407.55 | Budget = 197,522.75 | inventory = 4
[ 2024-08-06 16:19:01,737 ] 150 : Bought 2 shares at price 70,700 | Portfolio Value = 1,051,922.75 | Budget = 56,052.05 | inventory = 5
[ 2024-08-06 16:19:02,026 ] 151 : Sold 1 shares at price 70,000 | Profit = 1,500 | Portfolio Value = 1,045,852.05 | Budget = 126,017.05 | inventory = 4
[ 2024-08-06 16:19:02,220 ] 152 : Sold 2 shares at price 70,400 | Profit = 5,800 | Portfolio Value = 1,036,017.05 | Budget = 266,746.65 | inventory = 3
[ 2024-08-06 16:19:03,193 ] 156 : Bought 2 shares at price 70,900 | Portfolio Value = 1,042,246.65 | Budget = 124,875.75 | inventory = 4
[ 2024-08-06 16:19:03,493 ] 157 : Bought 1 shares at price 71,700 | Portfolio Value = 1,046,575.75 | Budget = 53,139.9 | inventory = 5
[ 2024-08-06 16:19:04,004 ] 159 : Sold 1 shares at price 70,200 | Profit = 3,600 | Portfolio Value = 1,061,139.9 | Budget = 123,304.8 | inventory = 4
[ 2024-08-06 16:19:04,242 ] 160 : Bought 1 shares at price 69,800 | Portfolio Value = 1,035,904.8 | Budget = 53,469.9 | inventory = 5
[ 2024-08-06 16:19:04,544 ] 161 : Sold 8 shares at price 69,600 | Profit = -12,800 | Portfolio Value = 1,030,669.9 | Budget = 609,991.5 | inventory = 4
[ 2024-08-06 16:19:04,747 ] 162 : Sold 2 shares at price 68,900 | Profit = -3,600 | Portfolio Value = 1,027,591.5 | Budget = 747,722.6 | inventory = 3
[ 2024-08-06 16:19:05,109 ] 163 : Bought 4 shares at price 68,800 | Portfolio Value = 1,023,322.6 | Budget = 472,385.0 | inventory = 4
[ 2024-08-06 16:19:05,317 ] 164 : Sold 2 shares at price 69,400 | Profit = -3,000 | Portfolio Value = 1,022,785.0 | Budget = 611,115.6 | inventory = 3
[ 2024-08-06 16:19:05,620 ] 165 : Sold 1 shares at price 68,600 | Profit = -3,100 | Portfolio Value = 1,027,515.6 | Budget = 679,681.3 | inventory = 2
[ 2024-08-06 16:19:05,821 ] 166 : Sold 1 shares at price 68,400 | Profit = -1,400 | Portfolio Value = 1,022,681.3 | Budget = 748,047.1 | inventory = 1
[ 2024-08-06 16:19:06,118 ] 167 : Sold 4 shares at price 67,500 | Profit = -5,200 | Portfolio Value = 1,021,647.1 | Budget = 1,017,912.1 | inventory = 0
[ 2024-08-06 16:19:06,607 ] 169 : Bought 15 shares at price 66,000 | Portfolio Value = 1,017,912.1 | Budget = 27,417.1 | inventory = 1
[ 2024-08-06 16:19:07,151 ] 171 : Sold 15 shares at price 68,200 | Profit = 33,000 | Portfolio Value = 1,023,417.1 | Budget = 1,049,905.6 | inventory = 0
[ 2024-08-06 16:19:09,158 ] 179 : Bought 6 shares at price 68,400 | Portfolio Value = 1,049,905.6 | Budget = 639,300.4 | inventory = 1
[ 2024-08-06 16:19:09,853 ] 182 : Sold 6 shares at price 66,700 | Profit = -10,200 | Portfolio Value = 1,047,300.4 | Budget = 1,039,300.3 | inventory = 0
[ 2024-08-06 16:19:10,146 ] 183 : Bought 9 shares at price 67,300 | Portfolio Value = 1,039,300.3 | Budget = 433,297.45 | inventory = 1
[ 2024-08-06 16:19:10,633 ] 185 : Sold 9 shares at price 66,900 | Profit = -3,600 | Portfolio Value = 1,038,997.45 | Budget = 1,035,096.4 | inventory = 0
[ 2024-08-06 16:19:11,120 ] 187 : Bought 13 shares at price 69,700 | Portfolio Value = 1,035,096.4 | Budget = 128,543.35 | inventory = 1
[ 2024-08-06 16:19:11,316 ] 188 : Bought 1 shares at price 69,600 | Portfolio Value = 1,034,643.35 | Budget = 58,908.55 | inventory = 2
[ 2024-08-06 16:19:11,609 ] 189 : Sold 13 shares at price 70,900 | Profit = 15,600 | Portfolio Value = 1,033,308.55 | Budget = 980,147.7 | inventory = 1
[ 2024-08-06 16:19:11,808 ] 190 : Sold 1 shares at price 70,900 | Profit = 1,300 | Portfolio Value = 1,051,047.7 | Budget = 1,051,012.25 | inventory = 0
[ 2024-08-06 16:19:12,103 ] 191 : Bought 15 shares at price 69,900 | Portfolio Value = 1,051,012.25 | Budget = 1,988.0 | inventory = 1
[ 2024-08-06 16:19:12,299 ] 192 : Sold 15 shares at price 70,300 | Profit = 6,000 | Portfolio Value = 1,050,488.0 | Budget = 1,055,960.75 | inventory = 0
[ 2024-08-06 16:19:12,590 ] 193 : Bought 2 shares at price 70,500 | Portfolio Value = 1,055,960.75 | Budget = 914,890.25 | inventory = 1
[ 2024-08-06 16:19:12,790 ] 194 : Sold 2 shares at price 70,400 | Profit = -200 | Portfolio Value = 1,055,890.25 | Budget = 1,055,619.85 | inventory = 0
[ 2024-08-06 16:19:13,080 ] 195 : Bought 4 shares at price 70,800 | Portfolio Value = 1,055,619.85 | Budget = 772,278.25 | inventory = 1
[ 2024-08-06 16:19:13,275 ] 196 : Bought 4 shares at price 72,200 | Portfolio Value = 1,055,478.25 | Budget = 483,333.85 | inventory = 2
[ 2024-08-06 16:19:13,766 ] 198 : Sold 4 shares at price 72,500 | Profit = 6,800 | Portfolio Value = 1,065,733.85 | Budget = 773,188.85 | inventory = 1
[ 2024-08-06 16:19:14,065 ] 199 : Bought 3 shares at price 72,700 | Portfolio Value = 1,063,188.85 | Budget = 554,979.8 | inventory = 2
[ 2024-08-06 16:19:14,261 ] 200 : Bought 2 shares at price 72,800 | Portfolio Value = 1,063,879.8 | Budget = 409,307.0 | inventory = 3
[ 2024-08-06 16:19:15,296 ] 204 : Sold 4 shares at price 71,300 | Profit = -3,600 | Portfolio Value = 1,054,607.0 | Budget = 694,364.4 | inventory = 2
[ 2024-08-06 16:19:15,584 ] 205 : Sold 3 shares at price 72,700 | Profit = 0 | Portfolio Value = 1,050,864.4 | Budget = 912,355.35 | inventory = 1
[ 2024-08-06 16:19:15,785 ] 206 : Sold 2 shares at price 72,700 | Profit = -200 | Portfolio Value = 1,057,755.35 | Budget = 1,057,682.65 | inventory = 0
[ 2024-08-06 16:19:16,277 ] 208 : Bought 10 shares at price 72,000 | Portfolio Value = 1,057,682.65 | Budget = 337,322.65 | inventory = 1
[ 2024-08-06 16:19:16,765 ] 210 : Bought 2 shares at price 71,200 | Portfolio Value = 1,063,322.65 | Budget = 194,851.45 | inventory = 2
[ 2024-08-06 16:19:17,058 ] 211 : Sold 10 shares at price 71,700 | Profit = -3,000 | Portfolio Value = 1,049,251.45 | Budget = 911,492.95 | inventory = 1
[ 2024-08-06 16:19:17,732 ] 214 : Bought 7 shares at price 73,000 | Portfolio Value = 1,056,692.95 | Budget = 400,237.45 | inventory = 2
[ 2024-08-06 16:19:18,029 ] 215 : Sold 2 shares at price 73,500 | Profit = 4,600 | Portfolio Value = 1,057,237.45 | Budget = 547,163.95 | inventory = 1
[ 2024-08-06 16:19:18,225 ] 216 : Bought 7 shares at price 72,800 | Portfolio Value = 1,061,663.95 | Budget = 37,309.15 | inventory = 2
[ 2024-08-06 16:19:18,523 ] 217 : Sold 7 shares at price 73,100 | Profit = 700 | Portfolio Value = 1,056,509.15 | Budget = 548,753.3 | inventory = 1
[ 2024-08-06 16:19:18,723 ] 218 : Sold 7 shares at price 73,300 | Profit = 3,500 | Portfolio Value = 1,060,453.3 | Budget = 1,061,596.75 | inventory = 0
[ 2024-08-06 16:19:19,216 ] 220 : Bought 1 shares at price 73,400 | Portfolio Value = 1,061,596.75 | Budget = 988,160.05 | inventory = 1
[ 2024-08-06 16:19:19,709 ] 222 : Sold 1 shares at price 75,000 | Profit = 1,600 | Portfolio Value = 1,062,960.05 | Budget = 1,063,122.55 | inventory = 0
[ 2024-08-06 16:19:20,199 ] 224 : Bought 8 shares at price 76,600 | Portfolio Value = 1,063,122.55 | Budget = 450,016.15 | inventory = 1
[ 2024-08-06 16:19:20,490 ] 225 : Sold 8 shares at price 78,000 | Profit = 11,200 | Portfolio Value = 1,062,816.15 | Budget = 1,073,704.15 | inventory = 0
[ 2024-08-06 16:19:20,974 ] Early stopping at episode 9 due to no improvement in the last 3 windows
[ 2024-08-06 16:19:21,040 ] -*-*-*-*-*-*-*-*-*-*-*-*-*-*-*-*-*-*-*-*-*-*-*-*-*-*-*-*-*-*-*-*-*-*-*-*-*-*-*-* Summary -*-*-*-*-*-*-*-*-*-*-*-*-*-*-*-*-*-*-*-*-*-*-*-*-*-*-*-*-*-*-*-*-*-*-*-*-*-*-*-*
[ 2024-08-06 16:19:21,040 ] Training completed. Best Average Reward: 158,500.05294300002
[ 2024-08-06 16:19:21,040 ] Episode: 1, Total Reward: 165,322.87455, Total Profit: 165,300
[ 2024-08-06 16:19:21,040 ] Episode: 2, Total Reward: 100,710.77568000002, Total Profit: 100,700
[ 2024-08-06 16:19:21,040 ] Episode: 3, Total Reward: 148,715.87244499996, Total Profit: 148,700
[ 2024-08-06 16:19:21,040 ] Episode: 4, Total Reward: 178,121.236855, Total Profit: 178,100
[ 2024-08-06 16:19:21,040 ] Episode: 5, Total Reward: 107,716.32345000004, Total Profit: 107,700
[ 2024-08-06 16:19:21,040 ] Episode: 6, Total Reward: 257,236.05628500003, Total Profit: 257,200
[ 2024-08-06 16:19:21,040 ] Episode: 7, Total Reward: -30,701.874894999994, Total Profit: -30,700
[ 2024-08-06 16:19:21,040 ] Episode: 8, Total Reward: 50,905.80635499999, Total Profit: 50,900
[ 2024-08-06 16:19:21,040 ] Episode: 9, Total Reward: 96,710.53741500007, Total Profit: 96,700
[ 2024-08-06 16:19:21,048 ] Actor Model Summary:
[ 2024-08-06 16:19:21,051 ] Model: "actor_88"
┏━━━━━━━━━━━━━━━━━━━━━━━━━━━━━━━━━┳━━━━━━━━━━━━━━━━━━━━━━━━┳━━━━━━━━━━━━━━━┓
┃ Layer (type)                    ┃ Output Shape           ┃       Param # ┃
┡━━━━━━━━━━━━━━━━━━━━━━━━━━━━━━━━━╇━━━━━━━━━━━━━━━━━━━━━━━━╇━━━━━━━━━━━━━━━┩
│ lstm_520 (LSTM)                 │ (1, 3, 64)             │        20,736 │
├─────────────────────────────────┼────────────────────────┼───────────────┤
│ lstm_521 (LSTM)                 │ (1, 128)               │        98,816 │
├─────────────────────────────────┼────────────────────────┼───────────────┤
│ tcn_block_678 (TCNBlock)        │ ?                      │        15,552 │
├─────────────────────────────────┼────────────────────────┼───────────────┤
│ tcn_block_679 (TCNBlock)        │ ?                      │        18,816 │
├─────────────────────────────────┼────────────────────────┼───────────────┤
│ flatten_260 (Flatten)           │ (1, 64)                │             0 │
├─────────────────────────────────┼────────────────────────┼───────────────┤
│ noisy_dense_260 (NoisyDense)    │ ?                      │        33,280 │
├─────────────────────────────────┼────────────────────────┼───────────────┤
│ noisy_dense_261 (NoisyDense)    │ ?                      │        65,792 │
├─────────────────────────────────┼────────────────────────┼───────────────┤
│ noisy_dense_262 (NoisyDense)    │ ?                      │           258 │
└─────────────────────────────────┴────────────────────────┴───────────────┘
 Total params: 253,250 (989.26 KB)
 Trainable params: 253,250 (989.26 KB)
 Non-trainable params: 0 (0.00 B)

[ 2024-08-06 16:19:21,058 ] 
Critic1 Model Summary:
[ 2024-08-06 16:19:21,061 ] Model: "critic_172"
┏━━━━━━━━━━━━━━━━━━━━━━━━━━━━━━━━━┳━━━━━━━━━━━━━━━━━━━━━━━━┳━━━━━━━━━━━━━━━┓
┃ Layer (type)                    ┃ Output Shape           ┃       Param # ┃
┡━━━━━━━━━━━━━━━━━━━━━━━━━━━━━━━━━╇━━━━━━━━━━━━━━━━━━━━━━━━╇━━━━━━━━━━━━━━━┩
│ lstm_522 (LSTM)                 │ (256, 1, 64)           │        20,736 │
├─────────────────────────────────┼────────────────────────┼───────────────┤
│ lstm_523 (LSTM)                 │ (256, 128)             │        98,816 │
├─────────────────────────────────┼────────────────────────┼───────────────┤
│ tcn_block_680 (TCNBlock)        │ ?                      │        15,552 │
├─────────────────────────────────┼────────────────────────┼───────────────┤
│ tcn_block_681 (TCNBlock)        │ ?                      │        18,816 │
├─────────────────────────────────┼────────────────────────┼───────────────┤
│ flatten_261 (Flatten)           │ (256, 64)              │             0 │
├─────────────────────────────────┼────────────────────────┼───────────────┤
│ dense_989 (Dense)               │ (256, 256)             │        16,640 │
├─────────────────────────────────┼────────────────────────┼───────────────┤
│ batch_normalization_344         │ (256, 256)             │         1,024 │
│ (BatchNormalization)            │                        │               │
├─────────────────────────────────┼────────────────────────┼───────────────┤
│ dropout_1708 (Dropout)          │ (256, 256)             │             0 │
├─────────────────────────────────┼────────────────────────┼───────────────┤
│ dense_990 (Dense)               │ (256, 128)             │        32,896 │
├─────────────────────────────────┼────────────────────────┼───────────────┤
│ batch_normalization_345         │ (256, 128)             │           512 │
│ (BatchNormalization)            │                        │               │
├─────────────────────────────────┼────────────────────────┼───────────────┤
│ dropout_1709 (Dropout)          │ (256, 128)             │             0 │
├─────────────────────────────────┼────────────────────────┼───────────────┤
│ dense_991 (Dense)               │ (256, 128)             │           256 │
├─────────────────────────────────┼────────────────────────┼───────────────┤
│ concatenate_172 (Concatenate)   │ (256, 256)             │             0 │
├─────────────────────────────────┼────────────────────────┼───────────────┤
│ dense_992 (Dense)               │ (256, 51)              │        13,107 │
└─────────────────────────────────┴────────────────────────┴───────────────┘
 Total params: 218,355 (852.95 KB)
 Trainable params: 217,587 (849.95 KB)
 Non-trainable params: 768 (3.00 KB)

[ 2024-08-06 16:19:21,067 ] 
Critic2 Model Summary:
[ 2024-08-06 16:19:21,071 ] Model: "critic_173"
┏━━━━━━━━━━━━━━━━━━━━━━━━━━━━━━━━━┳━━━━━━━━━━━━━━━━━━━━━━━━┳━━━━━━━━━━━━━━━┓
┃ Layer (type)                    ┃ Output Shape           ┃       Param # ┃
┡━━━━━━━━━━━━━━━━━━━━━━━━━━━━━━━━━╇━━━━━━━━━━━━━━━━━━━━━━━━╇━━━━━━━━━━━━━━━┩
│ lstm_524 (LSTM)                 │ (256, 1, 64)           │        20,736 │
├─────────────────────────────────┼────────────────────────┼───────────────┤
│ lstm_525 (LSTM)                 │ (256, 128)             │        98,816 │
├─────────────────────────────────┼────────────────────────┼───────────────┤
│ tcn_block_682 (TCNBlock)        │ ?                      │        15,552 │
├─────────────────────────────────┼────────────────────────┼───────────────┤
│ tcn_block_683 (TCNBlock)        │ ?                      │        18,816 │
├─────────────────────────────────┼────────────────────────┼───────────────┤
│ flatten_262 (Flatten)           │ (256, 64)              │             0 │
├─────────────────────────────────┼────────────────────────┼───────────────┤
│ dense_993 (Dense)               │ (256, 256)             │        16,640 │
├─────────────────────────────────┼────────────────────────┼───────────────┤
│ batch_normalization_346         │ (256, 256)             │         1,024 │
│ (BatchNormalization)            │                        │               │
├─────────────────────────────────┼────────────────────────┼───────────────┤
│ dropout_1714 (Dropout)          │ (256, 256)             │             0 │
├─────────────────────────────────┼────────────────────────┼───────────────┤
│ dense_994 (Dense)               │ (256, 128)             │        32,896 │
├─────────────────────────────────┼────────────────────────┼───────────────┤
│ batch_normalization_347         │ (256, 128)             │           512 │
│ (BatchNormalization)            │                        │               │
├─────────────────────────────────┼────────────────────────┼───────────────┤
│ dropout_1715 (Dropout)          │ (256, 128)             │             0 │
├─────────────────────────────────┼────────────────────────┼───────────────┤
│ dense_995 (Dense)               │ (256, 128)             │           256 │
├─────────────────────────────────┼────────────────────────┼───────────────┤
│ concatenate_173 (Concatenate)   │ (256, 256)             │             0 │
├─────────────────────────────────┼────────────────────────┼───────────────┤
│ dense_996 (Dense)               │ (256, 51)              │        13,107 │
└─────────────────────────────────┴────────────────────────┴───────────────┘
 Total params: 218,355 (852.95 KB)
 Trainable params: 217,587 (849.95 KB)
 Non-trainable params: 768 (3.00 KB)

